[
	{
        "countryCode": "BY",
        "countryName": "Belarus"
    },
	{
        "countryCode": "IS",
        "countryName": "Iceland"
    },
	{
        "countryCode": "IT",
        "countryName": "Italy"
    },
    {
        "countryCode": "IN",
        "countryName": "India"
    },
    {
        "countryCode": "GLOBAL",
        "countryName": "Global"
    },
    {
        "countryCode": "AR",
        "countryName": "Argentina"
    },
    {
        "countryCode": "AU",
        "countryName": "Australia"
    },
    {
        "countryCode": "AT",
        "countryName": "Austria"
    },
    
    {
        "countryCode": "BE",
        "countryName": "Belgium"
    },
    {
        "countryCode": "BO",
        "countryName": "Bolivia"
    },
    {
        "countryCode": "BR",
        "countryName": "Brazil"
    },
    {
        "countryCode": "BG",
        "countryName": "Bulgaria"
    },
    {
        "countryCode": "CA",
        "countryName": "Canada"
    },
    {
        "countryCode": "CL",
        "countryName": "Chile"
    },
    {
        "countryCode": "CO",
        "countryName": "Colombia"
    },
    {
        "countryCode": "CR",
        "countryName": "Costa Rica"
    },
    {
        "countryCode": "CZ",
        "countryName": "Czech Republic"
    },
    {
        "countryCode": "DK",
        "countryName": "Denmark"
    },
    {
        "countryCode": "DO",
        "countryName": "Dominican Republic"
    },
    {
        "countryCode": "EC",
        "countryName": "Ecuador"
    },
    {
        "countryCode": "EG",
        "countryName": "Egypt"
    },
    {
        "countryCode": "SV",
        "countryName": "El Salvador"
    },
    {
        "countryCode": "EE",
        "countryName": "Estonia"
    },
    {
        "countryCode": "FI",
        "countryName": "Finland"
    },
    {
        "countryCode": "FR",
        "countryName": "France"
    },
    {
        "countryCode": "DE",
        "countryName": "Germany"
    },
    {
        "countryCode": "GR",
        "countryName": "Greece"
    },
    {
        "countryCode": "GT",
        "countryName": "Guatemala"
    },
    {
        "countryCode": "HN",
        "countryName": "Honduras"
    },
    {
        "countryCode": "HK",
        "countryName": "Hong Kong"
    },
    {
        "countryCode": "HU",
        "countryName": "Hungary"
    },
    {
        "countryCode": "IS",
        "countryName": "Iceland"
    },
    {
        "countryCode": "ID",
        "countryName": "Indonesia"
    },
    {
        "countryCode": "IE",
        "countryName": "Ireland"
    },
    {
        "countryCode": "IL",
        "countryName": "Israel"
    },
    {
        "countryCode": "JP",
        "countryName": "Japan"
    },
    {
        "countryCode": "KZ",
        "countryName": "Kazakhstan"
    },
    {
        "countryCode": "LV",
        "countryName": "Latvia"
    },
    {
        "countryCode": "LT",
        "countryName": "Lithuania"
    },
    {
        "countryCode": "LU",
        "countryName": "Luxembourg"
    },
    {
        "countryCode": "MY",
        "countryName": "Malaysia"
    },
    {
        "countryCode": "MX",
        "countryName": "Mexico"
    },
    {
        "countryCode": "MA",
        "countryName": "Morocco"
    },
    {
        "countryCode": "NL",
        "countryName": "Netherlands"
    },
    {
        "countryCode": "NZ",
        "countryName": "New Zealand"
    },
    {
        "countryCode": "NI",
        "countryName": "Nicaragua"
    },
    {
        "countryCode": "NG",
        "countryName": "Nigeria"
    },
    {
        "countryCode": "NO",
        "countryName": "Norway"
    },
    {
        "countryCode": "PK",
        "countryName": "Pakistan"
    },
    {
        "countryCode": "PA",
        "countryName": "Panama"
    },
    {
        "countryCode": "PY",
        "countryName": "Paraguay"
    },
    {
        "countryCode": "PE",
        "countryName": "Peru"
    },
    {
        "countryCode": "PH",
        "countryName": "Philippines"
    },
    {
        "countryCode": "PL",
        "countryName": "Poland"
    },
    {
        "countryCode": "PT",
        "countryName": "Portugal"
    },
    {
        "countryCode": "RO",
        "countryName": "Romania"
    },
    {
        "countryCode": "SA",
        "countryName": "Saudi Arabia"
    },
    {
        "countryCode": "SG",
        "countryName": "Singapore"
    },
    {
        "countryCode": "SK",
        "countryName": "Slovakia"
    },
    {
        "countryCode": "ZA",
        "countryName": "South Africa"
    },
    {
        "countryCode": "KR",
        "countryName": "South Korea"
    },
    {
        "countryCode": "ES",
        "countryName": "Spain"
    },
    {
        "countryCode": "SE",
        "countryName": "Sweden"
    },
    {
        "countryCode": "CH",
        "countryName": "Switzerland"
    },
    {
        "countryCode": "TW",
        "countryName": "Taiwan"
    },
    {
        "countryCode": "TH",
        "countryName": "Thailand"
    },
    {
        "countryCode": "TR",
        "countryName": "Turkey"
    },
    {
        "countryCode": "AE",
        "countryName": "UAE"
    },
    {
        "countryCode": "UA",
        "countryName": "Ukraine"
    },
    {
        "countryCode": "GB",
        "countryName": "United Kingdom"
    },
    {
        "countryCode": "UY",
        "countryName": "Uruguay"
    },
    {
        "countryCode": "US",
        "countryName": "USA"
    },
    {
        "countryCode": "VE",
        "countryName": "Venezuela"
    },
    {
        "countryCode": "VN",
        "countryName": "Vietnam"
    }
]