,uri
0,spotify:track:04zqsdXIs6fCpvKgl0AYY7
1,spotify:track:5qX0V96jKJ6zC8UImlXKmO
2,spotify:track:56dILgPraSNLKcd89hxXaq
3,spotify:track:3bEbRxixvEVlEVIgvepXcg
4,spotify:track:4sO11a54gXayms6GDyqKep
5,spotify:track:4zN21mbAuaD0WqtmaTZZeP
6,spotify:track:5IgjP7X4th6nMNDh4akUHb
7,spotify:track:1fTNb11PK6Ode6hx4bC8pl
8,spotify:track:4Dvkj6JhhA12EX05fT7y2e
9,spotify:track:3LtpKP5abr2qqjunvjlX5i
10,spotify:track:75FEaRjZTKLhTrFGsfMUXR
11,spotify:track:23HAp6WM0phD5RqDyxtr6b
12,spotify:track:6eOG7lOgVEWKqhWFRL2O4j
13,spotify:track:16rryuFZpdvWzKllkUw0ri
14,spotify:track:4AOUyrWRXMuSRG3eTWxizo
15,spotify:track:1cKHdTo9u0ZymJdPGSh6nq
16,spotify:track:58HvfVOeJY7lUuCqF0m3ly
17,spotify:track:02MWAaffLxlfxAUY7c5dvx
18,spotify:track:6qyS9qBy0mEk3qYaH8mPss
19,spotify:track:2FBlCQ6UYQu1KHMBnruVul
20,spotify:track:0hquQWY3xvYqN4qtiquniF
21,spotify:track:4B4f0Jno4VnQA2a7R1kWgX
22,spotify:track:4NQK5RwcwoQCjsMONIiXEo
23,spotify:track:2QjOHCTQ1Jl3zawyYOpxh6
24,spotify:track:18y7QMqWhkkd1akp6FmXgA
25,spotify:track:3F5CgOj3wFlRv51JsHbxhe
26,spotify:track:5pyoxDZ1PX0KxBxiRVxA4U
27,spotify:track:09mEdoA6zrmBPgTEN5qXmN
28,spotify:track:5bYyQzaUSXpGGrJuGZfafd
29,spotify:track:4z7cTjQGpdJzzKy4wEdAEX
30,spotify:track:3Ya6AUGGni7HPC5P9gh2bj
31,spotify:track:5Sk39LuvdwuvL84jD01Dum
32,spotify:track:58ge6dfP91o9oXMzq3XkIS
33,spotify:track:78ctG4oXFeZOqrr7bcJFE2
34,spotify:track:3uUuGVFu1V7jTQL60S1r8z
35,spotify:track:0JK0UF0VcZTNRkx5HhmQOV
36,spotify:track:0u52MS7dNsEFTbAuwcgSKM
37,spotify:track:63WuQOXohQIxOxIFA2K7bR
38,spotify:track:6xGruZOHLs39ZbVccQTuPZ
39,spotify:track:18asYwWugKjjsihZ0YvRxO
40,spotify:track:7jtQIBanIiJOMS6RyCx6jZ
41,spotify:track:4h9wh7iOZ0GGn8QVp4RAOB
42,spotify:track:7MXVkk9YMctZqd1Srtv4MB
43,spotify:track:6kN80cMcK1Gu1rJ82Xr6vt
44,spotify:track:2GAE9g1xwQorR9zzxSBbPy
45,spotify:track:6JIC3hbC28JZKZ8AlAqX8h
46,spotify:track:0zCgWGmDF0aih5qexATyBn
47,spotify:track:7a8GawTVgHZvBLQOh46he7
48,spotify:track:4cLi9bZRMvDITlmKdo6D2l
49,spotify:track:2LBqCSwhJGcFQeTHMVGwy3
50,spotify:track:0VjIjW4GlUZAMYd2vXMi3b
51,spotify:track:3AXZZgreuwWgYX2IL3oGkA
52,spotify:track:3rq5w4bQGigXOfdN30ATJt
53,spotify:track:7fBv7CLKzipRk6EC6TWHOB
54,spotify:track:7kDgO7iBtdBhrx0X0esUrB
55,spotify:track:2K7xn816oNHJZ0aVqdQsha
56,spotify:track:7ef4DlsgrMEH11cDZd32M6
57,spotify:track:6OBQnr1Yl3BMadDQl1t7Mu
58,spotify:track:6tfajS9NU9zqfOZdByVbV1
59,spotify:track:1jmwXsqCLABS1RNUtcz7GC
60,spotify:track:01kfSdF9zfcDLri5sSWEoL
61,spotify:track:6Uj1ctrBOjOas8xZXGqKk4
62,spotify:track:2WzAAerBvZvvFXgUpSwHZ9
63,spotify:track:17ebbiVJ3iAtqJ5TxdVzWm
64,spotify:track:2gTyfm5jrmTx4IH9K0CJk3
65,spotify:track:2MuWTIM3b0YEAskbeeFE1i
66,spotify:track:0wHFktze2PHC5jDt3B17DC
67,spotify:track:2vXKRlJBXyOcvZYTdNeckS
68,spotify:track:3CIyK1V4JEJkg02E4EJnDl
69,spotify:track:50nfwKoDiSYg8zOCREWAm5
70,spotify:track:3EafBu8bBdhrkLe84OgnNZ
71,spotify:track:1Hohk6AufHZOrrhMXZppax
72,spotify:track:0iUrxveyNUBfj0cqjYEijt
73,spotify:track:2DB4DdfCFMw1iaR6JaR03a
74,spotify:track:788fXILjvTnAoHw4rtIJCA
75,spotify:track:4k6Uh1HXdhtusDW5y8Gbvy
76,spotify:track:7DbdUf8aHSYoliSjO6LZv6
77,spotify:track:5Z9KJZvQzH6PFmb8SNkxuk
78,spotify:track:5PjdY0CKGZdEuoNab3yDmX
79,spotify:track:3rmo8F54jFF8OgYsqTxm5d
80,spotify:track:5MaFlpAHHxv7f3MMQLxF0Q
81,spotify:track:772ARvmnEjryug7ce0lRAF
82,spotify:track:0VO8gYVDSwM1Qdd2GsMoYK
83,spotify:track:4BGRK42GfRCw2Hoolpu1G7
84,spotify:track:48q0vSHcJdhK3IiXH8C5WJ
85,spotify:track:12lvqPO77cMXAownBTw36L
86,spotify:track:6CanjkbQRS139muYXQEbTm
87,spotify:track:1FEiijYPJtyswChfcpv3p0
88,spotify:track:4woTEX1wYOTGDqNXuavlRC
89,spotify:track:5QO79kh1waicV47BqGRL3g
90,spotify:track:7lQ8MOhq6IN2w8EYcFNSUk
91,spotify:track:4qkggtykkzl6qfuScsNmJk
92,spotify:track:2kx5sQgmjYug0GiDh1a4sU
93,spotify:track:6UelLqGlWMcVH1E5c4H7lY
94,spotify:track:7jn2HBxZQS1BX4sxMlF3R9
95,spotify:track:6HMtHNpW6YPi1hrw9tgF8P
96,spotify:track:5TXDeTFVRVY7Cvt0Dw4vWW
97,spotify:track:3GdWfmQBiiJrDUvSZS1bGv
98,spotify:track:3yfqSUWxFvZELEM4PmlwIR
99,spotify:track:79s5XnCN4TJKTVMSmOx8Ep
100,spotify:track:3Wrjm47oTz2sjIgck11l5e
101,spotify:track:2B4GHvToeLTOBB4QLzW3Ni
102,spotify:track:2P06Kf0MWVRPQ0n1PQWEba
103,spotify:track:5E30LdtzQTGqRvNd7l6kG5
104,spotify:track:1MpCaOeUWhox2Fgigbe1cL
105,spotify:track:3HyR1j49TY5ACP2lseF1jx
106,spotify:track:589KeND3ebjbfhs5GfGGyx
107,spotify:track:0mKGwFMHzTprtS2vpR3b6s
108,spotify:track:2AD3faozZmU71dxlpPO4PJ
109,spotify:track:7IDxMPA2kEhDP2wFcKOqBL
110,spotify:track:6A3SB2C4U6JtCavQOXLYNN
111,spotify:track:1qEmFfgcLObUfQm0j1W2CK
112,spotify:track:1R0a2iXumgCiFb7HEZ7gUE
113,spotify:track:3M0lSi5WW79CXQamgSBIjx
114,spotify:track:5nujrmhLynf4yMoMtj8AQF
115,spotify:track:3DZMR7h7qm12wnPh7P4DqT
116,spotify:track:2SKoecvDt04LkeRGGzhjtA
117,spotify:track:2DgdHcjWmO3qd50RzuBLgZ
118,spotify:track:6zJejIfVYLgjud3lTk4DLB
119,spotify:track:5gDWsRxpJ2lZAffh5p7K0w
120,spotify:track:1xzi1Jcr7mEi9K2RfzLOqS
121,spotify:track:6o1w1oqUMiJI1Kp0s0ksRK
122,spotify:track:32vRPT2jNoRZRg22GxtY0l
123,spotify:track:0lKiqlTA0kN0k2TrjG5daO
124,spotify:track:1DIXPcTDzTj8ZMHt3PDt8p
125,spotify:track:59CfNbkERJ3NoTXDvoURjj
126,spotify:track:7fZBQnc0zXwVybgCIrQQil
127,spotify:track:4Nkgkvf4AKvt6a3VXlyM0O
128,spotify:track:0yxnBa0bqbDE87o1wQswIs
129,spotify:track:27ZZdyTSQWI7Cug2d2PkqV
130,spotify:track:6PHB6mLa8HlK1m7I5wzmXD
131,spotify:track:1JpqwDolccy7XGrFINYLYy
132,spotify:track:4pt5fDVTg5GhEvEtlz9dKk
133,spotify:track:3U7LRoxDT1WvbliazYkmpV
134,spotify:track:58dGRQrNmAJeRMFuguUbvD
135,spotify:track:0k4d5YPDr1r7FX77VdqWez
136,spotify:track:4EWCNWgDS8707fNSZ1oaA5
137,spotify:track:1iIIsJlKQW7E4eLw7x5XOI
138,spotify:track:0O6u0VJ46W86TxN9wgyqDj
139,spotify:track:6ARd0Qd8iunz6lNyYQZz4t
140,spotify:track:0314PeD1sQNonfVWix3B2K
141,spotify:track:3AVrVz5rK8Hrqo9YGiVGN5
142,spotify:track:0iaumECxQiDwgDHxv8rFAy
143,spotify:track:7iL6o9tox1zgHpKUfh9vuC
144,spotify:track:0gucTLf7trAf37Ua1uAyAu
145,spotify:track:1GqYZbICcRToTshZUSz2q9
146,spotify:track:42sQ9jc3NRDpxRvppjEtmA
147,spotify:track:2mqTtvbKxH7SoEQ2oGAnsA
148,spotify:track:2jQiSYrwJehQAcuaaQrXnS
149,spotify:track:39MFfPxlelYKyxRjzO0yC9
150,spotify:track:5evJJmNenJJF04OBGEGgZc
151,spotify:track:5XVM8dBWJ7cNT7wRRGJF4L
152,spotify:track:2rFZhVHWOwDxAy59qLUzLy
153,spotify:track:3CLSHJv5aUROAN2vfOyCOh
154,spotify:track:04ojE1leP1BODeTr7EadIe
155,spotify:track:0u2P5u6lvoDfwTYjAADbn4
156,spotify:track:5d6gL8EcuaisGM9UWJN4gM
157,spotify:track:1SC5rEoYDGUK4NfG82494W
158,spotify:track:3SWZ11D0kLfgMQda6DwjJ9
159,spotify:track:4xkOaSrkexMciUUogZKVTS
160,spotify:track:3Vi5XqYrmQgOYBajMWSvCi
161,spotify:track:4cG7HUWYHBV6R6tHn1gxrl
162,spotify:track:1RF02Cf80mTaeNXG2P2boR
163,spotify:track:7v7Si5nrvM7MBVE1BVtlit
164,spotify:track:6zwJBnhNnugUuhMP7NUOfT
165,spotify:track:18U2B7mwPl4HHqOtVVPrxM
166,spotify:track:20on25jryn53hWghthWWW3
167,spotify:track:6UyMkM4523bYKwHIIrfuJu
168,spotify:track:37y7iDayfwm3WXn5BiAoRk
169,spotify:track:6Y46tOTRhkBamosyuWa6YX
170,spotify:track:54ipXppHLA8U4yqpOFTUhr
171,spotify:track:1ocox9xxBvjSXVjoBFaxYh
172,spotify:track:4N7UpiOnVCysT8K3QqK9Me
173,spotify:track:776AftMmFFAWUIEAb3lHhw
174,spotify:track:08M0nuLM2GDEf9YoxMLmjH
175,spotify:track:7y3c1oJMY1CwwtOZ84Qovu
176,spotify:track:3GYlZ7tbxLOxe6ewMNVTkw
177,spotify:track:1NXDDexJAupRgVjkEdaGP8
178,spotify:track:29TPjc8wxfz4XMn21O7VsZ
179,spotify:track:4ZtFanR9U6ndgddUvNcjcG
180,spotify:track:34lfu3S4fIcKZRNXzbdbo7
181,spotify:track:1WCEAGGRD066z2Q89ObXTq
182,spotify:track:7ycWLEP1GsNjVvcjawXz3z
183,spotify:track:29tzJGvqJPTAFs6LXmsHoA
184,spotify:track:4h4QlmocP3IuwYEj2j14p8
185,spotify:track:69zyifKelGUoEBEKfCX5ri
186,spotify:track:5ildQOEKmJuWGl2vRkFdYc
187,spotify:track:58b4WUBJM3IVzIDT2HEGe3
188,spotify:track:1oFAF1hdPOickyHgbuRjyX
189,spotify:track:7fYRg3CEbk6rNCuzNzMT06
190,spotify:track:6nqdgUTiWt4JbABDurkxMI
191,spotify:track:6f3Slt0GbA2bPZlz0aIFXN
192,spotify:track:0PGAJ37n4O2AslZosr1YGx
193,spotify:track:0otRX6Z89qKkHkQ9OqJpKt
194,spotify:track:0Oqc0kKFsQ6MhFOLBNZIGX
195,spotify:track:7cgkuZeVnDQtDVvHvmZmEg
196,spotify:track:0oiv4E896TUTTeQU0cmIui
197,spotify:track:0mBP9X2gPCuapvpZ7TGDk3
198,spotify:track:2PHiwLEX0TfWfhbRgHIf3n
199,spotify:track:3Z7CaxQkqbIs1rewKi6v4W
