,uri
0,spotify:track:4Dvkj6JhhA12EX05fT7y2e
1,spotify:track:6xGruZOHLs39ZbVccQTuPZ
2,spotify:track:75FEaRjZTKLhTrFGsfMUXR
3,spotify:track:0mBP9X2gPCuapvpZ7TGDk3
4,spotify:track:02MWAaffLxlfxAUY7c5dvx
5,spotify:track:4k6Uh1HXdhtusDW5y8Gbvy
6,spotify:track:5IgjP7X4th6nMNDh4akUHb
7,spotify:track:3LtpKP5abr2qqjunvjlX5i
8,spotify:track:6VBhH7CyP56BXjp8VsDFPZ
9,spotify:track:3F5CgOj3wFlRv51JsHbxhe
10,spotify:track:5PjdY0CKGZdEuoNab3yDmX
11,spotify:track:6I3mqTwhRpn34SLVafSH7G
12,spotify:track:4h4QlmocP3IuwYEj2j14p8
13,spotify:track:58HvfVOeJY7lUuCqF0m3ly
14,spotify:track:7lvDsmTRXFE3dK4OjvRiWB
15,spotify:track:2LBqCSwhJGcFQeTHMVGwy3
16,spotify:track:6HMtHNpW6YPi1hrw9tgF8P
17,spotify:track:0O6u0VJ46W86TxN9wgyqDj
18,spotify:track:5pyoxDZ1PX0KxBxiRVxA4U
19,spotify:track:1cKHdTo9u0ZymJdPGSh6nq
20,spotify:track:0T5iIrXA4p5GsubkhuBIKV
21,spotify:track:4h9wh7iOZ0GGn8QVp4RAOB
22,spotify:track:2QjOHCTQ1Jl3zawyYOpxh6
23,spotify:track:2eAvDnpXP5W0cVtiI0PUxV
24,spotify:track:6JIC3hbC28JZKZ8AlAqX8h
25,spotify:track:7ef4DlsgrMEH11cDZd32M6
26,spotify:track:0wHFktze2PHC5jDt3B17DC
27,spotify:track:1qEmFfgcLObUfQm0j1W2CK
28,spotify:track:7jtQIBanIiJOMS6RyCx6jZ
29,spotify:track:0VjIjW4GlUZAMYd2vXMi3b
30,spotify:track:5QO79kh1waicV47BqGRL3g
31,spotify:track:2DB4DdfCFMw1iaR6JaR03a
32,spotify:track:7MXVkk9YMctZqd1Srtv4MB
33,spotify:track:2m6Ko3CY1qXNNja8AlugNc
34,spotify:track:6Uj1ctrBOjOas8xZXGqKk4
35,spotify:track:5YbPxJwPfrj7uswNwoF1pJ
36,spotify:track:5Z9KJZvQzH6PFmb8SNkxuk
37,spotify:track:09mEdoA6zrmBPgTEN5qXmN
38,spotify:track:3hUxzQpSfdDqwM3ZTFQY0K
39,spotify:track:3AVXwaOGCEL8cmBecfcsFJ
40,spotify:track:0hquQWY3xvYqN4qtiquniF
41,spotify:track:5nujrmhLynf4yMoMtj8AQF
42,spotify:track:6zJejIfVYLgjud3lTk4DLB
43,spotify:track:2un4SG41aPvyQEJ6yzC2nT
44,spotify:track:5O2P9iiztwhomNh8xkR9lJ
45,spotify:track:0oiv4E896TUTTeQU0cmIui
46,spotify:track:59nOXPmaKlBfGMDeOVGrIK
47,spotify:track:50nfwKoDiSYg8zOCREWAm5
48,spotify:track:3uUuGVFu1V7jTQL60S1r8z
49,spotify:track:3CIyK1V4JEJkg02E4EJnDl
50,spotify:track:2Xr1dTzJee307rmrkt8c0g
51,spotify:track:58ge6dfP91o9oXMzq3XkIS
52,spotify:track:6UelLqGlWMcVH1E5c4H7lY
53,spotify:track:4qu63nuBpdn0qHUHuObEj1
54,spotify:track:1Hohk6AufHZOrrhMXZppax
55,spotify:track:3AVrVz5rK8Hrqo9YGiVGN5
56,spotify:track:3rmo8F54jFF8OgYsqTxm5d
57,spotify:track:3GYlZ7tbxLOxe6ewMNVTkw
58,spotify:track:3HyR1j49TY5ACP2lseF1jx
59,spotify:track:46IZ0fSY2mpAiktS3KOqds
60,spotify:track:3BnDvpeuGOj21Ir2aVEtQo
61,spotify:track:46HNZY1i7O6jwTA7Slo2PI
62,spotify:track:08Isz2ETWSBhvIl8UpKYsp
63,spotify:track:1oFAF1hdPOickyHgbuRjyX
64,spotify:track:0u2P5u6lvoDfwTYjAADbn4
65,spotify:track:0zCgWGmDF0aih5qexATyBn
66,spotify:track:5wANPM4fQCJwkGd4rN57mH
67,spotify:track:5CZ40GBx1sQ9agT82CLQCT
68,spotify:track:1xzi1Jcr7mEi9K2RfzLOqS
69,spotify:track:0e8nrvls4Qqv5Rfa2UhqmO
70,spotify:track:0314PeD1sQNonfVWix3B2K
71,spotify:track:4iJyoBOLtHqaGxP12qzhQI
72,spotify:track:10xV5l9nhLvFpR8mqzs0bL
73,spotify:track:0HaRLPnr887lcQM2YQzkff
74,spotify:track:5rJ7bdPmr8nfmm2JQ8xHOz
75,spotify:track:3GdWfmQBiiJrDUvSZS1bGv
76,spotify:track:32vE1nuG8T9c8bhmZdRY6d
77,spotify:track:737gzPI5VAmgUGWiJ9yXuu
78,spotify:track:1MpCaOeUWhox2Fgigbe1cL
79,spotify:track:7mFj0LlWtEJaEigguaWqYh
80,spotify:track:1gH1h30wkQdd9zhY3j7a8T
81,spotify:track:1u8c2t2Cy7UBoG4ArRcF5g
82,spotify:track:769Ld8demNhMgVLAQcjTDn
83,spotify:track:2K7xn816oNHJZ0aVqdQsha
84,spotify:track:7qEHsqek33rTcFNT9PFqLf
85,spotify:track:4ZtFanR9U6ndgddUvNcjcG
86,spotify:track:3DarAbFujv6eYNliUTyqtz
87,spotify:track:2tTmW7RDtMQtBk7m2rYeSw
88,spotify:track:4rmVZajAF7PkrCagGPHbqa
89,spotify:track:6HU7h9RYOaPRFeh0R3UeAr
90,spotify:track:7fBv7CLKzipRk6EC6TWHOB
91,spotify:track:2J2Z1SkXYghSajLibnQHOa
92,spotify:track:0mKGwFMHzTprtS2vpR3b6s
93,spotify:track:2mqTtvbKxH7SoEQ2oGAnsA
94,spotify:track:3M214U0mwSm041GsQR3nrO
95,spotify:track:7BTwRzjCkjMJUEMmXvGPAR
96,spotify:track:1zi7xx7UVEFkmKfv06H8x0
97,spotify:track:1R0a2iXumgCiFb7HEZ7gUE
98,spotify:track:2kx5sQgmjYug0GiDh1a4sU
99,spotify:track:35mvY5S1H3J2QZyna3TFe0
100,spotify:track:0WZqHCoOBXqgCCIsUZLC2a
101,spotify:track:4RVwu0g32PAqgUiJoXsdF8
102,spotify:track:7a8GawTVgHZvBLQOh46he7
103,spotify:track:0VO8gYVDSwM1Qdd2GsMoYK
104,spotify:track:4cktbXiXOapiLBMprHFErI
105,spotify:track:3FAJ6O0NOHQV8Mc5Ri6ENp
106,spotify:track:1SOClUWhOi8vHZYMz3GluK
107,spotify:track:29m79w9xPMH4YCD6r8JSmV
108,spotify:track:62ke5zFUJN6RvtXZgVH0F8
109,spotify:track:5QDLhrAOJJdNAmCTJ8xMyW
110,spotify:track:6qyS9qBy0mEk3qYaH8mPss
111,spotify:track:0mL82sxCRjrs3br407IdJh
112,spotify:track:47sq83n5WN22ZzYnGn8aTy
113,spotify:track:2vXKRlJBXyOcvZYTdNeckS
114,spotify:track:3ZCTVFBt2Brf31RLEnCkWJ
115,spotify:track:4cacyP5c3PMlfnyjpg13xW
116,spotify:track:1XGmzt0PVuFgQYYnV2It7A
117,spotify:track:2ZRo7axmMPeSVUvDbGkJah
118,spotify:track:18asYwWugKjjsihZ0YvRxO
119,spotify:track:69xohKu8C1fsflYAiSNbwM
120,spotify:track:0QzuaeCEEOV40Pn7IvKEny
121,spotify:track:68Dni7IE4VyPkTOH9mRWHr
122,spotify:track:37y7iDayfwm3WXn5BiAoRk
123,spotify:track:4SqWKzw0CbA05TGszDgMlc
124,spotify:track:5ildQOEKmJuWGl2vRkFdYc
125,spotify:track:1SC5rEoYDGUK4NfG82494W
126,spotify:track:7fYRg3CEbk6rNCuzNzMT06
127,spotify:track:4zN21mbAuaD0WqtmaTZZeP
128,spotify:track:21jGcNKet2qwijlDFuPiPb
129,spotify:track:3CLSHJv5aUROAN2vfOyCOh
130,spotify:track:3PfIrDoz19wz7qK7tYeu62
131,spotify:track:1oYQtNQUxSODedcc5hPmp9
132,spotify:track:68EkhVWIeULhHxcbi1QhzK
133,spotify:track:2DgdHcjWmO3qd50RzuBLgZ
134,spotify:track:4hJhHbkhZFnxmWbAkZRoe0
135,spotify:track:5gDWsRxpJ2lZAffh5p7K0w
136,spotify:track:1Fid2jjqsHViMX6xNH70hE
137,spotify:track:6Sq7ltF9Qa7SNFBsV5Cogx
138,spotify:track:5uCax9HTNlzGybIStD3vDh
139,spotify:track:2MJz8BxxMsERULatmBikDH
140,spotify:track:2BgEsaKNfHUdlh97KmvFyo
141,spotify:track:0RiRZpuVRbi7oqRdSMwhQY
142,spotify:track:0k4d5YPDr1r7FX77VdqWez
143,spotify:track:4EWCNWgDS8707fNSZ1oaA5
144,spotify:track:4xqrdfXkTW4T0RauPLv3WA
145,spotify:track:2jbf9EytR7fzpSrPWAYCf9
146,spotify:track:1ei3hzQmrgealgRKFxIcWn
147,spotify:track:4HBZA5flZLE435QTztThqH
148,spotify:track:7lQ8MOhq6IN2w8EYcFNSUk
149,spotify:track:2qxmye6gAegTMjLKEBoR3d
150,spotify:track:6v3KW9xbzN5yKLt9YKDYA2
151,spotify:track:1FEiijYPJtyswChfcpv3p0
152,spotify:track:0y60itmpH0aPKsFiGxmtnh
153,spotify:track:4fouWK6XVHhzl78KzQ1UjL
154,spotify:track:5bLGQqcpsz5ISWeihZfJnR
155,spotify:track:2SLwbpExuoBDZBpjfefCtV
156,spotify:track:5E30LdtzQTGqRvNd7l6kG5
157,spotify:track:7DbdUf8aHSYoliSjO6LZv6
158,spotify:track:27ZZdyTSQWI7Cug2d2PkqV
159,spotify:track:40iJIUlhi6renaREYGeIDS
160,spotify:track:16iRlyUMJVPqz62DlomMre
161,spotify:track:2P91MQbaiQOfbiz9VqhqKQ
162,spotify:track:10SRMwb9EuVS1K9rYsBfHQ
163,spotify:track:0yCWDaAgOtg6TKlNCg9rwA
164,spotify:track:6lZ5p6VTbZ2ZvnsdTlLv7I
165,spotify:track:63bmIgH9sS6sX5Sc7MetGq
166,spotify:track:0tgVpDi06FyKpA1z0VMD4v
167,spotify:track:48QmG1dfvMuYLxMPt7KSRA
168,spotify:track:2tpWsVSb9UEmDRxAl1zhX1
169,spotify:track:5Sk39LuvdwuvL84jD01Dum
170,spotify:track:0HAG6nIiEKd75yGpovuSJQ
171,spotify:track:5TXDeTFVRVY7Cvt0Dw4vWW
172,spotify:track:1dGr1c8CrMLDpV6mPbImSI
173,spotify:track:78QR3Wp35dqAhFEc2qAGjE
174,spotify:track:2QWEMqQMJR1KDf6hDjJOs6
175,spotify:track:3Vi5XqYrmQgOYBajMWSvCi
176,spotify:track:5SHpuW2qjkQtFRpE6P9Nks
177,spotify:track:5zFglKYiknIxks8geR8rcL
178,spotify:track:3afkJSKX0EAMsJXTZnDXXJ
179,spotify:track:1BxfuPKGuaTgP7aM0Bbdwr
180,spotify:track:5enxwA8aAbwZbf5qCHORXi
181,spotify:track:1B5I5yqLpVI5EosZS6bJFs
182,spotify:track:2WzAAerBvZvvFXgUpSwHZ9
183,spotify:track:08MFgEQeVLF37EyZ7jcwLc
184,spotify:track:0Fl4eWzVaMUOdXcOrj6F1q
185,spotify:track:2B4GHvToeLTOBB4QLzW3Ni
186,spotify:track:7BqBn9nzAq8spo5e7cZ0dJ
187,spotify:track:3M0lSi5WW79CXQamgSBIjx
188,spotify:track:1DIXPcTDzTj8ZMHt3PDt8p
189,spotify:track:3AJwUDP919kvQ9QcozQPxg
190,spotify:track:6fxVffaTuwjgEk5h9QyRjy
191,spotify:track:7qiZfU4dY1lWllzX7mPBI3
192,spotify:track:7JJmb5XwzOO8jgpou264Ml
193,spotify:track:02VBYrHfVwfEWXk5DXyf0T
194,spotify:track:6FQQiTpYnfc5803p84bQp1
195,spotify:track:5UXJzLFdBn6u9FJTCnoHrH
196,spotify:track:59CfNbkERJ3NoTXDvoURjj
197,spotify:track:1nahzW3kfMuwReTka28tH5
198,spotify:track:6jjYDGxVJsWS0a5wlVF5vS
199,spotify:track:6f5ExP43esnvdKPddwKXJH
