,uri
0,spotify:track:1ri9ZUkBJVFUdgwzCnfcYs
1,spotify:track:6mmPpaltUZK7xjNlBPQQ0p
2,spotify:track:0lJE8f0lx8mUSfMyxeYpiC
3,spotify:track:4gzsuuZypVbxs0Af1LSZyB
4,spotify:track:0HINQFSerZ6iMfSsaTO3G5
5,spotify:track:6lX6l7OuA3qrnIRfdsr0dw
6,spotify:track:2JPLbjOn0wPCngEot2STUS
7,spotify:track:5Us3svqTvNAdnQfEYfoL5g
8,spotify:track:0cOa970mzTWAxKtltpkpLc
9,spotify:track:4HzqWEdAbzcVFDv0pvxV4w
10,spotify:track:6ylDpki1VpIsc525KC1ojF
11,spotify:track:4EZUHdzpYLVEEoNxSKSSLR
12,spotify:track:0UXlu64mDLvfzR8IXMz06J
13,spotify:track:4TGwERXRlyQtBdggYTHo6j
14,spotify:track:3rdAz1fbUfZxYgaCviYhRo
15,spotify:track:4MzXwWMhyBbmu6hOcLVD49
16,spotify:track:5W1qmxHrMlQGGAiFA3ZQqP
17,spotify:track:2rDZhKnPaPG054ExZ6nXUS
18,spotify:track:4r9jkMEnArtWGH2rL2FZl0
19,spotify:track:2Gq636OOGgxCTqEuzCZhsa
20,spotify:track:0G2zPzWqVjR68iNPmx2TBe
21,spotify:track:16P9pLDu8FdhiWLFPwlweZ
22,spotify:track:5TMLavqGRKNxgzMBrVpC9R
23,spotify:track:2BEcap3xJtmiPaHKyfQi4e
24,spotify:track:2vmfvSoZBFAt9hhRoEByLi
25,spotify:track:3JCaq3KDSROg3TXhdiDa9n
26,spotify:track:3GaGWoU1KfVqgl7vnRHP55
27,spotify:track:704LUEih663hiE3CnyUrFW
28,spotify:track:78kygHp1dvW1kncYjBgbe1
29,spotify:track:1mSviQV9iQnGSRyvTIuxAj
30,spotify:track:2B4GHvToeLTOBB4QLzW3Ni
31,spotify:track:6P096SaOzrgGxs8NWOfX7M
32,spotify:track:05bfbizlM5AX6Mf1RRyMho
33,spotify:track:1HhNoOuqm1a5MXYEgAFl8o
34,spotify:track:6D2TCm4nf5nxAcdGJ7w3QP
35,spotify:track:2MnLkFqY9Rpg9s3Zv6ZJdK
36,spotify:track:1hQ0VZZ2jz3WccDXI2oatO
37,spotify:track:7iHHlCbsFou5DZSW5HCPfs
38,spotify:track:63GTuNSVLynH3n3PdqObgd
39,spotify:track:4OwhwvKESFtuu06dTgct7i
40,spotify:track:655JkvIwu2rDCaD1hPf04g
41,spotify:track:1O2pcBJGej0pmH2Y9XZMs6
42,spotify:track:0fea68AdmYNygeTGI4RC18
43,spotify:track:3lGMtkONrZdJ8kTCg6KIFf
44,spotify:track:6w8yBI2vthyN9UnwO4UBWb
45,spotify:track:1FlL8ycld6uVDDyhV7P5FA
46,spotify:track:69vlMrzHwATKzupwNcUPyK
47,spotify:track:78QcVmzxS0wIwuC2rpAauI
48,spotify:track:7iXJg4IUyrWont5YSQrbKP
49,spotify:track:0Bv7O6fmZk3GrNQFYJaXPn
50,spotify:track:5kqNIqFjijuzvVLhuY9B8j
51,spotify:track:1yoMvmasuxZfqHEipJhRbp
52,spotify:track:46HNZY1i7O6jwTA7Slo2PI
53,spotify:track:2MxHuZWC99rsELX9SrCW7K
54,spotify:track:7CAdT0HdiQNlt1C7xk2hep
55,spotify:track:4HYDUMY0xSpeBr0AMY9cUz
56,spotify:track:5J7teKIJGtqVypgYI6sqXj
57,spotify:track:7iqOIHHEmu6Vhw25GgQ2eA
58,spotify:track:3KJ3opyV29269SXkPrc19l
59,spotify:track:41wtwzCZkXwpnakmwJ239F
60,spotify:track:2gQPv5jvVPqU2a9HhMNO1v
61,spotify:track:1Crj1zkRMpsEjb9NOR6Zof
62,spotify:track:5jzEwSyyymBlf1fa1o39T2
63,spotify:track:5PjdY0CKGZdEuoNab3yDmX
64,spotify:track:6C1RD7YQVvt3YQj0CmuTeu
65,spotify:track:4R8BJggjosTswLxtkw8V7P
66,spotify:track:35wvL50xvKpCHEJPxLOLPI
67,spotify:track:27RSJHEA99Y0Vsow7nA37A
68,spotify:track:2FSGUA0gFgGeQdprjtGM2M
69,spotify:track:0aZnyTWJNgdzYoOiaW8HKG
70,spotify:track:6ifUES3keWjwXgae8pXI3o
71,spotify:track:3lCbsHaN1wCxyDzcNN2x4N
72,spotify:track:3lR4O0vtkhCAvVEUEWUL0S
73,spotify:track:47ZS1OjnJpJVfGN9yHXfMn
74,spotify:track:5Z9KJZvQzH6PFmb8SNkxuk
75,spotify:track:2XIc1pqjXV3Cr2BQUGNBck
76,spotify:track:7hynhxDoDpgMIV12JuVtNa
77,spotify:track:2WrqTrNIHqfcMCgmEo0A7E
78,spotify:track:4bF2y8rR7GUjrd5LNEvej3
79,spotify:track:1kjs5eR4DMzyB0gm1Z8waV
80,spotify:track:2n7ohqg1s68ToAHh4u9mcW
81,spotify:track:5gJuYaon5zaZahQyAd0LVx
82,spotify:track:4hAYQuavbB0FYhyxBTbVal
83,spotify:track:16ONd70tvWAaLIc6hcLzaG
84,spotify:track:6J8lLpZoRCmB5pTrnB5jpV
85,spotify:track:1WvrDdouh6C51In1SdATbq
86,spotify:track:5RubKOuDoPn5Kj5TLVxSxY
87,spotify:track:7Bk0uXKk1uPT0XuQbpFzvs
88,spotify:track:2K1CQMoG2Dy5nmeOYnhoi8
89,spotify:track:2tFwfmceQa1Y6nRPhYbEtC
90,spotify:track:2qEoAz0i6yEz5dPggABcLH
91,spotify:track:1mWdTewIgB3gtBM3TOSFhB
92,spotify:track:0bI7K9Becu2dtXK1Q3cZNB
93,spotify:track:5jW3rF4URMdK7tO2xjS5EI
94,spotify:track:5gflgO9EPbIBf16n5TKnQS
95,spotify:track:1s4jVre4ZgBm3sVJP1NTrl
96,spotify:track:2YZDh5CecWx0qlFiTvqVQ9
97,spotify:track:3p6eieHX6oEOzJStPtEsLu
98,spotify:track:4kELKaXaNP4EQR8Q8xNIID
99,spotify:track:1uK5rDY3BnikyG0sl3tPpc
100,spotify:track:2f0Ft2XdvNSMSY5TUlZgEz
101,spotify:track:0akyEssGRVHstqCSWXusJL
102,spotify:track:2TH65lNHgvLxCKXM3apjxI
103,spotify:track:6NfrH0ANGmgBXyxgV2PeXt
104,spotify:track:4SqWKzw0CbA05TGszDgMlc
105,spotify:track:5i82o3878xCPNCUK8VIeqX
106,spotify:track:4knc1Fp3kbuq8bH2byOvLu
107,spotify:track:1sZ39ZxvFo8FyMz4s7iVlf
108,spotify:track:1wcE84DVQUF16xudVFzezL
109,spotify:track:7rglLriMNBPAyuJOMGwi39
110,spotify:track:5bQLsyTrUaMQRfr6whwGe5
111,spotify:track:4fouWK6XVHhzl78KzQ1UjL
112,spotify:track:0dKg2vGC1hFqcK5LGTaKzX
113,spotify:track:41yHlQmNvtjRpoexYcSyJp
114,spotify:track:0rsTDgGRlXKuzSAxcdb4Ns
115,spotify:track:4Qa3hu2tsXgkxJoUrrVmDN
116,spotify:track:5c4KBG3ATUOmP8y2KHGGoI
117,spotify:track:26w9NTiE9NGjW1ZvIOd1So
118,spotify:track:77dMSg2VHi2wwXjXNrmcrZ
119,spotify:track:5hYRabCQuFZN8yVCQsSeyF
120,spotify:track:1qfoq1qvZT7VwDVeekCJ97
121,spotify:track:4skuEIloXWuxxgekKupkEH
122,spotify:track:6b2HYgqcK9mvktt4GxAu72
123,spotify:track:0VjIjW4GlUZAMYd2vXMi3b
124,spotify:track:1g4cZvi0nLeeIycd0Rkljj
125,spotify:track:63bmZnBN1CiJ9sA4qTEe8y
126,spotify:track:02MWAaffLxlfxAUY7c5dvx
127,spotify:track:4Yip3hds5IHyT7AqoNHfmX
128,spotify:track:2TzkIzgzIHhewMxyh1u4hh
129,spotify:track:38RIEav39FGi86jppxO0du
130,spotify:track:4lCpamtFAIUga83gTKP8RY
131,spotify:track:23XjN1s3DZC8Q9ZwuorYY4
132,spotify:track:1Rtfhx5c4CgaUZuncg2Oal
133,spotify:track:4vCAzANUWDE24URV6wQ4ra
134,spotify:track:63USmok1OioBzKuWGW9wAg
135,spotify:track:4AzTk75T9EQtHaGNWU3UY5
136,spotify:track:6Uj1ctrBOjOas8xZXGqKk4
137,spotify:track:26QApq0cuO9brJigr0C0W4
138,spotify:track:57Ba26w9eoXx8BBUNgRNLV
139,spotify:track:17I27VXKtqXJHL6ReaG0eS
140,spotify:track:3HQxzXOb4p9pfpD5gP38D5
141,spotify:track:5CZ40GBx1sQ9agT82CLQCT
142,spotify:track:25ZAibhr3bdlMCLmubZDVt
143,spotify:track:7MmrcXVA7A5zZ2CbDuGHNa
144,spotify:track:1xK1Gg9SxG8fy2Ya373oqb
145,spotify:track:78T5iojD2zGzY8J3El9NRJ
146,spotify:track:5Myb8S90Wg0yLec5kmrIGJ
147,spotify:track:7hbk4BaF66O09R1gq0bKwj
148,spotify:track:4loQgPwJHocL3dFwLfjb1J
149,spotify:track:3DarAbFujv6eYNliUTyqtz
150,spotify:track:2QjOHCTQ1Jl3zawyYOpxh6
151,spotify:track:7dT9D6117e5DbhnKxDLNW9
152,spotify:track:0R7DSnSibvuE4PEHqUayqf
153,spotify:track:5g7sDjBhZ4I3gcFIpkrLuI
154,spotify:track:1UdzJEpgJxtuXAlCOvD4S0
155,spotify:track:69Ej1xrGjOcHvIMtMKxK0G
156,spotify:track:5QKk5N5xJQGsWMhPM80Kfv
157,spotify:track:5Mw46yRtdiOdjqSG0eDItr
158,spotify:track:6GPBXtnSepHovJi1uD1Ggj
159,spotify:track:76YSWx6L6FNsuaP6GWBb8P
160,spotify:track:1lV3QHHMAQt0Kc1ioZq2MP
161,spotify:track:7JZ5mOTea5T4LH0UdwCsWx
162,spotify:track:1JpzJfxjHGFUyTHXLZidok
163,spotify:track:03a359wbiUsjN9h6yzXvmS
164,spotify:track:7lQ8MOhq6IN2w8EYcFNSUk
165,spotify:track:59CfNbkERJ3NoTXDvoURjj
166,spotify:track:1iRvhKiXRElIH2Uf4gd95P
167,spotify:track:63Zaf8Rci6eOUPqDQ4fUFx
168,spotify:track:7gaovXojjqfn276uZR0omT
169,spotify:track:079Ey5uxL04AKPQgVQwx5h
170,spotify:track:4A9u8OrzFYbxdjiydkNdUi
171,spotify:track:4SJHHpKhcuXwDsCsPqshXj
172,spotify:track:6mm3K0yWp6uzfOMuipM9Zh
173,spotify:track:66x45Yh9x397PWpxMX0ZDT
174,spotify:track:2J3oaXTqKjGGHCOQLeBnBA
175,spotify:track:5u7twkeask1VIyDeNTElSU
176,spotify:track:6VOb0Kkrd45Bp5RHYSla2J
177,spotify:track:1MfqPCs3Y722VK6zkWZ98Z
178,spotify:track:1SOClUWhOi8vHZYMz3GluK
179,spotify:track:3xv8JksRyqHa1lwkM9xvJf
180,spotify:track:71iAechwVKGu26pahzFL0k
181,spotify:track:4bWdlExSeKAotB6uJwxFlf
182,spotify:track:3LNZSTiwQYL7BnTfHvIOII
183,spotify:track:3VvA1wSxukMLsvXoXtlwWx
184,spotify:track:1SC5rEoYDGUK4NfG82494W
185,spotify:track:4WkEH0PgystZUaN6QU6Z0B
186,spotify:track:1f6PB9enEpg3o07aHu0Cl4
187,spotify:track:2q9udNV9NK0BL3q9p6TLxf
188,spotify:track:0SqqAgdovOE24BzxIClpjw
189,spotify:track:2KcNrONbZ0hvBPjvrDO2tx
190,spotify:track:3UI9I3e1g1y5T3SMfdgfGO
191,spotify:track:132ALUzVLmqYB4UsBj5qD6
192,spotify:track:5QO79kh1waicV47BqGRL3g
193,spotify:track:1j6xOGusnyXq3l6IryKF3G
194,spotify:track:059bcIhyc2SBwm6sw2AZzd
195,spotify:track:42Gzfqnfpk7Pp1ydM60eNn
196,spotify:track:1ZcrHpBbILPNfhBtPhQVHh
197,spotify:track:2DEZmgHKAvm41k4J3R2E9Y
198,spotify:track:3za3hxbolwmy9AeUpWzuRE
199,spotify:track:7kjEqI6eZ7YlFrGhxixnlN
