,uri
0,spotify:track:6mmPpaltUZK7xjNlBPQQ0p
1,spotify:track:1uK5rDY3BnikyG0sl3tPpc
2,spotify:track:2Gq636OOGgxCTqEuzCZhsa
3,spotify:track:6LBpjWMfy1NUfyxAJbcMRs
4,spotify:track:0ZLkb9lDDlTPwYZPvuGnHB
5,spotify:track:63GTuNSVLynH3n3PdqObgd
6,spotify:track:1O2pcBJGej0pmH2Y9XZMs6
7,spotify:track:1v5QhGtlv2bkpUz2kAXTCq
8,spotify:track:0Bv7O6fmZk3GrNQFYJaXPn
9,spotify:track:5i82o3878xCPNCUK8VIeqX
10,spotify:track:5Us3svqTvNAdnQfEYfoL5g
11,spotify:track:42Gzfqnfpk7Pp1ydM60eNn
12,spotify:track:4TGwERXRlyQtBdggYTHo6j
13,spotify:track:3EcCc1U405tm8yKm1x6Y8W
14,spotify:track:0lJE8f0lx8mUSfMyxeYpiC
15,spotify:track:1ri9ZUkBJVFUdgwzCnfcYs
16,spotify:track:6P096SaOzrgGxs8NWOfX7M
17,spotify:track:2gpQi3hbcUAcEG8m2dlgfB
18,spotify:track:7JZ5mOTea5T4LH0UdwCsWx
19,spotify:track:166qsYi2wR3u6qfg7wrh1r
20,spotify:track:4WaopyDgvKQP6T852K9boe
21,spotify:track:7onMf0QvWgRba2MRxG27yj
22,spotify:track:2cR9cH9ta7MStHBKs0aOcz
23,spotify:track:3IAfUEeaXRX9s9UdKOJrFI
24,spotify:track:6lX6l7OuA3qrnIRfdsr0dw
25,spotify:track:5gJuYaon5zaZahQyAd0LVx
26,spotify:track:1p22yVi9e8DT6BEUvOZ0TL
27,spotify:track:1PmKfNsHxPdMaHP496myD3
28,spotify:track:74aGIoQo8pokxzylUTw603
29,spotify:track:1GYJpuLq41vEVKXiHGEY9j
30,spotify:track:2dG9k8jtnkjzJjUToz9i9i
31,spotify:track:7iXJg4IUyrWont5YSQrbKP
32,spotify:track:6ylDpki1VpIsc525KC1ojF
33,spotify:track:1kjs5eR4DMzyB0gm1Z8waV
34,spotify:track:4xv2A022v5A8nyewDkYOkQ
35,spotify:track:3GaGWoU1KfVqgl7vnRHP55
36,spotify:track:5TMLavqGRKNxgzMBrVpC9R
37,spotify:track:1fKFxmSByZfjwVSbq0PHye
38,spotify:track:0cOa970mzTWAxKtltpkpLc
39,spotify:track:23R68uWGdp07SwQdK8mWzI
40,spotify:track:5j3wzSS6z80VEs71O0gysC
41,spotify:track:3sVuWmggRqfAK3qk7OIEAz
42,spotify:track:1wcE84DVQUF16xudVFzezL
43,spotify:track:75HnDKDqsmEzdOKFWe5FZS
44,spotify:track:13XxxfnZmFEkU90QN8bOjz
45,spotify:track:5DberPEjKBTY8WTzLgr0zZ
46,spotify:track:4gzsuuZypVbxs0Af1LSZyB
47,spotify:track:1CpRJLarXSUho5AopXxNQj
48,spotify:track:1mSviQV9iQnGSRyvTIuxAj
49,spotify:track:2qEoAz0i6yEz5dPggABcLH
50,spotify:track:4S1KxKOfMg8SbH97TxYqPY
51,spotify:track:1Hv5uEwnI5UQEFvHWJaL3T
52,spotify:track:3monFIRNCDt9we37DDvCCK
53,spotify:track:2JPLbjOn0wPCngEot2STUS
54,spotify:track:4kiTIRY4o3o9on5oYV584L
55,spotify:track:6w8yBI2vthyN9UnwO4UBWb
56,spotify:track:2rDZhKnPaPG054ExZ6nXUS
57,spotify:track:7hiAGGyiLaLBTVroaE08hx
58,spotify:track:7rglLriMNBPAyuJOMGwi39
59,spotify:track:1ZI1nMfnnfFhdIyIKv5Igv
60,spotify:track:5A1vGSsqw0UQCBxHOyPOjG
61,spotify:track:4r9jkMEnArtWGH2rL2FZl0
62,spotify:track:03a359wbiUsjN9h6yzXvmS
63,spotify:track:6BcLvFU6LKuupwRJbJ9cgn
64,spotify:track:0XYZhJIcwKNjd0tjbSXwaQ
65,spotify:track:2Qv0DF1us4LhzLj0Cx9cSn
66,spotify:track:3rdAz1fbUfZxYgaCviYhRo
67,spotify:track:4AKK4j6sYhOO1r6My2qqWO
68,spotify:track:4Yip3hds5IHyT7AqoNHfmX
69,spotify:track:0G2zPzWqVjR68iNPmx2TBe
70,spotify:track:3lGMtkONrZdJ8kTCg6KIFf
71,spotify:track:7cx9L3i88euMfx1oNCqDAD
72,spotify:track:4HzqWEdAbzcVFDv0pvxV4w
73,spotify:track:5W1qmxHrMlQGGAiFA3ZQqP
74,spotify:track:4kELKaXaNP4EQR8Q8xNIID
75,spotify:track:2BEcap3xJtmiPaHKyfQi4e
76,spotify:track:1AhNxunSSizAllibrQ7jhu
77,spotify:track:5jW3rF4URMdK7tO2xjS5EI
78,spotify:track:46GsFW8AFIvi8TUDlYRlXR
79,spotify:track:2ttUrgPFiyWOHxbauXSVRo
80,spotify:track:6D2TCm4nf5nxAcdGJ7w3QP
81,spotify:track:2qBirMakpTdz9ymxrZEyzg
82,spotify:track:4adB36k21bp4VfOYFF8Hl8
83,spotify:track:2B4GHvToeLTOBB4QLzW3Ni
84,spotify:track:4OwhwvKESFtuu06dTgct7i
85,spotify:track:5saUoeceT2zau6ScmU77e6
86,spotify:track:79pz16ngfYU2iZV0dvj3QU
87,spotify:track:4bF2y8rR7GUjrd5LNEvej3
88,spotify:track:6Uj1ctrBOjOas8xZXGqKk4
89,spotify:track:2vmfvSoZBFAt9hhRoEByLi
90,spotify:track:4MzXwWMhyBbmu6hOcLVD49
91,spotify:track:4PDoCa5P0QK7KFhTsEKJB8
92,spotify:track:7COGuXyTr12KvdaYXMqheC
93,spotify:track:2YZDh5CecWx0qlFiTvqVQ9
94,spotify:track:1HhNoOuqm1a5MXYEgAFl8o
95,spotify:track:6dnDKVx1eLiYwc9tsy40ps
96,spotify:track:1FlL8ycld6uVDDyhV7P5FA
97,spotify:track:6KGGhJoXrztLp8ZT91zizs
98,spotify:track:5eyO0n1HiiSWdGaaSoK731
99,spotify:track:70AYiGbc4mWZGEqiipBBDb
100,spotify:track:6J8lLpZoRCmB5pTrnB5jpV
101,spotify:track:7I8L3vYCLThw2FDrE6LuzE
102,spotify:track:0KvtuCa8aGD8SR39aLLLj5
103,spotify:track:4it6vaFbkGRUaQlwWUMg3v
104,spotify:track:0ZAJ660VP57lLK4U7NlGOy
105,spotify:track:5uHAzGa4d9j35DEbhUwGhi
106,spotify:track:1DFDbSWdESvzWHHAe6BCQ3
107,spotify:track:7zgz9kzWGXChcjU6krkPWi
108,spotify:track:10zSgbysU2KyVTrcRmtu62
109,spotify:track:4B7mXGdCLQFulSxPTIEjPu
110,spotify:track:2FYGZDfsAnNsrm1gVbyKnG
111,spotify:track:69vlMrzHwATKzupwNcUPyK
112,spotify:track:5gflgO9EPbIBf16n5TKnQS
113,spotify:track:78QcVmzxS0wIwuC2rpAauI
114,spotify:track:1AnJQd8TfkhK6M3VgZDVv1
115,spotify:track:1Crj1zkRMpsEjb9NOR6Zof
116,spotify:track:1rxX4SkYDqluMJcYSijMSH
117,spotify:track:5PjdY0CKGZdEuoNab3yDmX
118,spotify:track:655JkvIwu2rDCaD1hPf04g
119,spotify:track:3Vi5XqYrmQgOYBajMWSvCi
120,spotify:track:6bLvfGI2XeU5DTl8feuNrk
121,spotify:track:5Z9KJZvQzH6PFmb8SNkxuk
122,spotify:track:4knc1Fp3kbuq8bH2byOvLu
123,spotify:track:0bI7K9Becu2dtXK1Q3cZNB
124,spotify:track:132ALUzVLmqYB4UsBj5qD6
125,spotify:track:0CgpCtEPvyDizcg2p47VrU
126,spotify:track:6aMgqUHmyLs5vnyaV98HID
127,spotify:track:35wvL50xvKpCHEJPxLOLPI
128,spotify:track:3PfIrDoz19wz7qK7tYeu62
129,spotify:track:0HINQFSerZ6iMfSsaTO3G5
130,spotify:track:6ySWtyMprBb1YX8WAAuFBs
131,spotify:track:2cTKuxpHcPzDFRbbhE2WxP
132,spotify:track:77dMSg2VHi2wwXjXNrmcrZ
133,spotify:track:3lCbsHaN1wCxyDzcNN2x4N
134,spotify:track:7FfQ2E4LqvwKKOyKXyC2L2
135,spotify:track:4WkEH0PgystZUaN6QU6Z0B
136,spotify:track:3nfICwo20uiFdEGzgNUSrG
137,spotify:track:1B7Wxx58QV4xrCjxI4Uu3i
138,spotify:track:03wQrSM0nV1WyPIgWvapG4
139,spotify:track:2BDJWePEkczB34ZoDliNSr
140,spotify:track:2sP5dXtkPiG0ksBsekbjmx
141,spotify:track:6Y46tOTRhkBamosyuWa6YX
142,spotify:track:7jaYm0oq552xugGmOeE6w5
143,spotify:track:2y4lAQpi5VTNLu2ldeTdUH
144,spotify:track:67Q93kXygxCskeQiIP0V0j
145,spotify:track:02dRkCEc8Q5ch4TTcnLxOn
146,spotify:track:4Uvf83UnV1LryFvHqqhGpT
147,spotify:track:0QBzMgT7NIeoCYy3sJCof1
148,spotify:track:41yHlQmNvtjRpoexYcSyJp
149,spotify:track:4DMb8TryRanpjFUS75UsoB
150,spotify:track:5qN1G8fSHq4Sv5FRoOkNGu
151,spotify:track:3krzcyMKlRXjVkJFZqMN4t
152,spotify:track:6ByFrNuzzj7rNiYnsc0eTd
153,spotify:track:2MxHuZWC99rsELX9SrCW7K
154,spotify:track:42ahuAFlYGjIGBpVdHcLij
155,spotify:track:0dOdaCeCmUYSqHWjnpLIa9
156,spotify:track:6UelLqGlWMcVH1E5c4H7lY
157,spotify:track:4OrAAeefsDOdUSfE87C6WR
158,spotify:track:1p7m9H4H8s0Y7SgRm7j3ED
159,spotify:track:0TUW9faHNaBmi89wsYGp9y
160,spotify:track:2Oycxb8QbPkpHTo8ZrmG0B
161,spotify:track:0HghA8NwsiFcgROYKFjX3W
162,spotify:track:3Oa9oxOLUYGQgzKXGIMpWy
163,spotify:track:6MuJUSYCqA4FpMogUHzb2R
164,spotify:track:1oFAF1hdPOickyHgbuRjyX
165,spotify:track:7ESKEiE8LRLrDwdS2ZgUiR
166,spotify:track:0fea68AdmYNygeTGI4RC18
167,spotify:track:1ePMFMnmmXSKwDHiI8hzBL
168,spotify:track:6dT5W7zuEcUZHnZuVlSIJ5
169,spotify:track:3oqWr0jDWNXxWufNogGREp
170,spotify:track:1daDRI9ahBonbWD8YcxOIB
171,spotify:track:7upAH0ezzsThyvr33YKn4u
172,spotify:track:1g4cZvi0nLeeIycd0Rkljj
173,spotify:track:1sZ39ZxvFo8FyMz4s7iVlf
174,spotify:track:46IZ0fSY2mpAiktS3KOqds
175,spotify:track:0obLPbz7uv02f5Z3BNIuIv
176,spotify:track:7gNClxHxDnazoQvgFhLMKr
177,spotify:track:2ONADYjJvqYVwjWavuY0H1
178,spotify:track:3za3hxbolwmy9AeUpWzuRE
179,spotify:track:0WuKq2LiraBFney78dzwoc
180,spotify:track:704LUEih663hiE3CnyUrFW
181,spotify:track:1GzNajZtxF1eUczzec5Ax2
182,spotify:track:0HgkRcmGDiza3KTjM3Ifnu
183,spotify:track:6620Y9QwLGuz1cIM1XVibG
184,spotify:track:3DarAbFujv6eYNliUTyqtz
185,spotify:track:0C9V5jMElp7laZZdsCHufD
186,spotify:track:0h1Cp5qtDPVzarqIsdWdCT
187,spotify:track:2WD9ggmpZE7Wodh3qVVCgg
188,spotify:track:03LfOYi0icz4souspZVVhq
189,spotify:track:6ED43xPAYPXD26yPFxUUuU
190,spotify:track:6rg1MBZqggsQ5olFGTw0rr
191,spotify:track:4HYDUMY0xSpeBr0AMY9cUz
192,spotify:track:46HNZY1i7O6jwTA7Slo2PI
193,spotify:track:65DBZofI0b79kfHTcWWDuU
194,spotify:track:62T55PGktlIr4d5honkYpt
195,spotify:track:647WGadTATihqNaGBz8duA
196,spotify:track:3E8xyYdIPpiH2wNEozE68I
197,spotify:track:5x5JM1BSB6vollcIzDocqT
198,spotify:track:7zsgBOY20sX0Z8L4RTdU3Y
199,spotify:track:0VjIjW4GlUZAMYd2vXMi3b
