,uri
0,spotify:track:0lJE8f0lx8mUSfMyxeYpiC
1,spotify:track:4gzsuuZypVbxs0Af1LSZyB
2,spotify:track:2JPLbjOn0wPCngEot2STUS
3,spotify:track:4HzqWEdAbzcVFDv0pvxV4w
4,spotify:track:2Gq636OOGgxCTqEuzCZhsa
5,spotify:track:6lX6l7OuA3qrnIRfdsr0dw
6,spotify:track:0Be7sopyKMv8Y8npsUkax2
7,spotify:track:0cOa970mzTWAxKtltpkpLc
8,spotify:track:6w8yBI2vthyN9UnwO4UBWb
9,spotify:track:3rdAz1fbUfZxYgaCviYhRo
10,spotify:track:2vmfvSoZBFAt9hhRoEByLi
11,spotify:track:6P096SaOzrgGxs8NWOfX7M
12,spotify:track:1r9xUipOqoNwggBpENDsvJ
13,spotify:track:5TMLavqGRKNxgzMBrVpC9R
14,spotify:track:2B4GHvToeLTOBB4QLzW3Ni
15,spotify:track:4MzXwWMhyBbmu6hOcLVD49
16,spotify:track:5W1qmxHrMlQGGAiFA3ZQqP
17,spotify:track:0G2zPzWqVjR68iNPmx2TBe
18,spotify:track:2rCbl9naJYhaxjLsfx88uM
19,spotify:track:6D2TCm4nf5nxAcdGJ7w3QP
20,spotify:track:05bfbizlM5AX6Mf1RRyMho
21,spotify:track:2BEcap3xJtmiPaHKyfQi4e
22,spotify:track:3lGMtkONrZdJ8kTCg6KIFf
23,spotify:track:3JCaq3KDSROg3TXhdiDa9n
24,spotify:track:6mmPpaltUZK7xjNlBPQQ0p
25,spotify:track:2MnLkFqY9Rpg9s3Zv6ZJdK
26,spotify:track:41wtwzCZkXwpnakmwJ239F
27,spotify:track:1kjs5eR4DMzyB0gm1Z8waV
28,spotify:track:1FlL8ycld6uVDDyhV7P5FA
29,spotify:track:1yoMvmasuxZfqHEipJhRbp
30,spotify:track:1hQ0VZZ2jz3WccDXI2oatO
31,spotify:track:704LUEih663hiE3CnyUrFW
32,spotify:track:4OwhwvKESFtuu06dTgct7i
33,spotify:track:5Z9KJZvQzH6PFmb8SNkxuk
34,spotify:track:1Crj1zkRMpsEjb9NOR6Zof
35,spotify:track:4HYDUMY0xSpeBr0AMY9cUz
36,spotify:track:5PjdY0CKGZdEuoNab3yDmX
37,spotify:track:0fea68AdmYNygeTGI4RC18
38,spotify:track:7iHHlCbsFou5DZSW5HCPfs
39,spotify:track:4bF2y8rR7GUjrd5LNEvej3
40,spotify:track:46HNZY1i7O6jwTA7Slo2PI
41,spotify:track:61YzdCCBPM5Pc7lIiD5i8C
42,spotify:track:4knc1Fp3kbuq8bH2byOvLu
43,spotify:track:3KJ3opyV29269SXkPrc19l
44,spotify:track:2XIc1pqjXV3Cr2BQUGNBck
45,spotify:track:4kELKaXaNP4EQR8Q8xNIID
46,spotify:track:27RSJHEA99Y0Vsow7nA37A
47,spotify:track:4r9jkMEnArtWGH2rL2FZl0
48,spotify:track:2qEoAz0i6yEz5dPggABcLH
49,spotify:track:0HINQFSerZ6iMfSsaTO3G5
50,spotify:track:7iXJg4IUyrWont5YSQrbKP
51,spotify:track:3lCbsHaN1wCxyDzcNN2x4N
52,spotify:track:7iqOIHHEmu6Vhw25GgQ2eA
53,spotify:track:2gQPv5jvVPqU2a9HhMNO1v
54,spotify:track:2YZDh5CecWx0qlFiTvqVQ9
55,spotify:track:5bQLsyTrUaMQRfr6whwGe5
56,spotify:track:78QcVmzxS0wIwuC2rpAauI
57,spotify:track:0bI7K9Becu2dtXK1Q3cZNB
58,spotify:track:3lR4O0vtkhCAvVEUEWUL0S
59,spotify:track:1sZ39ZxvFo8FyMz4s7iVlf
60,spotify:track:2FSGUA0gFgGeQdprjtGM2M
61,spotify:track:5aCWQczUqiGCw3cvNp5OV0
62,spotify:track:2K1CQMoG2Dy5nmeOYnhoi8
63,spotify:track:7Bk0uXKk1uPT0XuQbpFzvs
64,spotify:track:4fouWK6XVHhzl78KzQ1UjL
65,spotify:track:4TGwERXRlyQtBdggYTHo6j
66,spotify:track:0akyEssGRVHstqCSWXusJL
67,spotify:track:4R8BJggjosTswLxtkw8V7P
68,spotify:track:6ifUES3keWjwXgae8pXI3o
69,spotify:track:3xv8JksRyqHa1lwkM9xvJf
70,spotify:track:6b2HYgqcK9mvktt4GxAu72
71,spotify:track:5jzEwSyyymBlf1fa1o39T2
72,spotify:track:2f0Ft2XdvNSMSY5TUlZgEz
73,spotify:track:35wvL50xvKpCHEJPxLOLPI
74,spotify:track:7rglLriMNBPAyuJOMGwi39
75,spotify:track:69vlMrzHwATKzupwNcUPyK
76,spotify:track:4gvrJnKCKIPiacNsWVQwEU
77,spotify:track:1wcE84DVQUF16xudVFzezL
78,spotify:track:0aZnyTWJNgdzYoOiaW8HKG
79,spotify:track:4Yip3hds5IHyT7AqoNHfmX
80,spotify:track:7hynhxDoDpgMIV12JuVtNa
81,spotify:track:21N4Buj4xsyLb218lYle61
82,spotify:track:1WvrDdouh6C51In1SdATbq
83,spotify:track:6GPBXtnSepHovJi1uD1Ggj
84,spotify:track:0rsTDgGRlXKuzSAxcdb4Ns
85,spotify:track:5RubKOuDoPn5Kj5TLVxSxY
86,spotify:track:4vv8wcnT04GHHbUCFBAiHF
87,spotify:track:23XjN1s3DZC8Q9ZwuorYY4
88,spotify:track:0VjIjW4GlUZAMYd2vXMi3b
89,spotify:track:16ONd70tvWAaLIc6hcLzaG
90,spotify:track:5jW3rF4URMdK7tO2xjS5EI
91,spotify:track:3DarAbFujv6eYNliUTyqtz
92,spotify:track:2n7ohqg1s68ToAHh4u9mcW
93,spotify:track:1mWdTewIgB3gtBM3TOSFhB
94,spotify:track:5g7sDjBhZ4I3gcFIpkrLuI
95,spotify:track:1xK1Gg9SxG8fy2Ya373oqb
96,spotify:track:46IZ0fSY2mpAiktS3KOqds
97,spotify:track:2TH65lNHgvLxCKXM3apjxI
98,spotify:track:6dmXZ9B5HdFAyzHeTneYBK
99,spotify:track:5Mw46yRtdiOdjqSG0eDItr
100,spotify:track:6Uj1ctrBOjOas8xZXGqKk4
101,spotify:track:7hU3IHwjX150XLoTVmjD0q
102,spotify:track:5stPVcRqb4qixbafP9e8lt
103,spotify:track:4Qa3hu2tsXgkxJoUrrVmDN
104,spotify:track:4skuEIloXWuxxgekKupkEH
105,spotify:track:4A9u8OrzFYbxdjiydkNdUi
106,spotify:track:6j5LtifAnuTjTYvml61yFZ
107,spotify:track:5J7teKIJGtqVypgYI6sqXj
108,spotify:track:3Wrjm47oTz2sjIgck11l5e
109,spotify:track:1mSviQV9iQnGSRyvTIuxAj
110,spotify:track:1SC5rEoYDGUK4NfG82494W
111,spotify:track:3p6eieHX6oEOzJStPtEsLu
112,spotify:track:7kjEqI6eZ7YlFrGhxixnlN
113,spotify:track:4nTduFjaTmGysc9WKNuCcs
114,spotify:track:47ZS1OjnJpJVfGN9yHXfMn
115,spotify:track:186NCtNk1tUYS7c2DxgJ7O
116,spotify:track:1JpzJfxjHGFUyTHXLZidok
117,spotify:track:63USmok1OioBzKuWGW9wAg
118,spotify:track:6C1RD7YQVvt3YQj0CmuTeu
119,spotify:track:57Ba26w9eoXx8BBUNgRNLV
120,spotify:track:77dMSg2VHi2wwXjXNrmcrZ
121,spotify:track:5i82o3878xCPNCUK8VIeqX
122,spotify:track:3VvA1wSxukMLsvXoXtlwWx
123,spotify:track:7COGuXyTr12KvdaYXMqheC
124,spotify:track:2tFwfmceQa1Y6nRPhYbEtC
125,spotify:track:66x45Yh9x397PWpxMX0ZDT
126,spotify:track:7MmrcXVA7A5zZ2CbDuGHNa
127,spotify:track:26QApq0cuO9brJigr0C0W4
128,spotify:track:1ZcrHpBbILPNfhBtPhQVHh
129,spotify:track:5y7DaS3jAc9eZzcSOoUIwU
130,spotify:track:5CZ40GBx1sQ9agT82CLQCT
131,spotify:track:0eu4C55hL6x29mmeAjytzC
132,spotify:track:3Vi5XqYrmQgOYBajMWSvCi
133,spotify:track:079Ey5uxL04AKPQgVQwx5h
134,spotify:track:3NqBxTOMCJ3zW9CIP51td4
135,spotify:track:6VOb0Kkrd45Bp5RHYSla2J
136,spotify:track:5u7twkeask1VIyDeNTElSU
137,spotify:track:4loQgPwJHocL3dFwLfjb1J
138,spotify:track:4SqWKzw0CbA05TGszDgMlc
139,spotify:track:3LNZSTiwQYL7BnTfHvIOII
140,spotify:track:1Rtfhx5c4CgaUZuncg2Oal
141,spotify:track:37BZB0z9T8Xu7U3e65qxFy
142,spotify:track:26w9NTiE9NGjW1ZvIOd1So
143,spotify:track:0IqCoZ168iRc9LqfrYgpZy
144,spotify:track:5eyO0n1HiiSWdGaaSoK731
145,spotify:track:2KcNrONbZ0hvBPjvrDO2tx
146,spotify:track:38RIEav39FGi86jppxO0du
147,spotify:track:2TzkIzgzIHhewMxyh1u4hh
148,spotify:track:6KGGhJoXrztLp8ZT91zizs
149,spotify:track:1SOClUWhOi8vHZYMz3GluK
150,spotify:track:4RVwu0g32PAqgUiJoXsdF8
151,spotify:track:6mm3K0yWp6uzfOMuipM9Zh
152,spotify:track:5VzNsUnLmYcRfRfxpQsusa
153,spotify:track:5Myb8S90Wg0yLec5kmrIGJ
154,spotify:track:4ZtFanR9U6ndgddUvNcjcG
155,spotify:track:1qfoq1qvZT7VwDVeekCJ97
156,spotify:track:03a359wbiUsjN9h6yzXvmS
157,spotify:track:2mL37yB3f3Lfy4iiXV02Qf
158,spotify:track:5QO79kh1waicV47BqGRL3g
159,spotify:track:4RJz8NfIe09gpKMiRUWKhJ
160,spotify:track:0dKg2vGC1hFqcK5LGTaKzX
161,spotify:track:4it6vaFbkGRUaQlwWUMg3v
162,spotify:track:6NfrH0ANGmgBXyxgV2PeXt
163,spotify:track:1GYJpuLq41vEVKXiHGEY9j
164,spotify:track:3Zf4GutWZ7Hv3wsVQsSQPs
165,spotify:track:5QKk5N5xJQGsWMhPM80Kfv
166,spotify:track:3sVuWmggRqfAK3qk7OIEAz
167,spotify:track:132ALUzVLmqYB4UsBj5qD6
168,spotify:track:6c32C8T3KlXrbvWSoD5aON
169,spotify:track:0pqnGHJpmpxLKifKRmU6WP
170,spotify:track:3HQxzXOb4p9pfpD5gP38D5
171,spotify:track:63bmZnBN1CiJ9sA4qTEe8y
172,spotify:track:1MfqPCs3Y722VK6zkWZ98Z
173,spotify:track:6Pur3hWy6Nzc27ilmsp5HA
174,spotify:track:2QjOHCTQ1Jl3zawyYOpxh6
175,spotify:track:5fBQLapwAPSLw27STml9kr
176,spotify:track:43qcs9NpJhDxtG91zxFkj7
177,spotify:track:4G3PTss3mU33Tau7t4KbwE
178,spotify:track:2WrqTrNIHqfcMCgmEo0A7E
179,spotify:track:5nujrmhLynf4yMoMtj8AQF
180,spotify:track:66S2z95FN3nUAr9S1gUIsp
181,spotify:track:1yc7ERfIzFxPP1E0OFRvp0
182,spotify:track:3PfIrDoz19wz7qK7tYeu62
183,spotify:track:63Zaf8Rci6eOUPqDQ4fUFx
184,spotify:track:5RAIMjdrCEjpjaR5tBATXU
185,spotify:track:02MWAaffLxlfxAUY7c5dvx
186,spotify:track:3rmo8F54jFF8OgYsqTxm5d
187,spotify:track:25ZAibhr3bdlMCLmubZDVt
188,spotify:track:1hxyzHlH7qS3AZdOj6GmIO
189,spotify:track:7DF8lvLdV3htIbuTWpc7lR
190,spotify:track:059bcIhyc2SBwm6sw2AZzd
191,spotify:track:5UlnuulVAVmmesw4VzqHdG
192,spotify:track:20on25jryn53hWghthWWW3
193,spotify:track:1g4cZvi0nLeeIycd0Rkljj
194,spotify:track:7hbk4BaF66O09R1gq0bKwj
195,spotify:track:1WH3iquIQXnSPwUzlROT8R
196,spotify:track:7dT9D6117e5DbhnKxDLNW9
197,spotify:track:1lV3QHHMAQt0Kc1ioZq2MP
198,spotify:track:5wANPM4fQCJwkGd4rN57mH
199,spotify:track:1ycIhjQ4fQp2WqNFpSDEcX
