,uri
0,spotify:track:1rDQ4oMwGJI7B4tovsBOxc
1,spotify:track:4LRPiXqCikLlN15c3yImP7
2,spotify:track:02MWAaffLxlfxAUY7c5dvx
3,spotify:track:5PjdY0CKGZdEuoNab3yDmX
4,spotify:track:6JIC3hbC28JZKZ8AlAqX8h
5,spotify:track:3uUuGVFu1V7jTQL60S1r8z
6,spotify:track:5Z9KJZvQzH6PFmb8SNkxuk
7,spotify:track:50nfwKoDiSYg8zOCREWAm5
8,spotify:track:3rmo8F54jFF8OgYsqTxm5d
9,spotify:track:531KGXtBroSrOX9LVmiIgc
10,spotify:track:6I3mqTwhRpn34SLVafSH7G
11,spotify:track:0e8nrvls4Qqv5Rfa2UhqmO
12,spotify:track:2DB4DdfCFMw1iaR6JaR03a
13,spotify:track:4ZtFanR9U6ndgddUvNcjcG
14,spotify:track:4fouWK6XVHhzl78KzQ1UjL
15,spotify:track:5A5bLKdL5I3k3FTEQlAUw7
16,spotify:track:1HhNoOuqm1a5MXYEgAFl8o
17,spotify:track:58HvfVOeJY7lUuCqF0m3ly
18,spotify:track:0oA9wBGDY4uyILLg4GymWP
19,spotify:track:1HvTxgCj0mTzQlEo0zLvFb
20,spotify:track:46IZ0fSY2mpAiktS3KOqds
21,spotify:track:3DarAbFujv6eYNliUTyqtz
22,spotify:track:3Oww84xrmgjyr5J1ilOmAf
23,spotify:track:003vvx7Niy0yvhvHt4a68B
24,spotify:track:6Uj1ctrBOjOas8xZXGqKk4
25,spotify:track:6r8xlPyUQG8zbXbh26duFW
26,spotify:track:0IuVhCflrQPMGRrOyoY5RW
27,spotify:track:0U1W2LZVUX7qTm7dDpqxh6
28,spotify:track:59CfNbkERJ3NoTXDvoURjj
29,spotify:track:6UelLqGlWMcVH1E5c4H7lY
30,spotify:track:3GZD6HmiNUhxXYf8Gch723
31,spotify:track:3AVXwaOGCEL8cmBecfcsFJ
32,spotify:track:18asYwWugKjjsihZ0YvRxO
33,spotify:track:0ofHAoxe9vBkTCp2UQIavz
34,spotify:track:52xJxFP6TqMuO4Yt0eOkMz
35,spotify:track:0y60itmpH0aPKsFiGxmtnh
36,spotify:track:3o9kpgkIcffx0iSwxhuNI2
37,spotify:track:20on25jryn53hWghthWWW3
38,spotify:track:5nujrmhLynf4yMoMtj8AQF
39,spotify:track:6HJizCbaqaEQG1eLjn341Z
40,spotify:track:3yMC1KsTwh0ceXdIe4QQAQ
41,spotify:track:0VjIjW4GlUZAMYd2vXMi3b
42,spotify:track:62Yo3FDddWY8ydu6PW2wyz
43,spotify:track:68Dni7IE4VyPkTOH9mRWHr
44,spotify:track:5wANPM4fQCJwkGd4rN57mH
45,spotify:track:6f5ExP43esnvdKPddwKXJH
46,spotify:track:6Z165JvPnS8PYvGW8oLGLc
47,spotify:track:7mFj0LlWtEJaEigguaWqYh
48,spotify:track:46HNZY1i7O6jwTA7Slo2PI
49,spotify:track:7lQ8MOhq6IN2w8EYcFNSUk
50,spotify:track:7yq4Qj7cqayVTp3FF9CWbm
51,spotify:track:3vySEUpD0tc801F2WZDLYw
52,spotify:track:2QjOHCTQ1Jl3zawyYOpxh6
53,spotify:track:3Vi5XqYrmQgOYBajMWSvCi
54,spotify:track:4wqzOaLxiCRy2Et8tRyNSX
55,spotify:track:7jtQIBanIiJOMS6RyCx6jZ
56,spotify:track:5CZ40GBx1sQ9agT82CLQCT
57,spotify:track:6Qyc6fS4DsZjB2mRW9DsQs
58,spotify:track:3Kkjo3cT83cw09VJyrLNwX
59,spotify:track:7dDrR6vMK1JAwZZ5MIWgme
60,spotify:track:5rW7qTn83sCKtqBoneJs63
61,spotify:track:3yfqSUWxFvZELEM4PmlwIR
62,spotify:track:0RiRZpuVRbi7oqRdSMwhQY
63,spotify:track:7qEHsqek33rTcFNT9PFqLf
64,spotify:track:00Blm7zeNqgYLPtW6zg8cj
65,spotify:track:1oFAF1hdPOickyHgbuRjyX
66,spotify:track:4RVwu0g32PAqgUiJoXsdF8
67,spotify:track:424Uwmm1kNW07Ty1nOhSpl
68,spotify:track:2eAvDnpXP5W0cVtiI0PUxV
69,spotify:track:0frIZMaQwtdV4Ee8nhB1te
70,spotify:track:4XvcHTUfIlWfyJTRG0aqlo
71,spotify:track:6HU7h9RYOaPRFeh0R3UeAr
72,spotify:track:0qOvlEzD7xU35GLFT8DF1t
73,spotify:track:4pi1G1x8tl9VfdD9bL3maT
74,spotify:track:5c6lM2zjAF6MFoD8C1hiBr
75,spotify:track:1SC5rEoYDGUK4NfG82494W
76,spotify:track:3E7dfMvvCLUddWissuqMwr
77,spotify:track:1v7L65Lzy0j0vdpRjJewt1
78,spotify:track:2ouFrmMwYik8nQX2n9SeZu
79,spotify:track:5vUnjhBzRJJIAOJPde6zDx
80,spotify:track:5uCax9HTNlzGybIStD3vDh
81,spotify:track:07GvNcU1WdyZJq3XxP0kZa
82,spotify:track:3jjujdWJ72nww5eGnfs2E7
83,spotify:track:3PfIrDoz19wz7qK7tYeu62
84,spotify:track:5YqdiryRmdAzYFlxo43hAJ
85,spotify:track:7z5G2LOdV8okZn4yWg3q5g
86,spotify:track:2VxeLyX666F8uXCJ0dZF8B
87,spotify:track:0gucTLf7trAf37Ua1uAyAu
88,spotify:track:5UWwZ5lm5PKu6eKsHAGxOk
89,spotify:track:6Jkm5kUldvIqxzI1Pa7nXH
90,spotify:track:4jPy3l0RUwlUI9T5XHBW2m
91,spotify:track:0nrRP2bk19rLc0orkWPQk2
92,spotify:track:3UmaczJpikHgJFyBTAJVoz
93,spotify:track:3deMLKUGOk1FTcm2eqPpwI
94,spotify:track:2tpWsVSb9UEmDRxAl1zhX1
95,spotify:track:2N8m6CYs74qQO4mjVcXO30
96,spotify:track:4bHsxqR3GMrXTxEPLuK5ue
97,spotify:track:5TXDeTFVRVY7Cvt0Dw4vWW
98,spotify:track:21jGcNKet2qwijlDFuPiPb
99,spotify:track:1ZMiCix7XSAbfAJlEZWMCp
100,spotify:track:73cnVqsbZygieKi8xF10sO
101,spotify:track:2iUXsYOEPhVqEBwsqP70rE
102,spotify:track:5QO79kh1waicV47BqGRL3g
103,spotify:track:2pxxVkNhrRST8fpgA12ru8
104,spotify:track:3AJwUDP919kvQ9QcozQPxg
105,spotify:track:6N1EjQjnvhOjFrF6oUmGPa
106,spotify:track:6FE2iI43OZnszFLuLtvvmg
107,spotify:track:4iJyoBOLtHqaGxP12qzhQI
108,spotify:track:0ntQJM78wzOLVeCUAW7Y45
109,spotify:track:503OTo2dSqe7qk76rgsbep
110,spotify:track:5qrSlOut2rNAWv3ubArkNy
111,spotify:track:51pshtuYkgUQnt5huMPbKL
112,spotify:track:3Wrjm47oTz2sjIgck11l5e
113,spotify:track:0u2P5u6lvoDfwTYjAADbn4
114,spotify:track:2gam98EZKrF9XuOkU13ApN
115,spotify:track:3yrSvpt2l1xhsV9Em88Pul
116,spotify:track:6cx06DFPPHchuUAcTxznu9
117,spotify:track:4Li2WHPkuyCdtmokzW2007
118,spotify:track:6Amt2E3nanH9lhZnas9oOs
119,spotify:track:58ge6dfP91o9oXMzq3XkIS
120,spotify:track:22skzmqfdWrjJylampe0kt
121,spotify:track:7KwZNVEaqikRSBSpyhXK2j
122,spotify:track:3dYD57lRAUcMHufyqn9GcI
123,spotify:track:7qiZfU4dY1lWllzX7mPBI3
124,spotify:track:4HlFJV71xXKIGcU3kRyttv
125,spotify:track:0pqnGHJpmpxLKifKRmU6WP
126,spotify:track:6K5ph5mq1qprHae3TrgTj5
127,spotify:track:7iL6o9tox1zgHpKUfh9vuC
128,spotify:track:1GjbTNFImFrjFsNdleDe78
129,spotify:track:07MDkzWARZaLEdKxo6yArG
130,spotify:track:4kbj5MwxO1bq9wjT5g9HaA
131,spotify:track:4kLLWz7srcuLKA7Et40PQR
132,spotify:track:2BOqDYLOJBiMOXShCV1neZ
133,spotify:track:0tgVpDi06FyKpA1z0VMD4v
134,spotify:track:0VO8gYVDSwM1Qdd2GsMoYK
135,spotify:track:27OeeYzk6klgBh83TSvGMA
136,spotify:track:7DFNE7NO0raLIUbgzY2rzm
137,spotify:track:1SOClUWhOi8vHZYMz3GluK
138,spotify:track:286TLtk120rnrmVeQClDTc
139,spotify:track:1VLtjHwRWOVJiE5Py7JxoQ
140,spotify:track:3pudQCMnsFGwOElTZmuml8
141,spotify:track:2374M0fQpWi3dLnB54qaLX
142,spotify:track:4u7EnebtmKWzUH433cf5Qv
143,spotify:track:1zi7xx7UVEFkmKfv06H8x0
144,spotify:track:3U4isOIWM3VvDubwSI3y7a
145,spotify:track:5th1bFGGaXLM7wDBJpcF06
146,spotify:track:4cG7HUWYHBV6R6tHn1gxrl
147,spotify:track:5qqabIl2vWzo9ApSC317sa
148,spotify:track:2SiXAy7TuUkycRVbbWDEpo
149,spotify:track:2K7xn816oNHJZ0aVqdQsha
150,spotify:track:6OlK1W3yH6V3pr6e81hI0u
151,spotify:track:2WL6GQzPuK9Nrpy9XwNEbz
152,spotify:track:45bE4HXI0AwGZXfZtMp8JR
153,spotify:track:7BqBn9nzAq8spo5e7cZ0dJ
154,spotify:track:1DIXPcTDzTj8ZMHt3PDt8p
155,spotify:track:4SqWKzw0CbA05TGszDgMlc
156,spotify:track:0cqRj7pUJDkTCEsJkx8snD
157,spotify:track:37y7iDayfwm3WXn5BiAoRk
158,spotify:track:7FIWs0pqAYbP91WWM0vlTQ
159,spotify:track:2BcMwX1MPV6ZHP4tUT9uq6
160,spotify:track:1Slwb6dOYkBlWal1PGtnNg
161,spotify:track:4xkOaSrkexMciUUogZKVTS
162,spotify:track:6oSmp7qnvAxUXeUKhl67a6
163,spotify:track:2gMXnyrvIjhVBUZwvLZDMP
164,spotify:track:6f3Slt0GbA2bPZlz0aIFXN
165,spotify:track:3gdewACMIVMEWVbyb8O9sY
166,spotify:track:4btFHqumCO31GksfuBLLv3
167,spotify:track:5rb9QrpfcKFHM1EUbSIurX
168,spotify:track:3d9DChrdc6BOeFsbrZ3Is0
169,spotify:track:5WtfUKzXircvW8l5aaVZWT
170,spotify:track:5qBmTXgCdtvCqKc9yrLoWg
171,spotify:track:45S5WTQEGOB1VHr1Q4FuPl
172,spotify:track:1u8c2t2Cy7UBoG4ArRcF5g
173,spotify:track:5lAnYvAIkSDNXqfo7DyFUm
174,spotify:track:2bLqfJjuC5syrsgDsZfGmn
175,spotify:track:1XGmzt0PVuFgQYYnV2It7A
176,spotify:track:7w87IxuO7BDcJ3YUqCyMTT
177,spotify:track:1ZdhOMWyFR8Iv9eylMGYg2
178,spotify:track:0siYMEsGrzzzlWLXK5zJfS
179,spotify:track:1qDrWA6lyx8cLECdZE7TV7
180,spotify:track:0uI7yAKUf52Cn7y3sYyjiX
181,spotify:track:2hKdd3qO7cWr2Jo0Bcs0MA
182,spotify:track:6E90gq0KO6FYZVOXx8kCcC
183,spotify:track:37ZJ0p5Jm13JPevGcx4SkF
184,spotify:track:0W6I02J9xcqK8MtSeosEXb
185,spotify:track:0wXuerDYiBnERgIpbb3JBR
186,spotify:track:4EWCNWgDS8707fNSZ1oaA5
187,spotify:track:18vXApRmJSgQ6wG2ll9AOg
188,spotify:track:285pBltuF7vW8TeWk8hdRR
189,spotify:track:6Jrdb6CFOJEGaHjaa6c4WR
190,spotify:track:0k4d5YPDr1r7FX77VdqWez
191,spotify:track:6K4t31amVTZDgR3sKmwUJJ
192,spotify:track:5e9TFTbltYBg2xThimr0rU
193,spotify:track:4qu63nuBpdn0qHUHuObEj1
194,spotify:track:2tUBqZG2AbRi7Q0BIrVrEj
195,spotify:track:7aZiDdufBX2Ek8OUuxK0IQ
196,spotify:track:4tqcoej1zPvwePZCzuAjJd
197,spotify:track:3XOalgusokruzA5ZBA2Qcb
198,spotify:track:2PpruBYCo4H7WOBJ7Q2EwM
199,spotify:track:5z6a02FGoVsXTrJ4GiVNxE
