,uri
0,spotify:track:02MWAaffLxlfxAUY7c5dvx
1,spotify:track:5PjdY0CKGZdEuoNab3yDmX
2,spotify:track:1HhNoOuqm1a5MXYEgAFl8o
3,spotify:track:5Z9KJZvQzH6PFmb8SNkxuk
4,spotify:track:7rglLriMNBPAyuJOMGwi39
5,spotify:track:4fouWK6XVHhzl78KzQ1UjL
6,spotify:track:46IZ0fSY2mpAiktS3KOqds
7,spotify:track:2Xr1dTzJee307rmrkt8c0g
8,spotify:track:6Uj1ctrBOjOas8xZXGqKk4
9,spotify:track:52xJxFP6TqMuO4Yt0eOkMz
10,spotify:track:50nfwKoDiSYg8zOCREWAm5
11,spotify:track:1SOClUWhOi8vHZYMz3GluK
12,spotify:track:6I3mqTwhRpn34SLVafSH7G
13,spotify:track:46HNZY1i7O6jwTA7Slo2PI
14,spotify:track:3AVXwaOGCEL8cmBecfcsFJ
15,spotify:track:3rmo8F54jFF8OgYsqTxm5d
16,spotify:track:0e8nrvls4Qqv5Rfa2UhqmO
17,spotify:track:3XOalgusokruzA5ZBA2Qcb
18,spotify:track:4SqWKzw0CbA05TGszDgMlc
19,spotify:track:1nH2PkJL1XoUq8oE6tBZoU
20,spotify:track:3uUuGVFu1V7jTQL60S1r8z
21,spotify:track:2eAvDnpXP5W0cVtiI0PUxV
22,spotify:track:3DarAbFujv6eYNliUTyqtz
23,spotify:track:2gQPv5jvVPqU2a9HhMNO1v
24,spotify:track:2K7xn816oNHJZ0aVqdQsha
25,spotify:track:2gpWyfu7eZ01zzncHpxOtA
26,spotify:track:20on25jryn53hWghthWWW3
27,spotify:track:4ZtFanR9U6ndgddUvNcjcG
28,spotify:track:5nujrmhLynf4yMoMtj8AQF
29,spotify:track:0VjIjW4GlUZAMYd2vXMi3b
30,spotify:track:58HvfVOeJY7lUuCqF0m3ly
31,spotify:track:2QjOHCTQ1Jl3zawyYOpxh6
32,spotify:track:3Vi5XqYrmQgOYBajMWSvCi
33,spotify:track:4hJhHbkhZFnxmWbAkZRoe0
34,spotify:track:1SC5rEoYDGUK4NfG82494W
35,spotify:track:00Blm7zeNqgYLPtW6zg8cj
36,spotify:track:29m79w9xPMH4YCD6r8JSmV
37,spotify:track:3M0lSi5WW79CXQamgSBIjx
38,spotify:track:0vNY7uNEG8El6doRdP21D5
39,spotify:track:09gysnJpfQ3ublBmJDfcEC
40,spotify:track:18asYwWugKjjsihZ0YvRxO
41,spotify:track:7hU3IHwjX150XLoTVmjD0q
42,spotify:track:37BZB0z9T8Xu7U3e65qxFy
43,spotify:track:5vUnjhBzRJJIAOJPde6zDx
44,spotify:track:68HocO7fx9z0MgDU0ZPHro
45,spotify:track:0mL82sxCRjrs3br407IdJh
46,spotify:track:3Kkjo3cT83cw09VJyrLNwX
47,spotify:track:58ge6dfP91o9oXMzq3XkIS
48,spotify:track:2B4GHvToeLTOBB4QLzW3Ni
49,spotify:track:3yMC1KsTwh0ceXdIe4QQAQ
50,spotify:track:0sTlGEld0h8kIPZaKDYUf4
51,spotify:track:6K5ph5mq1qprHae3TrgTj5
52,spotify:track:4iJyoBOLtHqaGxP12qzhQI
53,spotify:track:5QO79kh1waicV47BqGRL3g
54,spotify:track:5CZ40GBx1sQ9agT82CLQCT
55,spotify:track:42Xba467wgGvYrR2EE6s0i
56,spotify:track:6f5ExP43esnvdKPddwKXJH
57,spotify:track:3Wrjm47oTz2sjIgck11l5e
58,spotify:track:5wANPM4fQCJwkGd4rN57mH
59,spotify:track:4gvrJnKCKIPiacNsWVQwEU
60,spotify:track:7qEHsqek33rTcFNT9PFqLf
61,spotify:track:5dXWFMwD7I7zXsInONVl0H
62,spotify:track:0k4d5YPDr1r7FX77VdqWez
63,spotify:track:5enxwA8aAbwZbf5qCHORXi
64,spotify:track:63bmIgH9sS6sX5Sc7MetGq
65,spotify:track:1PNs0uGru3TcrA94kpyGnc
66,spotify:track:7k6QR9YHyW258yVN6FHO1T
67,spotify:track:6UelLqGlWMcVH1E5c4H7lY
68,spotify:track:7sMBvZCSUl99bJLXZaLa0b
69,spotify:track:1zi7xx7UVEFkmKfv06H8x0
70,spotify:track:37y7iDayfwm3WXn5BiAoRk
71,spotify:track:0RiRZpuVRbi7oqRdSMwhQY
72,spotify:track:48QmG1dfvMuYLxMPt7KSRA
73,spotify:track:2vXKRlJBXyOcvZYTdNeckS
74,spotify:track:07MDkzWARZaLEdKxo6yArG
75,spotify:track:4RVwu0g32PAqgUiJoXsdF8
76,spotify:track:7jtQIBanIiJOMS6RyCx6jZ
77,spotify:track:79nEEoEPY2w8EXj9hjn5oc
78,spotify:track:1mWdTewIgB3gtBM3TOSFhB
79,spotify:track:5QDLhrAOJJdNAmCTJ8xMyW
80,spotify:track:0u2P5u6lvoDfwTYjAADbn4
81,spotify:track:0IuVhCflrQPMGRrOyoY5RW
82,spotify:track:08MFgEQeVLF37EyZ7jcwLc
83,spotify:track:40iJIUlhi6renaREYGeIDS
84,spotify:track:3AJwUDP919kvQ9QcozQPxg
85,spotify:track:4b1yxSdlumA8N4fEk4UOZp
86,spotify:track:2LBqCSwhJGcFQeTHMVGwy3
87,spotify:track:35mvY5S1H3J2QZyna3TFe0
88,spotify:track:5elW2CKSoqjYoJ32AGDxf1
89,spotify:track:4cktbXiXOapiLBMprHFErI
90,spotify:track:2SLwbpExuoBDZBpjfefCtV
91,spotify:track:4jPy3l0RUwlUI9T5XHBW2m
92,spotify:track:6RUKPb4LETWmmr3iAEQktW
93,spotify:track:6E90gq0KO6FYZVOXx8kCcC
94,spotify:track:2MJz8BxxMsERULatmBikDH
95,spotify:track:2D4dV2KXDTszzJ3p3cFqhA
96,spotify:track:45bE4HXI0AwGZXfZtMp8JR
97,spotify:track:1iZLpuGMr4tn1F5bZu32Kb
98,spotify:track:5uCax9HTNlzGybIStD3vDh
99,spotify:track:3UhmuWcFaLS3AO3kI9ynQ2
100,spotify:track:3FAJ6O0NOHQV8Mc5Ri6ENp
101,spotify:track:2KnLkZ3z7PO3kgVGHGqDpD
102,spotify:track:7AzlLxHn24DxjgQX73F9fU
103,spotify:track:3PfIrDoz19wz7qK7tYeu62
104,spotify:track:34YfLWuoxLEcvJQNxdI9P2
105,spotify:track:1LPSkqVhWVRUkKE03YUkpB
106,spotify:track:0QzuaeCEEOV40Pn7IvKEny
107,spotify:track:1bjhYUwKUHEg5fHknxFObO
108,spotify:track:5E30LdtzQTGqRvNd7l6kG5
109,spotify:track:2IAR0DziHCjSu16gR4ihvy
110,spotify:track:7hxHWCCAIIxFLCzvDgnQHX
111,spotify:track:4qu63nuBpdn0qHUHuObEj1
112,spotify:track:186NCtNk1tUYS7c2DxgJ7O
113,spotify:track:6HU7h9RYOaPRFeh0R3UeAr
114,spotify:track:29TPjc8wxfz4XMn21O7VsZ
115,spotify:track:5zFglKYiknIxks8geR8rcL
116,spotify:track:4HBZA5flZLE435QTztThqH
117,spotify:track:0eu4C55hL6x29mmeAjytzC
118,spotify:track:3t4KHjd8uQpJJ2fa0fRIpR
119,spotify:track:2gMXnyrvIjhVBUZwvLZDMP
120,spotify:track:1u8c2t2Cy7UBoG4ArRcF5g
121,spotify:track:4xqrdfXkTW4T0RauPLv3WA
122,spotify:track:6IAZHEBUIGJ6NJKxxOBIEr
123,spotify:track:2qxmye6gAegTMjLKEBoR3d
124,spotify:track:7MXVkk9YMctZqd1Srtv4MB
125,spotify:track:6v3KW9xbzN5yKLt9YKDYA2
126,spotify:track:6EtKlIQmGPB9SX8UjDJG5s
127,spotify:track:4xAYDw7NVSKkvMIE9vFTVu
128,spotify:track:2tpWsVSb9UEmDRxAl1zhX1
129,spotify:track:5pcmtf1lwrMqmAWWm248fY
130,spotify:track:72zHuDxFQTjbL51qJQSA7j
131,spotify:track:7EkWXAI1wn8Ii883ecd9xr
132,spotify:track:7BKLCZ1jbUBVqRi2FVlTVw
133,spotify:track:2BgEsaKNfHUdlh97KmvFyo
134,spotify:track:39LLxExYz6ewLAcYrzQQyP
135,spotify:track:2rOnSn2piaqLAlYjtfUBlY
136,spotify:track:1is8gU4RVcN4J8xItxWoOY
137,spotify:track:3xRH6FPVtheDyNla3T1FE7
138,spotify:track:2P91MQbaiQOfbiz9VqhqKQ
139,spotify:track:0W6I02J9xcqK8MtSeosEXb
140,spotify:track:4vWcMkEsnEeolYB5kUmr9Q
141,spotify:track:21jGcNKet2qwijlDFuPiPb
142,spotify:track:161DnLWsx1i3u1JT05lzqU
143,spotify:track:1J14CdDAvBTE1AJYUOwl6C
144,spotify:track:2bBClS4zzrRd4Aj59NaKSv
145,spotify:track:0pqnGHJpmpxLKifKRmU6WP
146,spotify:track:10hMM5nsZQf66ldBlgWBfG
147,spotify:track:2ZRo7axmMPeSVUvDbGkJah
148,spotify:track:3U4isOIWM3VvDubwSI3y7a
149,spotify:track:7nc7mlSdWYeFom84zZ8Wr8
150,spotify:track:0tgVpDi06FyKpA1z0VMD4v
151,spotify:track:5rW7qTn83sCKtqBoneJs63
152,spotify:track:3nOz1U41SZZ0N3fuUWr9nb
153,spotify:track:3XoYqtiWHhsk59frZupImG
154,spotify:track:0k1WUmIRnG3xU6fvvDVfRG
155,spotify:track:7H0ya83CMmgFcOhw0UB6ow
156,spotify:track:4iwiYqzoLImJraKQ9Pf2I2
157,spotify:track:2sHYMLUd4nVLxHPKY05Ein
158,spotify:track:75JFxkI2RXiU7L9VXzMkle
159,spotify:track:11iIikXxC6NP0Ma8vMD27x
160,spotify:track:68Dni7IE4VyPkTOH9mRWHr
161,spotify:track:7lQ8MOhq6IN2w8EYcFNSUk
162,spotify:track:0WSEq9Ko4kFPt8yo3ICd6T
163,spotify:track:285pBltuF7vW8TeWk8hdRR
164,spotify:track:3yfqSUWxFvZELEM4PmlwIR
165,spotify:track:6FvSS3Goz7OC8oCC2eWqe8
166,spotify:track:04S1pkp1VaIqjg8zZqknR5
167,spotify:track:1ZMiCix7XSAbfAJlEZWMCp
168,spotify:track:3AVrVz5rK8Hrqo9YGiVGN5
169,spotify:track:1DIXPcTDzTj8ZMHt3PDt8p
170,spotify:track:4cGqn0E8JCSY9gQllQj4Mf
171,spotify:track:3jjsRKEsF42ccXf8kWR3nu
172,spotify:track:4j5ffIFh7bFT7GZciP1TCy
173,spotify:track:32BeYxKPrig1LefHsC0Xuo
174,spotify:track:7BbaIYAdi3pg4MGl6PHwPv
175,spotify:track:7qiZfU4dY1lWllzX7mPBI3
176,spotify:track:7zwn1eykZtZ5LODrf7c0tS
177,spotify:track:1XGmzt0PVuFgQYYnV2It7A
178,spotify:track:6Dy1jexKYriXAVG6evyUTJ
179,spotify:track:5uEYRdEIh9Bo4fpjDd4Na9
180,spotify:track:6f3Slt0GbA2bPZlz0aIFXN
181,spotify:track:1nahzW3kfMuwReTka28tH5
182,spotify:track:6FZDfxM3a3UCqtzo5pxSLZ
183,spotify:track:0ct6r3EGTcMLPtrXHDvVjc
184,spotify:track:3afkJSKX0EAMsJXTZnDXXJ
185,spotify:track:3XYRV7ZSHqIRDG87DKTtry
186,spotify:track:48q0vSHcJdhK3IiXH8C5WJ
187,spotify:track:55RMhrPQYA6vLu5YMgXxFD
188,spotify:track:2N8m6CYs74qQO4mjVcXO30
189,spotify:track:2BcMwX1MPV6ZHP4tUT9uq6
190,spotify:track:4cG7HUWYHBV6R6tHn1gxrl
191,spotify:track:7BqBn9nzAq8spo5e7cZ0dJ
192,spotify:track:5O2P9iiztwhomNh8xkR9lJ
193,spotify:track:4btFHqumCO31GksfuBLLv3
194,spotify:track:6ocbgoVGwYJhOv1GgI9NsF
195,spotify:track:0fv2KH6hac06J86hBUTcSf
196,spotify:track:1qE8DOtw7zdXHMgZm20eLM
197,spotify:track:5Hm2MJQ4ECvQmH5QWCMQrR
198,spotify:track:2vWBUC9djv6BtiGlmKiQaH
199,spotify:track:1ZMGp9MTXbtAPvcKa0U3zS
