,uri
0,spotify:track:3nqQXoyQOWXiESFLlDF1hG
1,spotify:track:4uUG5RXrOk84mYEfFvj3cK
2,spotify:track:4h9wh7iOZ0GGn8QVp4RAOB
3,spotify:track:73vIOb4Q7YN6HeJTbscRx5
4,spotify:track:4k6Uh1HXdhtusDW5y8Gbvy
5,spotify:track:4Dvkj6JhhA12EX05fT7y2e
6,spotify:track:39JofJHEtg8I4fSyo7Imft
7,spotify:track:2yjlYDiNiQkdxVqTlaSrlX
8,spotify:track:1xzi1Jcr7mEi9K2RfzLOqS
9,spotify:track:5IgjP7X4th6nMNDh4akUHb
10,spotify:track:13Irp51zj01BZu2XtDrnAg
11,spotify:track:3LtpKP5abr2qqjunvjlX5i
12,spotify:track:0O6u0VJ46W86TxN9wgyqDj
13,spotify:track:4h4QlmocP3IuwYEj2j14p8
14,spotify:track:02MWAaffLxlfxAUY7c5dvx
15,spotify:track:3WMj8moIAXJhHsyLaqIIHI
16,spotify:track:40SBS57su9xLiE1WqkXOVr
17,spotify:track:5PjdY0CKGZdEuoNab3yDmX
18,spotify:track:76OGwb5RA9h4FxQPT33ekc
19,spotify:track:6HMtHNpW6YPi1hrw9tgF8P
20,spotify:track:5TJEBoTCDbJXiKMdCN9pd3
21,spotify:track:2QjOHCTQ1Jl3zawyYOpxh6
22,spotify:track:7jtQIBanIiJOMS6RyCx6jZ
23,spotify:track:5hnGrTBaEsdukpDF6aZg8a
24,spotify:track:6JIC3hbC28JZKZ8AlAqX8h
25,spotify:track:1qEmFfgcLObUfQm0j1W2CK
26,spotify:track:48UKTR66uUOT9LaUvooTNx
27,spotify:track:1xK59OXxi2TAAAbmZK0kBL
28,spotify:track:0hquQWY3xvYqN4qtiquniF
29,spotify:track:27ZZdyTSQWI7Cug2d2PkqV
30,spotify:track:2TktkzfozZifbQhXjT6I33
31,spotify:track:6xGruZOHLs39ZbVccQTuPZ
32,spotify:track:0N9C80kcgL0xXGduKnYKWi
33,spotify:track:0wHFktze2PHC5jDt3B17DC
34,spotify:track:003vvx7Niy0yvhvHt4a68B
35,spotify:track:38T0tPVZHcPZyhtOcCP7pF
36,spotify:track:75FEaRjZTKLhTrFGsfMUXR
37,spotify:track:3xWGA8pa0IKFI7IMPri4P0
38,spotify:track:5uSFGgIfHMT3osrAd9n9ym
39,spotify:track:54ipXppHLA8U4yqpOFTUhr
40,spotify:track:3uUuGVFu1V7jTQL60S1r8z
41,spotify:track:6I3mqTwhRpn34SLVafSH7G
42,spotify:track:10xV5l9nhLvFpR8mqzs0bL
43,spotify:track:4zN21mbAuaD0WqtmaTZZeP
44,spotify:track:68Dni7IE4VyPkTOH9mRWHr
45,spotify:track:2LBqCSwhJGcFQeTHMVGwy3
46,spotify:track:7xTDT7gyIrv0xWpwwXExxU
47,spotify:track:59nOXPmaKlBfGMDeOVGrIK
48,spotify:track:74loibzxXRL875X20kenvk
49,spotify:track:6ex1Pz3pntgy4NPtxHXN2V
50,spotify:track:3F5CgOj3wFlRv51JsHbxhe
51,spotify:track:3sNVsP50132BTNlImLx70i
52,spotify:track:6XO8RlYuJCiI0v3IA48FeJ
53,spotify:track:7yq4Qj7cqayVTp3FF9CWbm
54,spotify:track:5pyoxDZ1PX0KxBxiRVxA4U
55,spotify:track:4OmfWzukSVD140NiAIEjem
56,spotify:track:4tRhRLBxIZ34Iw0eCuiC03
57,spotify:track:7DbdUf8aHSYoliSjO6LZv6
58,spotify:track:5odlY52u43F5BjByhxg7wg
59,spotify:track:3GZD6HmiNUhxXYf8Gch723
60,spotify:track:7qEHsqek33rTcFNT9PFqLf
61,spotify:track:4KGNI037I8ZA6n3h6LYuey
62,spotify:track:0ofHAoxe9vBkTCp2UQIavz
63,spotify:track:1DIXPcTDzTj8ZMHt3PDt8p
64,spotify:track:22skzmqfdWrjJylampe0kt
65,spotify:track:1r8ZCjfrQxoy2wVaBUbpwg
66,spotify:track:0VjIjW4GlUZAMYd2vXMi3b
67,spotify:track:7lQ8MOhq6IN2w8EYcFNSUk
68,spotify:track:6VhuP99TE6gYNQRJIlAWFD
69,spotify:track:5A5bLKdL5I3k3FTEQlAUw7
70,spotify:track:3GYlZ7tbxLOxe6ewMNVTkw
71,spotify:track:4ZtFanR9U6ndgddUvNcjcG
72,spotify:track:0u2P5u6lvoDfwTYjAADbn4
73,spotify:track:7gRFDGEzF9UkBV233yv2dc
74,spotify:track:6UelLqGlWMcVH1E5c4H7lY
75,spotify:track:1mea3bSkSGXuIRvnydlB5b
76,spotify:track:7MXVkk9YMctZqd1Srtv4MB
77,spotify:track:5nujrmhLynf4yMoMtj8AQF
78,spotify:track:3yfqSUWxFvZELEM4PmlwIR
79,spotify:track:3E7dfMvvCLUddWissuqMwr
80,spotify:track:3sa06xVNmLLYIxdNNmVQN8
81,spotify:track:1mMLMZYXkMueg65jRRWG1l
82,spotify:track:2wVWGFVkL5I3JGsoWBx2AZ
83,spotify:track:6Qyc6fS4DsZjB2mRW9DsQs
84,spotify:track:5XeFesFbtLpXzIVDNQP22n
85,spotify:track:7l9IqDtVWJurTvkQHq1BGh
86,spotify:track:0ntQJM78wzOLVeCUAW7Y45
87,spotify:track:1cKHdTo9u0ZymJdPGSh6nq
88,spotify:track:3azJifCSqg9fRij2yKIbWz
89,spotify:track:0WtM2NBVQNNJLh6scP13H8
90,spotify:track:2wGSgTmgSF3xjRrHkTc25R
91,spotify:track:2m1hi0nfMR9vdGC8UcrnwU
92,spotify:track:3EaJDYHA0KnX88JvDhL9oa
93,spotify:track:561jH07mF1jHuk7KlaeF0s
94,spotify:track:4RVwu0g32PAqgUiJoXsdF8
95,spotify:track:46IZ0fSY2mpAiktS3KOqds
96,spotify:track:3Oww84xrmgjyr5J1ilOmAf
97,spotify:track:6feiJqgHqeSvkGUzf11AYs
98,spotify:track:1R0a2iXumgCiFb7HEZ7gUE
99,spotify:track:0RiRZpuVRbi7oqRdSMwhQY
100,spotify:track:5Z9KJZvQzH6PFmb8SNkxuk
101,spotify:track:5g7sDjBhZ4I3gcFIpkrLuI
102,spotify:track:7iL6o9tox1zgHpKUfh9vuC
103,spotify:track:2rxQMGVafnNaRaXlRMWPde
104,spotify:track:1v7L65Lzy0j0vdpRjJewt1
105,spotify:track:4bHsxqR3GMrXTxEPLuK5ue
106,spotify:track:0GONea6G2XdnHWjNZd6zt3
107,spotify:track:4pi1G1x8tl9VfdD9bL3maT
108,spotify:track:4EWCNWgDS8707fNSZ1oaA5
109,spotify:track:5qrSlOut2rNAWv3ubArkNy
110,spotify:track:3AJwUDP919kvQ9QcozQPxg
111,spotify:track:4FAQjmX7e7JJaFE363uj86
112,spotify:track:5uCax9HTNlzGybIStD3vDh
113,spotify:track:58ge6dfP91o9oXMzq3XkIS
114,spotify:track:4Li2WHPkuyCdtmokzW2007
115,spotify:track:5Odq8ohlgIbQKMZivbWkEo
116,spotify:track:2DB4DdfCFMw1iaR6JaR03a
117,spotify:track:7BqBn9nzAq8spo5e7cZ0dJ
118,spotify:track:2HbKqm4o0w5wEeEFXm2sD4
119,spotify:track:0B7wvvmu9EISAwZnOpjhNI
120,spotify:track:0e8nrvls4Qqv5Rfa2UhqmO
121,spotify:track:4RvWPyQ5RL0ao9LPZeSouE
122,spotify:track:5TXDeTFVRVY7Cvt0Dw4vWW
123,spotify:track:6K4t31amVTZDgR3sKmwUJJ
124,spotify:track:5QM0SsyzmBM0pbFY52Xj1X
125,spotify:track:2VxeLyX666F8uXCJ0dZF8B
126,spotify:track:0gucTLf7trAf37Ua1uAyAu
127,spotify:track:21DuXS5wpeO1z0dp445bop
128,spotify:track:6Uj1ctrBOjOas8xZXGqKk4
129,spotify:track:4tqcoej1zPvwePZCzuAjJd
130,spotify:track:2tpWsVSb9UEmDRxAl1zhX1
131,spotify:track:2eAvDnpXP5W0cVtiI0PUxV
132,spotify:track:0cqRj7pUJDkTCEsJkx8snD
133,spotify:track:5UWwZ5lm5PKu6eKsHAGxOk
134,spotify:track:0JzG1wJuB4v9UPkSE7LMXi
135,spotify:track:21jGcNKet2qwijlDFuPiPb
136,spotify:track:4XvcHTUfIlWfyJTRG0aqlo
137,spotify:track:7fBv7CLKzipRk6EC6TWHOB
138,spotify:track:14dJexYlvd3t3XAtD1pYW1
139,spotify:track:4LJhJ6DQS7NwE7UKtvcM52
140,spotify:track:3DarAbFujv6eYNliUTyqtz
141,spotify:track:3CIyK1V4JEJkg02E4EJnDl
142,spotify:track:7KwZNVEaqikRSBSpyhXK2j
143,spotify:track:5wANPM4fQCJwkGd4rN57mH
144,spotify:track:3yrSvpt2l1xhsV9Em88Pul
145,spotify:track:0nrRP2bk19rLc0orkWPQk2
146,spotify:track:2LawezPeJhN4AWuSB0GtAU
147,spotify:track:2gam98EZKrF9XuOkU13ApN
148,spotify:track:09mEdoA6zrmBPgTEN5qXmN
149,spotify:track:4kbj5MwxO1bq9wjT5g9HaA
150,spotify:track:1zi7xx7UVEFkmKfv06H8x0
151,spotify:track:7FGq80cy8juXBCD2nrqdWU
152,spotify:track:07GvNcU1WdyZJq3XxP0kZa
153,spotify:track:286TLtk120rnrmVeQClDTc
154,spotify:track:3ZCTVFBt2Brf31RLEnCkWJ
155,spotify:track:3xKsf9qdS1CyvXSMEid6g8
156,spotify:track:0pqnGHJpmpxLKifKRmU6WP
157,spotify:track:4cacyP5c3PMlfnyjpg13xW
158,spotify:track:5MxWTfmlmRDx6VZHvB9xV8
159,spotify:track:1u8c2t2Cy7UBoG4ArRcF5g
160,spotify:track:5uU1uuyaUIBOiiUSQG7Wl3
161,spotify:track:2SiXAy7TuUkycRVbbWDEpo
162,spotify:track:4xkOaSrkexMciUUogZKVTS
163,spotify:track:2374M0fQpWi3dLnB54qaLX
164,spotify:track:7ef4DlsgrMEH11cDZd32M6
165,spotify:track:1FEiijYPJtyswChfcpv3p0
166,spotify:track:5gDWsRxpJ2lZAffh5p7K0w
167,spotify:track:3dYD57lRAUcMHufyqn9GcI
168,spotify:track:6FE2iI43OZnszFLuLtvvmg
169,spotify:track:5TRPicyLGbAF2LGBFbHGvO
170,spotify:track:1oFAF1hdPOickyHgbuRjyX
171,spotify:track:1K3LRUEcUz5FMtPYyg0F45
172,spotify:track:1KGi9sZVMeszgZOWivFpxs
173,spotify:track:2gMXnyrvIjhVBUZwvLZDMP
174,spotify:track:43zdsphuZLzwA9k4DJhU0I
175,spotify:track:7aZiDdufBX2Ek8OUuxK0IQ
176,spotify:track:5FVd6KXrgO9B3JPmC8OPst
177,spotify:track:5zwwW9Oq7ubSxoCGyW1nbY
178,spotify:track:0frIZMaQwtdV4Ee8nhB1te
179,spotify:track:3UmaczJpikHgJFyBTAJVoz
180,spotify:track:1VLtjHwRWOVJiE5Py7JxoQ
181,spotify:track:4woTEX1wYOTGDqNXuavlRC
182,spotify:track:7mykoq6R3BArsSpNDjFQTm
183,spotify:track:7cFPWLFiE60sdgzPsyydUJ
184,spotify:track:6IBcOGPsniK3Pso1wHIhew
185,spotify:track:0tgVpDi06FyKpA1z0VMD4v
186,spotify:track:3Fzlg5r1IjhLk2qRw667od
187,spotify:track:3PfIrDoz19wz7qK7tYeu62
188,spotify:track:086myS9r57YsLbJpU0TgK9
189,spotify:track:4686eQ81DEswHa90bcdlC9
190,spotify:track:2PpruBYCo4H7WOBJ7Q2EwM
191,spotify:track:7o2CTH4ctstm8TNelqjb51
192,spotify:track:51pshtuYkgUQnt5huMPbKL
193,spotify:track:49x8Zp5wDjoquBE1THLLCV
194,spotify:track:4qu63nuBpdn0qHUHuObEj1
195,spotify:track:4HlFJV71xXKIGcU3kRyttv
196,spotify:track:0d28khcov6AiegSCpG5TuT
197,spotify:track:6GG73Jik4jUlQCkKg9JuGO
198,spotify:track:5rb9QrpfcKFHM1EUbSIurX
199,spotify:track:1LIvdWNdKmHvU0FJvw2diN
