,uri
0,spotify:track:6xGruZOHLs39ZbVccQTuPZ
1,spotify:track:75FEaRjZTKLhTrFGsfMUXR
2,spotify:track:4Dvkj6JhhA12EX05fT7y2e
3,spotify:track:0hquQWY3xvYqN4qtiquniF
4,spotify:track:0wHFktze2PHC5jDt3B17DC
5,spotify:track:3F5CgOj3wFlRv51JsHbxhe
6,spotify:track:1PckUlxKqWQs3RlWXVBLw3
7,spotify:track:02MWAaffLxlfxAUY7c5dvx
8,spotify:track:2KukL7UlQ8TdvpaA7bY3ZJ
9,spotify:track:5PjdY0CKGZdEuoNab3yDmX
10,spotify:track:0O6u0VJ46W86TxN9wgyqDj
11,spotify:track:1r8ZCjfrQxoy2wVaBUbpwg
12,spotify:track:1qEmFfgcLObUfQm0j1W2CK
13,spotify:track:4h9wh7iOZ0GGn8QVp4RAOB
14,spotify:track:6JIC3hbC28JZKZ8AlAqX8h
15,spotify:track:0oiv4E896TUTTeQU0cmIui
16,spotify:track:3uUuGVFu1V7jTQL60S1r8z
17,spotify:track:50nfwKoDiSYg8zOCREWAm5
18,spotify:track:4h4QlmocP3IuwYEj2j14p8
19,spotify:track:6I3mqTwhRpn34SLVafSH7G
20,spotify:track:59nOXPmaKlBfGMDeOVGrIK
21,spotify:track:3rmo8F54jFF8OgYsqTxm5d
22,spotify:track:4rmVZajAF7PkrCagGPHbqa
23,spotify:track:7l9IqDtVWJurTvkQHq1BGh
24,spotify:track:48UKTR66uUOT9LaUvooTNx
25,spotify:track:0mBP9X2gPCuapvpZ7TGDk3
26,spotify:track:4ZtFanR9U6ndgddUvNcjcG
27,spotify:track:003vvx7Niy0yvhvHt4a68B
28,spotify:track:32vE1nuG8T9c8bhmZdRY6d
29,spotify:track:2DB4DdfCFMw1iaR6JaR03a
30,spotify:track:5A5bLKdL5I3k3FTEQlAUw7
31,spotify:track:0e8nrvls4Qqv5Rfa2UhqmO
32,spotify:track:5Z9KJZvQzH6PFmb8SNkxuk
33,spotify:track:58HvfVOeJY7lUuCqF0m3ly
34,spotify:track:68Dni7IE4VyPkTOH9mRWHr
35,spotify:track:1HhNoOuqm1a5MXYEgAFl8o
36,spotify:track:2QjOHCTQ1Jl3zawyYOpxh6
37,spotify:track:6uvh0In7u1Xn4HgxOfAn8O
38,spotify:track:0y60itmpH0aPKsFiGxmtnh
39,spotify:track:6EbVuwU7EnKeF2hdpViXCH
40,spotify:track:6Uj1ctrBOjOas8xZXGqKk4
41,spotify:track:4pi1G1x8tl9VfdD9bL3maT
42,spotify:track:1R0a2iXumgCiFb7HEZ7gUE
43,spotify:track:5LYMamLv12UPbemOaTPyeV
44,spotify:track:1ei3hzQmrgealgRKFxIcWn
45,spotify:track:3sa06xVNmLLYIxdNNmVQN8
46,spotify:track:6Jkm5kUldvIqxzI1Pa7nXH
47,spotify:track:3GbQcjKWT7eVpUfzqwUjxv
48,spotify:track:46IZ0fSY2mpAiktS3KOqds
49,spotify:track:6Qyc6fS4DsZjB2mRW9DsQs
50,spotify:track:6UelLqGlWMcVH1E5c4H7lY
51,spotify:track:5zyZM1EiSqrniyqtprwxpv
52,spotify:track:5nujrmhLynf4yMoMtj8AQF
53,spotify:track:06JvOZ39sK8D8SqiqfaxDU
54,spotify:track:7yq4Qj7cqayVTp3FF9CWbm
55,spotify:track:64pUytZWfCpeeMBN0XAadF
56,spotify:track:0VjIjW4GlUZAMYd2vXMi3b
57,spotify:track:7mFj0LlWtEJaEigguaWqYh
58,spotify:track:3DarAbFujv6eYNliUTyqtz
59,spotify:track:531KGXtBroSrOX9LVmiIgc
60,spotify:track:10xV5l9nhLvFpR8mqzs0bL
61,spotify:track:5wANPM4fQCJwkGd4rN57mH
62,spotify:track:51Zw1cKDgkad0CXv23HCMU
63,spotify:track:7jtQIBanIiJOMS6RyCx6jZ
64,spotify:track:0ofHAoxe9vBkTCp2UQIavz
65,spotify:track:3GZD6HmiNUhxXYf8Gch723
66,spotify:track:21DuXS5wpeO1z0dp445bop
67,spotify:track:0T5iIrXA4p5GsubkhuBIKV
68,spotify:track:3Oww84xrmgjyr5J1ilOmAf
69,spotify:track:7lQ8MOhq6IN2w8EYcFNSUk
70,spotify:track:2eAvDnpXP5W0cVtiI0PUxV
71,spotify:track:7qEHsqek33rTcFNT9PFqLf
72,spotify:track:4fouWK6XVHhzl78KzQ1UjL
73,spotify:track:1c2hJSwcCfoPEw1su83Sw0
74,spotify:track:6HJizCbaqaEQG1eLjn341Z
75,spotify:track:3E7dfMvvCLUddWissuqMwr
76,spotify:track:7ef4DlsgrMEH11cDZd32M6
77,spotify:track:3yfqSUWxFvZELEM4PmlwIR
78,spotify:track:3i058E8uxTsYqJ5NWZzqSj
79,spotify:track:0RiRZpuVRbi7oqRdSMwhQY
80,spotify:track:5uCax9HTNlzGybIStD3vDh
81,spotify:track:3AVXwaOGCEL8cmBecfcsFJ
82,spotify:track:4XvcHTUfIlWfyJTRG0aqlo
83,spotify:track:2g6tReTlM2Akp41g0HaeXN
84,spotify:track:5CZ40GBx1sQ9agT82CLQCT
85,spotify:track:1BkY0N8ChFk2mdLbAUu8ZK
86,spotify:track:0rzaRSujxA0bKyjJl6vHYq
87,spotify:track:4RvWPyQ5RL0ao9LPZeSouE
88,spotify:track:5qrSlOut2rNAWv3ubArkNy
89,spotify:track:1v7L65Lzy0j0vdpRjJewt1
90,spotify:track:4bHsxqR3GMrXTxEPLuK5ue
91,spotify:track:6HU7h9RYOaPRFeh0R3UeAr
92,spotify:track:27OeeYzk6klgBh83TSvGMA
93,spotify:track:2LBqCSwhJGcFQeTHMVGwy3
94,spotify:track:6r8xlPyUQG8zbXbh26duFW
95,spotify:track:4kbj5MwxO1bq9wjT5g9HaA
96,spotify:track:1zi7xx7UVEFkmKfv06H8x0
97,spotify:track:2HbKqm4o0w5wEeEFXm2sD4
98,spotify:track:0u2P5u6lvoDfwTYjAADbn4
99,spotify:track:4RVwu0g32PAqgUiJoXsdF8
100,spotify:track:2tpWsVSb9UEmDRxAl1zhX1
101,spotify:track:0rKtyWc8bvkriBthvHKY8d
102,spotify:track:2VxeLyX666F8uXCJ0dZF8B
103,spotify:track:59CfNbkERJ3NoTXDvoURjj
104,spotify:track:21jGcNKet2qwijlDFuPiPb
105,spotify:track:62ke5zFUJN6RvtXZgVH0F8
106,spotify:track:0gucTLf7trAf37Ua1uAyAu
107,spotify:track:0fX4oNGBWO3dSGUZcVdVV2
108,spotify:track:7fYRg3CEbk6rNCuzNzMT06
109,spotify:track:4Li2WHPkuyCdtmokzW2007
110,spotify:track:0ntQJM78wzOLVeCUAW7Y45
111,spotify:track:186NCtNk1tUYS7c2DxgJ7O
112,spotify:track:3PfIrDoz19wz7qK7tYeu62
113,spotify:track:18asYwWugKjjsihZ0YvRxO
114,spotify:track:6FE2iI43OZnszFLuLtvvmg
115,spotify:track:2BOqDYLOJBiMOXShCV1neZ
116,spotify:track:3Vi5XqYrmQgOYBajMWSvCi
117,spotify:track:5TXDeTFVRVY7Cvt0Dw4vWW
118,spotify:track:31tf1qEai5o5f4r66Kd0pU
119,spotify:track:7iL6o9tox1zgHpKUfh9vuC
120,spotify:track:2iUXsYOEPhVqEBwsqP70rE
121,spotify:track:0frIZMaQwtdV4Ee8nhB1te
122,spotify:track:0pqnGHJpmpxLKifKRmU6WP
123,spotify:track:7MXVkk9YMctZqd1Srtv4MB
124,spotify:track:6TpyujRefwsflWFXbmjVpj
125,spotify:track:4HiC3ulkTgbEcYYsSuR6PO
126,spotify:track:3yMC1KsTwh0ceXdIe4QQAQ
127,spotify:track:4HlFJV71xXKIGcU3kRyttv
128,spotify:track:0cqRj7pUJDkTCEsJkx8snD
129,spotify:track:4u7EnebtmKWzUH433cf5Qv
130,spotify:track:3AJwUDP919kvQ9QcozQPxg
131,spotify:track:2wGSgTmgSF3xjRrHkTc25R
132,spotify:track:1nltpRhEiXikwDlVn4UADk
133,spotify:track:1LIvdWNdKmHvU0FJvw2diN
134,spotify:track:1DIXPcTDzTj8ZMHt3PDt8p
135,spotify:track:6N1EjQjnvhOjFrF6oUmGPa
136,spotify:track:2374M0fQpWi3dLnB54qaLX
137,spotify:track:22skzmqfdWrjJylampe0kt
138,spotify:track:1mw0RgNXIpYRyyCdBQbLgA
139,spotify:track:3UmaczJpikHgJFyBTAJVoz
140,spotify:track:2gMXnyrvIjhVBUZwvLZDMP
141,spotify:track:4xkOaSrkexMciUUogZKVTS
142,spotify:track:1oFAF1hdPOickyHgbuRjyX
143,spotify:track:0nrRP2bk19rLc0orkWPQk2
144,spotify:track:7KwZNVEaqikRSBSpyhXK2j
145,spotify:track:2BcMwX1MPV6ZHP4tUT9uq6
146,spotify:track:06JviyTdgDWjuAeISDct2L
147,spotify:track:3Kkjo3cT83cw09VJyrLNwX
148,spotify:track:2vB9ME0oZwfTGAUMC71CaT
149,spotify:track:1K3LRUEcUz5FMtPYyg0F45
150,spotify:track:2gam98EZKrF9XuOkU13ApN
151,spotify:track:2N8m6CYs74qQO4mjVcXO30
152,spotify:track:7My9ca9QEIR8MvIOdIrTWA
153,spotify:track:58ge6dfP91o9oXMzq3XkIS
154,spotify:track:07GvNcU1WdyZJq3XxP0kZa
155,spotify:track:4tqcoej1zPvwePZCzuAjJd
156,spotify:track:3dYD57lRAUcMHufyqn9GcI
157,spotify:track:3o9kpgkIcffx0iSwxhuNI2
158,spotify:track:3Fzlg5r1IjhLk2qRw667od
159,spotify:track:285pBltuF7vW8TeWk8hdRR
160,spotify:track:3jjujdWJ72nww5eGnfs2E7
161,spotify:track:5rb9QrpfcKFHM1EUbSIurX
162,spotify:track:79gv58G6usuURwl6TlmBTu
163,spotify:track:1u8c2t2Cy7UBoG4ArRcF5g
164,spotify:track:1VLtjHwRWOVJiE5Py7JxoQ
165,spotify:track:20on25jryn53hWghthWWW3
166,spotify:track:09mEdoA6zrmBPgTEN5qXmN
167,spotify:track:7DFNE7NO0raLIUbgzY2rzm
168,spotify:track:6A3SB2C4U6JtCavQOXLYNN
169,spotify:track:2NcQic8JxdjAlAHuNbOIRE
170,spotify:track:1XGmzt0PVuFgQYYnV2It7A
171,spotify:track:4j6kId9QIqhoXvqHKgSKa0
172,spotify:track:6f5ExP43esnvdKPddwKXJH
173,spotify:track:2DgdHcjWmO3qd50RzuBLgZ
174,spotify:track:7qiZfU4dY1lWllzX7mPBI3
175,spotify:track:5QO79kh1waicV47BqGRL3g
176,spotify:track:7sT7kZEYd1MrmzLLIRVZas
177,spotify:track:0tgVpDi06FyKpA1z0VMD4v
178,spotify:track:4jPy3l0RUwlUI9T5XHBW2m
179,spotify:track:3yrSvpt2l1xhsV9Em88Pul
180,spotify:track:45bE4HXI0AwGZXfZtMp8JR
181,spotify:track:7fBv7CLKzipRk6EC6TWHOB
182,spotify:track:1SC5rEoYDGUK4NfG82494W
183,spotify:track:5qqabIl2vWzo9ApSC317sa
184,spotify:track:3hRV0jL3vUpRrcy398teAU
185,spotify:track:7BqBn9nzAq8spo5e7cZ0dJ
186,spotify:track:7a5fliY9SsZENrQWQBZron
187,spotify:track:6x8to58oCuyPyuXIe5Imak
188,spotify:track:1cKHdTo9u0ZymJdPGSh6nq
189,spotify:track:37ZJ0p5Jm13JPevGcx4SkF
190,spotify:track:2pxxVkNhrRST8fpgA12ru8
191,spotify:track:4kLLWz7srcuLKA7Et40PQR
192,spotify:track:37y7iDayfwm3WXn5BiAoRk
193,spotify:track:1qDrWA6lyx8cLECdZE7TV7
194,spotify:track:3S68RFe1lsdCdTMPIMJM3X
195,spotify:track:5mCPDVBb16L4XQwDdbRUpz
196,spotify:track:5T8EDUDqKcs6OSOwEsfqG7
197,spotify:track:20I6sIOMTCkB6w7ryavxtO
198,spotify:track:4EWCNWgDS8707fNSZ1oaA5
199,spotify:track:1mMLMZYXkMueg65jRRWG1l
