,uri
0,spotify:track:5ww2BF9slyYgNOk37BlC4u
1,spotify:track:2tTmW7RDtMQtBk7m2rYeSw
2,spotify:track:45dlaEXrXW47TVbrQ4gK7E
3,spotify:track:3Ne5uYDFzHEFYAPbaBMIck
4,spotify:track:53tfEupEzQRtVFOeZvk7xq
5,spotify:track:5rGorQ0R06XveTJXMd3QRi
6,spotify:track:60DHrnRAhNJMy4WeEf23NH
7,spotify:track:12BLBKATlbWXPhuSNL8eAr
8,spotify:track:2GVahxIzxivfRZc8lR39Ms
9,spotify:track:7iwJOi3hlMqZt6pj1sQOBj
10,spotify:track:6TsVhM8qIkWN5cJVDIVbbz
11,spotify:track:2pR6bipXfJySBhje19SW02
12,spotify:track:6Sq7ltF9Qa7SNFBsV5Cogx
13,spotify:track:3fjN3y5x4hN53rykAN2LHQ
14,spotify:track:6i1g5ZRmJZAkDwBaUZ3f2i
15,spotify:track:6G12ZafqofSq7YtrMqUm76
16,spotify:track:2bbwjxA68m9PHZFWgF1fze
17,spotify:track:3UytZp1xDkNkROyIwE7DbY
18,spotify:track:3k3NWokhRRkEPhCzPmV8TW
19,spotify:track:3N6rAKpPraBOZqn9RhSrz0
20,spotify:track:0kTMK4gNFfLXaTb62w1UaJ
21,spotify:track:1gYtMKmICjH8KQG3MheNJt
22,spotify:track:1uGdRSOpObu3lp0jvrVREl
23,spotify:track:1IHWl5LamUGEuP4ozKQSXZ
24,spotify:track:7kYbxvrGXv8cmKjkqgqhrw
25,spotify:track:2IzV2SPZQLadtA46ni3ICq
26,spotify:track:5Eax0qFko2dh7Rl2lYs3bx
27,spotify:track:2rurDawMfoKP4uHyb2kJBt
28,spotify:track:0V3wPSX9ygBnCm8psDIegu
29,spotify:track:1IT2VUL1Nx6Y3AdCfm0wcO
30,spotify:track:6Xom58OOXk2SoU711L2IXO
31,spotify:track:6mmPpaltUZK7xjNlBPQQ0p
32,spotify:track:5i82o3878xCPNCUK8VIeqX
33,spotify:track:3fUZbg31mIJKIxuv8nUcGg
34,spotify:track:2LgxW2t2H6lAf7tJuOnxxj
35,spotify:track:7dSZ6zGTQx66c2GF91xCrb
36,spotify:track:2TDyyEBasw10wu5Uh94bR1
37,spotify:track:1uK5rDY3BnikyG0sl3tPpc
38,spotify:track:6LBpjWMfy1NUfyxAJbcMRs
39,spotify:track:1O2pcBJGej0pmH2Y9XZMs6
40,spotify:track:3AbNNvo2OmyeDMvRBgf9vk
41,spotify:track:2x8oBuYaObjqHqgGuIUZ0b
42,spotify:track:3EuhCgpwvuxzpVRKerf9UN
43,spotify:track:5jQI2r1RdgtuT8S3iG8zFC
44,spotify:track:3EcCc1U405tm8yKm1x6Y8W
45,spotify:track:03a359wbiUsjN9h6yzXvmS
46,spotify:track:31i56LZnwE6uSu3exoHjtB
47,spotify:track:5x17YrAwajDUCqB8zT9ElY
48,spotify:track:0cOa970mzTWAxKtltpkpLc
49,spotify:track:1wtOxkiel43cVs0Yux5Q4h
50,spotify:track:6ojZtz3sZr6ynvejLOqgCj
51,spotify:track:5aQtcr0PfEtk4FZCz5rLdV
52,spotify:track:3rWDp9tBPQR9z6U5YyRSK4
53,spotify:track:5GF0X7GdNmnouKcdhhRmtm
54,spotify:track:1zsPaEkglFvxjAhrM8yhpr
55,spotify:track:67Wqby5IjOMMpIYwqmCYOG
56,spotify:track:3AJwUDP919kvQ9QcozQPxg
57,spotify:track:4D7BCuvgdJlYvlX5WlN54t
58,spotify:track:79HZAZNnOE97rb2hnI0XQr
59,spotify:track:1v5QhGtlv2bkpUz2kAXTCq
60,spotify:track:3eX0NZfLtGzoLUxPNvRfqm
61,spotify:track:1xwAWUI6Dj0WGC3KiUPN0O
62,spotify:track:1ga4PztXOIw1yBbdUt2X8v
63,spotify:track:7KokYm8cMIXCsGVmUvKtqf
64,spotify:track:6nYyGlTP5L2R6SEd1xG8Xs
65,spotify:track:5eYVvHN75qLlpD0DC6R8Pl
66,spotify:track:7onMf0QvWgRba2MRxG27yj
67,spotify:track:3ushwCdjpWNdSnZgRFU6Oc
68,spotify:track:0heeNYlwOGuUSe7TgUD27B
69,spotify:track:4Dvkj6JhhA12EX05fT7y2e
70,spotify:track:3qoftcUZaUOncvIYjFSPdE
71,spotify:track:6HXvazdtAr9hy0kThzxrE3
72,spotify:track:6DoL1yYIwEW7VZMRaJhoJI
73,spotify:track:4TGwERXRlyQtBdggYTHo6j
74,spotify:track:6VAS7m73rDopQe7BdrFMpD
75,spotify:track:0lJE8f0lx8mUSfMyxeYpiC
76,spotify:track:4NkJeL16uUJJJFuZPvR1DC
77,spotify:track:5lkgHMBFyhk6P3jinwsYo0
78,spotify:track:3MBNAfBXIq9fI2Sez8EcNX
79,spotify:track:1DFDbSWdESvzWHHAe6BCQ3
80,spotify:track:6WZk0S0t6YP414VJz99mWT
81,spotify:track:7iXJg4IUyrWont5YSQrbKP
82,spotify:track:3nqQXoyQOWXiESFLlDF1hG
83,spotify:track:41oY4WCTj5kccfesTVFnvN
84,spotify:track:75JFxkI2RXiU7L9VXzMkle
85,spotify:track:46HNZY1i7O6jwTA7Slo2PI
86,spotify:track:2CeKVsFFXG4QzA415QygGb
87,spotify:track:7FlQk2gJ6TBrHHiidvdR2O
88,spotify:track:1txrFHh4XUU3Kp8HcD2TFW
89,spotify:track:1fKFxmSByZfjwVSbq0PHye
90,spotify:track:2QT316zZ7jBNQ74eUsIuI0
91,spotify:track:4hceSKjrkDTO0nMKFcb3sj
92,spotify:track:48mGOtVuxLr7sq8jZpWLxi
93,spotify:track:3eUR4NZa2hc8ZulyFYdCv8
94,spotify:track:0B8yu7yLe1UsXv6gewHRv2
95,spotify:track:0A1JLUlkZkp2EFrosoNQi0
96,spotify:track:1Y62KpDaP5MEL43ZcI6IaG
97,spotify:track:5jt25aFjW2kNoBqaEVaz5W
98,spotify:track:7FmYn9e7KHMXcxqGSj9LjH
99,spotify:track:7wBrglFVTNCcW6IhdgBkm1
100,spotify:track:48H3BsuIXKMYRTuFtxkRhh
101,spotify:track:0wavGRldH0AWyu2zvTz8zb
102,spotify:track:6JIC3hbC28JZKZ8AlAqX8h
103,spotify:track:1797zYiX4cKosMH836X9Gt
104,spotify:track:1wY7YlavH2C0U1HfR07XvZ
105,spotify:track:4tYFy8ALRjIZvnvSLw5lxN
106,spotify:track:6y8z28epOv5FlaxDv1Lo5B
107,spotify:track:2qBirMakpTdz9ymxrZEyzg
108,spotify:track:4uUG5RXrOk84mYEfFvj3cK
109,spotify:track:6RUKPb4LETWmmr3iAEQktW
110,spotify:track:3E8xyYdIPpiH2wNEozE68I
111,spotify:track:2wK7D7i9bfVt3uLjFsZSEU
112,spotify:track:0CgpCtEPvyDizcg2p47VrU
113,spotify:track:2JPLbjOn0wPCngEot2STUS
114,spotify:track:7LVHVU3tWfcxj5aiPFEW4Q
115,spotify:track:3RiPr603aXAoi4GHyXx0uy
116,spotify:track:7aPSMl8bmlHtbi9ZBYbPmq
117,spotify:track:6TI490muJ6RgFsYJc626BZ
118,spotify:track:6ylDpki1VpIsc525KC1ojF
119,spotify:track:0fea68AdmYNygeTGI4RC18
120,spotify:track:4khWEpnaijN0G1x019Uzdr
121,spotify:track:0T2pB7P1VdXPhLdQZ488uH
122,spotify:track:63GTuNSVLynH3n3PdqObgd
123,spotify:track:3yeFTYLMz4nOtyPXWEMKsW
124,spotify:track:3ylhgzhvSICQcyv0U3Ozwv
125,spotify:track:6wtZPYBIXUvCpXwVjMCJBf
126,spotify:track:7gwT3HGL84vF7bgtwL1N88
127,spotify:track:3rdAz1fbUfZxYgaCviYhRo
128,spotify:track:2KxfFzjyd5mpJu66s66w2S
129,spotify:track:5OZ4ske7GzEE6fOy9qjWdh
130,spotify:track:7M0mBls29IohQIPGqegcyE
131,spotify:track:4bF2y8rR7GUjrd5LNEvej3
132,spotify:track:0BCPKOYdS2jbQ8iyB56Zns
133,spotify:track:1UdzJEpgJxtuXAlCOvD4S0
134,spotify:track:0bhWW1Bve1Ng6kEm8WjiQA
135,spotify:track:10zSgbysU2KyVTrcRmtu62
136,spotify:track:42Gzfqnfpk7Pp1ydM60eNn
137,spotify:track:65OR4ywy8Cgs3FDHK82Idl
138,spotify:track:79pz16ngfYU2iZV0dvj3QU
139,spotify:track:4d4ZXH4dr5bYfgErHiZCX2
140,spotify:track:6ov7lvrF7h3EYbsg6NXNGb
141,spotify:track:0ZAJ660VP57lLK4U7NlGOy
142,spotify:track:6bLvfGI2XeU5DTl8feuNrk
143,spotify:track:5TMLavqGRKNxgzMBrVpC9R
144,spotify:track:5CzixCxDkRXX9mScCmah8O
145,spotify:track:1mea3bSkSGXuIRvnydlB5b
146,spotify:track:5uHAzGa4d9j35DEbhUwGhi
147,spotify:track:49NZwle2I8qI9BPsiRNjre
148,spotify:track:5NxhMcHSVY3Z7ykWxZf3aj
149,spotify:track:3PpWCS95gDUDRPko3u1MZ9
150,spotify:track:3ehHqgYRzmeUi345MfHS2N
151,spotify:track:0KvtuCa8aGD8SR39aLLLj5
152,spotify:track:0j15NSe9m6egjzJXXn1QXQ
153,spotify:track:5XeFesFbtLpXzIVDNQP22n
154,spotify:track:261Jxss9utRCMg11TWEU8M
155,spotify:track:422Avi2VjqZKCVzstKmqog
156,spotify:track:3PfIrDoz19wz7qK7tYeu62
157,spotify:track:2ksvWFIlW7QgXuvk2MA1FT
158,spotify:track:0R7DSnSibvuE4PEHqUayqf
159,spotify:track:6MuJUSYCqA4FpMogUHzb2R
160,spotify:track:3Oa9oxOLUYGQgzKXGIMpWy
161,spotify:track:46GsFW8AFIvi8TUDlYRlXR
162,spotify:track:2qEoAz0i6yEz5dPggABcLH
163,spotify:track:2gpQi3hbcUAcEG8m2dlgfB
164,spotify:track:1b62AO1IzcVr5SOgoguc9o
165,spotify:track:1p7m9H4H8s0Y7SgRm7j3ED
166,spotify:track:4rW2KfMNxdyNsLlaOYWXh3
167,spotify:track:7IcdA7TnEtxAUvby7MukZY
168,spotify:track:0FDzzruyVECATHXKHFs9eJ
169,spotify:track:3uFhqnai1dXX5eI29VJRPY
170,spotify:track:7D0RhFcb3CrfPuTJ0obrod
171,spotify:track:6D2TCm4nf5nxAcdGJ7w3QP
172,spotify:track:5NtIprYDaflAuu3Pko0rjR
173,spotify:track:3oqWr0jDWNXxWufNogGREp
174,spotify:track:4z5qbMlx4iAexxMQ9FbSa1
175,spotify:track:23R68uWGdp07SwQdK8mWzI
176,spotify:track:0U9OZFbn82oICL2jNbpNHy
177,spotify:track:65DBZofI0b79kfHTcWWDuU
178,spotify:track:0L9rn88q3YFfAhVLwjXo9g
179,spotify:track:2WD9ggmpZE7Wodh3qVVCgg
180,spotify:track:5LazbgCsa2IskJbPMnI8Qd
181,spotify:track:57kdZIOAaolxAjB67d2yU3
182,spotify:track:6rg1MBZqggsQ5olFGTw0rr
183,spotify:track:4MzXwWMhyBbmu6hOcLVD49
184,spotify:track:1Hv5uEwnI5UQEFvHWJaL3T
185,spotify:track:67Q93kXygxCskeQiIP0V0j
186,spotify:track:3E4ZzO4ySupnYypDPXcc3D
187,spotify:track:0C9V5jMElp7laZZdsCHufD
188,spotify:track:4XqXNU8MwPHwbgZmNXmAdc
189,spotify:track:7jtQIBanIiJOMS6RyCx6jZ
190,spotify:track:4gzsuuZypVbxs0Af1LSZyB
191,spotify:track:3FkeNbs9Zeiqkr3WkbOiGp
192,spotify:track:1wcE84DVQUF16xudVFzezL
193,spotify:track:6ZvsmvXknoN8uK2MSEGpwT
194,spotify:track:0G2zPzWqVjR68iNPmx2TBe
195,spotify:track:0WuKq2LiraBFney78dzwoc
196,spotify:track:2ONADYjJvqYVwjWavuY0H1
197,spotify:track:6VrQTLzzuyGIYjUDe4kAZk
198,spotify:track:2dG8CDU9UBem2ReYcLafDt
199,spotify:track:7MmrcXVA7A5zZ2CbDuGHNa
