,uri
0,spotify:track:5bYyQzaUSXpGGrJuGZfafd
1,spotify:track:1r9xUipOqoNwggBpENDsvJ
2,spotify:track:772ARvmnEjryug7ce0lRAF
3,spotify:track:4qkggtykkzl6qfuScsNmJk
4,spotify:track:5Z9KJZvQzH6PFmb8SNkxuk
5,spotify:track:1nH2PkJL1XoUq8oE6tBZoU
6,spotify:track:02MWAaffLxlfxAUY7c5dvx
7,spotify:track:0mL82sxCRjrs3br407IdJh
8,spotify:track:58HvfVOeJY7lUuCqF0m3ly
9,spotify:track:2K7xn816oNHJZ0aVqdQsha
10,spotify:track:39MFfPxlelYKyxRjzO0yC9
11,spotify:track:50nfwKoDiSYg8zOCREWAm5
12,spotify:track:5PjdY0CKGZdEuoNab3yDmX
13,spotify:track:2XmIhhtxgfZqPISZXmFFK7
14,spotify:track:4fouWK6XVHhzl78KzQ1UjL
15,spotify:track:6Uj1ctrBOjOas8xZXGqKk4
16,spotify:track:7rglLriMNBPAyuJOMGwi39
17,spotify:track:3rmo8F54jFF8OgYsqTxm5d
18,spotify:track:2gpWyfu7eZ01zzncHpxOtA
19,spotify:track:2QjOHCTQ1Jl3zawyYOpxh6
20,spotify:track:1SOClUWhOi8vHZYMz3GluK
21,spotify:track:2gTyfm5jrmTx4IH9K0CJk3
22,spotify:track:6dmXZ9B5HdFAyzHeTneYBK
23,spotify:track:18asYwWugKjjsihZ0YvRxO
24,spotify:track:3LnpBazWpD31QMTn6LgVGv
25,spotify:track:1E5Xu8dur0fAjSP1VpVhAZ
26,spotify:track:46IZ0fSY2mpAiktS3KOqds
27,spotify:track:04ojE1leP1BODeTr7EadIe
28,spotify:track:3Vi5XqYrmQgOYBajMWSvCi
29,spotify:track:3U7LRoxDT1WvbliazYkmpV
30,spotify:track:20on25jryn53hWghthWWW3
31,spotify:track:2vXKRlJBXyOcvZYTdNeckS
32,spotify:track:2SLwbpExuoBDZBpjfefCtV
33,spotify:track:32vRPT2jNoRZRg22GxtY0l
34,spotify:track:7jn2HBxZQS1BX4sxMlF3R9
35,spotify:track:2AD3faozZmU71dxlpPO4PJ
36,spotify:track:3Wrjm47oTz2sjIgck11l5e
37,spotify:track:1SC5rEoYDGUK4NfG82494W
38,spotify:track:3M0lSi5WW79CXQamgSBIjx
39,spotify:track:2Ghp894n1laIf2w98VeAOJ
40,spotify:track:589KeND3ebjbfhs5GfGGyx
41,spotify:track:6lazMmzPhIzAzWBtjVSeeh
42,spotify:track:6Ab81Bs9fcOwaTYuBsUUpI
43,spotify:track:0VjIjW4GlUZAMYd2vXMi3b
44,spotify:track:0k4d5YPDr1r7FX77VdqWez
45,spotify:track:2gQPv5jvVPqU2a9HhMNO1v
46,spotify:track:79s5XnCN4TJKTVMSmOx8Ep
47,spotify:track:6EtKlIQmGPB9SX8UjDJG5s
48,spotify:track:3KyKxJ4P3pVCgaZwaq2rUC
49,spotify:track:0k1WUmIRnG3xU6fvvDVfRG
50,spotify:track:2vgUijXOTRMnWXDtvgMp2b
51,spotify:track:4P0FfsXHy77aIzR4HJCuZV
52,spotify:track:7hU3IHwjX150XLoTVmjD0q
53,spotify:track:4a0oV0MjoURyHnW1gz8qcg
54,spotify:track:788fXILjvTnAoHw4rtIJCA
55,spotify:track:2swRdG3vAk5bYBR3oSf1cg
56,spotify:track:6PHB6mLa8HlK1m7I5wzmXD
57,spotify:track:4ZtFanR9U6ndgddUvNcjcG
58,spotify:track:3uUuGVFu1V7jTQL60S1r8z
59,spotify:track:3Kkjo3cT83cw09VJyrLNwX
60,spotify:track:2Xr1dTzJee307rmrkt8c0g
61,spotify:track:0LFA5mrgC8ni2CGoDr8WDm
62,spotify:track:29TPjc8wxfz4XMn21O7VsZ
63,spotify:track:5E30LdtzQTGqRvNd7l6kG5
64,spotify:track:48q0vSHcJdhK3IiXH8C5WJ
65,spotify:track:3DarAbFujv6eYNliUTyqtz
66,spotify:track:6EyKgt8Ndw2aVb2x1DGjkm
67,spotify:track:5JuM3RrFBnSDFUtivSNCbI
68,spotify:track:6zzdyvVWjGrQBraSvuqJPY
69,spotify:track:5nYuCvuoBfbxXlNy95iBch
70,spotify:track:3rq5w4bQGigXOfdN30ATJt
71,spotify:track:5nujrmhLynf4yMoMtj8AQF
72,spotify:track:0AFhDjWpKXSbllPDJhvx38
73,spotify:track:2D4dV2KXDTszzJ3p3cFqhA
74,spotify:track:37BZB0z9T8Xu7U3e65qxFy
75,spotify:track:2jQiSYrwJehQAcuaaQrXnS
76,spotify:track:2HTL8rQMv4gBxljw4p0Y6P
77,spotify:track:4pt5fDVTg5GhEvEtlz9dKk
78,spotify:track:0KCSJzsQVxkloxoT7dyrqV
79,spotify:track:58ge6dfP91o9oXMzq3XkIS
80,spotify:track:52xJxFP6TqMuO4Yt0eOkMz
81,spotify:track:3DZMR7h7qm12wnPh7P4DqT
82,spotify:track:56toqzf7aTsmiZcILHODtO
83,spotify:track:2PHiwLEX0TfWfhbRgHIf3n
84,spotify:track:0lEjxUUlKqjqXrVlIHFduD
85,spotify:track:7xeauW5oB0TRGNbK2kaxsl
86,spotify:track:3yfqSUWxFvZELEM4PmlwIR
87,spotify:track:37y7iDayfwm3WXn5BiAoRk
88,spotify:track:1bwLTopYsL8A0j0fg7fi79
89,spotify:track:2BcMwX1MPV6ZHP4tUT9uq6
90,spotify:track:7fBv7CLKzipRk6EC6TWHOB
91,spotify:track:6E90gq0KO6FYZVOXx8kCcC
92,spotify:track:2rFZhVHWOwDxAy59qLUzLy
93,spotify:track:09gysnJpfQ3ublBmJDfcEC
94,spotify:track:7lQ8MOhq6IN2w8EYcFNSUk
95,spotify:track:58b4WUBJM3IVzIDT2HEGe3
96,spotify:track:01od2Sgr1MUaspmEN0ewde
97,spotify:track:1YvcmMouIWbvUi9S2IR5rl
98,spotify:track:60ynsPSSKe6O3sfwRnIBRf
99,spotify:track:4bJygwUKrRgq1stlNXcgMg
100,spotify:track:4SqWKzw0CbA05TGszDgMlc
101,spotify:track:00Blm7zeNqgYLPtW6zg8cj
102,spotify:track:0RYHqnmtNRfbYxP6Dn8Vse
103,spotify:track:2B4GHvToeLTOBB4QLzW3Ni
104,spotify:track:2rT6xyUhl3d1rGnvSjnWXz
105,spotify:track:6f3Slt0GbA2bPZlz0aIFXN
106,spotify:track:5DDbBY763OCil7Joc4YS1m
107,spotify:track:4cG7HUWYHBV6R6tHn1gxrl
108,spotify:track:46w6RqZXx96cORKIbExvSu
109,spotify:track:1rLpf280OicMHgkl6SfGHG
110,spotify:track:1NhjYYcYTRywc0di98xHxf
111,spotify:track:776AftMmFFAWUIEAb3lHhw
112,spotify:track:7KZSo4wspWL0AyUZgr9S17
113,spotify:track:6W2jsJG6MPPJ6xTWcNEeHr
114,spotify:track:6a4GH1gljLL7VvmO9u5O92
115,spotify:track:3zxwDnimgIhLRRpYoDSZnm
116,spotify:track:7gQSgOGCJpdnmkCjD1wziW
117,spotify:track:0e8nrvls4Qqv5Rfa2UhqmO
118,spotify:track:5evJJmNenJJF04OBGEGgZc
119,spotify:track:6gBFPUFcJLzWGx4lenP6h2
120,spotify:track:792HwhrdO3ErRKL5yRe4Ge
121,spotify:track:4xkOaSrkexMciUUogZKVTS
122,spotify:track:1iIIsJlKQW7E4eLw7x5XOI
123,spotify:track:5lT5IZWW3JQErXELJpQgJ9
124,spotify:track:5QO79kh1waicV47BqGRL3g
125,spotify:track:0lKiqlTA0kN0k2TrjG5daO
126,spotify:track:5nEnCL8lNoBUsDzlpZzKeI
127,spotify:track:0WSEq9Ko4kFPt8yo3ICd6T
128,spotify:track:7hxHWCCAIIxFLCzvDgnQHX
129,spotify:track:5XbA7TAqsD0fj0dGBrbb0D
130,spotify:track:3eekarcy7kvN4yt5ZFzltW
131,spotify:track:7jtQIBanIiJOMS6RyCx6jZ
132,spotify:track:46HNZY1i7O6jwTA7Slo2PI
133,spotify:track:1DIXPcTDzTj8ZMHt3PDt8p
134,spotify:track:7EkWXAI1wn8Ii883ecd9xr
135,spotify:track:0zCgWGmDF0aih5qexATyBn
136,spotify:track:0AMzLFPOmCJWWNgmNkPbFA
137,spotify:track:4RVwu0g32PAqgUiJoXsdF8
138,spotify:track:4HwDCXsMBC7SUdp2WT4MZP
139,spotify:track:69zyifKelGUoEBEKfCX5ri
140,spotify:track:3r3Z6VpkIPqQnc7XZyIWmr
141,spotify:track:2sHYMLUd4nVLxHPKY05Ein
142,spotify:track:0PvFJmanyNQMseIFrU708S
143,spotify:track:0W6I02J9xcqK8MtSeosEXb
144,spotify:track:2fgAjk7DbAHj7G7IbVIWiM
145,spotify:track:7kq0YKDNo8UY86AQeGy75l
146,spotify:track:5S9Zs5g9lTWnLIboN1pdlU
147,spotify:track:2oKwEm0SX58T6y22wvw3w0
148,spotify:track:6LpL3NUIJuJ3zyBfdMXD2O
149,spotify:track:4ix0ntu244dcdAoSml7trs
150,spotify:track:0dLjHWPtD8tOLw7Y3i5xJM
151,spotify:track:40iJIUlhi6renaREYGeIDS
152,spotify:track:7a8GawTVgHZvBLQOh46he7
153,spotify:track:4R67rQNSbbsR4TdUVOIdez
154,spotify:track:3zvOhLPf8JIi5cmEdkVJWx
155,spotify:track:7kQUdVjev73xIuwu7W6YW9
156,spotify:track:6fcPuGEcPN6oq7DCLocYU0
157,spotify:track:0ZqakYho8fupx0NyVcWg1M
158,spotify:track:6M47gaKejso9772SKTa3yH
159,spotify:track:6zwJBnhNnugUuhMP7NUOfT
160,spotify:track:1vux5TJpXtc7tbjA1YODpp
161,spotify:track:5uEYRdEIh9Bo4fpjDd4Na9
162,spotify:track:6RUTdEozIHJNxcD8CmpbDA
163,spotify:track:4G3K2v23DSGvyKvEo5uE9C
164,spotify:track:5GZr9UqQ7Uwf6kC1UEpNfa
165,spotify:track:6vz1WkBUD7kqKfxsYxj3n6
166,spotify:track:2r6OAV3WsYtXuXjvJ1lIDi
167,spotify:track:1NXDDexJAupRgVjkEdaGP8
168,spotify:track:1RkN12c6mIW0bMgDddIJIn
169,spotify:track:0gucTLf7trAf37Ua1uAyAu
170,spotify:track:7ycWLEP1GsNjVvcjawXz3z
171,spotify:track:10hMM5nsZQf66ldBlgWBfG
172,spotify:track:7MXVkk9YMctZqd1Srtv4MB
173,spotify:track:7zwn1eykZtZ5LODrf7c0tS
174,spotify:track:0u2P5u6lvoDfwTYjAADbn4
175,spotify:track:1FiSf9NokOLwSs2BdaLgKH
176,spotify:track:3CLSHJv5aUROAN2vfOyCOh
177,spotify:track:3f8UE3sDLcCwMC6fIrFlZO
178,spotify:track:0fv2KH6hac06J86hBUTcSf
179,spotify:track:6I3mqTwhRpn34SLVafSH7G
180,spotify:track:6krYS8KtmNAYyb5uTZiYW4
181,spotify:track:4A8cWXxKfIL3lAyUDzXbCF
182,spotify:track:1qwno7xb5mJe71xtMS6jl2
183,spotify:track:6o1w1oqUMiJI1Kp0s0ksRK
184,spotify:track:6UelLqGlWMcVH1E5c4H7lY
185,spotify:track:0cqFRCAO5mEJh7KXSYOZdN
186,spotify:track:35mvY5S1H3J2QZyna3TFe0
187,spotify:track:5oE4QPgCrAs3itnmj2GmsM
188,spotify:track:7FIWs0pqAYbP91WWM0vlTQ
189,spotify:track:6Fz0IEZ0qHeu3cEbRDqSnU
190,spotify:track:3XGs66sgtajvYXc8ZgGgZr
191,spotify:track:4xlIg0bL37hPewYftAwBEK
192,spotify:track:3jjsRKEsF42ccXf8kWR3nu
193,spotify:track:6Dy1jexKYriXAVG6evyUTJ
194,spotify:track:5UlnuulVAVmmesw4VzqHdG
195,spotify:track:2m8pZbctzXbrLAqKXMXfv4
196,spotify:track:5pyKdbCmLGZ7SyQ5eIpM2Q
197,spotify:track:6M3PsepEj5gyJoIi7Xvr7u
198,spotify:track:2LBqCSwhJGcFQeTHMVGwy3
199,spotify:track:5KhisjtC9RpYuwpGs8eG60
