,uri
0,spotify:track:6KHsTu4Ht4XYiWcZOOdwbW
1,spotify:track:4Dvkj6JhhA12EX05fT7y2e
2,spotify:track:75FEaRjZTKLhTrFGsfMUXR
3,spotify:track:4zN21mbAuaD0WqtmaTZZeP
4,spotify:track:6Qe7YCkIOc1iaw9HKqO3qV
5,spotify:track:2DB4DdfCFMw1iaR6JaR03a
6,spotify:track:7fZBQnc0zXwVybgCIrQQil
7,spotify:track:6xGruZOHLs39ZbVccQTuPZ
8,spotify:track:02MWAaffLxlfxAUY7c5dvx
9,spotify:track:6OZwia8loN0aPS0vTvsBjR
10,spotify:track:3uUuGVFu1V7jTQL60S1r8z
11,spotify:track:3BnDvpeuGOj21Ir2aVEtQo
12,spotify:track:1PckUlxKqWQs3RlWXVBLw3
13,spotify:track:181AxLRTyYh9WUxEjmJt1Y
14,spotify:track:4RVPmkIVvzcWF27zfn3sap
15,spotify:track:2KukL7UlQ8TdvpaA7bY3ZJ
16,spotify:track:3sa06xVNmLLYIxdNNmVQN8
17,spotify:track:58HvfVOeJY7lUuCqF0m3ly
18,spotify:track:7jtQIBanIiJOMS6RyCx6jZ
19,spotify:track:6JIC3hbC28JZKZ8AlAqX8h
20,spotify:track:1ei3hzQmrgealgRKFxIcWn
21,spotify:track:5PjdY0CKGZdEuoNab3yDmX
22,spotify:track:63WuQOXohQIxOxIFA2K7bR
23,spotify:track:63JrADDfrcjOaI6lyVkN3c
24,spotify:track:18asYwWugKjjsihZ0YvRxO
25,spotify:track:2USlegnFJLrVLpoVfPimKB
26,spotify:track:2B4GHvToeLTOBB4QLzW3Ni
27,spotify:track:7AVHDeAjfn0zfMnYRhp0oI
28,spotify:track:1WCEAGGRD066z2Q89ObXTq
29,spotify:track:0wHFktze2PHC5jDt3B17DC
30,spotify:track:1T3fp4AZDhBeQSESi6LO8k
31,spotify:track:7mgPjcjjGwGx5kRDMH7Kkz
32,spotify:track:5QJoojtfYodIvWSfpeCcHh
33,spotify:track:50nfwKoDiSYg8zOCREWAm5
34,spotify:track:6Y46tOTRhkBamosyuWa6YX
35,spotify:track:0HqZX76SFLDz2aW8aiqi7G
36,spotify:track:1qEmFfgcLObUfQm0j1W2CK
37,spotify:track:7l9IqDtVWJurTvkQHq1BGh
38,spotify:track:3Oww84xrmgjyr5J1ilOmAf
39,spotify:track:4fouWK6XVHhzl78KzQ1UjL
40,spotify:track:6KNw3UKRp3QRsO7Cf4ASVE
41,spotify:track:1NFgyfNYN7ZlVeS0TUbCna
42,spotify:track:0oiv4E896TUTTeQU0cmIui
43,spotify:track:7uQ7e7nzbtyX87eIYHpj6Z
44,spotify:track:3rmo8F54jFF8OgYsqTxm5d
45,spotify:track:1CsuHmKOfCYxPoO4xjlAWV
46,spotify:track:4VgSGm7CroAlCCt9GKQ75Z
47,spotify:track:1c2hJSwcCfoPEw1su83Sw0
48,spotify:track:1YR7VB3xx85Iad2n3soyMb
49,spotify:track:5sUnlCbWGNNp5igjk3vwIY
50,spotify:track:4wn7cO2iHlWueXGDd4gH9g
51,spotify:track:1HhNoOuqm1a5MXYEgAFl8o
52,spotify:track:3F5CgOj3wFlRv51JsHbxhe
53,spotify:track:20on25jryn53hWghthWWW3
54,spotify:track:4ZpIuzx91EAPK3VimONbfB
55,spotify:track:2DgdHcjWmO3qd50RzuBLgZ
56,spotify:track:7ef4DlsgrMEH11cDZd32M6
57,spotify:track:5DhLsu431rudt8PENvUDao
58,spotify:track:6aZPMuJetqwKQCPClCNgd3
59,spotify:track:6kwmp0U8M1tPvgPHqvbwsr
60,spotify:track:5cqLFudVQryezmVFmmyRJN
61,spotify:track:6lZ5p6VTbZ2ZvnsdTlLv7I
62,spotify:track:1cgy2FSOQMbq7DHCVgMAUA
63,spotify:track:3fgEIHsl6ecyAK1rpAxBIY
64,spotify:track:22skzmqfdWrjJylampe0kt
65,spotify:track:46vfSYsDJZaNQcD4YvT8GD
66,spotify:track:5VOBsfdn1wlCwuuw7pKgU3
67,spotify:track:2toEys3zZ8rRB242Na7FZh
68,spotify:track:0VjIjW4GlUZAMYd2vXMi3b
69,spotify:track:4ZtFanR9U6ndgddUvNcjcG
70,spotify:track:7eb7JIRN6HKpedFSDGd4yI
71,spotify:track:6phZ9iQDWrB11ZPRjNDdNS
72,spotify:track:3yMC1KsTwh0ceXdIe4QQAQ
73,spotify:track:5Z9KJZvQzH6PFmb8SNkxuk
74,spotify:track:75UUG6x5zQe0gCVOiQpa6X
75,spotify:track:717QGTmZdkemDaCo1vQHG0
76,spotify:track:5R7KyW1qVi1CHzZiB4ALFs
77,spotify:track:1bwhDrXcAtqePp8mNJ0pTe
78,spotify:track:2APwDsIavDeJRJFcz6s8Ow
79,spotify:track:4N5s8lPTsjI9EGP7K4SXzB
80,spotify:track:0e8nrvls4Qqv5Rfa2UhqmO
81,spotify:track:4hJhHbkhZFnxmWbAkZRoe0
82,spotify:track:6Uj1ctrBOjOas8xZXGqKk4
83,spotify:track:7fYRg3CEbk6rNCuzNzMT06
84,spotify:track:6jcfITWcR5egvbD4fsGayr
85,spotify:track:0u2P5u6lvoDfwTYjAADbn4
86,spotify:track:5h9OvsTeNydBaZp7swQubV
87,spotify:track:2Xr1dTzJee307rmrkt8c0g
88,spotify:track:46IZ0fSY2mpAiktS3KOqds
89,spotify:track:4h9wh7iOZ0GGn8QVp4RAOB
90,spotify:track:4RVwu0g32PAqgUiJoXsdF8
91,spotify:track:4h4QlmocP3IuwYEj2j14p8
92,spotify:track:3gAEAmxdP1GIjgQ3Zud2mE
93,spotify:track:6HTJgY7iWWlVLSDHsfHePf
94,spotify:track:6A3SB2C4U6JtCavQOXLYNN
95,spotify:track:3Wrjm47oTz2sjIgck11l5e
96,spotify:track:4cG7HUWYHBV6R6tHn1gxrl
97,spotify:track:7yq4Qj7cqayVTp3FF9CWbm
98,spotify:track:44JSreJxvgl3CxLo5MoQL0
99,spotify:track:4kLLWz7srcuLKA7Et40PQR
100,spotify:track:1DIXPcTDzTj8ZMHt3PDt8p
101,spotify:track:1BkY0N8ChFk2mdLbAUu8ZK
102,spotify:track:2VxeLyX666F8uXCJ0dZF8B
103,spotify:track:6UelLqGlWMcVH1E5c4H7lY
104,spotify:track:4GmRnc9J8GBBkVHUtihE3Z
105,spotify:track:5S12Ds2RswM2ITC0u1J01f
106,spotify:track:6GomT970rCOkKAyyrwJeZi
107,spotify:track:5r43qanLhUCdBj8HN3fa6B
108,spotify:track:4NMkT5dgzOk7xhcNe9lsGs
109,spotify:track:0mBP9X2gPCuapvpZ7TGDk3
110,spotify:track:6PrB4KpvuoYWtwjPC5a44S
111,spotify:track:6OufwUcCqo81guU2jAlDVP
112,spotify:track:0pqnGHJpmpxLKifKRmU6WP
113,spotify:track:5wANPM4fQCJwkGd4rN57mH
114,spotify:track:7qEHsqek33rTcFNT9PFqLf
115,spotify:track:1cgRpYVOkYnxomkDpYLyba
116,spotify:track:2QjOHCTQ1Jl3zawyYOpxh6
117,spotify:track:1R0a2iXumgCiFb7HEZ7gUE
118,spotify:track:2N8m6CYs74qQO4mjVcXO30
119,spotify:track:04zzaZmF7rn0AkvOTiYhHy
120,spotify:track:0nrRP2bk19rLc0orkWPQk2
121,spotify:track:2ewjMyCbNv2X1dB2qIDCwD
122,spotify:track:5QowMIujytktMDC8pktNXH
123,spotify:track:3wfQEIvOfeVkXgGZogK3gL
124,spotify:track:2a1o6ZejUi8U3wzzOtCOYw
125,spotify:track:003vvx7Niy0yvhvHt4a68B
126,spotify:track:5Vrrxddu2CDh1wfysRPZJZ
127,spotify:track:79JuksO8bRLKojdLSArnvL
128,spotify:track:1SOClUWhOi8vHZYMz3GluK
129,spotify:track:3Mcxi78U3lCjt8DMKa6YY4
130,spotify:track:4rmVZajAF7PkrCagGPHbqa
131,spotify:track:0w6lsLBvhtGcqMYA7MB7r6
132,spotify:track:0O6u0VJ46W86TxN9wgyqDj
133,spotify:track:3nEHrvNNtgLv9rneTAYVr4
134,spotify:track:0sb8ClU3CLoNblxkpmOKzA
135,spotify:track:3F1P0QzdXtBz0MXy7KIO5w
136,spotify:track:6f3Slt0GbA2bPZlz0aIFXN
137,spotify:track:4u7EnebtmKWzUH433cf5Qv
138,spotify:track:5nujrmhLynf4yMoMtj8AQF
139,spotify:track:1v7L65Lzy0j0vdpRjJewt1
140,spotify:track:0gucTLf7trAf37Ua1uAyAu
141,spotify:track:7lQ8MOhq6IN2w8EYcFNSUk
142,spotify:track:1oXn8nhl44cH6HXqGQnOgY
143,spotify:track:3yfqSUWxFvZELEM4PmlwIR
144,spotify:track:2fuWIFyY452wmNOoT32EB8
145,spotify:track:1bgKMxPQU7JIZEhNsM1vFs
146,spotify:track:0QPRDC97rIQB3Jh3hrVJoH
147,spotify:track:2GYHyAoLWpkxLVa4oYTVko
148,spotify:track:0JpEMzTHbt2zBIXrntrXzG
149,spotify:track:6I3mqTwhRpn34SLVafSH7G
150,spotify:track:6b37xrsNCWYIUphFBazqD6
151,spotify:track:4BuRrEwP1C4E8NkpUMe6mI
152,spotify:track:2tpWsVSb9UEmDRxAl1zhX1
153,spotify:track:62ke5zFUJN6RvtXZgVH0F8
154,spotify:track:1hnnVFx5L09yBEmkKC8WYB
155,spotify:track:3Ucr6hQQuY8cZ0UqXV8uO2
156,spotify:track:503OTo2dSqe7qk76rgsbep
157,spotify:track:7lipUxEvDX7gvpVLOoqiau
158,spotify:track:0Jh6iWjna1wk5le0Ahn7No
159,spotify:track:1mea3bSkSGXuIRvnydlB5b
160,spotify:track:2374M0fQpWi3dLnB54qaLX
161,spotify:track:1SC5rEoYDGUK4NfG82494W
162,spotify:track:0U1W2LZVUX7qTm7dDpqxh6
163,spotify:track:5T8EDUDqKcs6OSOwEsfqG7
164,spotify:track:1J14CdDAvBTE1AJYUOwl6C
165,spotify:track:1jDJFeK9x3OZboIAHsY9k2
166,spotify:track:5RzPihF6fwzwVDrYnG656m
167,spotify:track:6uvh0In7u1Xn4HgxOfAn8O
168,spotify:track:59nOXPmaKlBfGMDeOVGrIK
169,spotify:track:4pt5fDVTg5GhEvEtlz9dKk
170,spotify:track:0F51ZGp1APMEGmCgmG8Qwo
171,spotify:track:5QO79kh1waicV47BqGRL3g
172,spotify:track:2Fxmhks0bxGSBdJ92vM42m
173,spotify:track:6Dy1jexKYriXAVG6evyUTJ
174,spotify:track:46HNZY1i7O6jwTA7Slo2PI
175,spotify:track:6hzi3AGB39FjxFqcjgbWs7
176,spotify:track:3UmaczJpikHgJFyBTAJVoz
177,spotify:track:5LYMamLv12UPbemOaTPyeV
178,spotify:track:0ct6r3EGTcMLPtrXHDvVjc
179,spotify:track:2tnVG71enUj33Ic2nFN6kZ
180,spotify:track:3vkQ5DAB1qQMYO4Mr9zJN6
181,spotify:track:4vHy2IHzf3EabEa7oMpUZB
182,spotify:track:4kbj5MwxO1bq9wjT5g9HaA
183,spotify:track:0TyUOnU4H4GLqOcrH0auc8
184,spotify:track:0iqk44gA8PaId0Fwa6eesN
185,spotify:track:20I6sIOMTCkB6w7ryavxtO
186,spotify:track:3eJH2nAjvNXdmPfBkALiPZ
187,spotify:track:2WfaOiMkCvy7F5fcp2zZ8L
188,spotify:track:3FkeNbs9Zeiqkr3WkbOiGp
189,spotify:track:2glGP8kEfACgJdZ86kWxhN
190,spotify:track:135Lf4Q0CzlMNfOxbEUsLH
191,spotify:track:7DFNE7NO0raLIUbgzY2rzm
192,spotify:track:2mL37yB3f3Lfy4iiXV02Qf
193,spotify:track:6Qyc6fS4DsZjB2mRW9DsQs
194,spotify:track:1bMyWnPs3EYdMhjohiwhuI
195,spotify:track:7qiZfU4dY1lWllzX7mPBI3
196,spotify:track:1F80MEkZA9yTlpMQp9dhht
197,spotify:track:37Tmv4NnfQeb0ZgUC4fOJj
198,spotify:track:7iL6o9tox1zgHpKUfh9vuC
199,spotify:track:2eAvDnpXP5W0cVtiI0PUxV
