,uri
0,spotify:track:0bYg9bo50gSsH3LtXe2SQn
1,spotify:track:2FRnf9qhLbvw8fu4IBXx78
2,spotify:track:2TE4xW3ImvpltVU0cPcKUn
3,spotify:track:2EjXfH91m7f8HiJN1yQg97
4,spotify:track:1rv46mRwDqMEhOBZ7vODg3
5,spotify:track:7vQbuQcyTflfCIOu3Uzzya
6,spotify:track:3qCeq0rWK67SoBDgFd2sId
7,spotify:track:0lizgQ7Qw35od7CYaoMBZb
8,spotify:track:27qAMKrDdKEs8HDXcvR24R
9,spotify:track:2uFaJJtFpPDc5Pa95XzTvg
10,spotify:track:7uoFMmxln0GPXQ0AcCBXRq
11,spotify:track:1IcR6RlgvDczfvoWJSSY2A
12,spotify:track:3nAp4IvdMPPWEH9uuXFFV5
13,spotify:track:7Je6BkJF9PnQ3lefOw1RrT
14,spotify:track:27RYrbL6S02LNVhDWVl38b
15,spotify:track:7xapw9Oy21WpfEcib2ErSA
16,spotify:track:1SV1fxF65n9NhRHp3KlBuu
17,spotify:track:3nqQXoyQOWXiESFLlDF1hG
18,spotify:track:6tjituizSxwSmBB5vtgHZE
19,spotify:track:4uUG5RXrOk84mYEfFvj3cK
20,spotify:track:0SvD6EdetxVtXei2JhkV4B
21,spotify:track:561jH07mF1jHuk7KlaeF0s
22,spotify:track:2xGO2UjzxeVQSIkyg98vck
23,spotify:track:7sJNeWTXkZCEC7OnFMpGWL
24,spotify:track:4Yg2w0P29BBBMixyeNjDtj
25,spotify:track:2xdUcwkx9lENOslKOiz1eM
26,spotify:track:7jtQIBanIiJOMS6RyCx6jZ
27,spotify:track:2dHHgzDwk4BJdRwy9uXhTO
28,spotify:track:0aoUM0zcu0kCX7Cv7O939I
29,spotify:track:7fUYUcWy853HS8YJn0b3Sr
30,spotify:track:5WxVXxCMRnvxUKFq40ELwq
31,spotify:track:4YxZQd3I4rj1nqkXgvpCk4
32,spotify:track:2L9QLAhrvtP4EYg1lY0Tnw
33,spotify:track:4fzyvSu73BhGvi96p2zwjL
34,spotify:track:11BKm0j4eYoCPPpCONAVwA
35,spotify:track:7LoFMtL7hxP9tr5HYyyUrJ
36,spotify:track:1aOl53hkZGHkl2Snhr7opL
37,spotify:track:0V3wPSX9ygBnCm8psDIegu
38,spotify:track:1QLZKzC2pjP4ySf4ALrNhm
39,spotify:track:6yeZM8gyykjaf8w0GqRfK4
40,spotify:track:550rQQCGkrTzvp4SfpOPzx
41,spotify:track:73vIOb4Q7YN6HeJTbscRx5
42,spotify:track:2OQ6a4CfUeYskpTTgyawyJ
43,spotify:track:2O3MQ6H3gjrIWDcpeTrikT
44,spotify:track:1Qi2wh8fFgDV7tl4Sj3f2K
45,spotify:track:64IFiUCsksRiHrUwfPKw6H
46,spotify:track:5xX2LYdXyx0Boa61rZOjq5
47,spotify:track:4h9wh7iOZ0GGn8QVp4RAOB
48,spotify:track:76OGwb5RA9h4FxQPT33ekc
49,spotify:track:0QHEIqNKsMoOY5urbzN48u
50,spotify:track:4tRhRLBxIZ34Iw0eCuiC03
51,spotify:track:2pXpURmn6zC5ZYDMms6fwa
52,spotify:track:3rb0tMq42WfggucPm0HHkA
53,spotify:track:1OjmlSFuzYflWjSMTCyTJv
54,spotify:track:77khP2fIVhSW23NwxrRluh
55,spotify:track:3kgt8Ys78I6GBZlQrWqZiA
56,spotify:track:0YWUHZPJVg4iujddsJDwhM
57,spotify:track:35DkXhxqTMiQB582tfjowU
58,spotify:track:4zN21mbAuaD0WqtmaTZZeP
59,spotify:track:2ykBpMiRAKvii89MMclhp9
60,spotify:track:47ohYW8e7dxCYn9qbUMBCI
61,spotify:track:4Dvkj6JhhA12EX05fT7y2e
62,spotify:track:4kKdvXD0ez7jp1296JmAts
63,spotify:track:5YdnOm5990Kfq1Jodws98B
64,spotify:track:0lTurWECr2XL607eJAj1A3
65,spotify:track:7xaqxUl08zOg0YNUHokQpq
66,spotify:track:38T0tPVZHcPZyhtOcCP7pF
67,spotify:track:7gcKoI9KokClK9ZUjNFgZa
68,spotify:track:5qEGAHerczFt3HmL9lhh4j
69,spotify:track:6pVW5LRWgeLaHudxauOTJU
70,spotify:track:0vjeOZ3Ft5jvAi9SBFJm1j
71,spotify:track:2QjOHCTQ1Jl3zawyYOpxh6
72,spotify:track:1bDbXMyjaUIooNwFE9wn0N
73,spotify:track:6sBWmE23q6xQHlnEZ8jYPT
74,spotify:track:2e8Y9puNglsJIEQbZIHA0t
75,spotify:track:4HEOgBHRCExyYVeTyrXsnL
76,spotify:track:2FPfeYlrbSBR8PwCU0zaqq
77,spotify:track:23SqoExnmW4BTJEYzMJze8
78,spotify:track:1N1ZpYUJc9fwrqk53FGgWv
79,spotify:track:5IgjP7X4th6nMNDh4akUHb
80,spotify:track:2q7jpVfCtcuRwcur9nQeuC
81,spotify:track:1z9NVyu6rOFQR57vA94xbR
82,spotify:track:2SBr3MK1sdMs8IxdRcN6qz
83,spotify:track:1kKvfCmzXzRcfszwQrXFPM
84,spotify:track:02MWAaffLxlfxAUY7c5dvx
85,spotify:track:7fZBQnc0zXwVybgCIrQQil
86,spotify:track:6RS6rcjnWrdfVuu2U2W2dj
87,spotify:track:4tHqQMWSqmL6YjXwsqthDI
88,spotify:track:4PS1e8f2LvuTFgUs1Cn3ON
89,spotify:track:6kvW6EI5UuqCmlp7L7HD9O
90,spotify:track:02FaKXXL7KUtRc7K0k54tL
91,spotify:track:3QIoEi8Enr9uHffwInGIsC
92,spotify:track:3VTNVsTTu05dmTsVFrmGpK
93,spotify:track:4WuOWVnAqvEQxgSRrspBgt
94,spotify:track:3AgiRs3oxc2dFh0CPUHXJs
95,spotify:track:2TdaxRL0VAKep3sbuM2O8L
96,spotify:track:05Mp2UJulSttxQ4E6hQPH3
97,spotify:track:7yBEKiv1LmO7GM4rOejhcW
98,spotify:track:22skzmqfdWrjJylampe0kt
99,spotify:track:2U9kDk5mlHYunC7PvbZ8KX
100,spotify:track:3LtpKP5abr2qqjunvjlX5i
101,spotify:track:21DO45JIwZIAsgxDtst1zC
102,spotify:track:3iYjUEMXpxiXUzKsLFuSNi
103,spotify:track:2EriVX6pX9RcmMsgU8Hsir
104,spotify:track:5ZduaRci3iNUiDfJbBfAaf
105,spotify:track:2qqZ5fOGuNvYVzgPFDLQ4l
106,spotify:track:7lQ8MOhq6IN2w8EYcFNSUk
107,spotify:track:0JM8LI4HxrQs2Reqr2naYo
108,spotify:track:3iMRGDhn0ghHIUMmlKrJOh
109,spotify:track:4rPJSqrov3zqGwXlemLBMw
110,spotify:track:5CGPOGyyF3XvyQwyqlJH0P
111,spotify:track:5odlY52u43F5BjByhxg7wg
112,spotify:track:3gengEn3je6KGekvgNnHxA
113,spotify:track:2unvC2MlubBY3GxXqrRW00
114,spotify:track:5XbNh16tvkeNEjuvSuB46Q
115,spotify:track:3uUuGVFu1V7jTQL60S1r8z
116,spotify:track:6YeDjSHCDmJKgU8foiaruL
117,spotify:track:54ipXppHLA8U4yqpOFTUhr
118,spotify:track:5ucyKDPjLpYLGadsRO1wSB
119,spotify:track:6qyS9qBy0mEk3qYaH8mPss
120,spotify:track:4so0Wek9Ig1p6CRCHuINwW
121,spotify:track:1LIvdWNdKmHvU0FJvw2diN
122,spotify:track:7bdpStmJdlw9GKBPTOkDwT
123,spotify:track:4pnk9Mhzcv3oHxFyARlNNP
124,spotify:track:09OojFvtrM9YRzRjnXqJjA
125,spotify:track:2ptG9ihX35aWmz7EnsYXBe
126,spotify:track:72egAK43077aLvJBfnbwEp
127,spotify:track:3WnBW96ByuZLYGUlAPtqUG
128,spotify:track:5Q2P43CJra0uRAogjHyJDK
129,spotify:track:5LssLZIagFBWRJJpxia7dU
130,spotify:track:3kcKlOkQQEPVwxwljbGJ5p
131,spotify:track:0rHToGels2lt8Y0mCYoF90
132,spotify:track:62KwUuB16yd6stRtZVVTz0
133,spotify:track:5reUV4Jv5GBY1W15E4J9w9
134,spotify:track:1Qrg8KqiBpW07V7PNxwwwL
135,spotify:track:1DIXPcTDzTj8ZMHt3PDt8p
136,spotify:track:1DTVCRW8QPPteXXhBlohM2
137,spotify:track:2pnPe4pJtq7689i5ydzvJJ
138,spotify:track:6a1hzBiTkgqTsDA0Xgfh9z
139,spotify:track:33GkULD2Yc7Xs0p8u0Gtuy
140,spotify:track:2Hh3ETdQKrmSI3QS0hme7g
141,spotify:track:2sFsvaMRe8PKo5AFdBE9qC
142,spotify:track:1xK59OXxi2TAAAbmZK0kBL
143,spotify:track:2IvrIIvwA3zEPXmJitBlJD
144,spotify:track:1m0UFnuTktOkksvjbF9z0m
145,spotify:track:5TXDeTFVRVY7Cvt0Dw4vWW
146,spotify:track:08mqF80M4AvAF0pGbR2ETA
147,spotify:track:1yxcKrEcxt4O03IIC25yHk
148,spotify:track:4woTEX1wYOTGDqNXuavlRC
149,spotify:track:3xWGA8pa0IKFI7IMPri4P0
150,spotify:track:3yfqSUWxFvZELEM4PmlwIR
151,spotify:track:41ZYUGtRGAi3SEx23AZXfB
152,spotify:track:3JOV6IFlO4cviGK2cqeTVQ
153,spotify:track:1foCxQtxBweJtZmdxhEHVO
154,spotify:track:1VuAamHM7P3VQQEXYGG3Uu
155,spotify:track:5XM67HdnPub0nMDqJEUPdy
156,spotify:track:5XeFesFbtLpXzIVDNQP22n
157,spotify:track:3BnDvpeuGOj21Ir2aVEtQo
158,spotify:track:4FXX4P3dxc1JMBx5wVRJ5N
159,spotify:track:6s2wpWPFPAgKg2LXxi1Oee
160,spotify:track:5Zlb01Jcn0Ld49zazzZJSB
161,spotify:track:37F7E7BKEw2E4O2L7u0IEp
162,spotify:track:6BePGk3eCan4FqaW2X8Qy3
163,spotify:track:7yq4Qj7cqayVTp3FF9CWbm
164,spotify:track:65irrLqfCMRiO3p87P4C0D
165,spotify:track:2mvabkN1i2gLnGAPUVdwek
166,spotify:track:2B4GHvToeLTOBB4QLzW3Ni
167,spotify:track:2kx5sQgmjYug0GiDh1a4sU
168,spotify:track:1mea3bSkSGXuIRvnydlB5b
169,spotify:track:3Oww84xrmgjyr5J1ilOmAf
170,spotify:track:0o0UqqXf1SmFt3Vf6YV1k9
171,spotify:track:57uSoeDMpTFn6Mu6ucXKmW
172,spotify:track:5Y35SjAfXjjG0sFQ3KOxmm
173,spotify:track:66VenHDtrQAw7FCjyF2J56
174,spotify:track:1GbyYL0B0Mjn3kSbrEwKKI
175,spotify:track:7dq9QIXx5eIz6w2MNzTan4
176,spotify:track:2USlegnFJLrVLpoVfPimKB
177,spotify:track:6GomT970rCOkKAyyrwJeZi
178,spotify:track:6Hh6pxNSScePI9zjKBIUg2
179,spotify:track:1v7L65Lzy0j0vdpRjJewt1
180,spotify:track:2VSsJgvIyjG32tT7hLPmIq
181,spotify:track:1YBItUnKj01KBXhpFtvINp
182,spotify:track:4h4QlmocP3IuwYEj2j14p8
183,spotify:track:1pacwLXyRO47ka0v6LTIiY
184,spotify:track:25leEEaz1gIpp7o21Fqyjo
185,spotify:track:1ukq3qBP7zOokVa3nEc9bR
186,spotify:track:6JIC3hbC28JZKZ8AlAqX8h
187,spotify:track:3nANSPdGPDTIHwsjUEGLQt
188,spotify:track:0WtM2NBVQNNJLh6scP13H8
189,spotify:track:5s1EwpwmgQJ8Ti3ltrJdO8
190,spotify:track:0YJW8OXw8G1xDfkzaID3vv
191,spotify:track:21MlfDYRjL0DuBbiCS9wlB
192,spotify:track:0KujySjvlPZiC4itOukxDM
193,spotify:track:6hw1Sy9wZ8UCxYGdpKrU6M
194,spotify:track:7DbdUf8aHSYoliSjO6LZv6
195,spotify:track:1V0qqWBbIWt8hlAjxTZedR
196,spotify:track:2H7jZg2HliuQhZjfBblLrZ
197,spotify:track:0tXPhc8LvM4dPvoRwI66XQ
198,spotify:track:7j1ZJAbcm4AMBf82jIrAH3
199,spotify:track:5xlS0QkVrSH7ssEbBgBzbM
