,uri
0,spotify:track:75FEaRjZTKLhTrFGsfMUXR
1,spotify:track:4Dvkj6JhhA12EX05fT7y2e
2,spotify:track:4k6Uh1HXdhtusDW5y8Gbvy
3,spotify:track:4h9wh7iOZ0GGn8QVp4RAOB
4,spotify:track:3LtpKP5abr2qqjunvjlX5i
5,spotify:track:6xGruZOHLs39ZbVccQTuPZ
6,spotify:track:02MWAaffLxlfxAUY7c5dvx
7,spotify:track:0O6u0VJ46W86TxN9wgyqDj
8,spotify:track:0hquQWY3xvYqN4qtiquniF
9,spotify:track:0wHFktze2PHC5jDt3B17DC
10,spotify:track:6HMtHNpW6YPi1hrw9tgF8P
11,spotify:track:5PjdY0CKGZdEuoNab3yDmX
12,spotify:track:4h4QlmocP3IuwYEj2j14p8
13,spotify:track:5pyoxDZ1PX0KxBxiRVxA4U
14,spotify:track:6JIC3hbC28JZKZ8AlAqX8h
15,spotify:track:0g2Bbgy7P41pFjMWJuzsf4
16,spotify:track:3F5CgOj3wFlRv51JsHbxhe
17,spotify:track:5IgjP7X4th6nMNDh4akUHb
18,spotify:track:1qEmFfgcLObUfQm0j1W2CK
19,spotify:track:6I3mqTwhRpn34SLVafSH7G
20,spotify:track:4cacyP5c3PMlfnyjpg13xW
21,spotify:track:50nfwKoDiSYg8zOCREWAm5
22,spotify:track:003vvx7Niy0yvhvHt4a68B
23,spotify:track:3uUuGVFu1V7jTQL60S1r8z
24,spotify:track:1r8ZCjfrQxoy2wVaBUbpwg
25,spotify:track:76OGwb5RA9h4FxQPT33ekc
26,spotify:track:2QjOHCTQ1Jl3zawyYOpxh6
27,spotify:track:59nOXPmaKlBfGMDeOVGrIK
28,spotify:track:3rmo8F54jFF8OgYsqTxm5d
29,spotify:track:0N9C80kcgL0xXGduKnYKWi
30,spotify:track:2LBqCSwhJGcFQeTHMVGwy3
31,spotify:track:7l9IqDtVWJurTvkQHq1BGh
32,spotify:track:68Dni7IE4VyPkTOH9mRWHr
33,spotify:track:4KGNI037I8ZA6n3h6LYuey
34,spotify:track:7jtQIBanIiJOMS6RyCx6jZ
35,spotify:track:58HvfVOeJY7lUuCqF0m3ly
36,spotify:track:4ZtFanR9U6ndgddUvNcjcG
37,spotify:track:5Z9KJZvQzH6PFmb8SNkxuk
38,spotify:track:0mBP9X2gPCuapvpZ7TGDk3
39,spotify:track:0VjIjW4GlUZAMYd2vXMi3b
40,spotify:track:2DB4DdfCFMw1iaR6JaR03a
41,spotify:track:10xV5l9nhLvFpR8mqzs0bL
42,spotify:track:1ei3hzQmrgealgRKFxIcWn
43,spotify:track:0e8nrvls4Qqv5Rfa2UhqmO
44,spotify:track:1xzi1Jcr7mEi9K2RfzLOqS
45,spotify:track:6UelLqGlWMcVH1E5c4H7lY
46,spotify:track:6feiJqgHqeSvkGUzf11AYs
47,spotify:track:0ofHAoxe9vBkTCp2UQIavz
48,spotify:track:6Qyc6fS4DsZjB2mRW9DsQs
49,spotify:track:7yq4Qj7cqayVTp3FF9CWbm
50,spotify:track:3GZD6HmiNUhxXYf8Gch723
51,spotify:track:3CIyK1V4JEJkg02E4EJnDl
52,spotify:track:7qEHsqek33rTcFNT9PFqLf
53,spotify:track:1cKHdTo9u0ZymJdPGSh6nq
54,spotify:track:4RvWPyQ5RL0ao9LPZeSouE
55,spotify:track:0xzI1KAr0Yd9tv8jlIk3sn
56,spotify:track:7MXVkk9YMctZqd1Srtv4MB
57,spotify:track:4pi1G1x8tl9VfdD9bL3maT
58,spotify:track:5A5bLKdL5I3k3FTEQlAUw7
59,spotify:track:7lQ8MOhq6IN2w8EYcFNSUk
60,spotify:track:3GYlZ7tbxLOxe6ewMNVTkw
61,spotify:track:2MuWTIM3b0YEAskbeeFE1i
62,spotify:track:6Uj1ctrBOjOas8xZXGqKk4
63,spotify:track:46IZ0fSY2mpAiktS3KOqds
64,spotify:track:0y60itmpH0aPKsFiGxmtnh
65,spotify:track:3sa06xVNmLLYIxdNNmVQN8
66,spotify:track:09mEdoA6zrmBPgTEN5qXmN
67,spotify:track:4EWCNWgDS8707fNSZ1oaA5
68,spotify:track:5wANPM4fQCJwkGd4rN57mH
69,spotify:track:5nujrmhLynf4yMoMtj8AQF
70,spotify:track:3yfqSUWxFvZELEM4PmlwIR
71,spotify:track:21jGcNKet2qwijlDFuPiPb
72,spotify:track:7fBv7CLKzipRk6EC6TWHOB
73,spotify:track:0oiv4E896TUTTeQU0cmIui
74,spotify:track:3DarAbFujv6eYNliUTyqtz
75,spotify:track:3AJwUDP919kvQ9QcozQPxg
76,spotify:track:1R0a2iXumgCiFb7HEZ7gUE
77,spotify:track:0u2P5u6lvoDfwTYjAADbn4
78,spotify:track:7ef4DlsgrMEH11cDZd32M6
79,spotify:track:22skzmqfdWrjJylampe0kt
80,spotify:track:5CZ40GBx1sQ9agT82CLQCT
81,spotify:track:2eAvDnpXP5W0cVtiI0PUxV
82,spotify:track:3E7dfMvvCLUddWissuqMwr
83,spotify:track:4rmVZajAF7PkrCagGPHbqa
84,spotify:track:37y7iDayfwm3WXn5BiAoRk
85,spotify:track:32vE1nuG8T9c8bhmZdRY6d
86,spotify:track:0ntQJM78wzOLVeCUAW7Y45
87,spotify:track:2wGSgTmgSF3xjRrHkTc25R
88,spotify:track:6HJizCbaqaEQG1eLjn341Z
89,spotify:track:0RiRZpuVRbi7oqRdSMwhQY
90,spotify:track:4Li2WHPkuyCdtmokzW2007
91,spotify:track:1Hohk6AufHZOrrhMXZppax
92,spotify:track:4tqcoej1zPvwePZCzuAjJd
93,spotify:track:5uCax9HTNlzGybIStD3vDh
94,spotify:track:3Oww84xrmgjyr5J1ilOmAf
95,spotify:track:0nrRP2bk19rLc0orkWPQk2
96,spotify:track:3t2Hx5FPih5lKaxJFd6bRE
97,spotify:track:7iL6o9tox1zgHpKUfh9vuC
98,spotify:track:21DuXS5wpeO1z0dp445bop
99,spotify:track:6uvh0In7u1Xn4HgxOfAn8O
100,spotify:track:2VxeLyX666F8uXCJ0dZF8B
101,spotify:track:1v7L65Lzy0j0vdpRjJewt1
102,spotify:track:2374M0fQpWi3dLnB54qaLX
103,spotify:track:40SBS57su9xLiE1WqkXOVr
104,spotify:track:58ge6dfP91o9oXMzq3XkIS
105,spotify:track:531KGXtBroSrOX9LVmiIgc
106,spotify:track:5nNpVC9AC6DWgrT5RX0e0b
107,spotify:track:6HU7h9RYOaPRFeh0R3UeAr
108,spotify:track:48UKTR66uUOT9LaUvooTNx
109,spotify:track:4RVwu0g32PAqgUiJoXsdF8
110,spotify:track:4bHsxqR3GMrXTxEPLuK5ue
111,spotify:track:7DFNE7NO0raLIUbgzY2rzm
112,spotify:track:4svaKoxMMP7ImmKrD5hfQu
113,spotify:track:0gucTLf7trAf37Ua1uAyAu
114,spotify:track:2gam98EZKrF9XuOkU13ApN
115,spotify:track:62ke5zFUJN6RvtXZgVH0F8
116,spotify:track:1zi7xx7UVEFkmKfv06H8x0
117,spotify:track:5qrSlOut2rNAWv3ubArkNy
118,spotify:track:2tpWsVSb9UEmDRxAl1zhX1
119,spotify:track:0cqRj7pUJDkTCEsJkx8snD
120,spotify:track:0T5iIrXA4p5GsubkhuBIKV
121,spotify:track:2HbKqm4o0w5wEeEFXm2sD4
122,spotify:track:3sNVsP50132BTNlImLx70i
123,spotify:track:4u7EnebtmKWzUH433cf5Qv
124,spotify:track:6Jkm5kUldvIqxzI1Pa7nXH
125,spotify:track:0fv2KH6hac06J86hBUTcSf
126,spotify:track:4686eQ81DEswHa90bcdlC9
127,spotify:track:5QO79kh1waicV47BqGRL3g
128,spotify:track:1FEiijYPJtyswChfcpv3p0
129,spotify:track:3dYD57lRAUcMHufyqn9GcI
130,spotify:track:5SzXtCkaw4WWDvGSTTiF6a
131,spotify:track:1c2hJSwcCfoPEw1su83Sw0
132,spotify:track:0d28khcov6AiegSCpG5TuT
133,spotify:track:1DIXPcTDzTj8ZMHt3PDt8p
134,spotify:track:6clzeGvi1CFioMOolbAOlX
135,spotify:track:4HlFJV71xXKIGcU3kRyttv
136,spotify:track:4XvcHTUfIlWfyJTRG0aqlo
137,spotify:track:5gDWsRxpJ2lZAffh5p7K0w
138,spotify:track:4fouWK6XVHhzl78KzQ1UjL
139,spotify:track:1u8c2t2Cy7UBoG4ArRcF5g
140,spotify:track:3HyR1j49TY5ACP2lseF1jx
141,spotify:track:58k32my5lKofeZRtIvBDg9
142,spotify:track:3rq5w4bQGigXOfdN30ATJt
143,spotify:track:1JSTJqkT5qHq8MDJnJbRE1
144,spotify:track:7FIWs0pqAYbP91WWM0vlTQ
145,spotify:track:7mFj0LlWtEJaEigguaWqYh
146,spotify:track:4kbj5MwxO1bq9wjT5g9HaA
147,spotify:track:3PfIrDoz19wz7qK7tYeu62
148,spotify:track:4qu63nuBpdn0qHUHuObEj1
149,spotify:track:37ZJ0p5Jm13JPevGcx4SkF
150,spotify:track:7KwZNVEaqikRSBSpyhXK2j
151,spotify:track:5BgeAX4HuZdcuCqmu4pIMM
152,spotify:track:3yMC1KsTwh0ceXdIe4QQAQ
153,spotify:track:7BqBn9nzAq8spo5e7cZ0dJ
154,spotify:track:1LIvdWNdKmHvU0FJvw2diN
155,spotify:track:7o2CTH4ctstm8TNelqjb51
156,spotify:track:5sICkBXVmaCQk5aISGR3x1
157,spotify:track:0pqnGHJpmpxLKifKRmU6WP
158,spotify:track:2gMXnyrvIjhVBUZwvLZDMP
159,spotify:track:7KA4W4McWYRpgf0fWsJZWB
160,spotify:track:6N1EjQjnvhOjFrF6oUmGPa
161,spotify:track:1oFAF1hdPOickyHgbuRjyX
162,spotify:track:1XGmzt0PVuFgQYYnV2It7A
163,spotify:track:5qqabIl2vWzo9ApSC317sa
164,spotify:track:1K3LRUEcUz5FMtPYyg0F45
165,spotify:track:5TXDeTFVRVY7Cvt0Dw4vWW
166,spotify:track:0tgVpDi06FyKpA1z0VMD4v
167,spotify:track:6K4t31amVTZDgR3sKmwUJJ
168,spotify:track:4xkOaSrkexMciUUogZKVTS
169,spotify:track:1qDrWA6lyx8cLECdZE7TV7
170,spotify:track:5YbPxJwPfrj7uswNwoF1pJ
171,spotify:track:5th1bFGGaXLM7wDBJpcF06
172,spotify:track:1KGi9sZVMeszgZOWivFpxs
173,spotify:track:2LawezPeJhN4AWuSB0GtAU
174,spotify:track:6f5ExP43esnvdKPddwKXJH
175,spotify:track:3AVXwaOGCEL8cmBecfcsFJ
176,spotify:track:6FE2iI43OZnszFLuLtvvmg
177,spotify:track:4woTEX1wYOTGDqNXuavlRC
178,spotify:track:5LYMamLv12UPbemOaTPyeV
179,spotify:track:3UmaczJpikHgJFyBTAJVoz
180,spotify:track:7w87IxuO7BDcJ3YUqCyMTT
181,spotify:track:2vXKRlJBXyOcvZYTdNeckS
182,spotify:track:5rb9QrpfcKFHM1EUbSIurX
183,spotify:track:6EbVuwU7EnKeF2hdpViXCH
184,spotify:track:3d9DChrdc6BOeFsbrZ3Is0
185,spotify:track:7qiZfU4dY1lWllzX7mPBI3
186,spotify:track:0wXuerDYiBnERgIpbb3JBR
187,spotify:track:3jjujdWJ72nww5eGnfs2E7
188,spotify:track:25FTMokYEbEWHEdss5JLZS
189,spotify:track:3U4isOIWM3VvDubwSI3y7a
190,spotify:track:2PpruBYCo4H7WOBJ7Q2EwM
191,spotify:track:49x8Zp5wDjoquBE1THLLCV
192,spotify:track:4cktbXiXOapiLBMprHFErI
193,spotify:track:1Slwb6dOYkBlWal1PGtnNg
194,spotify:track:3Fzlg5r1IjhLk2qRw667od
195,spotify:track:285pBltuF7vW8TeWk8hdRR
196,spotify:track:45bE4HXI0AwGZXfZtMp8JR
197,spotify:track:48q0vSHcJdhK3IiXH8C5WJ
198,spotify:track:3GCdLUSnKSMJhs4Tj6CV3s
199,spotify:track:2m1hi0nfMR9vdGC8UcrnwU
