,uri
0,spotify:track:4TGwERXRlyQtBdggYTHo6j
1,spotify:track:2Gq636OOGgxCTqEuzCZhsa
2,spotify:track:0lJE8f0lx8mUSfMyxeYpiC
3,spotify:track:2cR9cH9ta7MStHBKs0aOcz
4,spotify:track:5j3wzSS6z80VEs71O0gysC
5,spotify:track:6P096SaOzrgGxs8NWOfX7M
6,spotify:track:7JZ5mOTea5T4LH0UdwCsWx
7,spotify:track:1kjs5eR4DMzyB0gm1Z8waV
8,spotify:track:5NMPnWUDvXr8Vnauv7I7YZ
9,spotify:track:3sVuWmggRqfAK3qk7OIEAz
10,spotify:track:4xv2A022v5A8nyewDkYOkQ
11,spotify:track:1CpRJLarXSUho5AopXxNQj
12,spotify:track:5i82o3878xCPNCUK8VIeqX
13,spotify:track:2qEoAz0i6yEz5dPggABcLH
14,spotify:track:23R68uWGdp07SwQdK8mWzI
15,spotify:track:1p22yVi9e8DT6BEUvOZ0TL
16,spotify:track:1wcE84DVQUF16xudVFzezL
17,spotify:track:1GYJpuLq41vEVKXiHGEY9j
18,spotify:track:3xnzkgl56WCFFzLxQ8c07L
19,spotify:track:6lX6l7OuA3qrnIRfdsr0dw
20,spotify:track:6LBpjWMfy1NUfyxAJbcMRs
21,spotify:track:7onMf0QvWgRba2MRxG27yj
22,spotify:track:2Qv0DF1us4LhzLj0Cx9cSn
23,spotify:track:0cOa970mzTWAxKtltpkpLc
24,spotify:track:0Be7sopyKMv8Y8npsUkax2
25,spotify:track:6KGGhJoXrztLp8ZT91zizs
26,spotify:track:4WaopyDgvKQP6T852K9boe
27,spotify:track:5TMLavqGRKNxgzMBrVpC9R
28,spotify:track:4Yip3hds5IHyT7AqoNHfmX
29,spotify:track:75HnDKDqsmEzdOKFWe5FZS
30,spotify:track:6w8yBI2vthyN9UnwO4UBWb
31,spotify:track:6mmPpaltUZK7xjNlBPQQ0p
32,spotify:track:0XYZhJIcwKNjd0tjbSXwaQ
33,spotify:track:2B4GHvToeLTOBB4QLzW3Ni
34,spotify:track:4kELKaXaNP4EQR8Q8xNIID
35,spotify:track:1rxX4SkYDqluMJcYSijMSH
36,spotify:track:6aMgqUHmyLs5vnyaV98HID
37,spotify:track:2BEcap3xJtmiPaHKyfQi4e
38,spotify:track:7hiAGGyiLaLBTVroaE08hx
39,spotify:track:4AKK4j6sYhOO1r6My2qqWO
40,spotify:track:5saUoeceT2zau6ScmU77e6
41,spotify:track:7iXJg4IUyrWont5YSQrbKP
42,spotify:track:2JPLbjOn0wPCngEot2STUS
43,spotify:track:0G2zPzWqVjR68iNPmx2TBe
44,spotify:track:3EcCc1U405tm8yKm1x6Y8W
45,spotify:track:1FlL8ycld6uVDDyhV7P5FA
46,spotify:track:1Hv5uEwnI5UQEFvHWJaL3T
47,spotify:track:5Nmtq1BaByFS0IFTpuOflr
48,spotify:track:3rdAz1fbUfZxYgaCviYhRo
49,spotify:track:2vmfvSoZBFAt9hhRoEByLi
50,spotify:track:4gzsuuZypVbxs0Af1LSZyB
51,spotify:track:4PDoCa5P0QK7KFhTsEKJB8
52,spotify:track:6D2TCm4nf5nxAcdGJ7w3QP
53,spotify:track:7iHHlCbsFou5DZSW5HCPfs
54,spotify:track:5W1qmxHrMlQGGAiFA3ZQqP
55,spotify:track:4HzqWEdAbzcVFDv0pvxV4w
56,spotify:track:7rglLriMNBPAyuJOMGwi39
57,spotify:track:7COGuXyTr12KvdaYXMqheC
58,spotify:track:5eyO0n1HiiSWdGaaSoK731
59,spotify:track:4bF2y8rR7GUjrd5LNEvej3
60,spotify:track:166qsYi2wR3u6qfg7wrh1r
61,spotify:track:7FfQ2E4LqvwKKOyKXyC2L2
62,spotify:track:7mftg8God1V8NdHIukbGgx
63,spotify:track:4it6vaFbkGRUaQlwWUMg3v
64,spotify:track:1mSviQV9iQnGSRyvTIuxAj
65,spotify:track:3lGMtkONrZdJ8kTCg6KIFf
66,spotify:track:4axxCbc4tWlpqHP5UbJMc3
67,spotify:track:4OwhwvKESFtuu06dTgct7i
68,spotify:track:2ttUrgPFiyWOHxbauXSVRo
69,spotify:track:4knc1Fp3kbuq8bH2byOvLu
70,spotify:track:2YZDh5CecWx0qlFiTvqVQ9
71,spotify:track:2ENHU0Zzp2BwZLr3Cyesc1
72,spotify:track:25YMD8Bf1CiQvAsYz5Bq0p
73,spotify:track:1r9xUipOqoNwggBpENDsvJ
74,spotify:track:03a359wbiUsjN9h6yzXvmS
75,spotify:track:3lCbsHaN1wCxyDzcNN2x4N
76,spotify:track:7jaYm0oq552xugGmOeE6w5
77,spotify:track:7iqOIHHEmu6Vhw25GgQ2eA
78,spotify:track:2rCbl9naJYhaxjLsfx88uM
79,spotify:track:7ppEc3lFu3nudWCW5ypQGG
80,spotify:track:5A1vGSsqw0UQCBxHOyPOjG
81,spotify:track:4hWxgSdGI8XZEALipeTwfx
82,spotify:track:7xrfbORzJICHtRJtNTpkdc
83,spotify:track:704LUEih663hiE3CnyUrFW
84,spotify:track:6t4YfQwwCZS5NIVJelVa9y
85,spotify:track:7zgz9kzWGXChcjU6krkPWi
86,spotify:track:4MzXwWMhyBbmu6hOcLVD49
87,spotify:track:1sZ39ZxvFo8FyMz4s7iVlf
88,spotify:track:42ahuAFlYGjIGBpVdHcLij
89,spotify:track:7I8L3vYCLThw2FDrE6LuzE
90,spotify:track:1Crj1zkRMpsEjb9NOR6Zof
91,spotify:track:1ePMFMnmmXSKwDHiI8hzBL
92,spotify:track:2qBirMakpTdz9ymxrZEyzg
93,spotify:track:1DFDbSWdESvzWHHAe6BCQ3
94,spotify:track:3xv8JksRyqHa1lwkM9xvJf
95,spotify:track:0csfmp7s1CI0gHwTbV4eRG
96,spotify:track:6y6EZKfsOZ7P3ALbnUuXik
97,spotify:track:0dOdaCeCmUYSqHWjnpLIa9
98,spotify:track:7I8o4jSN5Xf7NLXIfjTuM4
99,spotify:track:05bfbizlM5AX6Mf1RRyMho
100,spotify:track:0Xfuia7CeTdIDWP4idfO3R
101,spotify:track:6dnDKVx1eLiYwc9tsy40ps
102,spotify:track:4WkEH0PgystZUaN6QU6Z0B
103,spotify:track:5PjdY0CKGZdEuoNab3yDmX
104,spotify:track:0ZAJ660VP57lLK4U7NlGOy
105,spotify:track:4OrAAeefsDOdUSfE87C6WR
106,spotify:track:1zBnnZCmZJWGVkFGz37UFf
107,spotify:track:0bI7K9Becu2dtXK1Q3cZNB
108,spotify:track:27t4JURZ1Tv7a3zMfPneAw
109,spotify:track:5QDFTP24z4dXNsk8FWHAMA
110,spotify:track:5Z9KJZvQzH6PFmb8SNkxuk
111,spotify:track:6J63gKDHJLjiKWQg2LYvm4
112,spotify:track:0h1Cp5qtDPVzarqIsdWdCT
113,spotify:track:1GzNajZtxF1eUczzec5Ax2
114,spotify:track:0KvtuCa8aGD8SR39aLLLj5
115,spotify:track:4M4DTyLupKvbJKlE4I4EYq
116,spotify:track:3JCaq3KDSROg3TXhdiDa9n
117,spotify:track:3TBZtPqL5tuOk5QYH9WvvK
118,spotify:track:6c32C8T3KlXrbvWSoD5aON
119,spotify:track:2MxHuZWC99rsELX9SrCW7K
120,spotify:track:0Wz6TToEPwxzH482fuGEwO
121,spotify:track:4fouWK6XVHhzl78KzQ1UjL
122,spotify:track:0CgpCtEPvyDizcg2p47VrU
123,spotify:track:6UelLqGlWMcVH1E5c4H7lY
124,spotify:track:1g4cZvi0nLeeIycd0Rkljj
125,spotify:track:5jW3rF4URMdK7tO2xjS5EI
126,spotify:track:2BDJWePEkczB34ZoDliNSr
127,spotify:track:10zSgbysU2KyVTrcRmtu62
128,spotify:track:46IZ0fSY2mpAiktS3KOqds
129,spotify:track:0IqCoZ168iRc9LqfrYgpZy
130,spotify:track:79pz16ngfYU2iZV0dvj3QU
131,spotify:track:3PfIrDoz19wz7qK7tYeu62
132,spotify:track:0vvuIsoJ101Hme1VIXBIEi
133,spotify:track:1GtBrm91qZLzAZ0OR8uSCk
134,spotify:track:1yoMvmasuxZfqHEipJhRbp
135,spotify:track:39yyHtQ4tkjZzd8TfIBKQw
136,spotify:track:5uHAzGa4d9j35DEbhUwGhi
137,spotify:track:5QEGqccl12HwT5hpa54ozP
138,spotify:track:20on25jryn53hWghthWWW3
139,spotify:track:03LfOYi0icz4souspZVVhq
140,spotify:track:1p7m9H4H8s0Y7SgRm7j3ED
141,spotify:track:5usHLPkjh7WmJSEWqZHVSE
142,spotify:track:3oqWr0jDWNXxWufNogGREp
143,spotify:track:67Q93kXygxCskeQiIP0V0j
144,spotify:track:0TUW9faHNaBmi89wsYGp9y
145,spotify:track:4nTduFjaTmGysc9WKNuCcs
146,spotify:track:6dT5W7zuEcUZHnZuVlSIJ5
147,spotify:track:1k4ldqe6XE6Q143GsBwhfc
148,spotify:track:1nH2PkJL1XoUq8oE6tBZoU
149,spotify:track:2GytWjjC7ZRekLv68bUDn9
150,spotify:track:46HNZY1i7O6jwTA7Slo2PI
151,spotify:track:2cTKuxpHcPzDFRbbhE2WxP
152,spotify:track:4vv8wcnT04GHHbUCFBAiHF
153,spotify:track:78QcVmzxS0wIwuC2rpAauI
154,spotify:track:6KEb17S00Inf0v1qYDgUAj
155,spotify:track:7ESKEiE8LRLrDwdS2ZgUiR
156,spotify:track:6ySWtyMprBb1YX8WAAuFBs
157,spotify:track:1yc7ERfIzFxPP1E0OFRvp0
158,spotify:track:4gQG2Ic7hnJMAcqunk4ERT
159,spotify:track:2KcNrONbZ0hvBPjvrDO2tx
160,spotify:track:6Uj1ctrBOjOas8xZXGqKk4
161,spotify:track:65DBZofI0b79kfHTcWWDuU
162,spotify:track:0WuKq2LiraBFney78dzwoc
163,spotify:track:74UFJflGMdA46TltO7XPSB
164,spotify:track:3rmo8F54jFF8OgYsqTxm5d
165,spotify:track:4A9u8OrzFYbxdjiydkNdUi
166,spotify:track:5kuidI7QNbpJCB1ObdCPKx
167,spotify:track:6rg1MBZqggsQ5olFGTw0rr
168,spotify:track:37BZB0z9T8Xu7U3e65qxFy
169,spotify:track:4HYDUMY0xSpeBr0AMY9cUz
170,spotify:track:09sFkBXLsu4D3emZhHEs6O
171,spotify:track:0rsTDgGRlXKuzSAxcdb4Ns
172,spotify:track:5nujrmhLynf4yMoMtj8AQF
173,spotify:track:3nfICwo20uiFdEGzgNUSrG
174,spotify:track:6MuJUSYCqA4FpMogUHzb2R
175,spotify:track:27RSJHEA99Y0Vsow7nA37A
176,spotify:track:0C9V5jMElp7laZZdsCHufD
177,spotify:track:03wQrSM0nV1WyPIgWvapG4
178,spotify:track:0VjIjW4GlUZAMYd2vXMi3b
179,spotify:track:2XIc1pqjXV3Cr2BQUGNBck
180,spotify:track:5iF33sXejXwfTuidVHMll0
181,spotify:track:3Wrjm47oTz2sjIgck11l5e
182,spotify:track:7upAH0ezzsThyvr33YKn4u
183,spotify:track:0BTJ7QpDRjinzAy8KQMAp8
184,spotify:track:6X1zhbLzOH4Pw5ip4MTnM1
185,spotify:track:37oaImGdDkQgIIUZDvFGdr
186,spotify:track:5jzEwSyyymBlf1fa1o39T2
187,spotify:track:6GPBXtnSepHovJi1uD1Ggj
188,spotify:track:2WD9ggmpZE7Wodh3qVVCgg
189,spotify:track:2kB1rqoTaZ3j6ChtIWGurm
190,spotify:track:2K1CQMoG2Dy5nmeOYnhoi8
191,spotify:track:2y2iEADc8O0Vv5IKHSs21i
192,spotify:track:1Ig4pCPanhzXl7C86MmBUc
193,spotify:track:1b62AO1IzcVr5SOgoguc9o
194,spotify:track:5Bi9Cq5oVFy1OtUgecbegZ
195,spotify:track:0cXGtTRfQKSHojilCoBAOd
196,spotify:track:10cA6m379GINGe7ZF6g3q1
197,spotify:track:4Uvf83UnV1LryFvHqqhGpT
198,spotify:track:66ggNhGinVQLTYJODy6P74
199,spotify:track:1JpzJfxjHGFUyTHXLZidok
