,uri
0,spotify:track:2gpQi3hbcUAcEG8m2dlgfB
1,spotify:track:1uK5rDY3BnikyG0sl3tPpc
2,spotify:track:6mmPpaltUZK7xjNlBPQQ0p
3,spotify:track:6bQ5823aHmFVKLZW8E7rRo
4,spotify:track:1O2pcBJGej0pmH2Y9XZMs6
5,spotify:track:4LRPiXqCikLlN15c3yImP7
6,spotify:track:6LBpjWMfy1NUfyxAJbcMRs
7,spotify:track:2Gq636OOGgxCTqEuzCZhsa
8,spotify:track:1TpZKxGnHp37ohJRszTSiq
9,spotify:track:0ZLkb9lDDlTPwYZPvuGnHB
10,spotify:track:1v5QhGtlv2bkpUz2kAXTCq
11,spotify:track:63GTuNSVLynH3n3PdqObgd
12,spotify:track:5i82o3878xCPNCUK8VIeqX
13,spotify:track:0Bv7O6fmZk3GrNQFYJaXPn
14,spotify:track:42Gzfqnfpk7Pp1ydM60eNn
15,spotify:track:3EcCc1U405tm8yKm1x6Y8W
16,spotify:track:3IAfUEeaXRX9s9UdKOJrFI
17,spotify:track:4TGwERXRlyQtBdggYTHo6j
18,spotify:track:1ri9ZUkBJVFUdgwzCnfcYs
19,spotify:track:6P096SaOzrgGxs8NWOfX7M
20,spotify:track:5Us3svqTvNAdnQfEYfoL5g
21,spotify:track:0lJE8f0lx8mUSfMyxeYpiC
22,spotify:track:7JZ5mOTea5T4LH0UdwCsWx
23,spotify:track:166qsYi2wR3u6qfg7wrh1r
24,spotify:track:7onMf0QvWgRba2MRxG27yj
25,spotify:track:4WaopyDgvKQP6T852K9boe
26,spotify:track:6lX6l7OuA3qrnIRfdsr0dw
27,spotify:track:1p22yVi9e8DT6BEUvOZ0TL
28,spotify:track:2cR9cH9ta7MStHBKs0aOcz
29,spotify:track:7iXJg4IUyrWont5YSQrbKP
30,spotify:track:3GaGWoU1KfVqgl7vnRHP55
31,spotify:track:5gJuYaon5zaZahQyAd0LVx
32,spotify:track:1PmKfNsHxPdMaHP496myD3
33,spotify:track:74aGIoQo8pokxzylUTw603
34,spotify:track:4xv2A022v5A8nyewDkYOkQ
35,spotify:track:1kjs5eR4DMzyB0gm1Z8waV
36,spotify:track:1fKFxmSByZfjwVSbq0PHye
37,spotify:track:6ylDpki1VpIsc525KC1ojF
38,spotify:track:0cOa970mzTWAxKtltpkpLc
39,spotify:track:4RuXJVAsDaF52Z8D6lYRXX
40,spotify:track:1GYJpuLq41vEVKXiHGEY9j
41,spotify:track:23R68uWGdp07SwQdK8mWzI
42,spotify:track:3sVuWmggRqfAK3qk7OIEAz
43,spotify:track:1wcE84DVQUF16xudVFzezL
44,spotify:track:4S1KxKOfMg8SbH97TxYqPY
45,spotify:track:5DberPEjKBTY8WTzLgr0zZ
46,spotify:track:5TMLavqGRKNxgzMBrVpC9R
47,spotify:track:48AJSd42lXpicsGqcgopof
48,spotify:track:1UdzJEpgJxtuXAlCOvD4S0
49,spotify:track:5j3wzSS6z80VEs71O0gysC
50,spotify:track:4gzsuuZypVbxs0Af1LSZyB
51,spotify:track:75HnDKDqsmEzdOKFWe5FZS
52,spotify:track:1mSviQV9iQnGSRyvTIuxAj
53,spotify:track:2rDZhKnPaPG054ExZ6nXUS
54,spotify:track:1ZI1nMfnnfFhdIyIKv5Igv
55,spotify:track:13XxxfnZmFEkU90QN8bOjz
56,spotify:track:2JPLbjOn0wPCngEot2STUS
57,spotify:track:4kiTIRY4o3o9on5oYV584L
58,spotify:track:2SJZdZ5DLtlRosJ2xHJJJa
59,spotify:track:7rglLriMNBPAyuJOMGwi39
60,spotify:track:5A1vGSsqw0UQCBxHOyPOjG
61,spotify:track:6w8yBI2vthyN9UnwO4UBWb
62,spotify:track:0bBd6K5X4W7t9GyXcaVOA7
63,spotify:track:3monFIRNCDt9we37DDvCCK
64,spotify:track:3XjN0mvFkQp1FMVM9Ro5hm
65,spotify:track:4r9jkMEnArtWGH2rL2FZl0
66,spotify:track:2qEoAz0i6yEz5dPggABcLH
67,spotify:track:3rdAz1fbUfZxYgaCviYhRo
68,spotify:track:1CpRJLarXSUho5AopXxNQj
69,spotify:track:0G2zPzWqVjR68iNPmx2TBe
70,spotify:track:5jW3rF4URMdK7tO2xjS5EI
71,spotify:track:2dG9k8jtnkjzJjUToz9i9i
72,spotify:track:03a359wbiUsjN9h6yzXvmS
73,spotify:track:1Hv5uEwnI5UQEFvHWJaL3T
74,spotify:track:46GsFW8AFIvi8TUDlYRlXR
75,spotify:track:6D2TCm4nf5nxAcdGJ7w3QP
76,spotify:track:3lGMtkONrZdJ8kTCg6KIFf
77,spotify:track:1AhNxunSSizAllibrQ7jhu
78,spotify:track:4bF2y8rR7GUjrd5LNEvej3
79,spotify:track:2qBirMakpTdz9ymxrZEyzg
80,spotify:track:7hiAGGyiLaLBTVroaE08hx
81,spotify:track:7cx9L3i88euMfx1oNCqDAD
82,spotify:track:6BcLvFU6LKuupwRJbJ9cgn
83,spotify:track:5W1qmxHrMlQGGAiFA3ZQqP
84,spotify:track:4OwhwvKESFtuu06dTgct7i
85,spotify:track:2FYGZDfsAnNsrm1gVbyKnG
86,spotify:track:4AKK4j6sYhOO1r6My2qqWO
87,spotify:track:4HzqWEdAbzcVFDv0pvxV4w
88,spotify:track:4kELKaXaNP4EQR8Q8xNIID
89,spotify:track:4srcMdbm2qzVG98tJajHxp
90,spotify:track:2ttUrgPFiyWOHxbauXSVRo
91,spotify:track:4Yip3hds5IHyT7AqoNHfmX
92,spotify:track:79pz16ngfYU2iZV0dvj3QU
93,spotify:track:2B4GHvToeLTOBB4QLzW3Ni
94,spotify:track:2vmfvSoZBFAt9hhRoEByLi
95,spotify:track:2Qv0DF1us4LhzLj0Cx9cSn
96,spotify:track:4MzXwWMhyBbmu6hOcLVD49
97,spotify:track:6KGGhJoXrztLp8ZT91zizs
98,spotify:track:2BEcap3xJtmiPaHKyfQi4e
99,spotify:track:6HXvazdtAr9hy0kThzxrE3
100,spotify:track:6UelLqGlWMcVH1E5c4H7lY
101,spotify:track:1HhNoOuqm1a5MXYEgAFl8o
102,spotify:track:7COGuXyTr12KvdaYXMqheC
103,spotify:track:5gflgO9EPbIBf16n5TKnQS
104,spotify:track:4adB36k21bp4VfOYFF8Hl8
105,spotify:track:5eyO0n1HiiSWdGaaSoK731
106,spotify:track:1FlL8ycld6uVDDyhV7P5FA
107,spotify:track:0ZAJ660VP57lLK4U7NlGOy
108,spotify:track:5PjdY0CKGZdEuoNab3yDmX
109,spotify:track:2YZDh5CecWx0qlFiTvqVQ9
110,spotify:track:5uHAzGa4d9j35DEbhUwGhi
111,spotify:track:7I8L3vYCLThw2FDrE6LuzE
112,spotify:track:10zSgbysU2KyVTrcRmtu62
113,spotify:track:6dnDKVx1eLiYwc9tsy40ps
114,spotify:track:1DFDbSWdESvzWHHAe6BCQ3
115,spotify:track:4it6vaFbkGRUaQlwWUMg3v
116,spotify:track:5saUoeceT2zau6ScmU77e6
117,spotify:track:4PDoCa5P0QK7KFhTsEKJB8
118,spotify:track:69vlMrzHwATKzupwNcUPyK
119,spotify:track:6J8lLpZoRCmB5pTrnB5jpV
120,spotify:track:0fea68AdmYNygeTGI4RC18
121,spotify:track:1AnJQd8TfkhK6M3VgZDVv1
122,spotify:track:5Z9KJZvQzH6PFmb8SNkxuk
123,spotify:track:0XYZhJIcwKNjd0tjbSXwaQ
124,spotify:track:3E8xyYdIPpiH2wNEozE68I
125,spotify:track:78QcVmzxS0wIwuC2rpAauI
126,spotify:track:0QBzMgT7NIeoCYy3sJCof1
127,spotify:track:655JkvIwu2rDCaD1hPf04g
128,spotify:track:2x8oBuYaObjqHqgGuIUZ0b
129,spotify:track:0CgpCtEPvyDizcg2p47VrU
130,spotify:track:0bI7K9Becu2dtXK1Q3cZNB
131,spotify:track:7zgz9kzWGXChcjU6krkPWi
132,spotify:track:0KvtuCa8aGD8SR39aLLLj5
133,spotify:track:77dMSg2VHi2wwXjXNrmcrZ
134,spotify:track:4knc1Fp3kbuq8bH2byOvLu
135,spotify:track:35wvL50xvKpCHEJPxLOLPI
136,spotify:track:6Uj1ctrBOjOas8xZXGqKk4
137,spotify:track:3nfICwo20uiFdEGzgNUSrG
138,spotify:track:6bLvfGI2XeU5DTl8feuNrk
139,spotify:track:67Q93kXygxCskeQiIP0V0j
140,spotify:track:6ByFrNuzzj7rNiYnsc0eTd
141,spotify:track:2sP5dXtkPiG0ksBsekbjmx
142,spotify:track:3PfIrDoz19wz7qK7tYeu62
143,spotify:track:0HINQFSerZ6iMfSsaTO3G5
144,spotify:track:2cTKuxpHcPzDFRbbhE2WxP
145,spotify:track:4Uvf83UnV1LryFvHqqhGpT
146,spotify:track:4WkEH0PgystZUaN6QU6Z0B
147,spotify:track:1rxX4SkYDqluMJcYSijMSH
148,spotify:track:03wQrSM0nV1WyPIgWvapG4
149,spotify:track:46HNZY1i7O6jwTA7Slo2PI
150,spotify:track:7FfQ2E4LqvwKKOyKXyC2L2
151,spotify:track:5qN1G8fSHq4Sv5FRoOkNGu
152,spotify:track:1p7m9H4H8s0Y7SgRm7j3ED
153,spotify:track:0HghA8NwsiFcgROYKFjX3W
154,spotify:track:132ALUzVLmqYB4UsBj5qD6
155,spotify:track:46IZ0fSY2mpAiktS3KOqds
156,spotify:track:2MxHuZWC99rsELX9SrCW7K
157,spotify:track:3oqWr0jDWNXxWufNogGREp
158,spotify:track:3Oa9oxOLUYGQgzKXGIMpWy
159,spotify:track:7ESKEiE8LRLrDwdS2ZgUiR
160,spotify:track:4B7mXGdCLQFulSxPTIEjPu
161,spotify:track:3krzcyMKlRXjVkJFZqMN4t
162,spotify:track:2BDJWePEkczB34ZoDliNSr
163,spotify:track:6ySWtyMprBb1YX8WAAuFBs
164,spotify:track:6aMgqUHmyLs5vnyaV98HID
165,spotify:track:7upAH0ezzsThyvr33YKn4u
166,spotify:track:70AYiGbc4mWZGEqiipBBDb
167,spotify:track:2ONADYjJvqYVwjWavuY0H1
168,spotify:track:6rg1MBZqggsQ5olFGTw0rr
169,spotify:track:02MWAaffLxlfxAUY7c5dvx
170,spotify:track:3lCbsHaN1wCxyDzcNN2x4N
171,spotify:track:6MuJUSYCqA4FpMogUHzb2R
172,spotify:track:1g4cZvi0nLeeIycd0Rkljj
173,spotify:track:0obLPbz7uv02f5Z3BNIuIv
174,spotify:track:42ahuAFlYGjIGBpVdHcLij
175,spotify:track:5CZ40GBx1sQ9agT82CLQCT
176,spotify:track:0WuKq2LiraBFney78dzwoc
177,spotify:track:4ZtFanR9U6ndgddUvNcjcG
178,spotify:track:4OrAAeefsDOdUSfE87C6WR
179,spotify:track:0VjIjW4GlUZAMYd2vXMi3b
180,spotify:track:0TUW9faHNaBmi89wsYGp9y
181,spotify:track:0HgkRcmGDiza3KTjM3Ifnu
182,spotify:track:1daDRI9ahBonbWD8YcxOIB
183,spotify:track:0dOdaCeCmUYSqHWjnpLIa9
184,spotify:track:0C9V5jMElp7laZZdsCHufD
185,spotify:track:6620Y9QwLGuz1cIM1XVibG
186,spotify:track:6dT5W7zuEcUZHnZuVlSIJ5
187,spotify:track:3za3hxbolwmy9AeUpWzuRE
188,spotify:track:1oFAF1hdPOickyHgbuRjyX
189,spotify:track:2WD9ggmpZE7Wodh3qVVCgg
190,spotify:track:62T55PGktlIr4d5honkYpt
191,spotify:track:65DBZofI0b79kfHTcWWDuU
192,spotify:track:3rmo8F54jFF8OgYsqTxm5d
193,spotify:track:1B7Wxx58QV4xrCjxI4Uu3i
194,spotify:track:47ZS1OjnJpJVfGN9yHXfMn
195,spotify:track:1Crj1zkRMpsEjb9NOR6Zof
196,spotify:track:4HYDUMY0xSpeBr0AMY9cUz
197,spotify:track:7jaYm0oq552xugGmOeE6w5
198,spotify:track:1GzNajZtxF1eUczzec5Ax2
199,spotify:track:5J7teKIJGtqVypgYI6sqXj
