,uri
0,spotify:track:2dHHgzDwk4BJdRwy9uXhTO
1,spotify:track:1Qrg8KqiBpW07V7PNxwwwL
2,spotify:track:0WtM2NBVQNNJLh6scP13H8
3,spotify:track:3nqQXoyQOWXiESFLlDF1hG
4,spotify:track:5IgjP7X4th6nMNDh4akUHb
5,spotify:track:0bYg9bo50gSsH3LtXe2SQn
6,spotify:track:2FRnf9qhLbvw8fu4IBXx78
7,spotify:track:4Dvkj6JhhA12EX05fT7y2e
8,spotify:track:1RDvyOk4WtPCtoqciJwVn8
9,spotify:track:1bDbXMyjaUIooNwFE9wn0N
10,spotify:track:0V3wPSX9ygBnCm8psDIegu
11,spotify:track:2EjXfH91m7f8HiJN1yQg97
12,spotify:track:0QHEIqNKsMoOY5urbzN48u
13,spotify:track:4uUG5RXrOk84mYEfFvj3cK
14,spotify:track:5WxVXxCMRnvxUKFq40ELwq
15,spotify:track:1rv46mRwDqMEhOBZ7vODg3
16,spotify:track:7vQbuQcyTflfCIOu3Uzzya
17,spotify:track:2LBqCSwhJGcFQeTHMVGwy3
18,spotify:track:4h9wh7iOZ0GGn8QVp4RAOB
19,spotify:track:5odlY52u43F5BjByhxg7wg
20,spotify:track:0lizgQ7Qw35od7CYaoMBZb
21,spotify:track:561jH07mF1jHuk7KlaeF0s
22,spotify:track:78Sw5GDo6AlGwTwanjXbGh
23,spotify:track:0vjeOZ3Ft5jvAi9SBFJm1j
24,spotify:track:1xK59OXxi2TAAAbmZK0kBL
25,spotify:track:1Y3LN4zO1Edc2EluIoSPJN
26,spotify:track:1m0UFnuTktOkksvjbF9z0m
27,spotify:track:3Hb9kUdm4yf839Fle4RIdT
28,spotify:track:7jtQIBanIiJOMS6RyCx6jZ
29,spotify:track:3azJifCSqg9fRij2yKIbWz
30,spotify:track:7MXVkk9YMctZqd1Srtv4MB
31,spotify:track:7uoFMmxln0GPXQ0AcCBXRq
32,spotify:track:4k6Uh1HXdhtusDW5y8Gbvy
33,spotify:track:3zkyus0njMCL6phZmNNEeN
34,spotify:track:5Y35SjAfXjjG0sFQ3KOxmm
35,spotify:track:3BnDvpeuGOj21Ir2aVEtQo
36,spotify:track:2uFaJJtFpPDc5Pa95XzTvg
37,spotify:track:5XeFesFbtLpXzIVDNQP22n
38,spotify:track:1IcR6RlgvDczfvoWJSSY2A
39,spotify:track:5Odq8ohlgIbQKMZivbWkEo
40,spotify:track:02MWAaffLxlfxAUY7c5dvx
41,spotify:track:2Hh3ETdQKrmSI3QS0hme7g
42,spotify:track:0CtZpaOhtzvLV3FfcsVpQo
43,spotify:track:5PjdY0CKGZdEuoNab3yDmX
44,spotify:track:4WuOWVnAqvEQxgSRrspBgt
45,spotify:track:6tjituizSxwSmBB5vtgHZE
46,spotify:track:11BKm0j4eYoCPPpCONAVwA
47,spotify:track:2QjOHCTQ1Jl3zawyYOpxh6
48,spotify:track:3NanY0K4okhIQzL33U5Ad8
49,spotify:track:3nAp4IvdMPPWEH9uuXFFV5
50,spotify:track:2wSTnntOPRi7aQneobFtU4
51,spotify:track:1cKHdTo9u0ZymJdPGSh6nq
52,spotify:track:6VhuP99TE6gYNQRJIlAWFD
53,spotify:track:4UMIv5jd9gK98a39BQRD9X
54,spotify:track:0o9zmvc5f3EFApU52PPIyW
55,spotify:track:1xzi1Jcr7mEi9K2RfzLOqS
56,spotify:track:2GAhgAjOhEmItWLfgisyOn
57,spotify:track:7xapw9Oy21WpfEcib2ErSA
58,spotify:track:6I3mqTwhRpn34SLVafSH7G
59,spotify:track:3qCeq0rWK67SoBDgFd2sId
60,spotify:track:0VjIjW4GlUZAMYd2vXMi3b
61,spotify:track:4FyesJzVpA39hbYvcseO2d
62,spotify:track:4ewazQLXFTDC8XvCbhvtXs
63,spotify:track:2WigMwGJysIh9fRnSJvpjn
64,spotify:track:7twsd0lwXyy0ARdsTyzHoJ
65,spotify:track:2eAvDnpXP5W0cVtiI0PUxV
66,spotify:track:73vIOb4Q7YN6HeJTbscRx5
67,spotify:track:54ipXppHLA8U4yqpOFTUhr
68,spotify:track:3F5CgOj3wFlRv51JsHbxhe
69,spotify:track:76OGwb5RA9h4FxQPT33ekc
70,spotify:track:3LtpKP5abr2qqjunvjlX5i
71,spotify:track:0JXXNGljqupsJaZsgSbMZV
72,spotify:track:4rPJSqrov3zqGwXlemLBMw
73,spotify:track:5QO79kh1waicV47BqGRL3g
74,spotify:track:0O6u0VJ46W86TxN9wgyqDj
75,spotify:track:7lvDsmTRXFE3dK4OjvRiWB
76,spotify:track:6JIC3hbC28JZKZ8AlAqX8h
77,spotify:track:4h4QlmocP3IuwYEj2j14p8
78,spotify:track:09mEdoA6zrmBPgTEN5qXmN
79,spotify:track:3rWDp9tBPQR9z6U5YyRSK4
80,spotify:track:7fUYUcWy853HS8YJn0b3Sr
81,spotify:track:2L0PRavRIQIjVcZK4Qgfgi
82,spotify:track:2Xr1dTzJee307rmrkt8c0g
83,spotify:track:6qyS9qBy0mEk3qYaH8mPss
84,spotify:track:27RYrbL6S02LNVhDWVl38b
85,spotify:track:2J2Z1SkXYghSajLibnQHOa
86,spotify:track:2CSRrnOEELmhpq8iaAi9cd
87,spotify:track:0u2P5u6lvoDfwTYjAADbn4
88,spotify:track:5YbPxJwPfrj7uswNwoF1pJ
89,spotify:track:58HvfVOeJY7lUuCqF0m3ly
90,spotify:track:5O2P9iiztwhomNh8xkR9lJ
91,spotify:track:7gRFDGEzF9UkBV233yv2dc
92,spotify:track:3AVrVz5rK8Hrqo9YGiVGN5
93,spotify:track:2ksyzVfU0WJoBpu8otr4pz
94,spotify:track:5nujrmhLynf4yMoMtj8AQF
95,spotify:track:4fsQ0K37TOXa3hEQfjEic1
96,spotify:track:22TFAU0e7WHAQFGzwneu1e
97,spotify:track:26hOm7dTtBi0TdpDGl141t
98,spotify:track:1pacwLXyRO47ka0v6LTIiY
99,spotify:track:4Yg2w0P29BBBMixyeNjDtj
100,spotify:track:139nCjBRQCLgnWNRxBKAC7
101,spotify:track:5jQI2r1RdgtuT8S3iG8zFC
102,spotify:track:221qmpQeBNV87sUjQeUTVH
103,spotify:track:1418IuVKQPTYqt7QNJ9RXN
104,spotify:track:0AoBY2Y3qs6dtGgOD6c91N
105,spotify:track:3uUuGVFu1V7jTQL60S1r8z
106,spotify:track:1SV1fxF65n9NhRHp3KlBuu
107,spotify:track:46IZ0fSY2mpAiktS3KOqds
108,spotify:track:3xWGA8pa0IKFI7IMPri4P0
109,spotify:track:58ge6dfP91o9oXMzq3XkIS
110,spotify:track:3r8RuvgbX9s7ammBn07D3W
111,spotify:track:5zwwW9Oq7ubSxoCGyW1nbY
112,spotify:track:1oFAF1hdPOickyHgbuRjyX
113,spotify:track:6UelLqGlWMcVH1E5c4H7lY
114,spotify:track:4kKdvXD0ez7jp1296JmAts
115,spotify:track:1DzJbVkBELu6jDu6q0T0tk
116,spotify:track:7ef4DlsgrMEH11cDZd32M6
117,spotify:track:0YFqKxV9uNu6LUeYkLOKRS
118,spotify:track:37F7E7BKEw2E4O2L7u0IEp
119,spotify:track:6Uj1ctrBOjOas8xZXGqKk4
120,spotify:track:2KLwPaRDOB87XOYAT2fgxh
121,spotify:track:6ex1Pz3pntgy4NPtxHXN2V
122,spotify:track:4F7A0DXBrmUAkp32uenhZt
123,spotify:track:4woTEX1wYOTGDqNXuavlRC
124,spotify:track:3CIyK1V4JEJkg02E4EJnDl
125,spotify:track:7DbdUf8aHSYoliSjO6LZv6
126,spotify:track:4qu63nuBpdn0qHUHuObEj1
127,spotify:track:59nOXPmaKlBfGMDeOVGrIK
128,spotify:track:08Isz2ETWSBhvIl8UpKYsp
129,spotify:track:0VO8gYVDSwM1Qdd2GsMoYK
130,spotify:track:3hxIUxnT27p5WcmjGUXNwx
131,spotify:track:7qEHsqek33rTcFNT9PFqLf
132,spotify:track:5Z9KJZvQzH6PFmb8SNkxuk
133,spotify:track:2tTmW7RDtMQtBk7m2rYeSw
134,spotify:track:27qAMKrDdKEs8HDXcvR24R
135,spotify:track:68Dni7IE4VyPkTOH9mRWHr
136,spotify:track:4PS1e8f2LvuTFgUs1Cn3ON
137,spotify:track:1zi7xx7UVEFkmKfv06H8x0
138,spotify:track:0HaRLPnr887lcQM2YQzkff
139,spotify:track:2TE4xW3ImvpltVU0cPcKUn
140,spotify:track:0tgVpDi06FyKpA1z0VMD4v
141,spotify:track:6bNB5gxFX6Q87DbQWb8OWZ
142,spotify:track:5IJRqarA4QIc2qAw74mYo9
143,spotify:track:2p8IUWQDrpjuFltbdgLOag
144,spotify:track:2m6Ko3CY1qXNNja8AlugNc
145,spotify:track:1mea3bSkSGXuIRvnydlB5b
146,spotify:track:69xohKu8C1fsflYAiSNbwM
147,spotify:track:1wtOxkiel43cVs0Yux5Q4h
148,spotify:track:3EaJDYHA0KnX88JvDhL9oa
149,spotify:track:0yCWDaAgOtg6TKlNCg9rwA
150,spotify:track:46HNZY1i7O6jwTA7Slo2PI
151,spotify:track:77khP2fIVhSW23NwxrRluh
152,spotify:track:1aL9518P5G72N92b48tuKw
153,spotify:track:0mL82sxCRjrs3br407IdJh
154,spotify:track:1qEmFfgcLObUfQm0j1W2CK
155,spotify:track:1AZjCZSGEjlxUufFQwSszF
156,spotify:track:4xqrdfXkTW4T0RauPLv3WA
157,spotify:track:6BePGk3eCan4FqaW2X8Qy3
158,spotify:track:6sCvvleqKbeyOkQDieBYgp
159,spotify:track:4PMqSO5qyjpvzhlLI5GnID
160,spotify:track:6HMtHNpW6YPi1hrw9tgF8P
161,spotify:track:7H0ya83CMmgFcOhw0UB6ow
162,spotify:track:3GYlZ7tbxLOxe6ewMNVTkw
163,spotify:track:2yjlYDiNiQkdxVqTlaSrlX
164,spotify:track:0RiRZpuVRbi7oqRdSMwhQY
165,spotify:track:2Yt4SXIgmoaPZHGdRafp4P
166,spotify:track:0aoUM0zcu0kCX7Cv7O939I
167,spotify:track:2vXKRlJBXyOcvZYTdNeckS
168,spotify:track:5wG3HvLhF6Y5KTGlK0IW3J
169,spotify:track:5TXDeTFVRVY7Cvt0Dw4vWW
170,spotify:track:21jGcNKet2qwijlDFuPiPb
171,spotify:track:27ZZdyTSQWI7Cug2d2PkqV
172,spotify:track:3GCdLUSnKSMJhs4Tj6CV3s
173,spotify:track:5uCax9HTNlzGybIStD3vDh
174,spotify:track:6koKhrBBcExADvWuOgceNZ
175,spotify:track:1u8c2t2Cy7UBoG4ArRcF5g
176,spotify:track:47ohYW8e7dxCYn9qbUMBCI
177,spotify:track:4xF4ZBGPZKxECeDFrqSAG4
178,spotify:track:7fBv7CLKzipRk6EC6TWHOB
179,spotify:track:2DB4DdfCFMw1iaR6JaR03a
180,spotify:track:38T0tPVZHcPZyhtOcCP7pF
181,spotify:track:4D7BCuvgdJlYvlX5WlN54t
182,spotify:track:1N8TTK1Uoy7UvQNUazfUt5
183,spotify:track:2GThBgzZoZfz0lx1JjBwfe
184,spotify:track:4zN21mbAuaD0WqtmaTZZeP
185,spotify:track:2VtgzixdB967bHDNu5A1nh
186,spotify:track:0QzuaeCEEOV40Pn7IvKEny
187,spotify:track:2qxmye6gAegTMjLKEBoR3d
188,spotify:track:0YWUHZPJVg4iujddsJDwhM
189,spotify:track:1eIXYZWEfJO3Na2LCCnIJE
190,spotify:track:1XGmzt0PVuFgQYYnV2It7A
191,spotify:track:1Nr46gjiP50uPsz30gYhAd
192,spotify:track:5gDWsRxpJ2lZAffh5p7K0w
193,spotify:track:6eT2V7nKXyMf47TwPbtgAD
194,spotify:track:1FEiijYPJtyswChfcpv3p0
195,spotify:track:4NqkE7kRUvMDEdcqD96EDO
196,spotify:track:1LbBOhicFmu7ktJqIHCELt
197,spotify:track:4cktbXiXOapiLBMprHFErI
198,spotify:track:1jEBSDN5vYViJQr78W7jr2
199,spotify:track:47sq83n5WN22ZzYnGn8aTy
