,uri
0,spotify:track:4uUG5RXrOk84mYEfFvj3cK
1,spotify:track:3nqQXoyQOWXiESFLlDF1hG
2,spotify:track:4h9wh7iOZ0GGn8QVp4RAOB
3,spotify:track:4Dvkj6JhhA12EX05fT7y2e
4,spotify:track:7jtQIBanIiJOMS6RyCx6jZ
5,spotify:track:3D29kjUyWxsT3jUUTtARVQ
6,spotify:track:76OGwb5RA9h4FxQPT33ekc
7,spotify:track:3LtpKP5abr2qqjunvjlX5i
8,spotify:track:0jm8p2ErwB4u3uvxc7vxGy
9,spotify:track:3BnDvpeuGOj21Ir2aVEtQo
10,spotify:track:7vwTsX8UY5QZmPiQUmWkaL
11,spotify:track:5IgjP7X4th6nMNDh4akUHb
12,spotify:track:4zN21mbAuaD0WqtmaTZZeP
13,spotify:track:39JofJHEtg8I4fSyo7Imft
14,spotify:track:1xzi1Jcr7mEi9K2RfzLOqS
15,spotify:track:4ZpIuzx91EAPK3VimONbfB
16,spotify:track:0WtM2NBVQNNJLh6scP13H8
17,spotify:track:3oFKhY9iW9S0iA9OHO9tN6
18,spotify:track:6PrB4KpvuoYWtwjPC5a44S
19,spotify:track:2LcmbuYX7tyR4DWy3b273L
20,spotify:track:73vIOb4Q7YN6HeJTbscRx5
21,spotify:track:1ei3hzQmrgealgRKFxIcWn
22,spotify:track:54ipXppHLA8U4yqpOFTUhr
23,spotify:track:3rb0tMq42WfggucPm0HHkA
24,spotify:track:2WigMwGJysIh9fRnSJvpjn
25,spotify:track:5TJEBoTCDbJXiKMdCN9pd3
26,spotify:track:2RUzYz3EqkJxpPQPehdxha
27,spotify:track:02MWAaffLxlfxAUY7c5dvx
28,spotify:track:53tfEupEzQRtVFOeZvk7xq
29,spotify:track:1bgKMxPQU7JIZEhNsM1vFs
30,spotify:track:1SBBqkpgv93ITwS6tf7DGm
31,spotify:track:2QjOHCTQ1Jl3zawyYOpxh6
32,spotify:track:1DIXPcTDzTj8ZMHt3PDt8p
33,spotify:track:63WuQOXohQIxOxIFA2K7bR
34,spotify:track:2RHbwWdj7mVUhJRxlTG6iq
35,spotify:track:75FEaRjZTKLhTrFGsfMUXR
36,spotify:track:7mgPjcjjGwGx5kRDMH7Kkz
37,spotify:track:38T0tPVZHcPZyhtOcCP7pF
38,spotify:track:6KHsTu4Ht4XYiWcZOOdwbW
39,spotify:track:7fZBQnc0zXwVybgCIrQQil
40,spotify:track:2DB4DdfCFMw1iaR6JaR03a
41,spotify:track:4k6yZRw7M04gZE2uW12Cw6
42,spotify:track:7AVHDeAjfn0zfMnYRhp0oI
43,spotify:track:40SBS57su9xLiE1WqkXOVr
44,spotify:track:1Ame8XTX6QHY0l0ahqUhgv
45,spotify:track:6OZwia8loN0aPS0vTvsBjR
46,spotify:track:0z3bi63SNZ5ylyHOzb81Uq
47,spotify:track:4h4QlmocP3IuwYEj2j14p8
48,spotify:track:5hnGrTBaEsdukpDF6aZg8a
49,spotify:track:5T6gL9FrOwD6bNYFsy4twf
50,spotify:track:3uUuGVFu1V7jTQL60S1r8z
51,spotify:track:4UyVCLbNG8yhrqbzeSmdho
52,spotify:track:4VpmtsVKIRfNlmrtaEnrQi
53,spotify:track:1qEmFfgcLObUfQm0j1W2CK
54,spotify:track:6JIC3hbC28JZKZ8AlAqX8h
55,spotify:track:6HMtHNpW6YPi1hrw9tgF8P
56,spotify:track:2yjlYDiNiQkdxVqTlaSrlX
57,spotify:track:0H5JKQ7qQ5MBeRSZSieZsM
58,spotify:track:5uSFGgIfHMT3osrAd9n9ym
59,spotify:track:5EWPzyWm0b9McPS5Qyaijp
60,spotify:track:4tRhRLBxIZ34Iw0eCuiC03
61,spotify:track:0DDcpc9ImOsGUWupRj2xu5
62,spotify:track:7MIhUdNJtaOnDmC5nBC1fb
63,spotify:track:5YbPxJwPfrj7uswNwoF1pJ
64,spotify:track:22skzmqfdWrjJylampe0kt
65,spotify:track:5VOBsfdn1wlCwuuw7pKgU3
66,spotify:track:5PjdY0CKGZdEuoNab3yDmX
67,spotify:track:6Qe7YCkIOc1iaw9HKqO3qV
68,spotify:track:0u2P5u6lvoDfwTYjAADbn4
69,spotify:track:4k6Uh1HXdhtusDW5y8Gbvy
70,spotify:track:3xWGA8pa0IKFI7IMPri4P0
71,spotify:track:10xV5l9nhLvFpR8mqzs0bL
72,spotify:track:58HvfVOeJY7lUuCqF0m3ly
73,spotify:track:6YWjskKykdPsBuiTBOg1VK
74,spotify:track:4otT81iBBpaf36roGtzT4a
75,spotify:track:6xGruZOHLs39ZbVccQTuPZ
76,spotify:track:48BdA5qBxXVoe59xvu0bwc
77,spotify:track:1Fid2jjqsHViMX6xNH70hE
78,spotify:track:1c2hJSwcCfoPEw1su83Sw0
79,spotify:track:5XeFesFbtLpXzIVDNQP22n
80,spotify:track:3sgzxVe4NjuezbZ8CiPlLP
81,spotify:track:7yq4Qj7cqayVTp3FF9CWbm
82,spotify:track:1mea3bSkSGXuIRvnydlB5b
83,spotify:track:2B4GHvToeLTOBB4QLzW3Ni
84,spotify:track:7qEHsqek33rTcFNT9PFqLf
85,spotify:track:0VjIjW4GlUZAMYd2vXMi3b
86,spotify:track:2VxeLyX666F8uXCJ0dZF8B
87,spotify:track:5pyoxDZ1PX0KxBxiRVxA4U
88,spotify:track:6ex1Pz3pntgy4NPtxHXN2V
89,spotify:track:7IXQrRgmHxWYWitSlyFY7z
90,spotify:track:1cgy2FSOQMbq7DHCVgMAUA
91,spotify:track:0ll8uFnc0nANY35E0Lfxvg
92,spotify:track:1xK59OXxi2TAAAbmZK0kBL
93,spotify:track:7DbdUf8aHSYoliSjO6LZv6
94,spotify:track:13Irp51zj01BZu2XtDrnAg
95,spotify:track:3fgEIHsl6ecyAK1rpAxBIY
96,spotify:track:3TVUW7bJJWDOonkVCZxfLV
97,spotify:track:2USlegnFJLrVLpoVfPimKB
98,spotify:track:2TktkzfozZifbQhXjT6I33
99,spotify:track:63siBeZzxXVaY0uASns1V2
100,spotify:track:1stcTlLCa16GvgKtzelN7U
101,spotify:track:18asYwWugKjjsihZ0YvRxO
102,spotify:track:4wn7cO2iHlWueXGDd4gH9g
103,spotify:track:46IZ0fSY2mpAiktS3KOqds
104,spotify:track:7sA2SKTo1QbTSSYn5YvJC4
105,spotify:track:2wqnUV5B4g6u3somiH9JkX
106,spotify:track:4sIkwgf9bU7rQPvsA37rVQ
107,spotify:track:1WCEAGGRD066z2Q89ObXTq
108,spotify:track:1v7L65Lzy0j0vdpRjJewt1
109,spotify:track:3CIyK1V4JEJkg02E4EJnDl
110,spotify:track:4GmRnc9J8GBBkVHUtihE3Z
111,spotify:track:1jDJFeK9x3OZboIAHsY9k2
112,spotify:track:73OIG7WFqOyfh0vRZCczu8
113,spotify:track:2ewjMyCbNv2X1dB2qIDCwD
114,spotify:track:5qrSlOut2rNAWv3ubArkNy
115,spotify:track:6kwmp0U8M1tPvgPHqvbwsr
116,spotify:track:20on25jryn53hWghthWWW3
117,spotify:track:181AxLRTyYh9WUxEjmJt1Y
118,spotify:track:7xTDT7gyIrv0xWpwwXExxU
119,spotify:track:5ZzxgIheA8ZwywtZi61A5j
120,spotify:track:0i9RysNKssk6syOrKDX3U2
121,spotify:track:7lQ8MOhq6IN2w8EYcFNSUk
122,spotify:track:0HaRLPnr887lcQM2YQzkff
123,spotify:track:4BTiunrWSAMGCB4HuvqYJr
124,spotify:track:6phZ9iQDWrB11ZPRjNDdNS
125,spotify:track:3yfqSUWxFvZELEM4PmlwIR
126,spotify:track:7lJ7lEntxkNUrbDN9giLmB
127,spotify:track:58ge6dfP91o9oXMzq3XkIS
128,spotify:track:6HTJgY7iWWlVLSDHsfHePf
129,spotify:track:3pPN20syOYvbUuEiBpbenI
130,spotify:track:2RO4aPByijQUqBZhYm1apz
131,spotify:track:2YGtFjsTpSrsGb2rQy4ARj
132,spotify:track:6V40xLcDlYwZpz3oKIVNhL
133,spotify:track:7ef4DlsgrMEH11cDZd32M6
134,spotify:track:2GokgKgBBYgKsMbkyndpvu
135,spotify:track:2wXS2IXCyBX0WL76LLYT31
136,spotify:track:5QJoojtfYodIvWSfpeCcHh
137,spotify:track:1dbNg2ougivyUv6f9hQQzU
138,spotify:track:5QQKWOwPjG9vcDBTQ5Hv5Q
139,spotify:track:0Jh6iWjna1wk5le0Ahn7No
140,spotify:track:7wdwIaXUuzlu1grzWMFRJm
141,spotify:track:1RF02Cf80mTaeNXG2P2boR
142,spotify:track:3UmaczJpikHgJFyBTAJVoz
143,spotify:track:0pqnGHJpmpxLKifKRmU6WP
144,spotify:track:3ElGRG3DqSzzkh1b2wnbzf
145,spotify:track:0gucTLf7trAf37Ua1uAyAu
146,spotify:track:3AJwUDP919kvQ9QcozQPxg
147,spotify:track:1FEiijYPJtyswChfcpv3p0
148,spotify:track:2wGSgTmgSF3xjRrHkTc25R
149,spotify:track:63JrADDfrcjOaI6lyVkN3c
150,spotify:track:3dYD57lRAUcMHufyqn9GcI
151,spotify:track:1cKHdTo9u0ZymJdPGSh6nq
152,spotify:track:4fouWK6XVHhzl78KzQ1UjL
153,spotify:track:1CxtymiucDK0AB9vgGZ6q2
154,spotify:track:2dgKsKDtH97Gw2yw7vP8zb
155,spotify:track:2toEys3zZ8rRB242Na7FZh
156,spotify:track:1LIvdWNdKmHvU0FJvw2diN
157,spotify:track:6aZPMuJetqwKQCPClCNgd3
158,spotify:track:3Oww84xrmgjyr5J1ilOmAf
159,spotify:track:5QM0SsyzmBM0pbFY52Xj1X
160,spotify:track:4u7EnebtmKWzUH433cf5Qv
161,spotify:track:5FVd6KXrgO9B3JPmC8OPst
162,spotify:track:7gRFDGEzF9UkBV233yv2dc
163,spotify:track:0V5cvmTKsYmF5FmGGEAfmS
164,spotify:track:1bwhDrXcAtqePp8mNJ0pTe
165,spotify:track:7DFNE7NO0raLIUbgzY2rzm
166,spotify:track:6hzi3AGB39FjxFqcjgbWs7
167,spotify:track:0w7JPlp7eEQI2EKW3ayXrv
168,spotify:track:003vvx7Niy0yvhvHt4a68B
169,spotify:track:0nrRP2bk19rLc0orkWPQk2
170,spotify:track:4kLLWz7srcuLKA7Et40PQR
171,spotify:track:3sa06xVNmLLYIxdNNmVQN8
172,spotify:track:717QGTmZdkemDaCo1vQHG0
173,spotify:track:3AVrVz5rK8Hrqo9YGiVGN5
174,spotify:track:3U4isOIWM3VvDubwSI3y7a
175,spotify:track:2374M0fQpWi3dLnB54qaLX
176,spotify:track:6UelLqGlWMcVH1E5c4H7lY
177,spotify:track:3im90dPSC5z1PYJ305kgSy
178,spotify:track:6VhuP99TE6gYNQRJIlAWFD
179,spotify:track:0e8nrvls4Qqv5Rfa2UhqmO
180,spotify:track:6qyS9qBy0mEk3qYaH8mPss
181,spotify:track:3Wrjm47oTz2sjIgck11l5e
182,spotify:track:5S12Ds2RswM2ITC0u1J01f
183,spotify:track:4RVPmkIVvzcWF27zfn3sap
184,spotify:track:3hRV0jL3vUpRrcy398teAU
185,spotify:track:5QO79kh1waicV47BqGRL3g
186,spotify:track:27ZZdyTSQWI7Cug2d2PkqV
187,spotify:track:1YR7VB3xx85Iad2n3soyMb
188,spotify:track:5wANPM4fQCJwkGd4rN57mH
189,spotify:track:3dzSxtuVrlDZkILfMVGXD9
190,spotify:track:6vECYJHxYmm3Ydt3fF01pE
191,spotify:track:503OTo2dSqe7qk76rgsbep
192,spotify:track:5lkpeJwmQKgY3bX2zChjxX
193,spotify:track:5Z9KJZvQzH6PFmb8SNkxuk
194,spotify:track:4WB9OeauHXnGOMUK4s80gM
195,spotify:track:4N5s8lPTsjI9EGP7K4SXzB
196,spotify:track:4ZtFanR9U6ndgddUvNcjcG
197,spotify:track:2gMXnyrvIjhVBUZwvLZDMP
198,spotify:track:6IAZHEBUIGJ6NJKxxOBIEr
199,spotify:track:5TXDeTFVRVY7Cvt0Dw4vWW
