,uri
0,spotify:track:0V3wPSX9ygBnCm8psDIegu
1,spotify:track:3nqQXoyQOWXiESFLlDF1hG
2,spotify:track:1bDbXMyjaUIooNwFE9wn0N
3,spotify:track:4h9wh7iOZ0GGn8QVp4RAOB
4,spotify:track:4uUG5RXrOk84mYEfFvj3cK
5,spotify:track:73vIOb4Q7YN6HeJTbscRx5
6,spotify:track:0QHEIqNKsMoOY5urbzN48u
7,spotify:track:4k6Uh1HXdhtusDW5y8Gbvy
8,spotify:track:5jQI2r1RdgtuT8S3iG8zFC
9,spotify:track:4Dvkj6JhhA12EX05fT7y2e
10,spotify:track:39JofJHEtg8I4fSyo7Imft
11,spotify:track:1xzi1Jcr7mEi9K2RfzLOqS
12,spotify:track:3rWDp9tBPQR9z6U5YyRSK4
13,spotify:track:3WMj8moIAXJhHsyLaqIIHI
14,spotify:track:13Irp51zj01BZu2XtDrnAg
15,spotify:track:02MWAaffLxlfxAUY7c5dvx
16,spotify:track:7GeTsDIc5ykNB6lORO6Cee
17,spotify:track:3eX0NZfLtGzoLUxPNvRfqm
18,spotify:track:5IgjP7X4th6nMNDh4akUHb
19,spotify:track:4D7BCuvgdJlYvlX5WlN54t
20,spotify:track:7KokYm8cMIXCsGVmUvKtqf
21,spotify:track:3qoftcUZaUOncvIYjFSPdE
22,spotify:track:2yjlYDiNiQkdxVqTlaSrlX
23,spotify:track:1aOl53hkZGHkl2Snhr7opL
24,spotify:track:5PjdY0CKGZdEuoNab3yDmX
25,spotify:track:2KLwPaRDOB87XOYAT2fgxh
26,spotify:track:6sCvvleqKbeyOkQDieBYgp
27,spotify:track:1wtOxkiel43cVs0Yux5Q4h
28,spotify:track:4h4QlmocP3IuwYEj2j14p8
29,spotify:track:40SBS57su9xLiE1WqkXOVr
30,spotify:track:7jtQIBanIiJOMS6RyCx6jZ
31,spotify:track:34ZAzO78a5DAVNrYIGWcPm
32,spotify:track:6JIC3hbC28JZKZ8AlAqX8h
33,spotify:track:0O6u0VJ46W86TxN9wgyqDj
34,spotify:track:2QjOHCTQ1Jl3zawyYOpxh6
35,spotify:track:76OGwb5RA9h4FxQPT33ekc
36,spotify:track:5odlY52u43F5BjByhxg7wg
37,spotify:track:46s57QULU02Voy0Kup6UEb
38,spotify:track:1xK59OXxi2TAAAbmZK0kBL
39,spotify:track:54ipXppHLA8U4yqpOFTUhr
40,spotify:track:48UKTR66uUOT9LaUvooTNx
41,spotify:track:1xwAWUI6Dj0WGC3KiUPN0O
42,spotify:track:3F5CgOj3wFlRv51JsHbxhe
43,spotify:track:34tz0eDhGuFErIuW3q4mPX
44,spotify:track:4ewazQLXFTDC8XvCbhvtXs
45,spotify:track:0heeNYlwOGuUSe7TgUD27B
46,spotify:track:003vvx7Niy0yvhvHt4a68B
47,spotify:track:5uSFGgIfHMT3osrAd9n9ym
48,spotify:track:3LtpKP5abr2qqjunvjlX5i
49,spotify:track:6HMtHNpW6YPi1hrw9tgF8P
50,spotify:track:3uUuGVFu1V7jTQL60S1r8z
51,spotify:track:7FmYn9e7KHMXcxqGSj9LjH
52,spotify:track:2ZL7WZcjuYKi1KUDtp4kCC
53,spotify:track:5TJEBoTCDbJXiKMdCN9pd3
54,spotify:track:3xWGA8pa0IKFI7IMPri4P0
55,spotify:track:26hOm7dTtBi0TdpDGl141t
56,spotify:track:68Dni7IE4VyPkTOH9mRWHr
57,spotify:track:2LBqCSwhJGcFQeTHMVGwy3
58,spotify:track:0hquQWY3xvYqN4qtiquniF
59,spotify:track:561jH07mF1jHuk7KlaeF0s
60,spotify:track:4zN21mbAuaD0WqtmaTZZeP
61,spotify:track:0N9C80kcgL0xXGduKnYKWi
62,spotify:track:22skzmqfdWrjJylampe0kt
63,spotify:track:1qEmFfgcLObUfQm0j1W2CK
64,spotify:track:59nOXPmaKlBfGMDeOVGrIK
65,spotify:track:5nujrmhLynf4yMoMtj8AQF
66,spotify:track:6ex1Pz3pntgy4NPtxHXN2V
67,spotify:track:7yq4Qj7cqayVTp3FF9CWbm
68,spotify:track:0A1JLUlkZkp2EFrosoNQi0
69,spotify:track:27ZZdyTSQWI7Cug2d2PkqV
70,spotify:track:10xV5l9nhLvFpR8mqzs0bL
71,spotify:track:38T0tPVZHcPZyhtOcCP7pF
72,spotify:track:0wHFktze2PHC5jDt3B17DC
73,spotify:track:0wavGRldH0AWyu2zvTz8zb
74,spotify:track:7qEHsqek33rTcFNT9PFqLf
75,spotify:track:7l2nxyx7IkBX5orhkALg0V
76,spotify:track:3PfIrDoz19wz7qK7tYeu62
77,spotify:track:7lQ8MOhq6IN2w8EYcFNSUk
78,spotify:track:3pUa0ZxdSeaJXm0EIydD3F
79,spotify:track:3EaJDYHA0KnX88JvDhL9oa
80,spotify:track:6I3mqTwhRpn34SLVafSH7G
81,spotify:track:0ofHAoxe9vBkTCp2UQIavz
82,spotify:track:4FyesJzVpA39hbYvcseO2d
83,spotify:track:3GZD6HmiNUhxXYf8Gch723
84,spotify:track:1LIvdWNdKmHvU0FJvw2diN
85,spotify:track:2HbKqm4o0w5wEeEFXm2sD4
86,spotify:track:0WtM2NBVQNNJLh6scP13H8
87,spotify:track:3yfqSUWxFvZELEM4PmlwIR
88,spotify:track:0VjIjW4GlUZAMYd2vXMi3b
89,spotify:track:75FEaRjZTKLhTrFGsfMUXR
90,spotify:track:0wshkEEcJUQU33RSRBb5dv
91,spotify:track:6VhuP99TE6gYNQRJIlAWFD
92,spotify:track:3sNVsP50132BTNlImLx70i
93,spotify:track:7DbdUf8aHSYoliSjO6LZv6
94,spotify:track:5XeFesFbtLpXzIVDNQP22n
95,spotify:track:45pUWUeEWGoSdH6UF162G8
96,spotify:track:0ntQJM78wzOLVeCUAW7Y45
97,spotify:track:6feiJqgHqeSvkGUzf11AYs
98,spotify:track:6BePGk3eCan4FqaW2X8Qy3
99,spotify:track:3GYlZ7tbxLOxe6ewMNVTkw
100,spotify:track:1mea3bSkSGXuIRvnydlB5b
101,spotify:track:6UelLqGlWMcVH1E5c4H7lY
102,spotify:track:4ZtFanR9U6ndgddUvNcjcG
103,spotify:track:5qrSlOut2rNAWv3ubArkNy
104,spotify:track:21DuXS5wpeO1z0dp445bop
105,spotify:track:4KGNI037I8ZA6n3h6LYuey
106,spotify:track:3azJifCSqg9fRij2yKIbWz
107,spotify:track:0RiRZpuVRbi7oqRdSMwhQY
108,spotify:track:3E7dfMvvCLUddWissuqMwr
109,spotify:track:7MXVkk9YMctZqd1Srtv4MB
110,spotify:track:6Qyc6fS4DsZjB2mRW9DsQs
111,spotify:track:0bYg9bo50gSsH3LtXe2SQn
112,spotify:track:7xTDT7gyIrv0xWpwwXExxU
113,spotify:track:46IZ0fSY2mpAiktS3KOqds
114,spotify:track:1mMLMZYXkMueg65jRRWG1l
115,spotify:track:1DIXPcTDzTj8ZMHt3PDt8p
116,spotify:track:0u2P5u6lvoDfwTYjAADbn4
117,spotify:track:1v7L65Lzy0j0vdpRjJewt1
118,spotify:track:2wGSgTmgSF3xjRrHkTc25R
119,spotify:track:7ef4DlsgrMEH11cDZd32M6
120,spotify:track:5A5bLKdL5I3k3FTEQlAUw7
121,spotify:track:2TktkzfozZifbQhXjT6I33
122,spotify:track:4bHsxqR3GMrXTxEPLuK5ue
123,spotify:track:1r8ZCjfrQxoy2wVaBUbpwg
124,spotify:track:3sa06xVNmLLYIxdNNmVQN8
125,spotify:track:4OmfWzukSVD140NiAIEjem
126,spotify:track:0GONea6G2XdnHWjNZd6zt3
127,spotify:track:3Oww84xrmgjyr5J1ilOmAf
128,spotify:track:5TXDeTFVRVY7Cvt0Dw4vWW
129,spotify:track:0cqRj7pUJDkTCEsJkx8snD
130,spotify:track:4tqcoej1zPvwePZCzuAjJd
131,spotify:track:7iL6o9tox1zgHpKUfh9vuC
132,spotify:track:4Li2WHPkuyCdtmokzW2007
133,spotify:track:5Z9KJZvQzH6PFmb8SNkxuk
134,spotify:track:5uCax9HTNlzGybIStD3vDh
135,spotify:track:0sSRLXxknVTQDStgU1NqpY
136,spotify:track:2LawezPeJhN4AWuSB0GtAU
137,spotify:track:2VxeLyX666F8uXCJ0dZF8B
138,spotify:track:5BYl3SodS3rGmafWXRWmB7
139,spotify:track:1cKHdTo9u0ZymJdPGSh6nq
140,spotify:track:3hxIUxnT27p5WcmjGUXNwx
141,spotify:track:4RvWPyQ5RL0ao9LPZeSouE
142,spotify:track:1KGi9sZVMeszgZOWivFpxs
143,spotify:track:5UWwZ5lm5PKu6eKsHAGxOk
144,spotify:track:2rxQMGVafnNaRaXlRMWPde
145,spotify:track:3AJwUDP919kvQ9QcozQPxg
146,spotify:track:3GCdLUSnKSMJhs4Tj6CV3s
147,spotify:track:58ge6dfP91o9oXMzq3XkIS
148,spotify:track:4EWCNWgDS8707fNSZ1oaA5
149,spotify:track:07GvNcU1WdyZJq3XxP0kZa
150,spotify:track:3xKsf9qdS1CyvXSMEid6g8
151,spotify:track:4woTEX1wYOTGDqNXuavlRC
152,spotify:track:1R0a2iXumgCiFb7HEZ7gUE
153,spotify:track:2SiXAy7TuUkycRVbbWDEpo
154,spotify:track:0gucTLf7trAf37Ua1uAyAu
155,spotify:track:0nrRP2bk19rLc0orkWPQk2
156,spotify:track:21jGcNKet2qwijlDFuPiPb
157,spotify:track:7KwZNVEaqikRSBSpyhXK2j
158,spotify:track:5gAwpwuchaCGnJLlBMGBzp
159,spotify:track:2tpWsVSb9UEmDRxAl1zhX1
160,spotify:track:5uU1uuyaUIBOiiUSQG7Wl3
161,spotify:track:3yrSvpt2l1xhsV9Em88Pul
162,spotify:track:4XvcHTUfIlWfyJTRG0aqlo
163,spotify:track:3DarAbFujv6eYNliUTyqtz
164,spotify:track:1K3LRUEcUz5FMtPYyg0F45
165,spotify:track:6J834IBcZJMH38ksrgAqwF
166,spotify:track:0e8nrvls4Qqv5Rfa2UhqmO
167,spotify:track:4kbj5MwxO1bq9wjT5g9HaA
168,spotify:track:4Flfb4fGscN9kXPOduQLrv
169,spotify:track:7FGq80cy8juXBCD2nrqdWU
170,spotify:track:3jzbpOzoYa22FvzBkNkLvC
171,spotify:track:2m1hi0nfMR9vdGC8UcrnwU
172,spotify:track:2bLqfJjuC5syrsgDsZfGmn
173,spotify:track:37F7E7BKEw2E4O2L7u0IEp
174,spotify:track:4xkOaSrkexMciUUogZKVTS
175,spotify:track:1oFAF1hdPOickyHgbuRjyX
176,spotify:track:4BP3uh0hFLFRb5cjsgLqDh
177,spotify:track:0pqnGHJpmpxLKifKRmU6WP
178,spotify:track:2eAvDnpXP5W0cVtiI0PUxV
179,spotify:track:3CIyK1V4JEJkg02E4EJnDl
180,spotify:track:4RVwu0g32PAqgUiJoXsdF8
181,spotify:track:7aZiDdufBX2Ek8OUuxK0IQ
182,spotify:track:4pi1G1x8tl9VfdD9bL3maT
183,spotify:track:4sNG6zQBmtq7M8aeeKJRMQ
184,spotify:track:2gam98EZKrF9XuOkU13ApN
185,spotify:track:7fBv7CLKzipRk6EC6TWHOB
186,spotify:track:1zi7xx7UVEFkmKfv06H8x0
187,spotify:track:086myS9r57YsLbJpU0TgK9
188,spotify:track:6FE2iI43OZnszFLuLtvvmg
189,spotify:track:2374M0fQpWi3dLnB54qaLX
190,spotify:track:6PaWZ0PIMxx15YBgCohvXY
191,spotify:track:0frIZMaQwtdV4Ee8nhB1te
192,spotify:track:0JXXNGljqupsJaZsgSbMZV
193,spotify:track:5wANPM4fQCJwkGd4rN57mH
194,spotify:track:6vECYJHxYmm3Ydt3fF01pE
195,spotify:track:0B7wvvmu9EISAwZnOpjhNI
196,spotify:track:5MxWTfmlmRDx6VZHvB9xV8
197,spotify:track:7D7e6hm2LiNd6nLuJF6K9Q
198,spotify:track:1u8c2t2Cy7UBoG4ArRcF5g
199,spotify:track:254bXAqt3zP6P50BdQvEsq
