,uri
0,spotify:track:3nqQXoyQOWXiESFLlDF1hG
1,spotify:track:1Oxshg4204lRdcogzvdP4x
2,spotify:track:56dILgPraSNLKcd89hxXaq
3,spotify:track:5qX0V96jKJ6zC8UImlXKmO
4,spotify:track:4uUG5RXrOk84mYEfFvj3cK
5,spotify:track:5IgjP7X4th6nMNDh4akUHb
6,spotify:track:6eOG7lOgVEWKqhWFRL2O4j
7,spotify:track:6UyMkM4523bYKwHIIrfuJu
8,spotify:track:4B4f0Jno4VnQA2a7R1kWgX
9,spotify:track:4zN21mbAuaD0WqtmaTZZeP
10,spotify:track:38T0tPVZHcPZyhtOcCP7pF
11,spotify:track:2yjlYDiNiQkdxVqTlaSrlX
12,spotify:track:23HAp6WM0phD5RqDyxtr6b
13,spotify:track:4h9wh7iOZ0GGn8QVp4RAOB
14,spotify:track:04zqsdXIs6fCpvKgl0AYY7
15,spotify:track:4NQK5RwcwoQCjsMONIiXEo
16,spotify:track:3bEbRxixvEVlEVIgvepXcg
17,spotify:track:7gRFDGEzF9UkBV233yv2dc
18,spotify:track:6kN80cMcK1Gu1rJ82Xr6vt
19,spotify:track:6qyS9qBy0mEk3qYaH8mPss
20,spotify:track:4Dvkj6JhhA12EX05fT7y2e
21,spotify:track:4sO11a54gXayms6GDyqKep
22,spotify:track:1cKHdTo9u0ZymJdPGSh6nq
23,spotify:track:2QjOHCTQ1Jl3zawyYOpxh6
24,spotify:track:16rryuFZpdvWzKllkUw0ri
25,spotify:track:5yXmtupoVp0GSM1ENKciOX
26,spotify:track:1fTNb11PK6Ode6hx4bC8pl
27,spotify:track:6kl1QzJtnTgToGGxZWeTJw
28,spotify:track:7MXVkk9YMctZqd1Srtv4MB
29,spotify:track:7a8GawTVgHZvBLQOh46he7
30,spotify:track:4AOUyrWRXMuSRG3eTWxizo
31,spotify:track:0hquQWY3xvYqN4qtiquniF
32,spotify:track:4z7cTjQGpdJzzKy4wEdAEX
33,spotify:track:5zwwW9Oq7ubSxoCGyW1nbY
34,spotify:track:54ipXppHLA8U4yqpOFTUhr
35,spotify:track:7DbdUf8aHSYoliSjO6LZv6
36,spotify:track:7nFJSfGvvV0WjatTZN6QYi
37,spotify:track:3LtpKP5abr2qqjunvjlX5i
38,spotify:track:7jtQIBanIiJOMS6RyCx6jZ
39,spotify:track:13GRVUH2tL94b9yHCkLHRm
40,spotify:track:4JFBEg1MNSuzGgsJNgoyYG
41,spotify:track:0zbZVkNiZfelBLVrdJvuiX
42,spotify:track:58ge6dfP91o9oXMzq3XkIS
43,spotify:track:09mEdoA6zrmBPgTEN5qXmN
44,spotify:track:2tqDS3gLLAPh66bSm8I32D
45,spotify:track:2LBqCSwhJGcFQeTHMVGwy3
46,spotify:track:02MWAaffLxlfxAUY7c5dvx
47,spotify:track:5Sk39LuvdwuvL84jD01Dum
48,spotify:track:3AXZZgreuwWgYX2IL3oGkA
49,spotify:track:58HvfVOeJY7lUuCqF0m3ly
50,spotify:track:01kfSdF9zfcDLri5sSWEoL
51,spotify:track:3F5CgOj3wFlRv51JsHbxhe
52,spotify:track:5JwxdYpoZPJasiOjpmeeB0
53,spotify:track:3rq5w4bQGigXOfdN30ATJt
54,spotify:track:3EafBu8bBdhrkLe84OgnNZ
55,spotify:track:5bYyQzaUSXpGGrJuGZfafd
56,spotify:track:4P5VUXBuMIuTgyR8YuR11T
57,spotify:track:4cLi9bZRMvDITlmKdo6D2l
58,spotify:track:3Ya6AUGGni7HPC5P9gh2bj
59,spotify:track:2FBlCQ6UYQu1KHMBnruVul
60,spotify:track:0JK0UF0VcZTNRkx5HhmQOV
61,spotify:track:18y7QMqWhkkd1akp6FmXgA
62,spotify:track:2K7xn816oNHJZ0aVqdQsha
63,spotify:track:4Nkgkvf4AKvt6a3VXlyM0O
64,spotify:track:6tfajS9NU9zqfOZdByVbV1
65,spotify:track:1xK59OXxi2TAAAbmZK0kBL
66,spotify:track:7kDgO7iBtdBhrx0X0esUrB
67,spotify:track:4woTEX1wYOTGDqNXuavlRC
68,spotify:track:2vXKRlJBXyOcvZYTdNeckS
69,spotify:track:0zCgWGmDF0aih5qexATyBn
70,spotify:track:1jmwXsqCLABS1RNUtcz7GC
71,spotify:track:7fBv7CLKzipRk6EC6TWHOB
72,spotify:track:772ARvmnEjryug7ce0lRAF
73,spotify:track:2WzAAerBvZvvFXgUpSwHZ9
74,spotify:track:48q0vSHcJdhK3IiXH8C5WJ
75,spotify:track:0VjIjW4GlUZAMYd2vXMi3b
76,spotify:track:27ZZdyTSQWI7Cug2d2PkqV
77,spotify:track:0VO8gYVDSwM1Qdd2GsMoYK
78,spotify:track:1DIXPcTDzTj8ZMHt3PDt8p
79,spotify:track:4k6Uh1HXdhtusDW5y8Gbvy
80,spotify:track:7wdwIaXUuzlu1grzWMFRJm
81,spotify:track:0oO1AbL92F6329z13C2qQH
82,spotify:track:17ebbiVJ3iAtqJ5TxdVzWm
83,spotify:track:0u52MS7dNsEFTbAuwcgSKM
84,spotify:track:3W9jnJBPYeihwNSXsr65f9
85,spotify:track:5E30LdtzQTGqRvNd7l6kG5
86,spotify:track:0iUrxveyNUBfj0cqjYEijt
87,spotify:track:42sQ9jc3NRDpxRvppjEtmA
88,spotify:track:75FEaRjZTKLhTrFGsfMUXR
89,spotify:track:5TXDeTFVRVY7Cvt0Dw4vWW
90,spotify:track:3uUuGVFu1V7jTQL60S1r8z
91,spotify:track:18asYwWugKjjsihZ0YvRxO
92,spotify:track:79s5XnCN4TJKTVMSmOx8Ep
93,spotify:track:1FEiijYPJtyswChfcpv3p0
94,spotify:track:5thvwNPeyjFr3iKRGrxPuO
95,spotify:track:4BGRK42GfRCw2Hoolpu1G7
96,spotify:track:6CanjkbQRS139muYXQEbTm
97,spotify:track:5TJEBoTCDbJXiKMdCN9pd3
98,spotify:track:6JIC3hbC28JZKZ8AlAqX8h
99,spotify:track:7lQ8MOhq6IN2w8EYcFNSUk
100,spotify:track:1jeH7hX7LylA16T7MosUO3
101,spotify:track:3yfqSUWxFvZELEM4PmlwIR
102,spotify:track:7KpoCH5M4hSJSCTPdeKm2h
103,spotify:track:3CIyK1V4JEJkg02E4EJnDl
104,spotify:track:2kx5sQgmjYug0GiDh1a4sU
105,spotify:track:2gTyfm5jrmTx4IH9K0CJk3
106,spotify:track:5evJJmNenJJF04OBGEGgZc
107,spotify:track:78ctG4oXFeZOqrr7bcJFE2
108,spotify:track:3M0lSi5WW79CXQamgSBIjx
109,spotify:track:58b4WUBJM3IVzIDT2HEGe3
110,spotify:track:5MaFlpAHHxv7f3MMQLxF0Q
111,spotify:track:2P06Kf0MWVRPQ0n1PQWEba
112,spotify:track:50nfwKoDiSYg8zOCREWAm5
113,spotify:track:5QO79kh1waicV47BqGRL3g
114,spotify:track:5Z9KJZvQzH6PFmb8SNkxuk
115,spotify:track:5gDWsRxpJ2lZAffh5p7K0w
116,spotify:track:0wGbyS1tExQSwOYu6UceyE
117,spotify:track:2ksyzVfU0WJoBpu8otr4pz
118,spotify:track:6xGruZOHLs39ZbVccQTuPZ
119,spotify:track:5PjdY0CKGZdEuoNab3yDmX
120,spotify:track:0WtM2NBVQNNJLh6scP13H8
121,spotify:track:3rb0tMq42WfggucPm0HHkA
122,spotify:track:3rmo8F54jFF8OgYsqTxm5d
123,spotify:track:63WuQOXohQIxOxIFA2K7bR
124,spotify:track:76OGwb5RA9h4FxQPT33ekc
125,spotify:track:4EWCNWgDS8707fNSZ1oaA5
126,spotify:track:37y7iDayfwm3WXn5BiAoRk
127,spotify:track:6Uj1ctrBOjOas8xZXGqKk4
128,spotify:track:0L8LOav65XwLjCLS11gNPD
129,spotify:track:34lfu3S4fIcKZRNXzbdbo7
130,spotify:track:32vRPT2jNoRZRg22GxtY0l
131,spotify:track:2DB4DdfCFMw1iaR6JaR03a
132,spotify:track:2MuWTIM3b0YEAskbeeFE1i
133,spotify:track:0iaumECxQiDwgDHxv8rFAy
134,spotify:track:4qkggtykkzl6qfuScsNmJk
135,spotify:track:0wHFktze2PHC5jDt3B17DC
136,spotify:track:0lKiqlTA0kN0k2TrjG5daO
137,spotify:track:2GAE9g1xwQorR9zzxSBbPy
138,spotify:track:6o1w1oqUMiJI1Kp0s0ksRK
139,spotify:track:6nqdgUTiWt4JbABDurkxMI
140,spotify:track:6UelLqGlWMcVH1E5c4H7lY
141,spotify:track:1MqzIgGsHP4cNjPboevsfq
142,spotify:track:2jQiSYrwJehQAcuaaQrXnS
143,spotify:track:6x5rKKUI3kX1mAyiQx7mjN
144,spotify:track:2BfIkZJht4lBG73fqtsSxp
145,spotify:track:0O6u0VJ46W86TxN9wgyqDj
146,spotify:track:4oMyggIzClkOcCTvotFLkP
147,spotify:track:29tzJGvqJPTAFs6LXmsHoA
148,spotify:track:1qEmFfgcLObUfQm0j1W2CK
149,spotify:track:6LpL3NUIJuJ3zyBfdMXD2O
150,spotify:track:7IDxMPA2kEhDP2wFcKOqBL
151,spotify:track:3AVrVz5rK8Hrqo9YGiVGN5
152,spotify:track:788fXILjvTnAoHw4rtIJCA
153,spotify:track:4xkOaSrkexMciUUogZKVTS
154,spotify:track:7iL6o9tox1zgHpKUfh9vuC
155,spotify:track:39JofJHEtg8I4fSyo7Imft
156,spotify:track:2AD3faozZmU71dxlpPO4PJ
157,spotify:track:0gucTLf7trAf37Ua1uAyAu
158,spotify:track:7aO0KrTDSwWv2mBZwEgN8N
159,spotify:track:5UnA7doBvFDdpKs90fp8dE
160,spotify:track:71wrEyCQBdBzQetMjc8omC
161,spotify:track:2SKoecvDt04LkeRGGzhjtA
162,spotify:track:2TV1dvFVj2tjnWoJyA86LS
163,spotify:track:59CfNbkERJ3NoTXDvoURjj
164,spotify:track:0JzG1wJuB4v9UPkSE7LMXi
165,spotify:track:7KZSo4wspWL0AyUZgr9S17
166,spotify:track:0yxnBa0bqbDE87o1wQswIs
167,spotify:track:1iIIsJlKQW7E4eLw7x5XOI
168,spotify:track:3CLSHJv5aUROAN2vfOyCOh
169,spotify:track:7ef4DlsgrMEH11cDZd32M6
170,spotify:track:5FX30idriKlEIRYTxpNf65
171,spotify:track:17Heq7Mf4nXpj5qaND7txV
172,spotify:track:6HMtHNpW6YPi1hrw9tgF8P
173,spotify:track:6PHB6mLa8HlK1m7I5wzmXD
174,spotify:track:5d6gL8EcuaisGM9UWJN4gM
175,spotify:track:1R0a2iXumgCiFb7HEZ7gUE
176,spotify:track:0u2P5u6lvoDfwTYjAADbn4
177,spotify:track:5nujrmhLynf4yMoMtj8AQF
178,spotify:track:6SGm8eua5N2voJhxlHgIK5
179,spotify:track:3Wrjm47oTz2sjIgck11l5e
180,spotify:track:3U7LRoxDT1WvbliazYkmpV
181,spotify:track:5Y6nVaayzitvsD5F7nr3DV
182,spotify:track:3SWZ11D0kLfgMQda6DwjJ9
183,spotify:track:1JpqwDolccy7XGrFINYLYy
184,spotify:track:2xql0pid3EUwW38AsywxhV
185,spotify:track:7cgkuZeVnDQtDVvHvmZmEg
186,spotify:track:0Sg2rdlwv6tXhocfPCGpIT
187,spotify:track:6OBQnr1Yl3BMadDQl1t7Mu
188,spotify:track:0YeEjdtJMkqw3ZqRNLJMHA
189,spotify:track:57BGVV6wcyhbn3hsjlqEZB
190,spotify:track:4h4QlmocP3IuwYEj2j14p8
191,spotify:track:6sD2Ar3Wmt2Tbxmpw43Qsh
192,spotify:track:1xzi1Jcr7mEi9K2RfzLOqS
193,spotify:track:5XVM8dBWJ7cNT7wRRGJF4L
194,spotify:track:0k4d5YPDr1r7FX77VdqWez
195,spotify:track:1v7L65Lzy0j0vdpRjJewt1
196,spotify:track:2BcMwX1MPV6ZHP4tUT9uq6
197,spotify:track:7fZBQnc0zXwVybgCIrQQil
198,spotify:track:2rFZhVHWOwDxAy59qLUzLy
199,spotify:track:5AqsbgXcg5o55HBnwjYpqa
