,uri
0,spotify:track:4LRPiXqCikLlN15c3yImP7
1,spotify:track:1W1N3usYjgI3XGQA0iX9Vq
2,spotify:track:1rDQ4oMwGJI7B4tovsBOxc
3,spotify:track:02MWAaffLxlfxAUY7c5dvx
4,spotify:track:0h14I7cPYi1RZG6GmVpMso
5,spotify:track:4fouWK6XVHhzl78KzQ1UjL
6,spotify:track:3uUuGVFu1V7jTQL60S1r8z
7,spotify:track:1HhNoOuqm1a5MXYEgAFl8o
8,spotify:track:3Oww84xrmgjyr5J1ilOmAf
9,spotify:track:2B4GHvToeLTOBB4QLzW3Ni
10,spotify:track:2DB4DdfCFMw1iaR6JaR03a
11,spotify:track:2Oi1IJ6JEUX1aya9VUAA1Z
12,spotify:track:7jtQIBanIiJOMS6RyCx6jZ
13,spotify:track:6JIC3hbC28JZKZ8AlAqX8h
14,spotify:track:50nfwKoDiSYg8zOCREWAm5
15,spotify:track:18asYwWugKjjsihZ0YvRxO
16,spotify:track:2xSIcmvFQHs2CeS34Mgp62
17,spotify:track:2hBkoDhuGk2AtSCprEFDFP
18,spotify:track:0e8nrvls4Qqv5Rfa2UhqmO
19,spotify:track:58HvfVOeJY7lUuCqF0m3ly
20,spotify:track:3eJH2nAjvNXdmPfBkALiPZ
21,spotify:track:5PjdY0CKGZdEuoNab3yDmX
22,spotify:track:5Z9KJZvQzH6PFmb8SNkxuk
23,spotify:track:1SOClUWhOi8vHZYMz3GluK
24,spotify:track:041yCPAEGPSIKv3p1P5NP0
25,spotify:track:1HvTxgCj0mTzQlEo0zLvFb
26,spotify:track:6WVHfpzYW3HooQaCC80opC
27,spotify:track:4fsZCyXKCmRdtlzhlPRLHE
28,spotify:track:3rmo8F54jFF8OgYsqTxm5d
29,spotify:track:3ZDXLSUZpKx8pspNBOdVr5
30,spotify:track:7z5G2LOdV8okZn4yWg3q5g
31,spotify:track:4ZtFanR9U6ndgddUvNcjcG
32,spotify:track:5r43qanLhUCdBj8HN3fa6B
33,spotify:track:20on25jryn53hWghthWWW3
34,spotify:track:6VcBDMF2ykm5HDcJMVLRZW
35,spotify:track:2H7jZg2HliuQhZjfBblLrZ
36,spotify:track:59CfNbkERJ3NoTXDvoURjj
37,spotify:track:2USlegnFJLrVLpoVfPimKB
38,spotify:track:0FKw2vfEDxDuRisr4kU8Ok
39,spotify:track:2DgdHcjWmO3qd50RzuBLgZ
40,spotify:track:5STeQZH1Ahz3h0X9Njaij7
41,spotify:track:7lQ8MOhq6IN2w8EYcFNSUk
42,spotify:track:0oA9wBGDY4uyILLg4GymWP
43,spotify:track:2K7xn816oNHJZ0aVqdQsha
44,spotify:track:2QjOHCTQ1Jl3zawyYOpxh6
45,spotify:track:6GomT970rCOkKAyyrwJeZi
46,spotify:track:1TM2i0pjWHpus4t3p6zs0V
47,spotify:track:22skzmqfdWrjJylampe0kt
48,spotify:track:0TBylB8tjwqp4YHSrwRJQQ
49,spotify:track:7dDrR6vMK1JAwZZ5MIWgme
50,spotify:track:3AVXwaOGCEL8cmBecfcsFJ
51,spotify:track:4FXX4P3dxc1JMBx5wVRJ5N
52,spotify:track:2sFsvaMRe8PKo5AFdBE9qC
53,spotify:track:3uwnnTQcHM1rDqSfA4gQNz
54,spotify:track:75UUG6x5zQe0gCVOiQpa6X
55,spotify:track:0U1W2LZVUX7qTm7dDpqxh6
56,spotify:track:2MLIRLTx41VStC8Z5NJEG6
57,spotify:track:2xFMvrqk99biaLQavjufta
58,spotify:track:6Uj1ctrBOjOas8xZXGqKk4
59,spotify:track:0uQbTk0GFM9PxE0rN1UWZb
60,spotify:track:7yq4Qj7cqayVTp3FF9CWbm
61,spotify:track:1h3d2lvISrSIV6fS89U51S
62,spotify:track:0JpEMzTHbt2zBIXrntrXzG
63,spotify:track:5TXDeTFVRVY7Cvt0Dw4vWW
64,spotify:track:1WCEAGGRD066z2Q89ObXTq
65,spotify:track:05Mp2UJulSttxQ4E6hQPH3
66,spotify:track:46IZ0fSY2mpAiktS3KOqds
67,spotify:track:3yfqSUWxFvZELEM4PmlwIR
68,spotify:track:0VjIjW4GlUZAMYd2vXMi3b
69,spotify:track:1DIXPcTDzTj8ZMHt3PDt8p
70,spotify:track:7s3VxmIizcDgDTRCA4kDzd
71,spotify:track:6fuO9uk9wbjCHvQJqk2Qpx
72,spotify:track:1vUOJpWc091SBYULNvz9mp
73,spotify:track:2Foc5Q5nqNiosCNqttzHof
74,spotify:track:5UFbfXuj4TjirzmcvTFBBy
75,spotify:track:7d9wfIzzsb46HWVEso2zvK
76,spotify:track:4cG7HUWYHBV6R6tHn1gxrl
77,spotify:track:5iFQfP3AqVnHHS89LKQisL
78,spotify:track:6OlK1W3yH6V3pr6e81hI0u
79,spotify:track:7EtfwHVS8FcciOBU1VnT8G
80,spotify:track:531KGXtBroSrOX9LVmiIgc
81,spotify:track:6I3mqTwhRpn34SLVafSH7G
82,spotify:track:46HNZY1i7O6jwTA7Slo2PI
83,spotify:track:6UelLqGlWMcVH1E5c4H7lY
84,spotify:track:3Wrjm47oTz2sjIgck11l5e
85,spotify:track:5QO79kh1waicV47BqGRL3g
86,spotify:track:2gQPv5jvVPqU2a9HhMNO1v
87,spotify:track:4kLLWz7srcuLKA7Et40PQR
88,spotify:track:3sa06xVNmLLYIxdNNmVQN8
89,spotify:track:0IuVhCflrQPMGRrOyoY5RW
90,spotify:track:6Z165JvPnS8PYvGW8oLGLc
91,spotify:track:0PoorhuDSZ7hgvFT7C6fgf
92,spotify:track:503OTo2dSqe7qk76rgsbep
93,spotify:track:2L6hCTpUlR2p7Su3hiSB0s
94,spotify:track:2tpWsVSb9UEmDRxAl1zhX1
95,spotify:track:5hPxC9i9lj9pJwg7DK2MvC
96,spotify:track:0y60itmpH0aPKsFiGxmtnh
97,spotify:track:5Gp9ghK4MU8d7wevghAlQQ
98,spotify:track:6Y6bigioY2KkzFZESQQsOP
99,spotify:track:1v7L65Lzy0j0vdpRjJewt1
100,spotify:track:3PtuYF4T12cJZFkXrV0pRX
101,spotify:track:1ze2TQqio2Ja0kGSW0ceub
102,spotify:track:4xkOaSrkexMciUUogZKVTS
103,spotify:track:1SC5rEoYDGUK4NfG82494W
104,spotify:track:3GZD6HmiNUhxXYf8Gch723
105,spotify:track:5Th2Rs48Gz3iqfcGMXG5PC
106,spotify:track:2FQRZLR31e3423Nmrgv0Pv
107,spotify:track:4UOXo3xWnxYdTf3sFyRaUG
108,spotify:track:1VR0PWcH2JV4Zt4JaWGB0G
109,spotify:track:2a1o6ZejUi8U3wzzOtCOYw
110,spotify:track:6CfCeWvsy7TpO6Oo8pJ2qN
111,spotify:track:4RHDWNlp4yrk54rQATSiQK
112,spotify:track:2eAvDnpXP5W0cVtiI0PUxV
113,spotify:track:6Dy1jexKYriXAVG6evyUTJ
114,spotify:track:3iw6V4LH7yPj1ESORX9RIN
115,spotify:track:0VO8gYVDSwM1Qdd2GsMoYK
116,spotify:track:5wANPM4fQCJwkGd4rN57mH
117,spotify:track:27XMmSWSOXJ7eVb40tH93T
118,spotify:track:6hw1Sy9wZ8UCxYGdpKrU6M
119,spotify:track:1ZdhOMWyFR8Iv9eylMGYg2
120,spotify:track:01I8aPBUJIMzCtHsCVvmq5
121,spotify:track:3I10tZ5MgEMo4WryCNJkZQ
122,spotify:track:0nCgsAki7e7I243CUblGxU
123,spotify:track:6OufwUcCqo81guU2jAlDVP
124,spotify:track:0r1kH7SIkkPP9W7mUknObF
125,spotify:track:0lQ2obtzmAsJu9xk3D6FqH
126,spotify:track:003vvx7Niy0yvhvHt4a68B
127,spotify:track:0iVkWge9ytV4Scgy2hQ2za
128,spotify:track:3RM5RpRDDdST1njqOMG141
129,spotify:track:31KgM6N0i9WhQgqqvYB9iV
130,spotify:track:6Jkm5kUldvIqxzI1Pa7nXH
131,spotify:track:0M2cwhA67Dzkortl1VhDLF
132,spotify:track:6f3Slt0GbA2bPZlz0aIFXN
133,spotify:track:5FsV0biZgb8tmQtau5LxKz
134,spotify:track:6K0zn6YFD9HxmriRCKLZZn
135,spotify:track:0HqZX76SFLDz2aW8aiqi7G
136,spotify:track:6kwTAVrensYnx7JqejwgeG
137,spotify:track:0gucTLf7trAf37Ua1uAyAu
138,spotify:track:4VINQO7QzZt4F45RWfz6aK
139,spotify:track:40mI1rlWiHarvMDtBvPnhW
140,spotify:track:3UmaczJpikHgJFyBTAJVoz
141,spotify:track:7FCHDXa579YivyHrsxixRp
142,spotify:track:0Xh6R6XLoTDRBYriQRgkHj
143,spotify:track:5gRXyFtArVXYk8OOSWIXBO
144,spotify:track:3cHyrEgdyYRjgJKSOiOtcS
145,spotify:track:4pt5fDVTg5GhEvEtlz9dKk
146,spotify:track:7fZBQnc0zXwVybgCIrQQil
147,spotify:track:4RVwu0g32PAqgUiJoXsdF8
148,spotify:track:6CQkifO8wGns82gpR9ApFT
149,spotify:track:0nrRP2bk19rLc0orkWPQk2
150,spotify:track:5nujrmhLynf4yMoMtj8AQF
151,spotify:track:4u7EnebtmKWzUH433cf5Qv
152,spotify:track:4bnutybG1itDcpyoQo2Uoc
153,spotify:track:0fGpq9oAZNnEvkqvhnjz7K
154,spotify:track:0BbYTaDH81up32xTKIGjbS
155,spotify:track:79lc69ZXfL4WmJIzVSDmWT
156,spotify:track:1F80MEkZA9yTlpMQp9dhht
157,spotify:track:7iL6o9tox1zgHpKUfh9vuC
158,spotify:track:6Jrdb6CFOJEGaHjaa6c4WR
159,spotify:track:1ID9Iour6yMUsUccV9JxyS
160,spotify:track:4jPy3l0RUwlUI9T5XHBW2m
161,spotify:track:4XvcHTUfIlWfyJTRG0aqlo
162,spotify:track:0ct6r3EGTcMLPtrXHDvVjc
163,spotify:track:1XGmzt0PVuFgQYYnV2It7A
164,spotify:track:5ZRBKoqwnYnH2QfVlf4bWH
165,spotify:track:29vkOKlY33ypMT2xQBxeCD
166,spotify:track:2qpZjutAe3pstQsjwSXQb4
167,spotify:track:3RfTeIrWS8LNrfHYwechtt
168,spotify:track:7DFNE7NO0raLIUbgzY2rzm
169,spotify:track:2J2Z1SkXYghSajLibnQHOa
170,spotify:track:2KnLkZ3z7PO3kgVGHGqDpD
171,spotify:track:2CEgGE6aESpnmtfiZwYlbV
172,spotify:track:5Z7J2Au61uO7K1ZPNG1eTv
173,spotify:track:0u2P5u6lvoDfwTYjAADbn4
174,spotify:track:5DqvoUR0STVl6qmXGTpYtK
175,spotify:track:6KL88T4Ma4ABXqzgUoEwkd
176,spotify:track:5vUnjhBzRJJIAOJPde6zDx
177,spotify:track:3v7VY6zmrXu2hzqmeCOd1Q
178,spotify:track:60a0Rd6pjrkxjPbaKzXjfq
179,spotify:track:5A5bLKdL5I3k3FTEQlAUw7
180,spotify:track:01kfSdF9zfcDLri5sSWEoL
181,spotify:track:6cx06DFPPHchuUAcTxznu9
182,spotify:track:5CqkgDH8QZjSqqI3HmYxDD
183,spotify:track:3am3KGDQMk1LCJrivGKrzI
184,spotify:track:50mQStZYV5QFgyGK9GOVZg
185,spotify:track:3o9kpgkIcffx0iSwxhuNI2
186,spotify:track:2pLeoBNJiGlbZkyf84z5hJ
187,spotify:track:5T8EDUDqKcs6OSOwEsfqG7
188,spotify:track:3gbBpTdY8lnQwqxNCcf795
189,spotify:track:0P88fVbvRQGgRQN1GulQNy
190,spotify:track:6YUTL4dYpB9xZO5qExPf05
191,spotify:track:7l4SCt0ebVQnbQNEXyH7F7
192,spotify:track:4bHsxqR3GMrXTxEPLuK5ue
193,spotify:track:2OqOrMmLZQxe9l1t7IQ00s
194,spotify:track:0b18g3G5spr4ZCkz7Y6Q0Q
195,spotify:track:4QNpBfC0zvjKqPJcyqBy9W
196,spotify:track:5CZ40GBx1sQ9agT82CLQCT
197,spotify:track:5pmL3RzOy3IvGFaSDi4hZL
198,spotify:track:3g62kHCCbNwhEKYywx5Xwz
199,spotify:track:6di0ubrcWF1vkf441tnRLh
