,uri
0,spotify:track:2tTmW7RDtMQtBk7m2rYeSw
1,spotify:track:6Sq7ltF9Qa7SNFBsV5Cogx
2,spotify:track:1IHWl5LamUGEuP4ozKQSXZ
3,spotify:track:3k3NWokhRRkEPhCzPmV8TW
4,spotify:track:45dlaEXrXW47TVbrQ4gK7E
5,spotify:track:1uGdRSOpObu3lp0jvrVREl
6,spotify:track:7kYbxvrGXv8cmKjkqgqhrw
7,spotify:track:2rurDawMfoKP4uHyb2kJBt
8,spotify:track:3AbNNvo2OmyeDMvRBgf9vk
9,spotify:track:5Eax0qFko2dh7Rl2lYs3bx
10,spotify:track:4hceSKjrkDTO0nMKFcb3sj
11,spotify:track:6Xom58OOXk2SoU711L2IXO
12,spotify:track:49ev1nUTrNxbjm04jaoL5Z
13,spotify:track:7dSZ6zGTQx66c2GF91xCrb
14,spotify:track:67Wqby5IjOMMpIYwqmCYOG
15,spotify:track:1O2pcBJGej0pmH2Y9XZMs6
16,spotify:track:6ojZtz3sZr6ynvejLOqgCj
17,spotify:track:1uK5rDY3BnikyG0sl3tPpc
18,spotify:track:2IzV2SPZQLadtA46ni3ICq
19,spotify:track:6WZk0S0t6YP414VJz99mWT
20,spotify:track:3UT2CkCgSWjK6h5v5Ye4GH
21,spotify:track:5aQtcr0PfEtk4FZCz5rLdV
22,spotify:track:77l75UICfUZK5k0G7WRGqg
23,spotify:track:6mmPpaltUZK7xjNlBPQQ0p
24,spotify:track:2Gq636OOGgxCTqEuzCZhsa
25,spotify:track:6DoL1yYIwEW7VZMRaJhoJI
26,spotify:track:41oY4WCTj5kccfesTVFnvN
27,spotify:track:2x8oBuYaObjqHqgGuIUZ0b
28,spotify:track:3ushwCdjpWNdSnZgRFU6Oc
29,spotify:track:6LBpjWMfy1NUfyxAJbcMRs
30,spotify:track:77UICuAzXRYuJqdhcy6R3m
31,spotify:track:1txrFHh4XUU3Kp8HcD2TFW
32,spotify:track:5ww2BF9slyYgNOk37BlC4u
33,spotify:track:0U9OZFbn82oICL2jNbpNHy
34,spotify:track:7FlQk2gJ6TBrHHiidvdR2O
35,spotify:track:63GTuNSVLynH3n3PdqObgd
36,spotify:track:4TGwERXRlyQtBdggYTHo6j
37,spotify:track:4tYFy8ALRjIZvnvSLw5lxN
38,spotify:track:2uky0VCI2EZni0nArOPznM
39,spotify:track:4Dvkj6JhhA12EX05fT7y2e
40,spotify:track:5i82o3878xCPNCUK8VIeqX
41,spotify:track:75FEaRjZTKLhTrFGsfMUXR
42,spotify:track:6HXvazdtAr9hy0kThzxrE3
43,spotify:track:3yeFTYLMz4nOtyPXWEMKsW
44,spotify:track:0cOa970mzTWAxKtltpkpLc
45,spotify:track:2bbwjxA68m9PHZFWgF1fze
46,spotify:track:1v5QhGtlv2bkpUz2kAXTCq
47,spotify:track:0lJE8f0lx8mUSfMyxeYpiC
48,spotify:track:0OTNHGKcqQbk51bOYe462Y
49,spotify:track:5JCquuXMmdXNypO32fPb0M
50,spotify:track:3EcCc1U405tm8yKm1x6Y8W
51,spotify:track:42Gzfqnfpk7Pp1ydM60eNn
52,spotify:track:2gpQi3hbcUAcEG8m2dlgfB
53,spotify:track:1797zYiX4cKosMH836X9Gt
54,spotify:track:166qsYi2wR3u6qfg7wrh1r
55,spotify:track:6y8z28epOv5FlaxDv1Lo5B
56,spotify:track:0Bv7O6fmZk3GrNQFYJaXPn
57,spotify:track:2GVahxIzxivfRZc8lR39Ms
58,spotify:track:7onMf0QvWgRba2MRxG27yj
59,spotify:track:6wtZPYBIXUvCpXwVjMCJBf
60,spotify:track:1fKFxmSByZfjwVSbq0PHye
61,spotify:track:01EzG8Qg7oQqYMTNV5YkOW
62,spotify:track:5CzixCxDkRXX9mScCmah8O
63,spotify:track:30W8VKHrAZmHzObnwAoc1u
64,spotify:track:0utOOrcBB24KZil9cgAwXB
65,spotify:track:0bhWW1Bve1Ng6kEm8WjiQA
66,spotify:track:69n1Bh7n79MXbA9XqH4MfM
67,spotify:track:3lkiTKxSDxOqZkQnf9FUEo
68,spotify:track:2dG8CDU9UBem2ReYcLafDt
69,spotify:track:7gwT3HGL84vF7bgtwL1N88
70,spotify:track:6P096SaOzrgGxs8NWOfX7M
71,spotify:track:7iXJg4IUyrWont5YSQrbKP
72,spotify:track:4QOvBEPji1o8Wku7C1VwYQ
73,spotify:track:2z9YkcLojiOE7Eu2p9lPZR
74,spotify:track:03a359wbiUsjN9h6yzXvmS
75,spotify:track:1dm6z1fWB0cErMszU25dy2
76,spotify:track:4d4ZXH4dr5bYfgErHiZCX2
77,spotify:track:1UdzJEpgJxtuXAlCOvD4S0
78,spotify:track:2QT316zZ7jBNQ74eUsIuI0
79,spotify:track:5jt25aFjW2kNoBqaEVaz5W
80,spotify:track:2cR9cH9ta7MStHBKs0aOcz
81,spotify:track:6weEgpX3aqFXapx6rw3n5a
82,spotify:track:2uflssWlCaJ6CbTMOsUpNI
83,spotify:track:1DFDbSWdESvzWHHAe6BCQ3
84,spotify:track:4FtuqEWmjtgKmVWW0iZOP7
85,spotify:track:261Jxss9utRCMg11TWEU8M
86,spotify:track:5kVZxyMY1gfdCLiChsfjn1
87,spotify:track:4gzsuuZypVbxs0Af1LSZyB
88,spotify:track:5TMLavqGRKNxgzMBrVpC9R
89,spotify:track:40w8JmvwYUP2HUiXPxjy99
90,spotify:track:2JPLbjOn0wPCngEot2STUS
91,spotify:track:28GCbKgjlVD9eDmasGbe0T
92,spotify:track:7JZ5mOTea5T4LH0UdwCsWx
93,spotify:track:31i56LZnwE6uSu3exoHjtB
94,spotify:track:6JIC3hbC28JZKZ8AlAqX8h
95,spotify:track:4AKK4j6sYhOO1r6My2qqWO
96,spotify:track:3GaGWoU1KfVqgl7vnRHP55
97,spotify:track:0B8yu7yLe1UsXv6gewHRv2
98,spotify:track:3FkeNbs9Zeiqkr3WkbOiGp
99,spotify:track:4WaopyDgvKQP6T852K9boe
100,spotify:track:7BnOrBSeERWDwFC6X4hfRo
101,spotify:track:5BDUyIKCLNZQCvu55rAY3m
102,spotify:track:6w8yBI2vthyN9UnwO4UBWb
103,spotify:track:7M0mBls29IohQIPGqegcyE
104,spotify:track:0hRKaSIym7bBRZ5oXLUsfx
105,spotify:track:4b6Lk3t4SInuKDpSBpiicy
106,spotify:track:2SJZdZ5DLtlRosJ2xHJJJa
107,spotify:track:6D2TCm4nf5nxAcdGJ7w3QP
108,spotify:track:1wcE84DVQUF16xudVFzezL
109,spotify:track:46GsFW8AFIvi8TUDlYRlXR
110,spotify:track:6ylDpki1VpIsc525KC1ojF
111,spotify:track:1Hv5uEwnI5UQEFvHWJaL3T
112,spotify:track:3rdAz1fbUfZxYgaCviYhRo
113,spotify:track:3nfICwo20uiFdEGzgNUSrG
114,spotify:track:0bI5WRiDfU5BY38ufOJtGu
115,spotify:track:44XjoNvtwevktFKjvVe1vH
116,spotify:track:1PmKfNsHxPdMaHP496myD3
117,spotify:track:1jl9TPNUehmS24N84LYuuT
118,spotify:track:5A1vGSsqw0UQCBxHOyPOjG
119,spotify:track:5oLWzTgq6WsZyMF16IiN7R
120,spotify:track:6lX6l7OuA3qrnIRfdsr0dw
121,spotify:track:3E8xyYdIPpiH2wNEozE68I
122,spotify:track:79pz16ngfYU2iZV0dvj3QU
123,spotify:track:6VrQTLzzuyGIYjUDe4kAZk
124,spotify:track:23R68uWGdp07SwQdK8mWzI
125,spotify:track:4OwhwvKESFtuu06dTgct7i
126,spotify:track:6KEb17S00Inf0v1qYDgUAj
127,spotify:track:2ttUrgPFiyWOHxbauXSVRo
128,spotify:track:4r9jkMEnArtWGH2rL2FZl0
129,spotify:track:3jMjoQB51O6MITC91Izhj2
130,spotify:track:5Us3svqTvNAdnQfEYfoL5g
131,spotify:track:5NtIprYDaflAuu3Pko0rjR
132,spotify:track:5uHAzGa4d9j35DEbhUwGhi
133,spotify:track:75HnDKDqsmEzdOKFWe5FZS
134,spotify:track:4srcMdbm2qzVG98tJajHxp
135,spotify:track:7d7aPD2oxuzjhOZnu4Dj23
136,spotify:track:0ZAJ660VP57lLK4U7NlGOy
137,spotify:track:1uaeUpiNMxfsuhVebgk7TX
138,spotify:track:1p22yVi9e8DT6BEUvOZ0TL
139,spotify:track:0G2zPzWqVjR68iNPmx2TBe
140,spotify:track:10zSgbysU2KyVTrcRmtu62
141,spotify:track:48AJSd42lXpicsGqcgopof
142,spotify:track:18HOjcvTVV7W8YzBuOsAPS
143,spotify:track:5gflgO9EPbIBf16n5TKnQS
144,spotify:track:2qBirMakpTdz9ymxrZEyzg
145,spotify:track:71wFwRo8xGc4lrcyKwsvba
146,spotify:track:5eyO0n1HiiSWdGaaSoK731
147,spotify:track:4RuXJVAsDaF52Z8D6lYRXX
148,spotify:track:7qyAsohYX9IQVCUkzkJ1dY
149,spotify:track:7Dk8r4VR5NoveUvTiCKEXC
150,spotify:track:0fea68AdmYNygeTGI4RC18
151,spotify:track:48H3BsuIXKMYRTuFtxkRhh
152,spotify:track:2qEoAz0i6yEz5dPggABcLH
153,spotify:track:7ef4DlsgrMEH11cDZd32M6
154,spotify:track:0CgpCtEPvyDizcg2p47VrU
155,spotify:track:2NMjggapJcXXM7WccGEBUO
156,spotify:track:655JkvIwu2rDCaD1hPf04g
157,spotify:track:1zBnnZCmZJWGVkFGz37UFf
158,spotify:track:0R7DSnSibvuE4PEHqUayqf
159,spotify:track:3za3hxbolwmy9AeUpWzuRE
160,spotify:track:4bF2y8rR7GUjrd5LNEvej3
161,spotify:track:3Oa9oxOLUYGQgzKXGIMpWy
162,spotify:track:0sPtR2Z0fRbKOKc3OvBEdA
163,spotify:track:6xGruZOHLs39ZbVccQTuPZ
164,spotify:track:4iaNmAvcZ6sPGvgZ6vQQdx
165,spotify:track:78SeXVRJ7KCqVmOwTiFjnI
166,spotify:track:6UelLqGlWMcVH1E5c4H7lY
167,spotify:track:1qEmFfgcLObUfQm0j1W2CK
168,spotify:track:5eYVvHN75qLlpD0DC6R8Pl
169,spotify:track:41ztYxur8GdhdGJ64GocIh
170,spotify:track:4rW2KfMNxdyNsLlaOYWXh3
171,spotify:track:1Crj1zkRMpsEjb9NOR6Zof
172,spotify:track:4WkEH0PgystZUaN6QU6Z0B
173,spotify:track:1Ya2AtdY6PxR32UOf3WDPW
174,spotify:track:422Avi2VjqZKCVzstKmqog
175,spotify:track:2DB4DdfCFMw1iaR6JaR03a
176,spotify:track:4khWEpnaijN0G1x019Uzdr
177,spotify:track:6nAlJuLlRlpAcq30xIqKJs
178,spotify:track:6bLvfGI2XeU5DTl8feuNrk
179,spotify:track:3sVuWmggRqfAK3qk7OIEAz
180,spotify:track:3lGMtkONrZdJ8kTCg6KIFf
181,spotify:track:7COGuXyTr12KvdaYXMqheC
182,spotify:track:1W9c0BUe6ETdtBfQyqeOgw
183,spotify:track:3Tx1gnGvzBYRtEnr3o705w
184,spotify:track:4it6vaFbkGRUaQlwWUMg3v
185,spotify:track:4MzXwWMhyBbmu6hOcLVD49
186,spotify:track:1p7m9H4H8s0Y7SgRm7j3ED
187,spotify:track:1VauUM5CBX7nkLcgafQL2B
188,spotify:track:62ke5zFUJN6RvtXZgVH0F8
189,spotify:track:7I8L3vYCLThw2FDrE6LuzE
190,spotify:track:0E0DRHf5PfMeor0ZCwB3oT
191,spotify:track:1ZI1nMfnnfFhdIyIKv5Igv
192,spotify:track:7upAH0ezzsThyvr33YKn4u
193,spotify:track:6MuJUSYCqA4FpMogUHzb2R
194,spotify:track:4HzqWEdAbzcVFDv0pvxV4w
195,spotify:track:4Yip3hds5IHyT7AqoNHfmX
196,spotify:track:2MuWTIM3b0YEAskbeeFE1i
197,spotify:track:67Q93kXygxCskeQiIP0V0j
198,spotify:track:1JSTJqkT5qHq8MDJnJbRE1
199,spotify:track:0bI7K9Becu2dtXK1Q3cZNB
