,uri
0,spotify:track:3Ya6AUGGni7HPC5P9gh2bj
1,spotify:track:58HvfVOeJY7lUuCqF0m3ly
2,spotify:track:5bYyQzaUSXpGGrJuGZfafd
3,spotify:track:02MWAaffLxlfxAUY7c5dvx
4,spotify:track:1HhNoOuqm1a5MXYEgAFl8o
5,spotify:track:7rjf8Ab4bp3n5ff4Z4UngW
6,spotify:track:59CfNbkERJ3NoTXDvoURjj
7,spotify:track:5Z9KJZvQzH6PFmb8SNkxuk
8,spotify:track:1GqYZbICcRToTshZUSz2q9
9,spotify:track:772ARvmnEjryug7ce0lRAF
10,spotify:track:2WL6GQzPuK9Nrpy9XwNEbz
11,spotify:track:6Uj1ctrBOjOas8xZXGqKk4
12,spotify:track:2K7xn816oNHJZ0aVqdQsha
13,spotify:track:7BDHDiidJ8WV349p3HTxTV
14,spotify:track:18asYwWugKjjsihZ0YvRxO
15,spotify:track:50nfwKoDiSYg8zOCREWAm5
16,spotify:track:4qkggtykkzl6qfuScsNmJk
17,spotify:track:5PjdY0CKGZdEuoNab3yDmX
18,spotify:track:6Y46tOTRhkBamosyuWa6YX
19,spotify:track:2QjOHCTQ1Jl3zawyYOpxh6
20,spotify:track:3XOalgusokruzA5ZBA2Qcb
21,spotify:track:0yxnBa0bqbDE87o1wQswIs
22,spotify:track:3rmo8F54jFF8OgYsqTxm5d
23,spotify:track:7rglLriMNBPAyuJOMGwi39
24,spotify:track:7jtQIBanIiJOMS6RyCx6jZ
25,spotify:track:4fouWK6XVHhzl78KzQ1UjL
26,spotify:track:5d6gL8EcuaisGM9UWJN4gM
27,spotify:track:1ZdhOMWyFR8Iv9eylMGYg2
28,spotify:track:589KeND3ebjbfhs5GfGGyx
29,spotify:track:2vXKRlJBXyOcvZYTdNeckS
30,spotify:track:1SOClUWhOi8vHZYMz3GluK
31,spotify:track:2gTyfm5jrmTx4IH9K0CJk3
32,spotify:track:3uUuGVFu1V7jTQL60S1r8z
33,spotify:track:6EtKlIQmGPB9SX8UjDJG5s
34,spotify:track:58ge6dfP91o9oXMzq3XkIS
35,spotify:track:3M0lSi5WW79CXQamgSBIjx
36,spotify:track:04ojE1leP1BODeTr7EadIe
37,spotify:track:2gpWyfu7eZ01zzncHpxOtA
38,spotify:track:39MFfPxlelYKyxRjzO0yC9
39,spotify:track:0LFA5mrgC8ni2CGoDr8WDm
40,spotify:track:5TXDeTFVRVY7Cvt0Dw4vWW
41,spotify:track:3Vi5XqYrmQgOYBajMWSvCi
42,spotify:track:0QBzMgT7NIeoCYy3sJCof1
43,spotify:track:0VjIjW4GlUZAMYd2vXMi3b
44,spotify:track:32vRPT2jNoRZRg22GxtY0l
45,spotify:track:1SC5rEoYDGUK4NfG82494W
46,spotify:track:0e8nrvls4Qqv5Rfa2UhqmO
47,spotify:track:3Wrjm47oTz2sjIgck11l5e
48,spotify:track:3uwnnTQcHM1rDqSfA4gQNz
49,spotify:track:3U7LRoxDT1WvbliazYkmpV
50,spotify:track:7jn2HBxZQS1BX4sxMlF3R9
51,spotify:track:2AD3faozZmU71dxlpPO4PJ
52,spotify:track:79s5XnCN4TJKTVMSmOx8Ep
53,spotify:track:20on25jryn53hWghthWWW3
54,spotify:track:6W6sXEc3fmlwuIidZPwKE6
55,spotify:track:5gflgO9EPbIBf16n5TKnQS
56,spotify:track:5E30LdtzQTGqRvNd7l6kG5
57,spotify:track:0k4d5YPDr1r7FX77VdqWez
58,spotify:track:1oFAF1hdPOickyHgbuRjyX
59,spotify:track:2XmIhhtxgfZqPISZXmFFK7
60,spotify:track:2B4GHvToeLTOBB4QLzW3Ni
61,spotify:track:3yfqSUWxFvZELEM4PmlwIR
62,spotify:track:7lQ8MOhq6IN2w8EYcFNSUk
63,spotify:track:7mFj0LlWtEJaEigguaWqYh
64,spotify:track:3rq5w4bQGigXOfdN30ATJt
65,spotify:track:0k1WUmIRnG3xU6fvvDVfRG
66,spotify:track:5nujrmhLynf4yMoMtj8AQF
67,spotify:track:4ZtFanR9U6ndgddUvNcjcG
68,spotify:track:6lazMmzPhIzAzWBtjVSeeh
69,spotify:track:48q0vSHcJdhK3IiXH8C5WJ
70,spotify:track:2g0jnPzeSYh9wcYmWW6hGx
71,spotify:track:6PHB6mLa8HlK1m7I5wzmXD
72,spotify:track:788fXILjvTnAoHw4rtIJCA
73,spotify:track:5PyqnR2KX6a6qwf6l9rgpj
74,spotify:track:76YSWx6L6FNsuaP6GWBb8P
75,spotify:track:46IZ0fSY2mpAiktS3KOqds
76,spotify:track:1rLpf280OicMHgkl6SfGHG
77,spotify:track:5QO79kh1waicV47BqGRL3g
78,spotify:track:0Oqc0kKFsQ6MhFOLBNZIGX
79,spotify:track:4vAqFxNqrY9M3tcMMTJmNg
80,spotify:track:2PHiwLEX0TfWfhbRgHIf3n
81,spotify:track:7BbaIYAdi3pg4MGl6PHwPv
82,spotify:track:1nH2PkJL1XoUq8oE6tBZoU
83,spotify:track:4SqWKzw0CbA05TGszDgMlc
84,spotify:track:1ojBtNRMzjL7ptLPZCzfRz
85,spotify:track:7fBv7CLKzipRk6EC6TWHOB
86,spotify:track:503OTo2dSqe7qk76rgsbep
87,spotify:track:58b4WUBJM3IVzIDT2HEGe3
88,spotify:track:5VwOAFFqlLikti3l1RJnPz
89,spotify:track:531KGXtBroSrOX9LVmiIgc
90,spotify:track:4xkOaSrkexMciUUogZKVTS
91,spotify:track:3AVXwaOGCEL8cmBecfcsFJ
92,spotify:track:6EyKgt8Ndw2aVb2x1DGjkm
93,spotify:track:4a0oV0MjoURyHnW1gz8qcg
94,spotify:track:1iIIsJlKQW7E4eLw7x5XOI
95,spotify:track:3DZMR7h7qm12wnPh7P4DqT
96,spotify:track:6o1w1oqUMiJI1Kp0s0ksRK
97,spotify:track:2BcMwX1MPV6ZHP4tUT9uq6
98,spotify:track:1DIXPcTDzTj8ZMHt3PDt8p
99,spotify:track:4P0r0yO7HNPvOra7BHGixH
100,spotify:track:4pt5fDVTg5GhEvEtlz9dKk
101,spotify:track:0HqZX76SFLDz2aW8aiqi7G
102,spotify:track:6I3mqTwhRpn34SLVafSH7G
103,spotify:track:6YH2SZWaLNmDMCBYIqjx39
104,spotify:track:776AftMmFFAWUIEAb3lHhw
105,spotify:track:6f3Slt0GbA2bPZlz0aIFXN
106,spotify:track:7iL6o9tox1zgHpKUfh9vuC
107,spotify:track:2HTL8rQMv4gBxljw4p0Y6P
108,spotify:track:2Xr1dTzJee307rmrkt8c0g
109,spotify:track:3DarAbFujv6eYNliUTyqtz
110,spotify:track:37y7iDayfwm3WXn5BiAoRk
111,spotify:track:0lKiqlTA0kN0k2TrjG5daO
112,spotify:track:0gucTLf7trAf37Ua1uAyAu
113,spotify:track:2jQiSYrwJehQAcuaaQrXnS
114,spotify:track:7hU3IHwjX150XLoTVmjD0q
115,spotify:track:5JuM3RrFBnSDFUtivSNCbI
116,spotify:track:2rFZhVHWOwDxAy59qLUzLy
117,spotify:track:56toqzf7aTsmiZcILHODtO
118,spotify:track:40iJIUlhi6renaREYGeIDS
119,spotify:track:7E7XN8PETVw4XswtzsKVqh
120,spotify:track:2plJdCLTDrATAlL7pU8SeA
121,spotify:track:60ynsPSSKe6O3sfwRnIBRf
122,spotify:track:6ARd0Qd8iunz6lNyYQZz4t
123,spotify:track:3eekarcy7kvN4yt5ZFzltW
124,spotify:track:7FIWs0pqAYbP91WWM0vlTQ
125,spotify:track:2fgAjk7DbAHj7G7IbVIWiM
126,spotify:track:0zCgWGmDF0aih5qexATyBn
127,spotify:track:7zwn1eykZtZ5LODrf7c0tS
128,spotify:track:7cgkuZeVnDQtDVvHvmZmEg
129,spotify:track:1bwLTopYsL8A0j0fg7fi79
130,spotify:track:792HwhrdO3ErRKL5yRe4Ge
131,spotify:track:2swRdG3vAk5bYBR3oSf1cg
132,spotify:track:1v7L65Lzy0j0vdpRjJewt1
133,spotify:track:1HFM7MynZQTota9GSdPZt5
134,spotify:track:6gBFPUFcJLzWGx4lenP6h2
135,spotify:track:6ChnGkBwnq2HUJD24YhMhW
136,spotify:track:0AFhDjWpKXSbllPDJhvx38
137,spotify:track:6Jrdb6CFOJEGaHjaa6c4WR
138,spotify:track:6E90gq0KO6FYZVOXx8kCcC
139,spotify:track:3Kkjo3cT83cw09VJyrLNwX
140,spotify:track:6W2jsJG6MPPJ6xTWcNEeHr
141,spotify:track:3i6sCTU7ENlnHpHvrHUitW
142,spotify:track:0W6I02J9xcqK8MtSeosEXb
143,spotify:track:0fv2KH6hac06J86hBUTcSf
144,spotify:track:4cG7HUWYHBV6R6tHn1gxrl
145,spotify:track:6LtHYDgYHRCHoKK3snfr2w
146,spotify:track:69zyifKelGUoEBEKfCX5ri
147,spotify:track:2WdSG9V5Pgxb0lNXVmzm7k
148,spotify:track:29TPjc8wxfz4XMn21O7VsZ
149,spotify:track:1Al4Z4K76RCKj31mExavs7
150,spotify:track:00Blm7zeNqgYLPtW6zg8cj
151,spotify:track:5mLKKyW4xXV9MsHdEFcR0l
152,spotify:track:7MXVkk9YMctZqd1Srtv4MB
153,spotify:track:0PvFJmanyNQMseIFrU708S
154,spotify:track:4GRFzKI7jTZ3kbMfouc7bn
155,spotify:track:7hxHWCCAIIxFLCzvDgnQHX
156,spotify:track:46w6RqZXx96cORKIbExvSu
157,spotify:track:3FMedgGsLUNwx8NciePFEK
158,spotify:track:2r6OAV3WsYtXuXjvJ1lIDi
159,spotify:track:0oA9wBGDY4uyILLg4GymWP
160,spotify:track:7KpoCH5M4hSJSCTPdeKm2h
161,spotify:track:5evJJmNenJJF04OBGEGgZc
162,spotify:track:7a8GawTVgHZvBLQOh46he7
163,spotify:track:3CLSHJv5aUROAN2vfOyCOh
164,spotify:track:2Foc5Q5nqNiosCNqttzHof
165,spotify:track:4ix0ntu244dcdAoSml7trs
166,spotify:track:5DDbBY763OCil7Joc4YS1m
167,spotify:track:7gQSgOGCJpdnmkCjD1wziW
168,spotify:track:7EkWXAI1wn8Ii883ecd9xr
169,spotify:track:3IZutEY5ylKWRmW635Nxld
170,spotify:track:1NXDDexJAupRgVjkEdaGP8
171,spotify:track:62Yo3FDddWY8ydu6PW2wyz
172,spotify:track:7I4ibsZgwuf46g0xHuTC8s
173,spotify:track:38UUNCdCauMgncaYiLMeMy
174,spotify:track:0Z2J91b2iTGLVTZC4fKgxf
175,spotify:track:0WSEq9Ko4kFPt8yo3ICd6T
176,spotify:track:0sTlGEld0h8kIPZaKDYUf4
177,spotify:track:5GZr9UqQ7Uwf6kC1UEpNfa
178,spotify:track:7ycWLEP1GsNjVvcjawXz3z
179,spotify:track:2gQPv5jvVPqU2a9HhMNO1v
180,spotify:track:1i4dfHe2SH9HkAXzyGAWcl
181,spotify:track:0N0h5lXc4HOiLgGb9EZi8m
182,spotify:track:2eAvDnpXP5W0cVtiI0PUxV
183,spotify:track:0pqnGHJpmpxLKifKRmU6WP
184,spotify:track:4ySXllOjxOgOTXUrsi51CG
185,spotify:track:5uEYRdEIh9Bo4fpjDd4Na9
186,spotify:track:5lT5IZWW3JQErXELJpQgJ9
187,spotify:track:1aYbHCFnGVuU4OOdewAsNa
188,spotify:track:5oE4QPgCrAs3itnmj2GmsM
189,spotify:track:1IjweJUDe5ACTiJZ5aIzbl
190,spotify:track:7KZSo4wspWL0AyUZgr9S17
191,spotify:track:0u2P5u6lvoDfwTYjAADbn4
192,spotify:track:3zxwDnimgIhLRRpYoDSZnm
193,spotify:track:7xeauW5oB0TRGNbK2kaxsl
194,spotify:track:4RVwu0g32PAqgUiJoXsdF8
195,spotify:track:6UelLqGlWMcVH1E5c4H7lY
196,spotify:track:2WYs5LxOZfEyURXu7V0O1a
197,spotify:track:5nYuCvuoBfbxXlNy95iBch
198,spotify:track:35mvY5S1H3J2QZyna3TFe0
199,spotify:track:46HNZY1i7O6jwTA7Slo2PI
