,uri
0,spotify:track:4k6Uh1HXdhtusDW5y8Gbvy
1,spotify:track:4Dvkj6JhhA12EX05fT7y2e
2,spotify:track:4C6Uex2ILwJi9sZXRdmqXp
3,spotify:track:4h9wh7iOZ0GGn8QVp4RAOB
4,spotify:track:75FEaRjZTKLhTrFGsfMUXR
5,spotify:track:02MWAaffLxlfxAUY7c5dvx
6,spotify:track:3LtpKP5abr2qqjunvjlX5i
7,spotify:track:6xGruZOHLs39ZbVccQTuPZ
8,spotify:track:0O6u0VJ46W86TxN9wgyqDj
9,spotify:track:4h4QlmocP3IuwYEj2j14p8
10,spotify:track:0skYUMpS0AcbpjcGsAbRGj
11,spotify:track:6HMtHNpW6YPi1hrw9tgF8P
12,spotify:track:0hquQWY3xvYqN4qtiquniF
13,spotify:track:5PjdY0CKGZdEuoNab3yDmX
14,spotify:track:0wHFktze2PHC5jDt3B17DC
15,spotify:track:5IgjP7X4th6nMNDh4akUHb
16,spotify:track:6JIC3hbC28JZKZ8AlAqX8h
17,spotify:track:76OGwb5RA9h4FxQPT33ekc
18,spotify:track:1qEmFfgcLObUfQm0j1W2CK
19,spotify:track:5pyoxDZ1PX0KxBxiRVxA4U
20,spotify:track:0N9C80kcgL0xXGduKnYKWi
21,spotify:track:50nfwKoDiSYg8zOCREWAm5
22,spotify:track:6I3mqTwhRpn34SLVafSH7G
23,spotify:track:3uUuGVFu1V7jTQL60S1r8z
24,spotify:track:3F5CgOj3wFlRv51JsHbxhe
25,spotify:track:4cacyP5c3PMlfnyjpg13xW
26,spotify:track:40SBS57su9xLiE1WqkXOVr
27,spotify:track:003vvx7Niy0yvhvHt4a68B
28,spotify:track:2QjOHCTQ1Jl3zawyYOpxh6
29,spotify:track:1r8ZCjfrQxoy2wVaBUbpwg
30,spotify:track:2LBqCSwhJGcFQeTHMVGwy3
31,spotify:track:59nOXPmaKlBfGMDeOVGrIK
32,spotify:track:7jtQIBanIiJOMS6RyCx6jZ
33,spotify:track:0g2Bbgy7P41pFjMWJuzsf4
34,spotify:track:3rmo8F54jFF8OgYsqTxm5d
35,spotify:track:4KGNI037I8ZA6n3h6LYuey
36,spotify:track:7l9IqDtVWJurTvkQHq1BGh
37,spotify:track:10xV5l9nhLvFpR8mqzs0bL
38,spotify:track:68Dni7IE4VyPkTOH9mRWHr
39,spotify:track:7yq4Qj7cqayVTp3FF9CWbm
40,spotify:track:0mBP9X2gPCuapvpZ7TGDk3
41,spotify:track:2DB4DdfCFMw1iaR6JaR03a
42,spotify:track:0e8nrvls4Qqv5Rfa2UhqmO
43,spotify:track:58HvfVOeJY7lUuCqF0m3ly
44,spotify:track:4ZtFanR9U6ndgddUvNcjcG
45,spotify:track:6Qyc6fS4DsZjB2mRW9DsQs
46,spotify:track:0VjIjW4GlUZAMYd2vXMi3b
47,spotify:track:3sa06xVNmLLYIxdNNmVQN8
48,spotify:track:7qEHsqek33rTcFNT9PFqLf
49,spotify:track:5Z9KJZvQzH6PFmb8SNkxuk
50,spotify:track:7MXVkk9YMctZqd1Srtv4MB
51,spotify:track:4EWCNWgDS8707fNSZ1oaA5
52,spotify:track:5A5bLKdL5I3k3FTEQlAUw7
53,spotify:track:6UelLqGlWMcVH1E5c4H7lY
54,spotify:track:1cKHdTo9u0ZymJdPGSh6nq
55,spotify:track:3GZD6HmiNUhxXYf8Gch723
56,spotify:track:21DuXS5wpeO1z0dp445bop
57,spotify:track:7lQ8MOhq6IN2w8EYcFNSUk
58,spotify:track:0y60itmpH0aPKsFiGxmtnh
59,spotify:track:4pi1G1x8tl9VfdD9bL3maT
60,spotify:track:5nujrmhLynf4yMoMtj8AQF
61,spotify:track:0ofHAoxe9vBkTCp2UQIavz
62,spotify:track:46IZ0fSY2mpAiktS3KOqds
63,spotify:track:6HJizCbaqaEQG1eLjn341Z
64,spotify:track:3yfqSUWxFvZELEM4PmlwIR
65,spotify:track:3AJwUDP919kvQ9QcozQPxg
66,spotify:track:09mEdoA6zrmBPgTEN5qXmN
67,spotify:track:5wANPM4fQCJwkGd4rN57mH
68,spotify:track:22skzmqfdWrjJylampe0kt
69,spotify:track:4RvWPyQ5RL0ao9LPZeSouE
70,spotify:track:6Uj1ctrBOjOas8xZXGqKk4
71,spotify:track:0xzI1KAr0Yd9tv8jlIk3sn
72,spotify:track:3CIyK1V4JEJkg02E4EJnDl
73,spotify:track:3E7dfMvvCLUddWissuqMwr
74,spotify:track:37y7iDayfwm3WXn5BiAoRk
75,spotify:track:6feiJqgHqeSvkGUzf11AYs
76,spotify:track:3Oww84xrmgjyr5J1ilOmAf
77,spotify:track:7fBv7CLKzipRk6EC6TWHOB
78,spotify:track:6VhuP99TE6gYNQRJIlAWFD
79,spotify:track:4svaKoxMMP7ImmKrD5hfQu
80,spotify:track:3DarAbFujv6eYNliUTyqtz
81,spotify:track:2eAvDnpXP5W0cVtiI0PUxV
82,spotify:track:4Li2WHPkuyCdtmokzW2007
83,spotify:track:21jGcNKet2qwijlDFuPiPb
84,spotify:track:7DFNE7NO0raLIUbgzY2rzm
85,spotify:track:0ntQJM78wzOLVeCUAW7Y45
86,spotify:track:2wGSgTmgSF3xjRrHkTc25R
87,spotify:track:4tqcoej1zPvwePZCzuAjJd
88,spotify:track:7ef4DlsgrMEH11cDZd32M6
89,spotify:track:27ZZdyTSQWI7Cug2d2PkqV
90,spotify:track:0RiRZpuVRbi7oqRdSMwhQY
91,spotify:track:0u2P5u6lvoDfwTYjAADbn4
92,spotify:track:5uCax9HTNlzGybIStD3vDh
93,spotify:track:1ei3hzQmrgealgRKFxIcWn
94,spotify:track:7iL6o9tox1zgHpKUfh9vuC
95,spotify:track:1v7L65Lzy0j0vdpRjJewt1
96,spotify:track:5CZ40GBx1sQ9agT82CLQCT
97,spotify:track:62ke5zFUJN6RvtXZgVH0F8
98,spotify:track:58ge6dfP91o9oXMzq3XkIS
99,spotify:track:3sNVsP50132BTNlImLx70i
100,spotify:track:5BgeAX4HuZdcuCqmu4pIMM
101,spotify:track:1R0a2iXumgCiFb7HEZ7gUE
102,spotify:track:2VxeLyX666F8uXCJ0dZF8B
103,spotify:track:4RVwu0g32PAqgUiJoXsdF8
104,spotify:track:1xzi1Jcr7mEi9K2RfzLOqS
105,spotify:track:4bHsxqR3GMrXTxEPLuK5ue
106,spotify:track:45bfH0GZvUyujIBiKRhXso
107,spotify:track:5qrSlOut2rNAWv3ubArkNy
108,spotify:track:2HbKqm4o0w5wEeEFXm2sD4
109,spotify:track:1Hohk6AufHZOrrhMXZppax
110,spotify:track:0nrRP2bk19rLc0orkWPQk2
111,spotify:track:5th1bFGGaXLM7wDBJpcF06
112,spotify:track:1FEiijYPJtyswChfcpv3p0
113,spotify:track:2gam98EZKrF9XuOkU13ApN
114,spotify:track:6clzeGvi1CFioMOolbAOlX
115,spotify:track:2HZLXBOnaSRhXStMLrq9fD
116,spotify:track:4rmVZajAF7PkrCagGPHbqa
117,spotify:track:4686eQ81DEswHa90bcdlC9
118,spotify:track:4qu63nuBpdn0qHUHuObEj1
119,spotify:track:531KGXtBroSrOX9LVmiIgc
120,spotify:track:3rq5w4bQGigXOfdN30ATJt
121,spotify:track:6HU7h9RYOaPRFeh0R3UeAr
122,spotify:track:3dYD57lRAUcMHufyqn9GcI
123,spotify:track:4XvcHTUfIlWfyJTRG0aqlo
124,spotify:track:0gucTLf7trAf37Ua1uAyAu
125,spotify:track:0cqRj7pUJDkTCEsJkx8snD
126,spotify:track:0oiv4E896TUTTeQU0cmIui
127,spotify:track:2tpWsVSb9UEmDRxAl1zhX1
128,spotify:track:48UKTR66uUOT9LaUvooTNx
129,spotify:track:6uvh0In7u1Xn4HgxOfAn8O
130,spotify:track:5QO79kh1waicV47BqGRL3g
131,spotify:track:1zi7xx7UVEFkmKfv06H8x0
132,spotify:track:7DbdUf8aHSYoliSjO6LZv6
133,spotify:track:1DIXPcTDzTj8ZMHt3PDt8p
134,spotify:track:2MuWTIM3b0YEAskbeeFE1i
135,spotify:track:5QM0SsyzmBM0pbFY52Xj1X
136,spotify:track:5TXDeTFVRVY7Cvt0Dw4vWW
137,spotify:track:7KwZNVEaqikRSBSpyhXK2j
138,spotify:track:4kbj5MwxO1bq9wjT5g9HaA
139,spotify:track:3UmaczJpikHgJFyBTAJVoz
140,spotify:track:25FTMokYEbEWHEdss5JLZS
141,spotify:track:1u8c2t2Cy7UBoG4ArRcF5g
142,spotify:track:4u7EnebtmKWzUH433cf5Qv
143,spotify:track:7FGq80cy8juXBCD2nrqdWU
144,spotify:track:5gDWsRxpJ2lZAffh5p7K0w
145,spotify:track:4xkOaSrkexMciUUogZKVTS
146,spotify:track:6Jkm5kUldvIqxzI1Pa7nXH
147,spotify:track:1LIvdWNdKmHvU0FJvw2diN
148,spotify:track:07GvNcU1WdyZJq3XxP0kZa
149,spotify:track:6FE2iI43OZnszFLuLtvvmg
150,spotify:track:1oFAF1hdPOickyHgbuRjyX
151,spotify:track:4zN21mbAuaD0WqtmaTZZeP
152,spotify:track:3PfIrDoz19wz7qK7tYeu62
153,spotify:track:0d28khcov6AiegSCpG5TuT
154,spotify:track:4wVOKKEHUJxHCFFNUWDn0B
155,spotify:track:0wXuerDYiBnERgIpbb3JBR
156,spotify:track:2gMXnyrvIjhVBUZwvLZDMP
157,spotify:track:4HlFJV71xXKIGcU3kRyttv
158,spotify:track:2374M0fQpWi3dLnB54qaLX
159,spotify:track:7BqBn9nzAq8spo5e7cZ0dJ
160,spotify:track:5rb9QrpfcKFHM1EUbSIurX
161,spotify:track:6f5ExP43esnvdKPddwKXJH
162,spotify:track:1XGmzt0PVuFgQYYnV2It7A
163,spotify:track:0pqnGHJpmpxLKifKRmU6WP
164,spotify:track:6N1EjQjnvhOjFrF6oUmGPa
165,spotify:track:3Fzlg5r1IjhLk2qRw667od
166,spotify:track:37ZJ0p5Jm13JPevGcx4SkF
167,spotify:track:3yMC1KsTwh0ceXdIe4QQAQ
168,spotify:track:2N8m6CYs74qQO4mjVcXO30
169,spotify:track:1qDrWA6lyx8cLECdZE7TV7
170,spotify:track:32vE1nuG8T9c8bhmZdRY6d
171,spotify:track:4fouWK6XVHhzl78KzQ1UjL
172,spotify:track:1KGi9sZVMeszgZOWivFpxs
173,spotify:track:4OmfWzukSVD140NiAIEjem
174,spotify:track:3yrSvpt2l1xhsV9Em88Pul
175,spotify:track:2vXKRlJBXyOcvZYTdNeckS
176,spotify:track:5YbPxJwPfrj7uswNwoF1pJ
177,spotify:track:7o2CTH4ctstm8TNelqjb51
178,spotify:track:6K4t31amVTZDgR3sKmwUJJ
179,spotify:track:48q0vSHcJdhK3IiXH8C5WJ
180,spotify:track:4woTEX1wYOTGDqNXuavlRC
181,spotify:track:5qqabIl2vWzo9ApSC317sa
182,spotify:track:68EkhVWIeULhHxcbi1QhzK
183,spotify:track:51pshtuYkgUQnt5huMPbKL
184,spotify:track:2gYj9lubBorOPIVWsTXugG
185,spotify:track:3AVrVz5rK8Hrqo9YGiVGN5
186,spotify:track:0I3q5fE6wg7LIfHGngUTnV
187,spotify:track:5sICkBXVmaCQk5aISGR3x1
188,spotify:track:7FIWs0pqAYbP91WWM0vlTQ
189,spotify:track:2iUXsYOEPhVqEBwsqP70rE
190,spotify:track:7a8GawTVgHZvBLQOh46he7
191,spotify:track:1K3LRUEcUz5FMtPYyg0F45
192,spotify:track:3AVXwaOGCEL8cmBecfcsFJ
193,spotify:track:2PpruBYCo4H7WOBJ7Q2EwM
194,spotify:track:2BOqDYLOJBiMOXShCV1neZ
195,spotify:track:6EbVuwU7EnKeF2hdpViXCH
196,spotify:track:2LawezPeJhN4AWuSB0GtAU
197,spotify:track:3azJifCSqg9fRij2yKIbWz
198,spotify:track:5hnyJvgoWiQUYZttV4wXy6
199,spotify:track:1JSTJqkT5qHq8MDJnJbRE1
