,uri
0,spotify:track:3nqQXoyQOWXiESFLlDF1hG
1,spotify:track:4uUG5RXrOk84mYEfFvj3cK
2,spotify:track:4h9wh7iOZ0GGn8QVp4RAOB
3,spotify:track:4k6Uh1HXdhtusDW5y8Gbvy
4,spotify:track:4Dvkj6JhhA12EX05fT7y2e
5,spotify:track:2yjlYDiNiQkdxVqTlaSrlX
6,spotify:track:39JofJHEtg8I4fSyo7Imft
7,spotify:track:1xzi1Jcr7mEi9K2RfzLOqS
8,spotify:track:02MWAaffLxlfxAUY7c5dvx
9,spotify:track:3LtpKP5abr2qqjunvjlX5i
10,spotify:track:5IgjP7X4th6nMNDh4akUHb
11,spotify:track:0O6u0VJ46W86TxN9wgyqDj
12,spotify:track:13Irp51zj01BZu2XtDrnAg
13,spotify:track:4h4QlmocP3IuwYEj2j14p8
14,spotify:track:5PjdY0CKGZdEuoNab3yDmX
15,spotify:track:3WMj8moIAXJhHsyLaqIIHI
16,spotify:track:40SBS57su9xLiE1WqkXOVr
17,spotify:track:6HMtHNpW6YPi1hrw9tgF8P
18,spotify:track:5TJEBoTCDbJXiKMdCN9pd3
19,spotify:track:76OGwb5RA9h4FxQPT33ekc
20,spotify:track:1qEmFfgcLObUfQm0j1W2CK
21,spotify:track:6JIC3hbC28JZKZ8AlAqX8h
22,spotify:track:0hquQWY3xvYqN4qtiquniF
23,spotify:track:2QjOHCTQ1Jl3zawyYOpxh6
24,spotify:track:2TktkzfozZifbQhXjT6I33
25,spotify:track:1xK59OXxi2TAAAbmZK0kBL
26,spotify:track:48UKTR66uUOT9LaUvooTNx
27,spotify:track:27ZZdyTSQWI7Cug2d2PkqV
28,spotify:track:0wHFktze2PHC5jDt3B17DC
29,spotify:track:38T0tPVZHcPZyhtOcCP7pF
30,spotify:track:6xGruZOHLs39ZbVccQTuPZ
31,spotify:track:7jtQIBanIiJOMS6RyCx6jZ
32,spotify:track:75FEaRjZTKLhTrFGsfMUXR
33,spotify:track:73vIOb4Q7YN6HeJTbscRx5
34,spotify:track:0N9C80kcgL0xXGduKnYKWi
35,spotify:track:003vvx7Niy0yvhvHt4a68B
36,spotify:track:5uSFGgIfHMT3osrAd9n9ym
37,spotify:track:6I3mqTwhRpn34SLVafSH7G
38,spotify:track:3uUuGVFu1V7jTQL60S1r8z
39,spotify:track:3xWGA8pa0IKFI7IMPri4P0
40,spotify:track:10xV5l9nhLvFpR8mqzs0bL
41,spotify:track:5hnGrTBaEsdukpDF6aZg8a
42,spotify:track:68Dni7IE4VyPkTOH9mRWHr
43,spotify:track:4zN21mbAuaD0WqtmaTZZeP
44,spotify:track:59nOXPmaKlBfGMDeOVGrIK
45,spotify:track:3F5CgOj3wFlRv51JsHbxhe
46,spotify:track:2LBqCSwhJGcFQeTHMVGwy3
47,spotify:track:7xTDT7gyIrv0xWpwwXExxU
48,spotify:track:3sNVsP50132BTNlImLx70i
49,spotify:track:6ex1Pz3pntgy4NPtxHXN2V
50,spotify:track:5pyoxDZ1PX0KxBxiRVxA4U
51,spotify:track:4OmfWzukSVD140NiAIEjem
52,spotify:track:1DIXPcTDzTj8ZMHt3PDt8p
53,spotify:track:7gRFDGEzF9UkBV233yv2dc
54,spotify:track:54ipXppHLA8U4yqpOFTUhr
55,spotify:track:3EaJDYHA0KnX88JvDhL9oa
56,spotify:track:3GZD6HmiNUhxXYf8Gch723
57,spotify:track:7yq4Qj7cqayVTp3FF9CWbm
58,spotify:track:7DbdUf8aHSYoliSjO6LZv6
59,spotify:track:5odlY52u43F5BjByhxg7wg
60,spotify:track:4cacyP5c3PMlfnyjpg13xW
61,spotify:track:7qEHsqek33rTcFNT9PFqLf
62,spotify:track:1r8ZCjfrQxoy2wVaBUbpwg
63,spotify:track:4KGNI037I8ZA6n3h6LYuey
64,spotify:track:5A5bLKdL5I3k3FTEQlAUw7
65,spotify:track:4RVwu0g32PAqgUiJoXsdF8
66,spotify:track:4ZtFanR9U6ndgddUvNcjcG
67,spotify:track:0ofHAoxe9vBkTCp2UQIavz
68,spotify:track:0VjIjW4GlUZAMYd2vXMi3b
69,spotify:track:7lQ8MOhq6IN2w8EYcFNSUk
70,spotify:track:6VhuP99TE6gYNQRJIlAWFD
71,spotify:track:6UelLqGlWMcVH1E5c4H7lY
72,spotify:track:0u2P5u6lvoDfwTYjAADbn4
73,spotify:track:0JzG1wJuB4v9UPkSE7LMXi
74,spotify:track:6Qyc6fS4DsZjB2mRW9DsQs
75,spotify:track:1cKHdTo9u0ZymJdPGSh6nq
76,spotify:track:5nujrmhLynf4yMoMtj8AQF
77,spotify:track:7MXVkk9YMctZqd1Srtv4MB
78,spotify:track:22skzmqfdWrjJylampe0kt
79,spotify:track:3GYlZ7tbxLOxe6ewMNVTkw
80,spotify:track:3sa06xVNmLLYIxdNNmVQN8
81,spotify:track:7l9IqDtVWJurTvkQHq1BGh
82,spotify:track:5XeFesFbtLpXzIVDNQP22n
83,spotify:track:3yfqSUWxFvZELEM4PmlwIR
84,spotify:track:5Odq8ohlgIbQKMZivbWkEo
85,spotify:track:1mMLMZYXkMueg65jRRWG1l
86,spotify:track:3E7dfMvvCLUddWissuqMwr
87,spotify:track:5Z9KJZvQzH6PFmb8SNkxuk
88,spotify:track:1R0a2iXumgCiFb7HEZ7gUE
89,spotify:track:3azJifCSqg9fRij2yKIbWz
90,spotify:track:46IZ0fSY2mpAiktS3KOqds
91,spotify:track:1mea3bSkSGXuIRvnydlB5b
92,spotify:track:0ntQJM78wzOLVeCUAW7Y45
93,spotify:track:7mykoq6R3BArsSpNDjFQTm
94,spotify:track:2wGSgTmgSF3xjRrHkTc25R
95,spotify:track:3Oww84xrmgjyr5J1ilOmAf
96,spotify:track:0RiRZpuVRbi7oqRdSMwhQY
97,spotify:track:3AJwUDP919kvQ9QcozQPxg
98,spotify:track:1v7L65Lzy0j0vdpRjJewt1
99,spotify:track:4Li2WHPkuyCdtmokzW2007
100,spotify:track:2DB4DdfCFMw1iaR6JaR03a
101,spotify:track:5QM0SsyzmBM0pbFY52Xj1X
102,spotify:track:4RvWPyQ5RL0ao9LPZeSouE
103,spotify:track:5qrSlOut2rNAWv3ubArkNy
104,spotify:track:58ge6dfP91o9oXMzq3XkIS
105,spotify:track:2rxQMGVafnNaRaXlRMWPde
106,spotify:track:4EWCNWgDS8707fNSZ1oaA5
107,spotify:track:4tRhRLBxIZ34Iw0eCuiC03
108,spotify:track:4bHsxqR3GMrXTxEPLuK5ue
109,spotify:track:5uCax9HTNlzGybIStD3vDh
110,spotify:track:21DuXS5wpeO1z0dp445bop
111,spotify:track:2HbKqm4o0w5wEeEFXm2sD4
112,spotify:track:3CIyK1V4JEJkg02E4EJnDl
113,spotify:track:4pi1G1x8tl9VfdD9bL3maT
114,spotify:track:5wANPM4fQCJwkGd4rN57mH
115,spotify:track:7iL6o9tox1zgHpKUfh9vuC
116,spotify:track:0e8nrvls4Qqv5Rfa2UhqmO
117,spotify:track:0GONea6G2XdnHWjNZd6zt3
118,spotify:track:0WtM2NBVQNNJLh6scP13H8
119,spotify:track:6Uj1ctrBOjOas8xZXGqKk4
120,spotify:track:7fBv7CLKzipRk6EC6TWHOB
121,spotify:track:0cqRj7pUJDkTCEsJkx8snD
122,spotify:track:0gucTLf7trAf37Ua1uAyAu
123,spotify:track:2eAvDnpXP5W0cVtiI0PUxV
124,spotify:track:2VxeLyX666F8uXCJ0dZF8B
125,spotify:track:2tpWsVSb9UEmDRxAl1zhX1
126,spotify:track:3ZCTVFBt2Brf31RLEnCkWJ
127,spotify:track:4tqcoej1zPvwePZCzuAjJd
128,spotify:track:21jGcNKet2qwijlDFuPiPb
129,spotify:track:3DarAbFujv6eYNliUTyqtz
130,spotify:track:09mEdoA6zrmBPgTEN5qXmN
131,spotify:track:1FEiijYPJtyswChfcpv3p0
132,spotify:track:5zwwW9Oq7ubSxoCGyW1nbY
133,spotify:track:7ef4DlsgrMEH11cDZd32M6
134,spotify:track:7KwZNVEaqikRSBSpyhXK2j
135,spotify:track:2m1hi0nfMR9vdGC8UcrnwU
136,spotify:track:0pqnGHJpmpxLKifKRmU6WP
137,spotify:track:4XvcHTUfIlWfyJTRG0aqlo
138,spotify:track:0nrRP2bk19rLc0orkWPQk2
139,spotify:track:2gam98EZKrF9XuOkU13ApN
140,spotify:track:5UWwZ5lm5PKu6eKsHAGxOk
141,spotify:track:5TXDeTFVRVY7Cvt0Dw4vWW
142,spotify:track:4xkOaSrkexMciUUogZKVTS
143,spotify:track:4kbj5MwxO1bq9wjT5g9HaA
144,spotify:track:5YbPxJwPfrj7uswNwoF1pJ
145,spotify:track:3dYD57lRAUcMHufyqn9GcI
146,spotify:track:6qmvAJSUfVGMubvI2awW7p
147,spotify:track:43zdsphuZLzwA9k4DJhU0I
148,spotify:track:5FVd6KXrgO9B3JPmC8OPst
149,spotify:track:2374M0fQpWi3dLnB54qaLX
150,spotify:track:1zi7xx7UVEFkmKfv06H8x0
151,spotify:track:3UmaczJpikHgJFyBTAJVoz
152,spotify:track:3yrSvpt2l1xhsV9Em88Pul
153,spotify:track:07GvNcU1WdyZJq3XxP0kZa
154,spotify:track:1u8c2t2Cy7UBoG4ArRcF5g
155,spotify:track:1Fid2jjqsHViMX6xNH70hE
156,spotify:track:0tgVpDi06FyKpA1z0VMD4v
157,spotify:track:0frIZMaQwtdV4Ee8nhB1te
158,spotify:track:5MxWTfmlmRDx6VZHvB9xV8
159,spotify:track:7o2CTH4ctstm8TNelqjb51
160,spotify:track:6IBcOGPsniK3Pso1wHIhew
161,spotify:track:2gMXnyrvIjhVBUZwvLZDMP
162,spotify:track:6FE2iI43OZnszFLuLtvvmg
163,spotify:track:5TRPicyLGbAF2LGBFbHGvO
164,spotify:track:0wXuerDYiBnERgIpbb3JBR
165,spotify:track:7BqBn9nzAq8spo5e7cZ0dJ
166,spotify:track:58HvfVOeJY7lUuCqF0m3ly
167,spotify:track:37ZJ0p5Jm13JPevGcx4SkF
168,spotify:track:3PfIrDoz19wz7qK7tYeu62
169,spotify:track:1oFAF1hdPOickyHgbuRjyX
170,spotify:track:086myS9r57YsLbJpU0TgK9
171,spotify:track:2iUXsYOEPhVqEBwsqP70rE
172,spotify:track:6K4t31amVTZDgR3sKmwUJJ
173,spotify:track:5rb9QrpfcKFHM1EUbSIurX
174,spotify:track:4HlFJV71xXKIGcU3kRyttv
175,spotify:track:2LawezPeJhN4AWuSB0GtAU
176,spotify:track:2SiXAy7TuUkycRVbbWDEpo
177,spotify:track:5g7sDjBhZ4I3gcFIpkrLuI
178,spotify:track:1KGi9sZVMeszgZOWivFpxs
179,spotify:track:7aZiDdufBX2Ek8OUuxK0IQ
180,spotify:track:3Vby4nGmtbDo7HDJamOWkT
181,spotify:track:2PpruBYCo4H7WOBJ7Q2EwM
182,spotify:track:7DFNE7NO0raLIUbgzY2rzm
183,spotify:track:1K3LRUEcUz5FMtPYyg0F45
184,spotify:track:7aEtlGHoiPAfRB084NiDmx
185,spotify:track:4woTEX1wYOTGDqNXuavlRC
186,spotify:track:5uU1uuyaUIBOiiUSQG7Wl3
187,spotify:track:286TLtk120rnrmVeQClDTc
188,spotify:track:6feiJqgHqeSvkGUzf11AYs
189,spotify:track:79s5XnCN4TJKTVMSmOx8Ep
190,spotify:track:0I3q5fE6wg7LIfHGngUTnV
191,spotify:track:3xKsf9qdS1CyvXSMEid6g8
192,spotify:track:51pshtuYkgUQnt5huMPbKL
193,spotify:track:7FGq80cy8juXBCD2nrqdWU
194,spotify:track:5CZ40GBx1sQ9agT82CLQCT
195,spotify:track:5qqabIl2vWzo9ApSC317sa
196,spotify:track:4qu63nuBpdn0qHUHuObEj1
197,spotify:track:4u7EnebtmKWzUH433cf5Qv
198,spotify:track:3Fzlg5r1IjhLk2qRw667od
199,spotify:track:3d9DChrdc6BOeFsbrZ3Is0
