,uri
0,spotify:track:0bYg9bo50gSsH3LtXe2SQn
1,spotify:track:3nqQXoyQOWXiESFLlDF1hG
2,spotify:track:1Qrg8KqiBpW07V7PNxwwwL
3,spotify:track:0V3wPSX9ygBnCm8psDIegu
4,spotify:track:4h9wh7iOZ0GGn8QVp4RAOB
5,spotify:track:2FRnf9qhLbvw8fu4IBXx78
6,spotify:track:2EjXfH91m7f8HiJN1yQg97
7,spotify:track:2dHHgzDwk4BJdRwy9uXhTO
8,spotify:track:0QHEIqNKsMoOY5urbzN48u
9,spotify:track:4uUG5RXrOk84mYEfFvj3cK
10,spotify:track:1rv46mRwDqMEhOBZ7vODg3
11,spotify:track:1bDbXMyjaUIooNwFE9wn0N
12,spotify:track:73vIOb4Q7YN6HeJTbscRx5
13,spotify:track:0lizgQ7Qw35od7CYaoMBZb
14,spotify:track:5Y35SjAfXjjG0sFQ3KOxmm
15,spotify:track:4Dvkj6JhhA12EX05fT7y2e
16,spotify:track:7vQbuQcyTflfCIOu3Uzzya
17,spotify:track:4k6Uh1HXdhtusDW5y8Gbvy
18,spotify:track:2wSTnntOPRi7aQneobFtU4
19,spotify:track:5WxVXxCMRnvxUKFq40ELwq
20,spotify:track:02MWAaffLxlfxAUY7c5dvx
21,spotify:track:39JofJHEtg8I4fSyo7Imft
22,spotify:track:2CSRrnOEELmhpq8iaAi9cd
23,spotify:track:1xzi1Jcr7mEi9K2RfzLOqS
24,spotify:track:6tjituizSxwSmBB5vtgHZE
25,spotify:track:3WMj8moIAXJhHsyLaqIIHI
26,spotify:track:5PjdY0CKGZdEuoNab3yDmX
27,spotify:track:40SBS57su9xLiE1WqkXOVr
28,spotify:track:6JIC3hbC28JZKZ8AlAqX8h
29,spotify:track:1aOl53hkZGHkl2Snhr7opL
30,spotify:track:4h4QlmocP3IuwYEj2j14p8
31,spotify:track:2GAhgAjOhEmItWLfgisyOn
32,spotify:track:003vvx7Niy0yvhvHt4a68B
33,spotify:track:7jtQIBanIiJOMS6RyCx6jZ
34,spotify:track:5IgjP7X4th6nMNDh4akUHb
35,spotify:track:13Irp51zj01BZu2XtDrnAg
36,spotify:track:1IcR6RlgvDczfvoWJSSY2A
37,spotify:track:0O6u0VJ46W86TxN9wgyqDj
38,spotify:track:6eT2V7nKXyMf47TwPbtgAD
39,spotify:track:1eIXYZWEfJO3Na2LCCnIJE
40,spotify:track:3xWGA8pa0IKFI7IMPri4P0
41,spotify:track:7fUYUcWy853HS8YJn0b3Sr
42,spotify:track:3uUuGVFu1V7jTQL60S1r8z
43,spotify:track:3qCeq0rWK67SoBDgFd2sId
44,spotify:track:7yq4Qj7cqayVTp3FF9CWbm
45,spotify:track:2QjOHCTQ1Jl3zawyYOpxh6
46,spotify:track:3nAp4IvdMPPWEH9uuXFFV5
47,spotify:track:6RQ5IwG7uADz9LDWliJGjU
48,spotify:track:4NqkE7kRUvMDEdcqD96EDO
49,spotify:track:7uoFMmxln0GPXQ0AcCBXRq
50,spotify:track:2yjlYDiNiQkdxVqTlaSrlX
51,spotify:track:48UKTR66uUOT9LaUvooTNx
52,spotify:track:4FyesJzVpA39hbYvcseO2d
53,spotify:track:4zN21mbAuaD0WqtmaTZZeP
54,spotify:track:2uFaJJtFpPDc5Pa95XzTvg
55,spotify:track:5jQI2r1RdgtuT8S3iG8zFC
56,spotify:track:76OGwb5RA9h4FxQPT33ekc
57,spotify:track:561jH07mF1jHuk7KlaeF0s
58,spotify:track:27RYrbL6S02LNVhDWVl38b
59,spotify:track:5xMw6qCcpd2gBXPGTegC4W
60,spotify:track:54ipXppHLA8U4yqpOFTUhr
61,spotify:track:6BePGk3eCan4FqaW2X8Qy3
62,spotify:track:3LtpKP5abr2qqjunvjlX5i
63,spotify:track:6HMtHNpW6YPi1hrw9tgF8P
64,spotify:track:4iZ4pt7kvcaH6Yo8UoZ4s2
65,spotify:track:4kKdvXD0ez7jp1296JmAts
66,spotify:track:7xapw9Oy21WpfEcib2ErSA
67,spotify:track:68Dni7IE4VyPkTOH9mRWHr
68,spotify:track:2LBqCSwhJGcFQeTHMVGwy3
69,spotify:track:1xK59OXxi2TAAAbmZK0kBL
70,spotify:track:4Yg2w0P29BBBMixyeNjDtj
71,spotify:track:0vjeOZ3Ft5jvAi9SBFJm1j
72,spotify:track:5odlY52u43F5BjByhxg7wg
73,spotify:track:0wHFktze2PHC5jDt3B17DC
74,spotify:track:4PMqSO5qyjpvzhlLI5GnID
75,spotify:track:4h5x3XHLVYFJaItKuO2rhy
76,spotify:track:6ex1Pz3pntgy4NPtxHXN2V
77,spotify:track:0N9C80kcgL0xXGduKnYKWi
78,spotify:track:3F5CgOj3wFlRv51JsHbxhe
79,spotify:track:4rPJSqrov3zqGwXlemLBMw
80,spotify:track:6koKhrBBcExADvWuOgceNZ
81,spotify:track:5uSFGgIfHMT3osrAd9n9ym
82,spotify:track:0hquQWY3xvYqN4qtiquniF
83,spotify:track:0ofHAoxe9vBkTCp2UQIavz
84,spotify:track:4ewazQLXFTDC8XvCbhvtXs
85,spotify:track:4fnNBPN9W6AoOYSQS3FJxT
86,spotify:track:2e2AXpIiJpet5b4qg85Gh6
87,spotify:track:2Sjx8DWZO5zaTyTAmgo2gY
88,spotify:track:6I3mqTwhRpn34SLVafSH7G
89,spotify:track:5TJEBoTCDbJXiKMdCN9pd3
90,spotify:track:77khP2fIVhSW23NwxrRluh
91,spotify:track:1qEmFfgcLObUfQm0j1W2CK
92,spotify:track:78Sw5GDo6AlGwTwanjXbGh
93,spotify:track:3rWDp9tBPQR9z6U5YyRSK4
94,spotify:track:22skzmqfdWrjJylampe0kt
95,spotify:track:4WuOWVnAqvEQxgSRrspBgt
96,spotify:track:0WtM2NBVQNNJLh6scP13H8
97,spotify:track:59nOXPmaKlBfGMDeOVGrIK
98,spotify:track:10xV5l9nhLvFpR8mqzs0bL
99,spotify:track:3GZD6HmiNUhxXYf8Gch723
100,spotify:track:1Y3LN4zO1Edc2EluIoSPJN
101,spotify:track:38T0tPVZHcPZyhtOcCP7pF
102,spotify:track:7lQ8MOhq6IN2w8EYcFNSUk
103,spotify:track:2aJnyNu4PQxQ2lyj5boiMG
104,spotify:track:1LIvdWNdKmHvU0FJvw2diN
105,spotify:track:75FEaRjZTKLhTrFGsfMUXR
106,spotify:track:7qEHsqek33rTcFNT9PFqLf
107,spotify:track:3azJifCSqg9fRij2yKIbWz
108,spotify:track:0VjIjW4GlUZAMYd2vXMi3b
109,spotify:track:6a1hzBiTkgqTsDA0Xgfh9z
110,spotify:track:3Oww84xrmgjyr5J1ilOmAf
111,spotify:track:4jTs7ny5eSRnKTzxdrFv5I
112,spotify:track:0JXXNGljqupsJaZsgSbMZV
113,spotify:track:1mea3bSkSGXuIRvnydlB5b
114,spotify:track:6sCvvleqKbeyOkQDieBYgp
115,spotify:track:5nujrmhLynf4yMoMtj8AQF
116,spotify:track:4hTej08FutmriOs7S1hWWy
117,spotify:track:3yfqSUWxFvZELEM4PmlwIR
118,spotify:track:6UelLqGlWMcVH1E5c4H7lY
119,spotify:track:4ZtFanR9U6ndgddUvNcjcG
120,spotify:track:5A5bLKdL5I3k3FTEQlAUw7
121,spotify:track:5uU1uuyaUIBOiiUSQG7Wl3
122,spotify:track:4Mteyd60tfstDuzfkGqXx1
123,spotify:track:1mMLMZYXkMueg65jRRWG1l
124,spotify:track:2ouFrmMwYik8nQX2n9SeZu
125,spotify:track:2HbKqm4o0w5wEeEFXm2sD4
126,spotify:track:3GCdLUSnKSMJhs4Tj6CV3s
127,spotify:track:0aoUM0zcu0kCX7Cv7O939I
128,spotify:track:3EaJDYHA0KnX88JvDhL9oa
129,spotify:track:5Z9KJZvQzH6PFmb8SNkxuk
130,spotify:track:3E7dfMvvCLUddWissuqMwr
131,spotify:track:46IZ0fSY2mpAiktS3KOqds
132,spotify:track:1r8ZCjfrQxoy2wVaBUbpwg
133,spotify:track:7GeTsDIc5ykNB6lORO6Cee
134,spotify:track:1SV1fxF65n9NhRHp3KlBuu
135,spotify:track:7MXVkk9YMctZqd1Srtv4MB
136,spotify:track:3NanY0K4okhIQzL33U5Ad8
137,spotify:track:1v7L65Lzy0j0vdpRjJewt1
138,spotify:track:4PS1e8f2LvuTFgUs1Cn3ON
139,spotify:track:2Hh3ETdQKrmSI3QS0hme7g
140,spotify:track:27qAMKrDdKEs8HDXcvR24R
141,spotify:track:0RiRZpuVRbi7oqRdSMwhQY
142,spotify:track:0ntQJM78wzOLVeCUAW7Y45
143,spotify:track:11BKm0j4eYoCPPpCONAVwA
144,spotify:track:74NI58MQexwZjNu1Gu6GjT
145,spotify:track:5qrSlOut2rNAWv3ubArkNy
146,spotify:track:7yBEKiv1LmO7GM4rOejhcW
147,spotify:track:7oD6QZsaK3lrMWsmJnvuO0
148,spotify:track:6pVW5LRWgeLaHudxauOTJU
149,spotify:track:6Qyc6fS4DsZjB2mRW9DsQs
150,spotify:track:3sNVsP50132BTNlImLx70i
151,spotify:track:2pnPe4pJtq7689i5ydzvJJ
152,spotify:track:6feiJqgHqeSvkGUzf11AYs
153,spotify:track:5XeFesFbtLpXzIVDNQP22n
154,spotify:track:4bHsxqR3GMrXTxEPLuK5ue
155,spotify:track:3DarAbFujv6eYNliUTyqtz
156,spotify:track:4KGNI037I8ZA6n3h6LYuey
157,spotify:track:21DuXS5wpeO1z0dp445bop
158,spotify:track:0GONea6G2XdnHWjNZd6zt3
159,spotify:track:0e8nrvls4Qqv5Rfa2UhqmO
160,spotify:track:3sa06xVNmLLYIxdNNmVQN8
161,spotify:track:07GvNcU1WdyZJq3XxP0kZa
162,spotify:track:1DIXPcTDzTj8ZMHt3PDt8p
163,spotify:track:5UWwZ5lm5PKu6eKsHAGxOk
164,spotify:track:4woTEX1wYOTGDqNXuavlRC
165,spotify:track:5TXDeTFVRVY7Cvt0Dw4vWW
166,spotify:track:0nrRP2bk19rLc0orkWPQk2
167,spotify:track:3qoftcUZaUOncvIYjFSPdE
168,spotify:track:7KokYm8cMIXCsGVmUvKtqf
169,spotify:track:6x8to58oCuyPyuXIe5Imak
170,spotify:track:0u2P5u6lvoDfwTYjAADbn4
171,spotify:track:3eX0NZfLtGzoLUxPNvRfqm
172,spotify:track:7DbdUf8aHSYoliSjO6LZv6
173,spotify:track:2TE4xW3ImvpltVU0cPcKUn
174,spotify:track:3CIyK1V4JEJkg02E4EJnDl
175,spotify:track:2rxQMGVafnNaRaXlRMWPde
176,spotify:track:7iL6o9tox1zgHpKUfh9vuC
177,spotify:track:4Li2WHPkuyCdtmokzW2007
178,spotify:track:4D7BCuvgdJlYvlX5WlN54t
179,spotify:track:3GYlZ7tbxLOxe6ewMNVTkw
180,spotify:track:2wGSgTmgSF3xjRrHkTc25R
181,spotify:track:4tqcoej1zPvwePZCzuAjJd
182,spotify:track:5uCax9HTNlzGybIStD3vDh
183,spotify:track:2LawezPeJhN4AWuSB0GtAU
184,spotify:track:4EWCNWgDS8707fNSZ1oaA5
185,spotify:track:4sNG6zQBmtq7M8aeeKJRMQ
186,spotify:track:3xKsf9qdS1CyvXSMEid6g8
187,spotify:track:2bLqfJjuC5syrsgDsZfGmn
188,spotify:track:0gucTLf7trAf37Ua1uAyAu
189,spotify:track:49x8Zp5wDjoquBE1THLLCV
190,spotify:track:2OQ6a4CfUeYskpTTgyawyJ
191,spotify:track:2SiXAy7TuUkycRVbbWDEpo
192,spotify:track:3hxIUxnT27p5WcmjGUXNwx
193,spotify:track:0cqRj7pUJDkTCEsJkx8snD
194,spotify:track:2VxeLyX666F8uXCJ0dZF8B
195,spotify:track:77lqbary6vt1DSc1MBN6sx
196,spotify:track:3QFInJAm9eyaho5vBzxInN
197,spotify:track:3yrSvpt2l1xhsV9Em88Pul
198,spotify:track:4RvWPyQ5RL0ao9LPZeSouE
199,spotify:track:0frIZMaQwtdV4Ee8nhB1te
