,uri
0,spotify:track:1rDQ4oMwGJI7B4tovsBOxc
1,spotify:track:4LRPiXqCikLlN15c3yImP7
2,spotify:track:02MWAaffLxlfxAUY7c5dvx
3,spotify:track:5PjdY0CKGZdEuoNab3yDmX
4,spotify:track:7rglLriMNBPAyuJOMGwi39
5,spotify:track:3uUuGVFu1V7jTQL60S1r8z
6,spotify:track:5Z9KJZvQzH6PFmb8SNkxuk
7,spotify:track:50nfwKoDiSYg8zOCREWAm5
8,spotify:track:3rmo8F54jFF8OgYsqTxm5d
9,spotify:track:531KGXtBroSrOX9LVmiIgc
10,spotify:track:6I3mqTwhRpn34SLVafSH7G
11,spotify:track:0e8nrvls4Qqv5Rfa2UhqmO
12,spotify:track:4ZtFanR9U6ndgddUvNcjcG
13,spotify:track:2DB4DdfCFMw1iaR6JaR03a
14,spotify:track:4fouWK6XVHhzl78KzQ1UjL
15,spotify:track:1HhNoOuqm1a5MXYEgAFl8o
16,spotify:track:0oA9wBGDY4uyILLg4GymWP
17,spotify:track:5A5bLKdL5I3k3FTEQlAUw7
18,spotify:track:6r8xlPyUQG8zbXbh26duFW
19,spotify:track:3Oww84xrmgjyr5J1ilOmAf
20,spotify:track:58HvfVOeJY7lUuCqF0m3ly
21,spotify:track:46IZ0fSY2mpAiktS3KOqds
22,spotify:track:3DarAbFujv6eYNliUTyqtz
23,spotify:track:62Yo3FDddWY8ydu6PW2wyz
24,spotify:track:1HvTxgCj0mTzQlEo0zLvFb
25,spotify:track:6Uj1ctrBOjOas8xZXGqKk4
26,spotify:track:003vvx7Niy0yvhvHt4a68B
27,spotify:track:0U1W2LZVUX7qTm7dDpqxh6
28,spotify:track:0IuVhCflrQPMGRrOyoY5RW
29,spotify:track:59CfNbkERJ3NoTXDvoURjj
30,spotify:track:52xJxFP6TqMuO4Yt0eOkMz
31,spotify:track:20on25jryn53hWghthWWW3
32,spotify:track:3o9kpgkIcffx0iSwxhuNI2
33,spotify:track:3AVXwaOGCEL8cmBecfcsFJ
34,spotify:track:3GZD6HmiNUhxXYf8Gch723
35,spotify:track:18asYwWugKjjsihZ0YvRxO
36,spotify:track:3yMC1KsTwh0ceXdIe4QQAQ
37,spotify:track:6HJizCbaqaEQG1eLjn341Z
38,spotify:track:5nujrmhLynf4yMoMtj8AQF
39,spotify:track:5wANPM4fQCJwkGd4rN57mH
40,spotify:track:0VjIjW4GlUZAMYd2vXMi3b
41,spotify:track:68Dni7IE4VyPkTOH9mRWHr
42,spotify:track:0y60itmpH0aPKsFiGxmtnh
43,spotify:track:6UelLqGlWMcVH1E5c4H7lY
44,spotify:track:6f5ExP43esnvdKPddwKXJH
45,spotify:track:7mFj0LlWtEJaEigguaWqYh
46,spotify:track:0ofHAoxe9vBkTCp2UQIavz
47,spotify:track:46HNZY1i7O6jwTA7Slo2PI
48,spotify:track:3vySEUpD0tc801F2WZDLYw
49,spotify:track:7lQ8MOhq6IN2w8EYcFNSUk
50,spotify:track:00Blm7zeNqgYLPtW6zg8cj
51,spotify:track:5CZ40GBx1sQ9agT82CLQCT
52,spotify:track:4wqzOaLxiCRy2Et8tRyNSX
53,spotify:track:3Vi5XqYrmQgOYBajMWSvCi
54,spotify:track:7yq4Qj7cqayVTp3FF9CWbm
55,spotify:track:2QjOHCTQ1Jl3zawyYOpxh6
56,spotify:track:5rW7qTn83sCKtqBoneJs63
57,spotify:track:3Kkjo3cT83cw09VJyrLNwX
58,spotify:track:3yfqSUWxFvZELEM4PmlwIR
59,spotify:track:3deMLKUGOk1FTcm2eqPpwI
60,spotify:track:0RiRZpuVRbi7oqRdSMwhQY
61,spotify:track:1oFAF1hdPOickyHgbuRjyX
62,spotify:track:7qEHsqek33rTcFNT9PFqLf
63,spotify:track:5c6lM2zjAF6MFoD8C1hiBr
64,spotify:track:4XvcHTUfIlWfyJTRG0aqlo
65,spotify:track:6HU7h9RYOaPRFeh0R3UeAr
66,spotify:track:5UWwZ5lm5PKu6eKsHAGxOk
67,spotify:track:2eAvDnpXP5W0cVtiI0PUxV
68,spotify:track:5vUnjhBzRJJIAOJPde6zDx
69,spotify:track:424Uwmm1kNW07Ty1nOhSpl
70,spotify:track:7dDrR6vMK1JAwZZ5MIWgme
71,spotify:track:1SC5rEoYDGUK4NfG82494W
72,spotify:track:0qOvlEzD7xU35GLFT8DF1t
73,spotify:track:7jtQIBanIiJOMS6RyCx6jZ
74,spotify:track:4RVwu0g32PAqgUiJoXsdF8
75,spotify:track:73cnVqsbZygieKi8xF10sO
76,spotify:track:5YqdiryRmdAzYFlxo43hAJ
77,spotify:track:1v7L65Lzy0j0vdpRjJewt1
78,spotify:track:3E7dfMvvCLUddWissuqMwr
79,spotify:track:7z5G2LOdV8okZn4yWg3q5g
80,spotify:track:2ouFrmMwYik8nQX2n9SeZu
81,spotify:track:6Qyc6fS4DsZjB2mRW9DsQs
82,spotify:track:5uCax9HTNlzGybIStD3vDh
83,spotify:track:1SOClUWhOi8vHZYMz3GluK
84,spotify:track:4jPy3l0RUwlUI9T5XHBW2m
85,spotify:track:3PfIrDoz19wz7qK7tYeu62
86,spotify:track:3UmaczJpikHgJFyBTAJVoz
87,spotify:track:2tpWsVSb9UEmDRxAl1zhX1
88,spotify:track:6K5ph5mq1qprHae3TrgTj5
89,spotify:track:6FE2iI43OZnszFLuLtvvmg
90,spotify:track:503OTo2dSqe7qk76rgsbep
91,spotify:track:0gucTLf7trAf37Ua1uAyAu
92,spotify:track:2N8m6CYs74qQO4mjVcXO30
93,spotify:track:5TXDeTFVRVY7Cvt0Dw4vWW
94,spotify:track:2VxeLyX666F8uXCJ0dZF8B
95,spotify:track:6cx06DFPPHchuUAcTxznu9
96,spotify:track:0nrRP2bk19rLc0orkWPQk2
97,spotify:track:0frIZMaQwtdV4Ee8nhB1te
98,spotify:track:3Wrjm47oTz2sjIgck11l5e
99,spotify:track:2iUXsYOEPhVqEBwsqP70rE
100,spotify:track:2gam98EZKrF9XuOkU13ApN
101,spotify:track:21jGcNKet2qwijlDFuPiPb
102,spotify:track:4pi1G1x8tl9VfdD9bL3maT
103,spotify:track:4iJyoBOLtHqaGxP12qzhQI
104,spotify:track:5QO79kh1waicV47BqGRL3g
105,spotify:track:2WL6GQzPuK9Nrpy9XwNEbz
106,spotify:track:7KwZNVEaqikRSBSpyhXK2j
107,spotify:track:7iL6o9tox1zgHpKUfh9vuC
108,spotify:track:7qiZfU4dY1lWllzX7mPBI3
109,spotify:track:0ntQJM78wzOLVeCUAW7Y45
110,spotify:track:4bHsxqR3GMrXTxEPLuK5ue
111,spotify:track:4Li2WHPkuyCdtmokzW2007
112,spotify:track:22skzmqfdWrjJylampe0kt
113,spotify:track:3pudQCMnsFGwOElTZmuml8
114,spotify:track:5qrSlOut2rNAWv3ubArkNy
115,spotify:track:3AJwUDP919kvQ9QcozQPxg
116,spotify:track:07MDkzWARZaLEdKxo6yArG
117,spotify:track:58ge6dfP91o9oXMzq3XkIS
118,spotify:track:0pqnGHJpmpxLKifKRmU6WP
119,spotify:track:4cG7HUWYHBV6R6tHn1gxrl
120,spotify:track:1VLtjHwRWOVJiE5Py7JxoQ
121,spotify:track:07GvNcU1WdyZJq3XxP0kZa
122,spotify:track:2K7xn816oNHJZ0aVqdQsha
123,spotify:track:3dYD57lRAUcMHufyqn9GcI
124,spotify:track:4HlFJV71xXKIGcU3kRyttv
125,spotify:track:2BcMwX1MPV6ZHP4tUT9uq6
126,spotify:track:4kbj5MwxO1bq9wjT5g9HaA
127,spotify:track:1ZdhOMWyFR8Iv9eylMGYg2
128,spotify:track:27OeeYzk6klgBh83TSvGMA
129,spotify:track:7FIWs0pqAYbP91WWM0vlTQ
130,spotify:track:4xkOaSrkexMciUUogZKVTS
131,spotify:track:1zi7xx7UVEFkmKfv06H8x0
132,spotify:track:0u2P5u6lvoDfwTYjAADbn4
133,spotify:track:4SqWKzw0CbA05TGszDgMlc
134,spotify:track:6f3Slt0GbA2bPZlz0aIFXN
135,spotify:track:0tgVpDi06FyKpA1z0VMD4v
136,spotify:track:2gpWyfu7eZ01zzncHpxOtA
137,spotify:track:45bE4HXI0AwGZXfZtMp8JR
138,spotify:track:2BOqDYLOJBiMOXShCV1neZ
139,spotify:track:1DIXPcTDzTj8ZMHt3PDt8p
140,spotify:track:1Slwb6dOYkBlWal1PGtnNg
141,spotify:track:3XOalgusokruzA5ZBA2Qcb
142,spotify:track:6N1EjQjnvhOjFrF6oUmGPa
143,spotify:track:7DFNE7NO0raLIUbgzY2rzm
144,spotify:track:5th1bFGGaXLM7wDBJpcF06
145,spotify:track:51pshtuYkgUQnt5huMPbKL
146,spotify:track:5rb9QrpfcKFHM1EUbSIurX
147,spotify:track:7BqBn9nzAq8spo5e7cZ0dJ
148,spotify:track:0cqRj7pUJDkTCEsJkx8snD
149,spotify:track:4btFHqumCO31GksfuBLLv3
150,spotify:track:37y7iDayfwm3WXn5BiAoRk
151,spotify:track:18vXApRmJSgQ6wG2ll9AOg
152,spotify:track:3jjujdWJ72nww5eGnfs2E7
153,spotify:track:1u8c2t2Cy7UBoG4ArRcF5g
154,spotify:track:0siYMEsGrzzzlWLXK5zJfS
155,spotify:track:2pxxVkNhrRST8fpgA12ru8
156,spotify:track:2gMXnyrvIjhVBUZwvLZDMP
157,spotify:track:6Jrdb6CFOJEGaHjaa6c4WR
158,spotify:track:0uI7yAKUf52Cn7y3sYyjiX
159,spotify:track:3U4isOIWM3VvDubwSI3y7a
160,spotify:track:2aWVaW1p2kUc5yuKwBmRJi
161,spotify:track:4RKJRRd4VJfZWiqQTYsleE
162,spotify:track:4kLLWz7srcuLKA7Et40PQR
163,spotify:track:2bLqfJjuC5syrsgDsZfGmn
164,spotify:track:285pBltuF7vW8TeWk8hdRR
165,spotify:track:4qu63nuBpdn0qHUHuObEj1
166,spotify:track:1ZMiCix7XSAbfAJlEZWMCp
167,spotify:track:02VBYrHfVwfEWXk5DXyf0T
168,spotify:track:1qDrWA6lyx8cLECdZE7TV7
169,spotify:track:1jaTQ3nqY3oAAYyCTbIvnM
170,spotify:track:286TLtk120rnrmVeQClDTc
171,spotify:track:2bdqU7C4softKNcMYDFi96
172,spotify:track:5lAnYvAIkSDNXqfo7DyFUm
173,spotify:track:2374M0fQpWi3dLnB54qaLX
174,spotify:track:0W6I02J9xcqK8MtSeosEXb
175,spotify:track:6E90gq0KO6FYZVOXx8kCcC
176,spotify:track:4u7EnebtmKWzUH433cf5Qv
177,spotify:track:3yrSvpt2l1xhsV9Em88Pul
178,spotify:track:40iJIUlhi6renaREYGeIDS
179,spotify:track:0Q5VnK2DYzRyfqQRJuUtvi
180,spotify:track:5WtfUKzXircvW8l5aaVZWT
181,spotify:track:2PpruBYCo4H7WOBJ7Q2EwM
182,spotify:track:5qqabIl2vWzo9ApSC317sa
183,spotify:track:6Amt2E3nanH9lhZnas9oOs
184,spotify:track:0wXuerDYiBnERgIpbb3JBR
185,spotify:track:0DGTcMqvVR7fmBXgiG6jz4
186,spotify:track:0k4d5YPDr1r7FX77VdqWez
187,spotify:track:7w87IxuO7BDcJ3YUqCyMTT
188,spotify:track:0CAfXk7DXMnon4gLudAp7J
189,spotify:track:3d9DChrdc6BOeFsbrZ3Is0
190,spotify:track:3w1WjD2zJqjBjDz5fwqQPJ
191,spotify:track:0sTlGEld0h8kIPZaKDYUf4
192,spotify:track:1XGmzt0PVuFgQYYnV2It7A
193,spotify:track:4EWCNWgDS8707fNSZ1oaA5
194,spotify:track:1GjbTNFImFrjFsNdleDe78
195,spotify:track:6Dy1jexKYriXAVG6evyUTJ
196,spotify:track:1jIMjbzcGCcCQn5iMu9CUc
197,spotify:track:4kTLpAbhuEGHAAdDjOIWaa
198,spotify:track:5JCoSi02qi3jJeHdZXMmR8
199,spotify:track:2hKdd3qO7cWr2Jo0Bcs0MA
