,uri
0,spotify:track:02MWAaffLxlfxAUY7c5dvx
1,spotify:track:4fouWK6XVHhzl78KzQ1UjL
2,spotify:track:3Oww84xrmgjyr5J1ilOmAf
3,spotify:track:7jQcjzl8yPQsmxpO5orx4Y
4,spotify:track:1HhNoOuqm1a5MXYEgAFl8o
5,spotify:track:3uUuGVFu1V7jTQL60S1r8z
6,spotify:track:0h14I7cPYi1RZG6GmVpMso
7,spotify:track:0e8nrvls4Qqv5Rfa2UhqmO
8,spotify:track:4Ir5arQOnMzt0wSB2lq6U3
9,spotify:track:50nfwKoDiSYg8zOCREWAm5
10,spotify:track:7rglLriMNBPAyuJOMGwi39
11,spotify:track:5PjdY0CKGZdEuoNab3yDmX
12,spotify:track:59CfNbkERJ3NoTXDvoURjj
13,spotify:track:18asYwWugKjjsihZ0YvRxO
14,spotify:track:3eJH2nAjvNXdmPfBkALiPZ
15,spotify:track:2hBkoDhuGk2AtSCprEFDFP
16,spotify:track:2B4GHvToeLTOBB4QLzW3Ni
17,spotify:track:2Oi1IJ6JEUX1aya9VUAA1Z
18,spotify:track:5Z9KJZvQzH6PFmb8SNkxuk
19,spotify:track:7jtQIBanIiJOMS6RyCx6jZ
20,spotify:track:20on25jryn53hWghthWWW3
21,spotify:track:5Th2Rs48Gz3iqfcGMXG5PC
22,spotify:track:1SOClUWhOi8vHZYMz3GluK
23,spotify:track:7EtfwHVS8FcciOBU1VnT8G
24,spotify:track:3rmo8F54jFF8OgYsqTxm5d
25,spotify:track:2xFMvrqk99biaLQavjufta
26,spotify:track:2K7xn816oNHJZ0aVqdQsha
27,spotify:track:2USlegnFJLrVLpoVfPimKB
28,spotify:track:58HvfVOeJY7lUuCqF0m3ly
29,spotify:track:0RSZ8EmUPEN3ySfCgytPke
30,spotify:track:1h3d2lvISrSIV6fS89U51S
31,spotify:track:46IZ0fSY2mpAiktS3KOqds
32,spotify:track:7lQ8MOhq6IN2w8EYcFNSUk
33,spotify:track:2c5CLmXwJ4V0IIqJ6B68gq
34,spotify:track:0BbYTaDH81up32xTKIGjbS
35,spotify:track:6fuO9uk9wbjCHvQJqk2Qpx
36,spotify:track:4ZtFanR9U6ndgddUvNcjcG
37,spotify:track:2H7jZg2HliuQhZjfBblLrZ
38,spotify:track:0TBylB8tjwqp4YHSrwRJQQ
39,spotify:track:2gQPv5jvVPqU2a9HhMNO1v
40,spotify:track:3GZD6HmiNUhxXYf8Gch723
41,spotify:track:5vUnjhBzRJJIAOJPde6zDx
42,spotify:track:7l4SCt0ebVQnbQNEXyH7F7
43,spotify:track:0JpEMzTHbt2zBIXrntrXzG
44,spotify:track:3XOalgusokruzA5ZBA2Qcb
45,spotify:track:46HNZY1i7O6jwTA7Slo2PI
46,spotify:track:1ZdhOMWyFR8Iv9eylMGYg2
47,spotify:track:503OTo2dSqe7qk76rgsbep
48,spotify:track:2QjOHCTQ1Jl3zawyYOpxh6
49,spotify:track:0FKw2vfEDxDuRisr4kU8Ok
50,spotify:track:0IuVhCflrQPMGRrOyoY5RW
51,spotify:track:6VcBDMF2ykm5HDcJMVLRZW
52,spotify:track:1vUOJpWc091SBYULNvz9mp
53,spotify:track:4cG7HUWYHBV6R6tHn1gxrl
54,spotify:track:2FQRZLR31e3423Nmrgv0Pv
55,spotify:track:0dtmf5crBXbjBtveo8ggJA
56,spotify:track:3yfqSUWxFvZELEM4PmlwIR
57,spotify:track:3CQhud304mI5VmW6EjoTDg
58,spotify:track:5UFbfXuj4TjirzmcvTFBBy
59,spotify:track:22skzmqfdWrjJylampe0kt
60,spotify:track:1ID9Iour6yMUsUccV9JxyS
61,spotify:track:1v7L65Lzy0j0vdpRjJewt1
62,spotify:track:79nEEoEPY2w8EXj9hjn5oc
63,spotify:track:2gpWyfu7eZ01zzncHpxOtA
64,spotify:track:5STeQZH1Ahz3h0X9Njaij7
65,spotify:track:3ZDXLSUZpKx8pspNBOdVr5
66,spotify:track:6EtKlIQmGPB9SX8UjDJG5s
67,spotify:track:05Mp2UJulSttxQ4E6hQPH3
68,spotify:track:6Uj1ctrBOjOas8xZXGqKk4
69,spotify:track:2t16D9V5FmmRAJjsSpwvZf
70,spotify:track:3z1wcTPPAKnuhKXHoFMXSb
71,spotify:track:0uQbTk0GFM9PxE0rN1UWZb
72,spotify:track:7yq4Qj7cqayVTp3FF9CWbm
73,spotify:track:0VjIjW4GlUZAMYd2vXMi3b
74,spotify:track:3AVXwaOGCEL8cmBecfcsFJ
75,spotify:track:27XMmSWSOXJ7eVb40tH93T
76,spotify:track:1DIXPcTDzTj8ZMHt3PDt8p
77,spotify:track:4VINQO7QzZt4F45RWfz6aK
78,spotify:track:2KnLkZ3z7PO3kgVGHGqDpD
79,spotify:track:6I3mqTwhRpn34SLVafSH7G
80,spotify:track:3Wrjm47oTz2sjIgck11l5e
81,spotify:track:4xkOaSrkexMciUUogZKVTS
82,spotify:track:0lQ2obtzmAsJu9xk3D6FqH
83,spotify:track:4ZJQl6tmrVbtvhh7qav7Aa
84,spotify:track:1SC5rEoYDGUK4NfG82494W
85,spotify:track:6OufwUcCqo81guU2jAlDVP
86,spotify:track:7s3VxmIizcDgDTRCA4kDzd
87,spotify:track:61iL9OUfIipm3Udr0Zs1oe
88,spotify:track:52xJxFP6TqMuO4Yt0eOkMz
89,spotify:track:6f3Slt0GbA2bPZlz0aIFXN
90,spotify:track:2eAvDnpXP5W0cVtiI0PUxV
91,spotify:track:5TXDeTFVRVY7Cvt0Dw4vWW
92,spotify:track:5Z7J2Au61uO7K1ZPNG1eTv
93,spotify:track:5JBtWpLoGO62gb5vax505b
94,spotify:track:7iL6o9tox1zgHpKUfh9vuC
95,spotify:track:3iw6V4LH7yPj1ESORX9RIN
96,spotify:track:4kLLWz7srcuLKA7Et40PQR
97,spotify:track:4XvcHTUfIlWfyJTRG0aqlo
98,spotify:track:6sBBIrcVUvyDle474hKBVS
99,spotify:track:3v7VY6zmrXu2hzqmeCOd1Q
100,spotify:track:5QO79kh1waicV47BqGRL3g
101,spotify:track:2tpWsVSb9UEmDRxAl1zhX1
102,spotify:track:4SqWKzw0CbA05TGszDgMlc
103,spotify:track:4pt5fDVTg5GhEvEtlz9dKk
104,spotify:track:5FsV0biZgb8tmQtau5LxKz
105,spotify:track:32JtIdyR3ZcYN2lfYNfapv
106,spotify:track:6R4rMppvG1kkbz3thlXUXC
107,spotify:track:6Dy1jexKYriXAVG6evyUTJ
108,spotify:track:3o9kpgkIcffx0iSwxhuNI2
109,spotify:track:4VtRHZ4tBDHaWltVAytlLY
110,spotify:track:47gUqrCtxnDoelDa2rkwEj
111,spotify:track:2L6hCTpUlR2p7Su3hiSB0s
112,spotify:track:4UOXo3xWnxYdTf3sFyRaUG
113,spotify:track:6potEImiklXkwD9qFzpu15
114,spotify:track:6hw1Sy9wZ8UCxYGdpKrU6M
115,spotify:track:3UmaczJpikHgJFyBTAJVoz
116,spotify:track:4jPy3l0RUwlUI9T5XHBW2m
117,spotify:track:0XnJQn8RpMHeoaBOY5zR31
118,spotify:track:3yMC1KsTwh0ceXdIe4QQAQ
119,spotify:track:6GomT970rCOkKAyyrwJeZi
120,spotify:track:5wANPM4fQCJwkGd4rN57mH
121,spotify:track:76YSWx6L6FNsuaP6GWBb8P
122,spotify:track:0b18g3G5spr4ZCkz7Y6Q0Q
123,spotify:track:5F3sqL2deoeV2kr8Vn9H4V
124,spotify:track:0r1kH7SIkkPP9W7mUknObF
125,spotify:track:6cx06DFPPHchuUAcTxznu9
126,spotify:track:003vvx7Niy0yvhvHt4a68B
127,spotify:track:6KL88T4Ma4ABXqzgUoEwkd
128,spotify:track:2qpZjutAe3pstQsjwSXQb4
129,spotify:track:0Xh6R6XLoTDRBYriQRgkHj
130,spotify:track:5nujrmhLynf4yMoMtj8AQF
131,spotify:track:3Iba59sFmGhQ4kbCY5L8AX
132,spotify:track:1F80MEkZA9yTlpMQp9dhht
133,spotify:track:7FCHDXa579YivyHrsxixRp
134,spotify:track:5ZRBKoqwnYnH2QfVlf4bWH
135,spotify:track:4btFHqumCO31GksfuBLLv3
136,spotify:track:5r43qanLhUCdBj8HN3fa6B
137,spotify:track:01I8aPBUJIMzCtHsCVvmq5
138,spotify:track:2a1o6ZejUi8U3wzzOtCOYw
139,spotify:track:0sTlGEld0h8kIPZaKDYUf4
140,spotify:track:4RAR8g8fZNB106ezUurnE0
141,spotify:track:3cHyrEgdyYRjgJKSOiOtcS
142,spotify:track:2VxeLyX666F8uXCJ0dZF8B
143,spotify:track:285pBltuF7vW8TeWk8hdRR
144,spotify:track:0UOqk71UUNnU1InSKAB1hM
145,spotify:track:0JNPCThIHsG8zphORbTR16
146,spotify:track:0knsBJ21cqAbgjdr2i0R9b
147,spotify:track:2xSIcmvFQHs2CeS34Mgp62
148,spotify:track:4LwU4Vp6od3Sb08CsP99GC
149,spotify:track:2J2Z1SkXYghSajLibnQHOa
150,spotify:track:30bqVoKjX479ab90a8Pafp
151,spotify:track:0sBJA2OCEECMs0HsdIQhvR
152,spotify:track:3M0lSi5WW79CXQamgSBIjx
153,spotify:track:6K0zn6YFD9HxmriRCKLZZn
154,spotify:track:3i3sRJPLEozRXHIndA5VJU
155,spotify:track:7DFNE7NO0raLIUbgzY2rzm
156,spotify:track:0nrRP2bk19rLc0orkWPQk2
157,spotify:track:4qu63nuBpdn0qHUHuObEj1
158,spotify:track:2vXKRlJBXyOcvZYTdNeckS
159,spotify:track:62Yo3FDddWY8ydu6PW2wyz
160,spotify:track:2CEgGE6aESpnmtfiZwYlbV
161,spotify:track:4RVwu0g32PAqgUiJoXsdF8
162,spotify:track:4KqLxOj217AKM3ZCF9ThLU
163,spotify:track:0ct6r3EGTcMLPtrXHDvVjc
164,spotify:track:7qEHsqek33rTcFNT9PFqLf
165,spotify:track:2Xr1dTzJee307rmrkt8c0g
166,spotify:track:3U0qZ6OQl4YbPYa6Ks48oD
167,spotify:track:4GRFzKI7jTZ3kbMfouc7bn
168,spotify:track:3RM5RpRDDdST1njqOMG141
169,spotify:track:4bHsxqR3GMrXTxEPLuK5ue
170,spotify:track:1XGmzt0PVuFgQYYnV2It7A
171,spotify:track:60a0Rd6pjrkxjPbaKzXjfq
172,spotify:track:79lc69ZXfL4WmJIzVSDmWT
173,spotify:track:7EkWXAI1wn8Ii883ecd9xr
174,spotify:track:3gbBpTdY8lnQwqxNCcf795
175,spotify:track:7FIWs0pqAYbP91WWM0vlTQ
176,spotify:track:02b5L9jExmkRTdUTqXFzmR
177,spotify:track:5pmL3RzOy3IvGFaSDi4hZL
178,spotify:track:50mQStZYV5QFgyGK9GOVZg
179,spotify:track:5ZIFzmhVJRO3tRwtBXrPXh
180,spotify:track:4bJygwUKrRgq1stlNXcgMg
181,spotify:track:6ChnGkBwnq2HUJD24YhMhW
182,spotify:track:0gucTLf7trAf37Ua1uAyAu
183,spotify:track:6NXAXw2QxlBrxYDD0jkIrf
184,spotify:track:0pA0BVXTONNqSldC9FdiaU
185,spotify:track:35iR1qzexmbcUSgA01S4gI
186,spotify:track:0BtIXZTbb0cczvMEvZILDJ
187,spotify:track:480dxcx2AKaFrtwTg0fHXK
188,spotify:track:0u2P5u6lvoDfwTYjAADbn4
189,spotify:track:5C04wdpfKcxwBVjAPYAayY
190,spotify:track:3g62kHCCbNwhEKYywx5Xwz
191,spotify:track:6FE2iI43OZnszFLuLtvvmg
192,spotify:track:0J7oHYxjF6Oln61wy0kP2i
193,spotify:track:45bE4HXI0AwGZXfZtMp8JR
194,spotify:track:6YbhspuOar1D9WSSnfe7ds
195,spotify:track:2OqOrMmLZQxe9l1t7IQ00s
196,spotify:track:5gflgO9EPbIBf16n5TKnQS
197,spotify:track:4u7EnebtmKWzUH433cf5Qv
198,spotify:track:0XV53jZ91lfGLztpugBTT7
199,spotify:track:5oOOF7tC6HUaiXhAlCONTd
