,uri
0,spotify:track:0V3wPSX9ygBnCm8psDIegu
1,spotify:track:3nqQXoyQOWXiESFLlDF1hG
2,spotify:track:1bDbXMyjaUIooNwFE9wn0N
3,spotify:track:4h9wh7iOZ0GGn8QVp4RAOB
4,spotify:track:4uUG5RXrOk84mYEfFvj3cK
5,spotify:track:0QHEIqNKsMoOY5urbzN48u
6,spotify:track:73vIOb4Q7YN6HeJTbscRx5
7,spotify:track:4k6Uh1HXdhtusDW5y8Gbvy
8,spotify:track:4Dvkj6JhhA12EX05fT7y2e
9,spotify:track:5jQI2r1RdgtuT8S3iG8zFC
10,spotify:track:1xzi1Jcr7mEi9K2RfzLOqS
11,spotify:track:39JofJHEtg8I4fSyo7Imft
12,spotify:track:3WMj8moIAXJhHsyLaqIIHI
13,spotify:track:13Irp51zj01BZu2XtDrnAg
14,spotify:track:02MWAaffLxlfxAUY7c5dvx
15,spotify:track:1aOl53hkZGHkl2Snhr7opL
16,spotify:track:5IgjP7X4th6nMNDh4akUHb
17,spotify:track:40SBS57su9xLiE1WqkXOVr
18,spotify:track:5PjdY0CKGZdEuoNab3yDmX
19,spotify:track:2yjlYDiNiQkdxVqTlaSrlX
20,spotify:track:3rWDp9tBPQR9z6U5YyRSK4
21,spotify:track:4h4QlmocP3IuwYEj2j14p8
22,spotify:track:7jtQIBanIiJOMS6RyCx6jZ
23,spotify:track:0O6u0VJ46W86TxN9wgyqDj
24,spotify:track:5odlY52u43F5BjByhxg7wg
25,spotify:track:6sCvvleqKbeyOkQDieBYgp
26,spotify:track:6JIC3hbC28JZKZ8AlAqX8h
27,spotify:track:76OGwb5RA9h4FxQPT33ekc
28,spotify:track:2QjOHCTQ1Jl3zawyYOpxh6
29,spotify:track:48UKTR66uUOT9LaUvooTNx
30,spotify:track:4D7BCuvgdJlYvlX5WlN54t
31,spotify:track:3eX0NZfLtGzoLUxPNvRfqm
32,spotify:track:1xK59OXxi2TAAAbmZK0kBL
33,spotify:track:7KokYm8cMIXCsGVmUvKtqf
34,spotify:track:3qoftcUZaUOncvIYjFSPdE
35,spotify:track:003vvx7Niy0yvhvHt4a68B
36,spotify:track:7GeTsDIc5ykNB6lORO6Cee
37,spotify:track:54ipXppHLA8U4yqpOFTUhr
38,spotify:track:34ZAzO78a5DAVNrYIGWcPm
39,spotify:track:5uSFGgIfHMT3osrAd9n9ym
40,spotify:track:1wtOxkiel43cVs0Yux5Q4h
41,spotify:track:561jH07mF1jHuk7KlaeF0s
42,spotify:track:3LtpKP5abr2qqjunvjlX5i
43,spotify:track:3uUuGVFu1V7jTQL60S1r8z
44,spotify:track:3xWGA8pa0IKFI7IMPri4P0
45,spotify:track:3F5CgOj3wFlRv51JsHbxhe
46,spotify:track:4zN21mbAuaD0WqtmaTZZeP
47,spotify:track:6HMtHNpW6YPi1hrw9tgF8P
48,spotify:track:68Dni7IE4VyPkTOH9mRWHr
49,spotify:track:2LBqCSwhJGcFQeTHMVGwy3
50,spotify:track:5TJEBoTCDbJXiKMdCN9pd3
51,spotify:track:7yq4Qj7cqayVTp3FF9CWbm
52,spotify:track:4ewazQLXFTDC8XvCbhvtXs
53,spotify:track:2KLwPaRDOB87XOYAT2fgxh
54,spotify:track:0bYg9bo50gSsH3LtXe2SQn
55,spotify:track:0N9C80kcgL0xXGduKnYKWi
56,spotify:track:1xwAWUI6Dj0WGC3KiUPN0O
57,spotify:track:0hquQWY3xvYqN4qtiquniF
58,spotify:track:1qEmFfgcLObUfQm0j1W2CK
59,spotify:track:5unjCay0kUjuej5ebn4nS4
60,spotify:track:22skzmqfdWrjJylampe0kt
61,spotify:track:6ex1Pz3pntgy4NPtxHXN2V
62,spotify:track:4FyesJzVpA39hbYvcseO2d
63,spotify:track:10xV5l9nhLvFpR8mqzs0bL
64,spotify:track:0heeNYlwOGuUSe7TgUD27B
65,spotify:track:27ZZdyTSQWI7Cug2d2PkqV
66,spotify:track:59nOXPmaKlBfGMDeOVGrIK
67,spotify:track:3EaJDYHA0KnX88JvDhL9oa
68,spotify:track:34tz0eDhGuFErIuW3q4mPX
69,spotify:track:38T0tPVZHcPZyhtOcCP7pF
70,spotify:track:7qEHsqek33rTcFNT9PFqLf
71,spotify:track:0wHFktze2PHC5jDt3B17DC
72,spotify:track:5nujrmhLynf4yMoMtj8AQF
73,spotify:track:7lQ8MOhq6IN2w8EYcFNSUk
74,spotify:track:46s57QULU02Voy0Kup6UEb
75,spotify:track:0WtM2NBVQNNJLh6scP13H8
76,spotify:track:7FmYn9e7KHMXcxqGSj9LjH
77,spotify:track:26hOm7dTtBi0TdpDGl141t
78,spotify:track:0ofHAoxe9vBkTCp2UQIavz
79,spotify:track:1mea3bSkSGXuIRvnydlB5b
80,spotify:track:6I3mqTwhRpn34SLVafSH7G
81,spotify:track:1LIvdWNdKmHvU0FJvw2diN
82,spotify:track:3yfqSUWxFvZELEM4PmlwIR
83,spotify:track:3GZD6HmiNUhxXYf8Gch723
84,spotify:track:3azJifCSqg9fRij2yKIbWz
85,spotify:track:0VjIjW4GlUZAMYd2vXMi3b
86,spotify:track:6feiJqgHqeSvkGUzf11AYs
87,spotify:track:7xTDT7gyIrv0xWpwwXExxU
88,spotify:track:6UelLqGlWMcVH1E5c4H7lY
89,spotify:track:5qrSlOut2rNAWv3ubArkNy
90,spotify:track:4KGNI037I8ZA6n3h6LYuey
91,spotify:track:6VhuP99TE6gYNQRJIlAWFD
92,spotify:track:3E7dfMvvCLUddWissuqMwr
93,spotify:track:4ZtFanR9U6ndgddUvNcjcG
94,spotify:track:75FEaRjZTKLhTrFGsfMUXR
95,spotify:track:2ZL7WZcjuYKi1KUDtp4kCC
96,spotify:track:0ntQJM78wzOLVeCUAW7Y45
97,spotify:track:3sNVsP50132BTNlImLx70i
98,spotify:track:0RiRZpuVRbi7oqRdSMwhQY
99,spotify:track:5XeFesFbtLpXzIVDNQP22n
100,spotify:track:7DbdUf8aHSYoliSjO6LZv6
101,spotify:track:21DuXS5wpeO1z0dp445bop
102,spotify:track:0A1JLUlkZkp2EFrosoNQi0
103,spotify:track:0GONea6G2XdnHWjNZd6zt3
104,spotify:track:1mMLMZYXkMueg65jRRWG1l
105,spotify:track:46IZ0fSY2mpAiktS3KOqds
106,spotify:track:6Qyc6fS4DsZjB2mRW9DsQs
107,spotify:track:1v7L65Lzy0j0vdpRjJewt1
108,spotify:track:7MXVkk9YMctZqd1Srtv4MB
109,spotify:track:3GYlZ7tbxLOxe6ewMNVTkw
110,spotify:track:0u2P5u6lvoDfwTYjAADbn4
111,spotify:track:4OmfWzukSVD140NiAIEjem
112,spotify:track:2wGSgTmgSF3xjRrHkTc25R
113,spotify:track:5A5bLKdL5I3k3FTEQlAUw7
114,spotify:track:4bHsxqR3GMrXTxEPLuK5ue
115,spotify:track:1DIXPcTDzTj8ZMHt3PDt8p
116,spotify:track:0wavGRldH0AWyu2zvTz8zb
117,spotify:track:3PfIrDoz19wz7qK7tYeu62
118,spotify:track:2HbKqm4o0w5wEeEFXm2sD4
119,spotify:track:1r8ZCjfrQxoy2wVaBUbpwg
120,spotify:track:2FRnf9qhLbvw8fu4IBXx78
121,spotify:track:3sa06xVNmLLYIxdNNmVQN8
122,spotify:track:4sNG6zQBmtq7M8aeeKJRMQ
123,spotify:track:3pUa0ZxdSeaJXm0EIydD3F
124,spotify:track:5uCax9HTNlzGybIStD3vDh
125,spotify:track:3Oww84xrmgjyr5J1ilOmAf
126,spotify:track:7iL6o9tox1zgHpKUfh9vuC
127,spotify:track:5Z9KJZvQzH6PFmb8SNkxuk
128,spotify:track:2bLqfJjuC5syrsgDsZfGmn
129,spotify:track:0cqRj7pUJDkTCEsJkx8snD
130,spotify:track:4Li2WHPkuyCdtmokzW2007
131,spotify:track:4tqcoej1zPvwePZCzuAjJd
132,spotify:track:5gAwpwuchaCGnJLlBMGBzp
133,spotify:track:1K3LRUEcUz5FMtPYyg0F45
134,spotify:track:3hxIUxnT27p5WcmjGUXNwx
135,spotify:track:2TktkzfozZifbQhXjT6I33
136,spotify:track:0nrRP2bk19rLc0orkWPQk2
137,spotify:track:5UWwZ5lm5PKu6eKsHAGxOk
138,spotify:track:2rxQMGVafnNaRaXlRMWPde
139,spotify:track:2LawezPeJhN4AWuSB0GtAU
140,spotify:track:2VxeLyX666F8uXCJ0dZF8B
141,spotify:track:5TXDeTFVRVY7Cvt0Dw4vWW
142,spotify:track:4RvWPyQ5RL0ao9LPZeSouE
143,spotify:track:4woTEX1wYOTGDqNXuavlRC
144,spotify:track:5uU1uuyaUIBOiiUSQG7Wl3
145,spotify:track:07GvNcU1WdyZJq3XxP0kZa
146,spotify:track:0gucTLf7trAf37Ua1uAyAu
147,spotify:track:7ef4DlsgrMEH11cDZd32M6
148,spotify:track:78Sw5GDo6AlGwTwanjXbGh
149,spotify:track:0lizgQ7Qw35od7CYaoMBZb
150,spotify:track:3xKsf9qdS1CyvXSMEid6g8
151,spotify:track:7o2CTH4ctstm8TNelqjb51
152,spotify:track:4EWCNWgDS8707fNSZ1oaA5
153,spotify:track:2tpWsVSb9UEmDRxAl1zhX1
154,spotify:track:37F7E7BKEw2E4O2L7u0IEp
155,spotify:track:3yrSvpt2l1xhsV9Em88Pul
156,spotify:track:2SiXAy7TuUkycRVbbWDEpo
157,spotify:track:4BP3uh0hFLFRb5cjsgLqDh
158,spotify:track:7FGq80cy8juXBCD2nrqdWU
159,spotify:track:21jGcNKet2qwijlDFuPiPb
160,spotify:track:0lLdorYw7lVrJydTINhWdI
161,spotify:track:2jkyPVk1nbpsZD0KAS98Zw
162,spotify:track:3AJwUDP919kvQ9QcozQPxg
163,spotify:track:4XvcHTUfIlWfyJTRG0aqlo
164,spotify:track:3GCdLUSnKSMJhs4Tj6CV3s
165,spotify:track:4kbj5MwxO1bq9wjT5g9HaA
166,spotify:track:6BePGk3eCan4FqaW2X8Qy3
167,spotify:track:7KwZNVEaqikRSBSpyhXK2j
168,spotify:track:1cKHdTo9u0ZymJdPGSh6nq
169,spotify:track:4xkOaSrkexMciUUogZKVTS
170,spotify:track:2m1hi0nfMR9vdGC8UcrnwU
171,spotify:track:2gam98EZKrF9XuOkU13ApN
172,spotify:track:58ge6dfP91o9oXMzq3XkIS
173,spotify:track:0JXXNGljqupsJaZsgSbMZV
174,spotify:track:0e8nrvls4Qqv5Rfa2UhqmO
175,spotify:track:3tAQNhm1o0kzldsI5QkrB1
176,spotify:track:3CIyK1V4JEJkg02E4EJnDl
177,spotify:track:3DarAbFujv6eYNliUTyqtz
178,spotify:track:286TLtk120rnrmVeQClDTc
179,spotify:track:1oFAF1hdPOickyHgbuRjyX
180,spotify:track:2EjXfH91m7f8HiJN1yQg97
181,spotify:track:1R0a2iXumgCiFb7HEZ7gUE
182,spotify:track:0pqnGHJpmpxLKifKRmU6WP
183,spotify:track:0frIZMaQwtdV4Ee8nhB1te
184,spotify:track:3Fzlg5r1IjhLk2qRw667od
185,spotify:track:1KGi9sZVMeszgZOWivFpxs
186,spotify:track:4vVjPTApwXZwB2H3mBq3ml
187,spotify:track:4KZayGognbXUFNLYj4pPxH
188,spotify:track:2eAvDnpXP5W0cVtiI0PUxV
189,spotify:track:2gMXnyrvIjhVBUZwvLZDMP
190,spotify:track:1zi7xx7UVEFkmKfv06H8x0
191,spotify:track:1dzQoRqT5ucxXVaAhTcT0J
192,spotify:track:2374M0fQpWi3dLnB54qaLX
193,spotify:track:7aZiDdufBX2Ek8OUuxK0IQ
194,spotify:track:4pi1G1x8tl9VfdD9bL3maT
195,spotify:track:1u8c2t2Cy7UBoG4ArRcF5g
196,spotify:track:5wANPM4fQCJwkGd4rN57mH
197,spotify:track:1GjbTNFImFrjFsNdleDe78
198,spotify:track:254bXAqt3zP6P50BdQvEsq
199,spotify:track:6vECYJHxYmm3Ydt3fF01pE
