,uri
0,spotify:track:2gpQi3hbcUAcEG8m2dlgfB
1,spotify:track:2x8oBuYaObjqHqgGuIUZ0b
2,spotify:track:2SJZdZ5DLtlRosJ2xHJJJa
3,spotify:track:6bQ5823aHmFVKLZW8E7rRo
4,spotify:track:1O2pcBJGej0pmH2Y9XZMs6
5,spotify:track:1TpZKxGnHp37ohJRszTSiq
6,spotify:track:1uK5rDY3BnikyG0sl3tPpc
7,spotify:track:6mmPpaltUZK7xjNlBPQQ0p
8,spotify:track:6LBpjWMfy1NUfyxAJbcMRs
9,spotify:track:2Gq636OOGgxCTqEuzCZhsa
10,spotify:track:4LRPiXqCikLlN15c3yImP7
11,spotify:track:0ZLkb9lDDlTPwYZPvuGnHB
12,spotify:track:1v5QhGtlv2bkpUz2kAXTCq
13,spotify:track:5i82o3878xCPNCUK8VIeqX
14,spotify:track:0Bv7O6fmZk3GrNQFYJaXPn
15,spotify:track:63GTuNSVLynH3n3PdqObgd
16,spotify:track:3EcCc1U405tm8yKm1x6Y8W
17,spotify:track:4TGwERXRlyQtBdggYTHo6j
18,spotify:track:6P096SaOzrgGxs8NWOfX7M
19,spotify:track:42Gzfqnfpk7Pp1ydM60eNn
20,spotify:track:0lJE8f0lx8mUSfMyxeYpiC
21,spotify:track:1ri9ZUkBJVFUdgwzCnfcYs
22,spotify:track:3FkeNbs9Zeiqkr3WkbOiGp
23,spotify:track:5Us3svqTvNAdnQfEYfoL5g
24,spotify:track:7onMf0QvWgRba2MRxG27yj
25,spotify:track:1UdzJEpgJxtuXAlCOvD4S0
26,spotify:track:7JZ5mOTea5T4LH0UdwCsWx
27,spotify:track:4WaopyDgvKQP6T852K9boe
28,spotify:track:166qsYi2wR3u6qfg7wrh1r
29,spotify:track:6lX6l7OuA3qrnIRfdsr0dw
30,spotify:track:4RuXJVAsDaF52Z8D6lYRXX
31,spotify:track:3GaGWoU1KfVqgl7vnRHP55
32,spotify:track:1p22yVi9e8DT6BEUvOZ0TL
33,spotify:track:7iXJg4IUyrWont5YSQrbKP
34,spotify:track:2cR9cH9ta7MStHBKs0aOcz
35,spotify:track:48AJSd42lXpicsGqcgopof
36,spotify:track:1PmKfNsHxPdMaHP496myD3
37,spotify:track:1kjs5eR4DMzyB0gm1Z8waV
38,spotify:track:6ylDpki1VpIsc525KC1ojF
39,spotify:track:1fKFxmSByZfjwVSbq0PHye
40,spotify:track:74aGIoQo8pokxzylUTw603
41,spotify:track:0cOa970mzTWAxKtltpkpLc
42,spotify:track:261Jxss9utRCMg11TWEU8M
43,spotify:track:1GYJpuLq41vEVKXiHGEY9j
44,spotify:track:5gJuYaon5zaZahQyAd0LVx
45,spotify:track:4S1KxKOfMg8SbH97TxYqPY
46,spotify:track:4xv2A022v5A8nyewDkYOkQ
47,spotify:track:3sVuWmggRqfAK3qk7OIEAz
48,spotify:track:2rDZhKnPaPG054ExZ6nXUS
49,spotify:track:6HXvazdtAr9hy0kThzxrE3
50,spotify:track:4gzsuuZypVbxs0Af1LSZyB
51,spotify:track:1ZI1nMfnnfFhdIyIKv5Igv
52,spotify:track:5TMLavqGRKNxgzMBrVpC9R
53,spotify:track:5DberPEjKBTY8WTzLgr0zZ
54,spotify:track:5j3wzSS6z80VEs71O0gysC
55,spotify:track:1wcE84DVQUF16xudVFzezL
56,spotify:track:23R68uWGdp07SwQdK8mWzI
57,spotify:track:2JPLbjOn0wPCngEot2STUS
58,spotify:track:13XxxfnZmFEkU90QN8bOjz
59,spotify:track:4kiTIRY4o3o9on5oYV584L
60,spotify:track:5A1vGSsqw0UQCBxHOyPOjG
61,spotify:track:7rglLriMNBPAyuJOMGwi39
62,spotify:track:6w8yBI2vthyN9UnwO4UBWb
63,spotify:track:5uHAzGa4d9j35DEbhUwGhi
64,spotify:track:3rdAz1fbUfZxYgaCviYhRo
65,spotify:track:4r9jkMEnArtWGH2rL2FZl0
66,spotify:track:75HnDKDqsmEzdOKFWe5FZS
67,spotify:track:03a359wbiUsjN9h6yzXvmS
68,spotify:track:3monFIRNCDt9we37DDvCCK
69,spotify:track:3XjN0mvFkQp1FMVM9Ro5hm
70,spotify:track:46GsFW8AFIvi8TUDlYRlXR
71,spotify:track:4srcMdbm2qzVG98tJajHxp
72,spotify:track:5jW3rF4URMdK7tO2xjS5EI
73,spotify:track:1AhNxunSSizAllibrQ7jhu
74,spotify:track:1CpRJLarXSUho5AopXxNQj
75,spotify:track:0G2zPzWqVjR68iNPmx2TBe
76,spotify:track:1Hv5uEwnI5UQEFvHWJaL3T
77,spotify:track:6D2TCm4nf5nxAcdGJ7w3QP
78,spotify:track:4bF2y8rR7GUjrd5LNEvej3
79,spotify:track:2qEoAz0i6yEz5dPggABcLH
80,spotify:track:2qBirMakpTdz9ymxrZEyzg
81,spotify:track:2ONADYjJvqYVwjWavuY0H1
82,spotify:track:7hiAGGyiLaLBTVroaE08hx
83,spotify:track:2ttUrgPFiyWOHxbauXSVRo
84,spotify:track:79pz16ngfYU2iZV0dvj3QU
85,spotify:track:2FYGZDfsAnNsrm1gVbyKnG
86,spotify:track:4OwhwvKESFtuu06dTgct7i
87,spotify:track:0bBd6K5X4W7t9GyXcaVOA7
88,spotify:track:4HzqWEdAbzcVFDv0pvxV4w
89,spotify:track:3lGMtkONrZdJ8kTCg6KIFf
90,spotify:track:6BcLvFU6LKuupwRJbJ9cgn
91,spotify:track:5W1qmxHrMlQGGAiFA3ZQqP
92,spotify:track:4Yip3hds5IHyT7AqoNHfmX
93,spotify:track:4kELKaXaNP4EQR8Q8xNIID
94,spotify:track:2Qv0DF1us4LhzLj0Cx9cSn
95,spotify:track:1mSviQV9iQnGSRyvTIuxAj
96,spotify:track:4AKK4j6sYhOO1r6My2qqWO
97,spotify:track:7cx9L3i88euMfx1oNCqDAD
98,spotify:track:2B4GHvToeLTOBB4QLzW3Ni
99,spotify:track:2dG9k8jtnkjzJjUToz9i9i
100,spotify:track:3hNKWD8kkxOEJ7K90PjWri
101,spotify:track:2vmfvSoZBFAt9hhRoEByLi
102,spotify:track:4MzXwWMhyBbmu6hOcLVD49
103,spotify:track:2BEcap3xJtmiPaHKyfQi4e
104,spotify:track:0sPtR2Z0fRbKOKc3OvBEdA
105,spotify:track:1DFDbSWdESvzWHHAe6BCQ3
106,spotify:track:4adB36k21bp4VfOYFF8Hl8
107,spotify:track:1HhNoOuqm1a5MXYEgAFl8o
108,spotify:track:2DB4DdfCFMw1iaR6JaR03a
109,spotify:track:6UelLqGlWMcVH1E5c4H7lY
110,spotify:track:7COGuXyTr12KvdaYXMqheC
111,spotify:track:6KGGhJoXrztLp8ZT91zizs
112,spotify:track:3E8xyYdIPpiH2wNEozE68I
113,spotify:track:10zSgbysU2KyVTrcRmtu62
114,spotify:track:5gflgO9EPbIBf16n5TKnQS
115,spotify:track:0ZAJ660VP57lLK4U7NlGOy
116,spotify:track:1FlL8ycld6uVDDyhV7P5FA
117,spotify:track:7I8L3vYCLThw2FDrE6LuzE
118,spotify:track:5eyO0n1HiiSWdGaaSoK731
119,spotify:track:0CgpCtEPvyDizcg2p47VrU
120,spotify:track:4it6vaFbkGRUaQlwWUMg3v
121,spotify:track:5PjdY0CKGZdEuoNab3yDmX
122,spotify:track:4knc1Fp3kbuq8bH2byOvLu
123,spotify:track:6dnDKVx1eLiYwc9tsy40ps
124,spotify:track:2YZDh5CecWx0qlFiTvqVQ9
125,spotify:track:4PDoCa5P0QK7KFhTsEKJB8
126,spotify:track:6J8lLpZoRCmB5pTrnB5jpV
127,spotify:track:0fea68AdmYNygeTGI4RC18
128,spotify:track:5saUoeceT2zau6ScmU77e6
129,spotify:track:1AnJQd8TfkhK6M3VgZDVv1
130,spotify:track:69vlMrzHwATKzupwNcUPyK
131,spotify:track:6weEgpX3aqFXapx6rw3n5a
132,spotify:track:2cTKuxpHcPzDFRbbhE2WxP
133,spotify:track:655JkvIwu2rDCaD1hPf04g
134,spotify:track:6bLvfGI2XeU5DTl8feuNrk
135,spotify:track:6ByFrNuzzj7rNiYnsc0eTd
136,spotify:track:6aMgqUHmyLs5vnyaV98HID
137,spotify:track:2sP5dXtkPiG0ksBsekbjmx
138,spotify:track:5Z9KJZvQzH6PFmb8SNkxuk
139,spotify:track:3QKJdI6KVxsjKoaKIU1PVD
140,spotify:track:2UAWYufVaO3EnUUNzl0ppO
141,spotify:track:0XYZhJIcwKNjd0tjbSXwaQ
142,spotify:track:67Q93kXygxCskeQiIP0V0j
143,spotify:track:2MxHuZWC99rsELX9SrCW7K
144,spotify:track:78QcVmzxS0wIwuC2rpAauI
145,spotify:track:3AJwUDP919kvQ9QcozQPxg
146,spotify:track:0BTJ7QpDRjinzAy8KQMAp8
147,spotify:track:3Oa9oxOLUYGQgzKXGIMpWy
148,spotify:track:35wvL50xvKpCHEJPxLOLPI
149,spotify:track:0bI7K9Becu2dtXK1Q3cZNB
150,spotify:track:70AYiGbc4mWZGEqiipBBDb
151,spotify:track:25NPeIjHjQGvyp4D52Tji2
152,spotify:track:3PfIrDoz19wz7qK7tYeu62
153,spotify:track:03wQrSM0nV1WyPIgWvapG4
154,spotify:track:7FfQ2E4LqvwKKOyKXyC2L2
155,spotify:track:77dMSg2VHi2wwXjXNrmcrZ
156,spotify:track:0KvtuCa8aGD8SR39aLLLj5
157,spotify:track:3nfICwo20uiFdEGzgNUSrG
158,spotify:track:4Uvf83UnV1LryFvHqqhGpT
159,spotify:track:46HNZY1i7O6jwTA7Slo2PI
160,spotify:track:0HINQFSerZ6iMfSsaTO3G5
161,spotify:track:1p7m9H4H8s0Y7SgRm7j3ED
162,spotify:track:0HghA8NwsiFcgROYKFjX3W
163,spotify:track:6Uj1ctrBOjOas8xZXGqKk4
164,spotify:track:0obLPbz7uv02f5Z3BNIuIv
165,spotify:track:6Y46tOTRhkBamosyuWa6YX
166,spotify:track:6MuJUSYCqA4FpMogUHzb2R
167,spotify:track:6ySWtyMprBb1YX8WAAuFBs
168,spotify:track:3oqWr0jDWNXxWufNogGREp
169,spotify:track:7upAH0ezzsThyvr33YKn4u
170,spotify:track:132ALUzVLmqYB4UsBj5qD6
171,spotify:track:5f9nATgIwnc5YVVeTo8H3m
172,spotify:track:1rxX4SkYDqluMJcYSijMSH
173,spotify:track:4WkEH0PgystZUaN6QU6Z0B
174,spotify:track:7zgz9kzWGXChcjU6krkPWi
175,spotify:track:2BDJWePEkczB34ZoDliNSr
176,spotify:track:3krzcyMKlRXjVkJFZqMN4t
177,spotify:track:0WuKq2LiraBFney78dzwoc
178,spotify:track:46IZ0fSY2mpAiktS3KOqds
179,spotify:track:7ESKEiE8LRLrDwdS2ZgUiR
180,spotify:track:1oFAF1hdPOickyHgbuRjyX
181,spotify:track:5qN1G8fSHq4Sv5FRoOkNGu
182,spotify:track:3lCbsHaN1wCxyDzcNN2x4N
183,spotify:track:2y2iEADc8O0Vv5IKHSs21i
184,spotify:track:6620Y9QwLGuz1cIM1XVibG
185,spotify:track:6dT5W7zuEcUZHnZuVlSIJ5
186,spotify:track:6rg1MBZqggsQ5olFGTw0rr
187,spotify:track:0HgkRcmGDiza3KTjM3Ifnu
188,spotify:track:42ahuAFlYGjIGBpVdHcLij
189,spotify:track:5CZ40GBx1sQ9agT82CLQCT
190,spotify:track:3za3hxbolwmy9AeUpWzuRE
191,spotify:track:0TUW9faHNaBmi89wsYGp9y
192,spotify:track:4OrAAeefsDOdUSfE87C6WR
193,spotify:track:2WD9ggmpZE7Wodh3qVVCgg
194,spotify:track:4HYDUMY0xSpeBr0AMY9cUz
195,spotify:track:0VjIjW4GlUZAMYd2vXMi3b
196,spotify:track:0C9V5jMElp7laZZdsCHufD
197,spotify:track:02MWAaffLxlfxAUY7c5dvx
198,spotify:track:44m9PAUZYeOEGeaTYh6NAl
199,spotify:track:4ZtFanR9U6ndgddUvNcjcG
