,uri
0,spotify:track:3nqQXoyQOWXiESFLlDF1hG
1,spotify:track:1bDbXMyjaUIooNwFE9wn0N
2,spotify:track:0V3wPSX9ygBnCm8psDIegu
3,spotify:track:5IgjP7X4th6nMNDh4akUHb
4,spotify:track:0WtM2NBVQNNJLh6scP13H8
5,spotify:track:4Dvkj6JhhA12EX05fT7y2e
6,spotify:track:4uUG5RXrOk84mYEfFvj3cK
7,spotify:track:4h9wh7iOZ0GGn8QVp4RAOB
8,spotify:track:0QHEIqNKsMoOY5urbzN48u
9,spotify:track:3rWDp9tBPQR9z6U5YyRSK4
10,spotify:track:2KLwPaRDOB87XOYAT2fgxh
11,spotify:track:2LBqCSwhJGcFQeTHMVGwy3
12,spotify:track:1xK59OXxi2TAAAbmZK0kBL
13,spotify:track:6VhuP99TE6gYNQRJIlAWFD
14,spotify:track:4k6Uh1HXdhtusDW5y8Gbvy
15,spotify:track:5jQI2r1RdgtuT8S3iG8zFC
16,spotify:track:5Odq8ohlgIbQKMZivbWkEo
17,spotify:track:1wtOxkiel43cVs0Yux5Q4h
18,spotify:track:7jtQIBanIiJOMS6RyCx6jZ
19,spotify:track:5XeFesFbtLpXzIVDNQP22n
20,spotify:track:5odlY52u43F5BjByhxg7wg
21,spotify:track:561jH07mF1jHuk7KlaeF0s
22,spotify:track:02MWAaffLxlfxAUY7c5dvx
23,spotify:track:7MXVkk9YMctZqd1Srtv4MB
24,spotify:track:46s57QULU02Voy0Kup6UEb
25,spotify:track:1xzi1Jcr7mEi9K2RfzLOqS
26,spotify:track:3azJifCSqg9fRij2yKIbWz
27,spotify:track:2QjOHCTQ1Jl3zawyYOpxh6
28,spotify:track:26hOm7dTtBi0TdpDGl141t
29,spotify:track:4ewazQLXFTDC8XvCbhvtXs
30,spotify:track:5PjdY0CKGZdEuoNab3yDmX
31,spotify:track:6sCvvleqKbeyOkQDieBYgp
32,spotify:track:34tz0eDhGuFErIuW3q4mPX
33,spotify:track:73vIOb4Q7YN6HeJTbscRx5
34,spotify:track:4D7BCuvgdJlYvlX5WlN54t
35,spotify:track:3F5CgOj3wFlRv51JsHbxhe
36,spotify:track:3eX0NZfLtGzoLUxPNvRfqm
37,spotify:track:3qoftcUZaUOncvIYjFSPdE
38,spotify:track:7GeTsDIc5ykNB6lORO6Cee
39,spotify:track:76OGwb5RA9h4FxQPT33ekc
40,spotify:track:0HYAsQwJIO6FLqpyTeD3l6
41,spotify:track:4UMIv5jd9gK98a39BQRD9X
42,spotify:track:1cKHdTo9u0ZymJdPGSh6nq
43,spotify:track:7gRFDGEzF9UkBV233yv2dc
44,spotify:track:5zwwW9Oq7ubSxoCGyW1nbY
45,spotify:track:4h4QlmocP3IuwYEj2j14p8
46,spotify:track:3LtpKP5abr2qqjunvjlX5i
47,spotify:track:3BnDvpeuGOj21Ir2aVEtQo
48,spotify:track:7KokYm8cMIXCsGVmUvKtqf
49,spotify:track:2eAvDnpXP5W0cVtiI0PUxV
50,spotify:track:2WigMwGJysIh9fRnSJvpjn
51,spotify:track:6I3mqTwhRpn34SLVafSH7G
52,spotify:track:54ipXppHLA8U4yqpOFTUhr
53,spotify:track:3AVrVz5rK8Hrqo9YGiVGN5
54,spotify:track:0VjIjW4GlUZAMYd2vXMi3b
55,spotify:track:6JIC3hbC28JZKZ8AlAqX8h
56,spotify:track:34ZAzO78a5DAVNrYIGWcPm
57,spotify:track:2ZL7WZcjuYKi1KUDtp4kCC
58,spotify:track:0O6u0VJ46W86TxN9wgyqDj
59,spotify:track:5QO79kh1waicV47BqGRL3g
60,spotify:track:7lvDsmTRXFE3dK4OjvRiWB
61,spotify:track:2yjlYDiNiQkdxVqTlaSrlX
62,spotify:track:0AoBY2Y3qs6dtGgOD6c91N
63,spotify:track:1xwAWUI6Dj0WGC3KiUPN0O
64,spotify:track:78Sw5GDo6AlGwTwanjXbGh
65,spotify:track:09mEdoA6zrmBPgTEN5qXmN
66,spotify:track:5YbPxJwPfrj7uswNwoF1pJ
67,spotify:track:58HvfVOeJY7lUuCqF0m3ly
68,spotify:track:45pUWUeEWGoSdH6UF162G8
69,spotify:track:0heeNYlwOGuUSe7TgUD27B
70,spotify:track:4fsQ0K37TOXa3hEQfjEic1
71,spotify:track:59nOXPmaKlBfGMDeOVGrIK
72,spotify:track:0h7QMc9ZRzA9QJrbEHytn2
73,spotify:track:5O2P9iiztwhomNh8xkR9lJ
74,spotify:track:5nujrmhLynf4yMoMtj8AQF
75,spotify:track:0u2P5u6lvoDfwTYjAADbn4
76,spotify:track:2Xr1dTzJee307rmrkt8c0g
77,spotify:track:7DbdUf8aHSYoliSjO6LZv6
78,spotify:track:1aL9518P5G72N92b48tuKw
79,spotify:track:1oFAF1hdPOickyHgbuRjyX
80,spotify:track:4FyesJzVpA39hbYvcseO2d
81,spotify:track:2J2Z1SkXYghSajLibnQHOa
82,spotify:track:7l2nxyx7IkBX5orhkALg0V
83,spotify:track:3xWGA8pa0IKFI7IMPri4P0
84,spotify:track:27ZZdyTSQWI7Cug2d2PkqV
85,spotify:track:0wshkEEcJUQU33RSRBb5dv
86,spotify:track:46IZ0fSY2mpAiktS3KOqds
87,spotify:track:4qu63nuBpdn0qHUHuObEj1
88,spotify:track:6HMtHNpW6YPi1hrw9tgF8P
89,spotify:track:58ge6dfP91o9oXMzq3XkIS
90,spotify:track:3uUuGVFu1V7jTQL60S1r8z
91,spotify:track:6UelLqGlWMcVH1E5c4H7lY
92,spotify:track:0HaRLPnr887lcQM2YQzkff
93,spotify:track:6qyS9qBy0mEk3qYaH8mPss
94,spotify:track:2m6Ko3CY1qXNNja8AlugNc
95,spotify:track:7qEHsqek33rTcFNT9PFqLf
96,spotify:track:7ef4DlsgrMEH11cDZd32M6
97,spotify:track:6ex1Pz3pntgy4NPtxHXN2V
98,spotify:track:0A1JLUlkZkp2EFrosoNQi0
99,spotify:track:22TFAU0e7WHAQFGzwneu1e
100,spotify:track:3EaJDYHA0KnX88JvDhL9oa
101,spotify:track:0sSRLXxknVTQDStgU1NqpY
102,spotify:track:38T0tPVZHcPZyhtOcCP7pF
103,spotify:track:08Isz2ETWSBhvIl8UpKYsp
104,spotify:track:7FmYn9e7KHMXcxqGSj9LjH
105,spotify:track:1qEmFfgcLObUfQm0j1W2CK
106,spotify:track:3CIyK1V4JEJkg02E4EJnDl
107,spotify:track:0VO8gYVDSwM1Qdd2GsMoYK
108,spotify:track:46HNZY1i7O6jwTA7Slo2PI
109,spotify:track:2DB4DdfCFMw1iaR6JaR03a
110,spotify:track:6BePGk3eCan4FqaW2X8Qy3
111,spotify:track:0XER3HPMx223xWaAgNKp4Y
112,spotify:track:6Uj1ctrBOjOas8xZXGqKk4
113,spotify:track:3GYlZ7tbxLOxe6ewMNVTkw
114,spotify:track:37vVp2sWHuuIBOSl1NswP6
115,spotify:track:5Z9KJZvQzH6PFmb8SNkxuk
116,spotify:track:2p8IUWQDrpjuFltbdgLOag
117,spotify:track:1zi7xx7UVEFkmKfv06H8x0
118,spotify:track:0wavGRldH0AWyu2zvTz8zb
119,spotify:track:5ww2BF9slyYgNOk37BlC4u
120,spotify:track:4woTEX1wYOTGDqNXuavlRC
121,spotify:track:3hxIUxnT27p5WcmjGUXNwx
122,spotify:track:2LSsSV7V33wM9EKQA2xjGS
123,spotify:track:4zN21mbAuaD0WqtmaTZZeP
124,spotify:track:2tTmW7RDtMQtBk7m2rYeSw
125,spotify:track:0mL82sxCRjrs3br407IdJh
126,spotify:track:0zlGnseLGzRIBA0TJcb3Bo
127,spotify:track:0tgVpDi06FyKpA1z0VMD4v
128,spotify:track:0RiRZpuVRbi7oqRdSMwhQY
129,spotify:track:1Fid2jjqsHViMX6xNH70hE
130,spotify:track:4cktbXiXOapiLBMprHFErI
131,spotify:track:3GCdLUSnKSMJhs4Tj6CV3s
132,spotify:track:0L8LOav65XwLjCLS11gNPD
133,spotify:track:5gDWsRxpJ2lZAffh5p7K0w
134,spotify:track:1jEBSDN5vYViJQr78W7jr2
135,spotify:track:0QzuaeCEEOV40Pn7IvKEny
136,spotify:track:68Dni7IE4VyPkTOH9mRWHr
137,spotify:track:0hquQWY3xvYqN4qtiquniF
138,spotify:track:47sq83n5WN22ZzYnGn8aTy
139,spotify:track:18zQTt3ifDv6iLni2YuXMg
140,spotify:track:69xohKu8C1fsflYAiSNbwM
141,spotify:track:37F7E7BKEw2E4O2L7u0IEp
142,spotify:track:5uCax9HTNlzGybIStD3vDh
143,spotify:track:1u8c2t2Cy7UBoG4ArRcF5g
144,spotify:track:4Flfb4fGscN9kXPOduQLrv
145,spotify:track:2tpWsVSb9UEmDRxAl1zhX1
146,spotify:track:2vXKRlJBXyOcvZYTdNeckS
147,spotify:track:3pUa0ZxdSeaJXm0EIydD3F
148,spotify:track:7fBv7CLKzipRk6EC6TWHOB
149,spotify:track:5TXDeTFVRVY7Cvt0Dw4vWW
150,spotify:track:21jGcNKet2qwijlDFuPiPb
151,spotify:track:75FEaRjZTKLhTrFGsfMUXR
152,spotify:track:6NnCWIWV740gP7DQ8kqdIE
153,spotify:track:29m79w9xPMH4YCD6r8JSmV
154,spotify:track:39JofJHEtg8I4fSyo7Imft
155,spotify:track:410TZrK18uRjtsTunG14cl
156,spotify:track:1DIXPcTDzTj8ZMHt3PDt8p
157,spotify:track:5TJEBoTCDbJXiKMdCN9pd3
158,spotify:track:4iJyoBOLtHqaGxP12qzhQI
159,spotify:track:2qxmye6gAegTMjLKEBoR3d
160,spotify:track:0pqnGHJpmpxLKifKRmU6WP
161,spotify:track:1FEiijYPJtyswChfcpv3p0
162,spotify:track:0ll8uFnc0nANY35E0Lfxvg
163,spotify:track:2BgEsaKNfHUdlh97KmvFyo
164,spotify:track:2K7xn816oNHJZ0aVqdQsha
165,spotify:track:6v3KW9xbzN5yKLt9YKDYA2
166,spotify:track:69UqtTHfUKAJweQwEStRzC
167,spotify:track:4xqrdfXkTW4T0RauPLv3WA
168,spotify:track:3AJwUDP919kvQ9QcozQPxg
169,spotify:track:0bYg9bo50gSsH3LtXe2SQn
170,spotify:track:10xV5l9nhLvFpR8mqzs0bL
171,spotify:track:2HbKqm4o0w5wEeEFXm2sD4
172,spotify:track:1mXVgsBdtIVeCLJnSnmtdV
173,spotify:track:5wANPM4fQCJwkGd4rN57mH
174,spotify:track:5uSFGgIfHMT3osrAd9n9ym
175,spotify:track:1Nr46gjiP50uPsz30gYhAd
176,spotify:track:1LbBOhicFmu7ktJqIHCELt
177,spotify:track:6RUKPb4LETWmmr3iAEQktW
178,spotify:track:2L0PRavRIQIjVcZK4Qgfgi
179,spotify:track:5FkJHVudUByVjanCqFXRql
180,spotify:track:7LX4aXtvImhdgUHQBlo8Kp
181,spotify:track:4sFGNz4MYpGoz53ZGCwsiE
182,spotify:track:3yfqSUWxFvZELEM4PmlwIR
183,spotify:track:5BYl3SodS3rGmafWXRWmB7
184,spotify:track:086myS9r57YsLbJpU0TgK9
185,spotify:track:2ksyzVfU0WJoBpu8otr4pz
186,spotify:track:5CZ40GBx1sQ9agT82CLQCT
187,spotify:track:6FZDfxM3a3UCqtzo5pxSLZ
188,spotify:track:35mvY5S1H3J2QZyna3TFe0
189,spotify:track:3pXF1nA74528Edde4of9CC
190,spotify:track:3i7qScF9Oyp31O9bAutJez
191,spotify:track:7BKLCZ1jbUBVqRi2FVlTVw
192,spotify:track:1XGmzt0PVuFgQYYnV2It7A
193,spotify:track:0yCWDaAgOtg6TKlNCg9rwA
194,spotify:track:0wHFktze2PHC5jDt3B17DC
195,spotify:track:0EcQcdcbQeVJn9fknj44Be
196,spotify:track:5QM0SsyzmBM0pbFY52Xj1X
197,spotify:track:1mea3bSkSGXuIRvnydlB5b
198,spotify:track:2ZRo7axmMPeSVUvDbGkJah
199,spotify:track:7lQ8MOhq6IN2w8EYcFNSUk
