,uri
0,spotify:track:6xGruZOHLs39ZbVccQTuPZ
1,spotify:track:4Dvkj6JhhA12EX05fT7y2e
2,spotify:track:0mBP9X2gPCuapvpZ7TGDk3
3,spotify:track:75FEaRjZTKLhTrFGsfMUXR
4,spotify:track:3F5CgOj3wFlRv51JsHbxhe
5,spotify:track:02MWAaffLxlfxAUY7c5dvx
6,spotify:track:0oiv4E896TUTTeQU0cmIui
7,spotify:track:5PjdY0CKGZdEuoNab3yDmX
8,spotify:track:58HvfVOeJY7lUuCqF0m3ly
9,spotify:track:1PckUlxKqWQs3RlWXVBLw3
10,spotify:track:7lvDsmTRXFE3dK4OjvRiWB
11,spotify:track:2KukL7UlQ8TdvpaA7bY3ZJ
12,spotify:track:6I3mqTwhRpn34SLVafSH7G
13,spotify:track:0wHFktze2PHC5jDt3B17DC
14,spotify:track:2eAvDnpXP5W0cVtiI0PUxV
15,spotify:track:0O6u0VJ46W86TxN9wgyqDj
16,spotify:track:10SRMwb9EuVS1K9rYsBfHQ
17,spotify:track:0T5iIrXA4p5GsubkhuBIKV
18,spotify:track:7ef4DlsgrMEH11cDZd32M6
19,spotify:track:6Uj1ctrBOjOas8xZXGqKk4
20,spotify:track:4rmVZajAF7PkrCagGPHbqa
21,spotify:track:4h4QlmocP3IuwYEj2j14p8
22,spotify:track:6JIC3hbC28JZKZ8AlAqX8h
23,spotify:track:1qEmFfgcLObUfQm0j1W2CK
24,spotify:track:5Z9KJZvQzH6PFmb8SNkxuk
25,spotify:track:2DB4DdfCFMw1iaR6JaR03a
26,spotify:track:59nOXPmaKlBfGMDeOVGrIK
27,spotify:track:69xohKu8C1fsflYAiSNbwM
28,spotify:track:3AVXwaOGCEL8cmBecfcsFJ
29,spotify:track:1HhNoOuqm1a5MXYEgAFl8o
30,spotify:track:2Xr1dTzJee307rmrkt8c0g
31,spotify:track:1cKHdTo9u0ZymJdPGSh6nq
32,spotify:track:0VjIjW4GlUZAMYd2vXMi3b
33,spotify:track:2LBqCSwhJGcFQeTHMVGwy3
34,spotify:track:3uUuGVFu1V7jTQL60S1r8z
35,spotify:track:2QjOHCTQ1Jl3zawyYOpxh6
36,spotify:track:7MXVkk9YMctZqd1Srtv4MB
37,spotify:track:50nfwKoDiSYg8zOCREWAm5
38,spotify:track:4h9wh7iOZ0GGn8QVp4RAOB
39,spotify:track:5O2P9iiztwhomNh8xkR9lJ
40,spotify:track:5QO79kh1waicV47BqGRL3g
41,spotify:track:7jtQIBanIiJOMS6RyCx6jZ
42,spotify:track:5nujrmhLynf4yMoMtj8AQF
43,spotify:track:46IZ0fSY2mpAiktS3KOqds
44,spotify:track:6UelLqGlWMcVH1E5c4H7lY
45,spotify:track:3rmo8F54jFF8OgYsqTxm5d
46,spotify:track:46HNZY1i7O6jwTA7Slo2PI
47,spotify:track:2m6Ko3CY1qXNNja8AlugNc
48,spotify:track:0hquQWY3xvYqN4qtiquniF
49,spotify:track:58ge6dfP91o9oXMzq3XkIS
50,spotify:track:2DgdHcjWmO3qd50RzuBLgZ
51,spotify:track:7mFj0LlWtEJaEigguaWqYh
52,spotify:track:1zi7xx7UVEFkmKfv06H8x0
53,spotify:track:4ZtFanR9U6ndgddUvNcjcG
54,spotify:track:5zyZM1EiSqrniyqtprwxpv
55,spotify:track:5rJ7bdPmr8nfmm2JQ8xHOz
56,spotify:track:0e8nrvls4Qqv5Rfa2UhqmO
57,spotify:track:6ChnGkBwnq2HUJD24YhMhW
58,spotify:track:3AVrVz5rK8Hrqo9YGiVGN5
59,spotify:track:2K7xn816oNHJZ0aVqdQsha
60,spotify:track:1oFAF1hdPOickyHgbuRjyX
61,spotify:track:5wANPM4fQCJwkGd4rN57mH
62,spotify:track:32vE1nuG8T9c8bhmZdRY6d
63,spotify:track:769Ld8demNhMgVLAQcjTDn
64,spotify:track:0y60itmpH0aPKsFiGxmtnh
65,spotify:track:5CZ40GBx1sQ9agT82CLQCT
66,spotify:track:5B4YQN1FCuADJ0o4phAtwC
67,spotify:track:0u2P5u6lvoDfwTYjAADbn4
68,spotify:track:4iJyoBOLtHqaGxP12qzhQI
69,spotify:track:0zCgWGmDF0aih5qexATyBn
70,spotify:track:1R0a2iXumgCiFb7HEZ7gUE
71,spotify:track:3DarAbFujv6eYNliUTyqtz
72,spotify:track:7fYRg3CEbk6rNCuzNzMT06
73,spotify:track:4qu63nuBpdn0qHUHuObEj1
74,spotify:track:18asYwWugKjjsihZ0YvRxO
75,spotify:track:09mEdoA6zrmBPgTEN5qXmN
76,spotify:track:2J2Z1SkXYghSajLibnQHOa
77,spotify:track:1SOClUWhOi8vHZYMz3GluK
78,spotify:track:2ZRo7axmMPeSVUvDbGkJah
79,spotify:track:1I4lCSP69P74nU3a6Su5L2
80,spotify:track:0mL82sxCRjrs3br407IdJh
81,spotify:track:3GbQcjKWT7eVpUfzqwUjxv
82,spotify:track:4fouWK6XVHhzl78KzQ1UjL
83,spotify:track:7a5fliY9SsZENrQWQBZron
84,spotify:track:7sT7kZEYd1MrmzLLIRVZas
85,spotify:track:1u8c2t2Cy7UBoG4ArRcF5g
86,spotify:track:6HU7h9RYOaPRFeh0R3UeAr
87,spotify:track:5TXDeTFVRVY7Cvt0Dw4vWW
88,spotify:track:2vXKRlJBXyOcvZYTdNeckS
89,spotify:track:4cktbXiXOapiLBMprHFErI
90,spotify:track:3M214U0mwSm041GsQR3nrO
91,spotify:track:0QzuaeCEEOV40Pn7IvKEny
92,spotify:track:68Dni7IE4VyPkTOH9mRWHr
93,spotify:track:4RVwu0g32PAqgUiJoXsdF8
94,spotify:track:6FQQiTpYnfc5803p84bQp1
95,spotify:track:5QDLhrAOJJdNAmCTJ8xMyW
96,spotify:track:6uvh0In7u1Xn4HgxOfAn8O
97,spotify:track:0nAZGkBGKQCXyaoSJfRhC1
98,spotify:track:29m79w9xPMH4YCD6r8JSmV
99,spotify:track:6A3SB2C4U6JtCavQOXLYNN
100,spotify:track:4SqWKzw0CbA05TGszDgMlc
101,spotify:track:1SC5rEoYDGUK4NfG82494W
102,spotify:track:4hJhHbkhZFnxmWbAkZRoe0
103,spotify:track:5LYMamLv12UPbemOaTPyeV
104,spotify:track:10xV5l9nhLvFpR8mqzs0bL
105,spotify:track:40iJIUlhi6renaREYGeIDS
106,spotify:track:0k4d5YPDr1r7FX77VdqWez
107,spotify:track:48QmG1dfvMuYLxMPt7KSRA
108,spotify:track:06JvOZ39sK8D8SqiqfaxDU
109,spotify:track:0rKtyWc8bvkriBthvHKY8d
110,spotify:track:1ei3hzQmrgealgRKFxIcWn
111,spotify:track:23Z3bbYcl1PdcPJemLa4zc
112,spotify:track:531KGXtBroSrOX9LVmiIgc
113,spotify:track:2g6tReTlM2Akp41g0HaeXN
114,spotify:track:59CfNbkERJ3NoTXDvoURjj
115,spotify:track:5mCPDVBb16L4XQwDdbRUpz
116,spotify:track:7qEHsqek33rTcFNT9PFqLf
117,spotify:track:3PfIrDoz19wz7qK7tYeu62
118,spotify:track:0fX4oNGBWO3dSGUZcVdVV2
119,spotify:track:6yvxu91deFKt3X1QoV6qMv
120,spotify:track:1r8ZCjfrQxoy2wVaBUbpwg
121,spotify:track:7fBv7CLKzipRk6EC6TWHOB
122,spotify:track:0VO8gYVDSwM1Qdd2GsMoYK
123,spotify:track:1XGmzt0PVuFgQYYnV2It7A
124,spotify:track:4slSrbTK1sNK4I1mDYEthf
125,spotify:track:2qxmye6gAegTMjLKEBoR3d
126,spotify:track:2sHYMLUd4nVLxHPKY05Ein
127,spotify:track:0WZqHCoOBXqgCCIsUZLC2a
128,spotify:track:4xqrdfXkTW4T0RauPLv3WA
129,spotify:track:7BbaIYAdi3pg4MGl6PHwPv
130,spotify:track:1nltpRhEiXikwDlVn4UADk
131,spotify:track:5WWplXimzIjlJiN2N7T9Q3
132,spotify:track:2SLwbpExuoBDZBpjfefCtV
133,spotify:track:35mvY5S1H3J2QZyna3TFe0
134,spotify:track:3Vi5XqYrmQgOYBajMWSvCi
135,spotify:track:3FAJ6O0NOHQV8Mc5Ri6ENp
136,spotify:track:5W7DOVGQLTigu09afW7QMT
137,spotify:track:0RiRZpuVRbi7oqRdSMwhQY
138,spotify:track:4IaxDf2FixiQXq0mW7key9
139,spotify:track:37y7iDayfwm3WXn5BiAoRk
140,spotify:track:62ke5zFUJN6RvtXZgVH0F8
141,spotify:track:1c2hJSwcCfoPEw1su83Sw0
142,spotify:track:5uCax9HTNlzGybIStD3vDh
143,spotify:track:2PDgArI0p7UkeYgXWuqpmh
144,spotify:track:4JzCFEc3O2UEdjKzevvFH5
145,spotify:track:6jjYDGxVJsWS0a5wlVF5vS
146,spotify:track:0pqnGHJpmpxLKifKRmU6WP
147,spotify:track:2BgEsaKNfHUdlh97KmvFyo
148,spotify:track:2tpWsVSb9UEmDRxAl1zhX1
149,spotify:track:1B5I5yqLpVI5EosZS6bJFs
150,spotify:track:39LLxExYz6ewLAcYrzQQyP
151,spotify:track:2P91MQbaiQOfbiz9VqhqKQ
152,spotify:track:2MJz8BxxMsERULatmBikDH
153,spotify:track:6EbVuwU7EnKeF2hdpViXCH
154,spotify:track:5E30LdtzQTGqRvNd7l6kG5
155,spotify:track:3ZCTVFBt2Brf31RLEnCkWJ
156,spotify:track:3M0lSi5WW79CXQamgSBIjx
157,spotify:track:1DIXPcTDzTj8ZMHt3PDt8p
158,spotify:track:6nGeLlakfzlBcFdZXteDq7
159,spotify:track:5zFglKYiknIxks8geR8rcL
160,spotify:track:737gzPI5VAmgUGWiJ9yXuu
161,spotify:track:2B4GHvToeLTOBB4QLzW3Ni
162,spotify:track:7hU3IHwjX150XLoTVmjD0q
163,spotify:track:4HBZA5flZLE435QTztThqH
164,spotify:track:7a8GawTVgHZvBLQOh46he7
165,spotify:track:7l9IqDtVWJurTvkQHq1BGh
166,spotify:track:3BnDvpeuGOj21Ir2aVEtQo
167,spotify:track:2WzAAerBvZvvFXgUpSwHZ9
168,spotify:track:7My9ca9QEIR8MvIOdIrTWA
169,spotify:track:6E90gq0KO6FYZVOXx8kCcC
170,spotify:track:285pBltuF7vW8TeWk8hdRR
171,spotify:track:21jGcNKet2qwijlDFuPiPb
172,spotify:track:4axSuOg3BqsowKjRpj59RU
173,spotify:track:7qiZfU4dY1lWllzX7mPBI3
174,spotify:track:7hxHWCCAIIxFLCzvDgnQHX
175,spotify:track:1dGr1c8CrMLDpV6mPbImSI
176,spotify:track:1BxfuPKGuaTgP7aM0Bbdwr
177,spotify:track:0HAG6nIiEKd75yGpovuSJQ
178,spotify:track:6v3KW9xbzN5yKLt9YKDYA2
179,spotify:track:4jPy3l0RUwlUI9T5XHBW2m
180,spotify:track:6FZDfxM3a3UCqtzo5pxSLZ
181,spotify:track:4UG2Fm0E98LhE2dlNxiAXx
182,spotify:track:1f5cbQtDrykjarZVrShaDI
183,spotify:track:51Zw1cKDgkad0CXv23HCMU
184,spotify:track:1oYQtNQUxSODedcc5hPmp9
185,spotify:track:7dSZ6zGTQx66c2GF91xCrb
186,spotify:track:2vkNA9I029dTwX0y6d59Sc
187,spotify:track:0uxSUdBrJy9Un0EYoBowng
188,spotify:track:0tgVpDi06FyKpA1z0VMD4v
189,spotify:track:64pUytZWfCpeeMBN0XAadF
190,spotify:track:3Wrjm47oTz2sjIgck11l5e
191,spotify:track:0ct6r3EGTcMLPtrXHDvVjc
192,spotify:track:6lZ5p6VTbZ2ZvnsdTlLv7I
193,spotify:track:7lQ8MOhq6IN2w8EYcFNSUk
194,spotify:track:1fewSx2d5KIZ04wsooEBOz
195,spotify:track:3CLSHJv5aUROAN2vfOyCOh
196,spotify:track:7IaeavdRzXYQWfu2Wt5GlU
197,spotify:track:02VBYrHfVwfEWXk5DXyf0T
198,spotify:track:45bE4HXI0AwGZXfZtMp8JR
199,spotify:track:0sTlGEld0h8kIPZaKDYUf4
