,uri
0,spotify:track:02MWAaffLxlfxAUY7c5dvx
1,spotify:track:5PjdY0CKGZdEuoNab3yDmX
2,spotify:track:7rglLriMNBPAyuJOMGwi39
3,spotify:track:531KGXtBroSrOX9LVmiIgc
4,spotify:track:3uUuGVFu1V7jTQL60S1r8z
5,spotify:track:50nfwKoDiSYg8zOCREWAm5
6,spotify:track:3rmo8F54jFF8OgYsqTxm5d
7,spotify:track:6I3mqTwhRpn34SLVafSH7G
8,spotify:track:0e8nrvls4Qqv5Rfa2UhqmO
9,spotify:track:4fouWK6XVHhzl78KzQ1UjL
10,spotify:track:5Z9KJZvQzH6PFmb8SNkxuk
11,spotify:track:4ZtFanR9U6ndgddUvNcjcG
12,spotify:track:3Oww84xrmgjyr5J1ilOmAf
13,spotify:track:1HhNoOuqm1a5MXYEgAFl8o
14,spotify:track:0QBzMgT7NIeoCYy3sJCof1
15,spotify:track:0oA9wBGDY4uyILLg4GymWP
16,spotify:track:46IZ0fSY2mpAiktS3KOqds
17,spotify:track:58HvfVOeJY7lUuCqF0m3ly
18,spotify:track:52xJxFP6TqMuO4Yt0eOkMz
19,spotify:track:2oqlgNaWn1ewr3FNKYLoie
20,spotify:track:59CfNbkERJ3NoTXDvoURjj
21,spotify:track:5A5bLKdL5I3k3FTEQlAUw7
22,spotify:track:20on25jryn53hWghthWWW3
23,spotify:track:3DarAbFujv6eYNliUTyqtz
24,spotify:track:6Uj1ctrBOjOas8xZXGqKk4
25,spotify:track:18asYwWugKjjsihZ0YvRxO
26,spotify:track:0IuVhCflrQPMGRrOyoY5RW
27,spotify:track:3GZD6HmiNUhxXYf8Gch723
28,spotify:track:7mFj0LlWtEJaEigguaWqYh
29,spotify:track:3o9kpgkIcffx0iSwxhuNI2
30,spotify:track:003vvx7Niy0yvhvHt4a68B
31,spotify:track:3yMC1KsTwh0ceXdIe4QQAQ
32,spotify:track:3vySEUpD0tc801F2WZDLYw
33,spotify:track:00Blm7zeNqgYLPtW6zg8cj
34,spotify:track:3AVXwaOGCEL8cmBecfcsFJ
35,spotify:track:2WL6GQzPuK9Nrpy9XwNEbz
36,spotify:track:5nujrmhLynf4yMoMtj8AQF
37,spotify:track:68Dni7IE4VyPkTOH9mRWHr
38,spotify:track:6f5ExP43esnvdKPddwKXJH
39,spotify:track:62Yo3FDddWY8ydu6PW2wyz
40,spotify:track:0VjIjW4GlUZAMYd2vXMi3b
41,spotify:track:2bdqU7C4softKNcMYDFi96
42,spotify:track:1SOClUWhOi8vHZYMz3GluK
43,spotify:track:25wdC7CJmCJPgnKw9rYquJ
44,spotify:track:5UWwZ5lm5PKu6eKsHAGxOk
45,spotify:track:5vUnjhBzRJJIAOJPde6zDx
46,spotify:track:46HNZY1i7O6jwTA7Slo2PI
47,spotify:track:7lQ8MOhq6IN2w8EYcFNSUk
48,spotify:track:5wANPM4fQCJwkGd4rN57mH
49,spotify:track:4wqzOaLxiCRy2Et8tRyNSX
50,spotify:track:3Vi5XqYrmQgOYBajMWSvCi
51,spotify:track:0ofHAoxe9vBkTCp2UQIavz
52,spotify:track:5rW7qTn83sCKtqBoneJs63
53,spotify:track:0DGTcMqvVR7fmBXgiG6jz4
54,spotify:track:424Uwmm1kNW07Ty1nOhSpl
55,spotify:track:7yq4Qj7cqayVTp3FF9CWbm
56,spotify:track:2QjOHCTQ1Jl3zawyYOpxh6
57,spotify:track:0y60itmpH0aPKsFiGxmtnh
58,spotify:track:5YqdiryRmdAzYFlxo43hAJ
59,spotify:track:3Kkjo3cT83cw09VJyrLNwX
60,spotify:track:5CZ40GBx1sQ9agT82CLQCT
61,spotify:track:6LtHYDgYHRCHoKK3snfr2w
62,spotify:track:3yfqSUWxFvZELEM4PmlwIR
63,spotify:track:7z5G2LOdV8okZn4yWg3q5g
64,spotify:track:4XvcHTUfIlWfyJTRG0aqlo
65,spotify:track:7qEHsqek33rTcFNT9PFqLf
66,spotify:track:7jtQIBanIiJOMS6RyCx6jZ
67,spotify:track:0RiRZpuVRbi7oqRdSMwhQY
68,spotify:track:2eAvDnpXP5W0cVtiI0PUxV
69,spotify:track:50eJOxJiGmJ7PBZaTKpje1
70,spotify:track:6K5ph5mq1qprHae3TrgTj5
71,spotify:track:1ZdhOMWyFR8Iv9eylMGYg2
72,spotify:track:1v7L65Lzy0j0vdpRjJewt1
73,spotify:track:0qOvlEzD7xU35GLFT8DF1t
74,spotify:track:1SC5rEoYDGUK4NfG82494W
75,spotify:track:5TXDeTFVRVY7Cvt0Dw4vWW
76,spotify:track:6UelLqGlWMcVH1E5c4H7lY
77,spotify:track:4SqWKzw0CbA05TGszDgMlc
78,spotify:track:5uCax9HTNlzGybIStD3vDh
79,spotify:track:1oFAF1hdPOickyHgbuRjyX
80,spotify:track:503OTo2dSqe7qk76rgsbep
81,spotify:track:6HU7h9RYOaPRFeh0R3UeAr
82,spotify:track:3UmaczJpikHgJFyBTAJVoz
83,spotify:track:7dDrR6vMK1JAwZZ5MIWgme
84,spotify:track:4RVwu0g32PAqgUiJoXsdF8
85,spotify:track:6Jrdb6CFOJEGaHjaa6c4WR
86,spotify:track:6Qyc6fS4DsZjB2mRW9DsQs
87,spotify:track:4jPy3l0RUwlUI9T5XHBW2m
88,spotify:track:3XOalgusokruzA5ZBA2Qcb
89,spotify:track:3E7dfMvvCLUddWissuqMwr
90,spotify:track:7KwZNVEaqikRSBSpyhXK2j
91,spotify:track:2ouFrmMwYik8nQX2n9SeZu
92,spotify:track:3tBZ60j1jQ7NJm8IjelyQe
93,spotify:track:3PfIrDoz19wz7qK7tYeu62
94,spotify:track:186NCtNk1tUYS7c2DxgJ7O
95,spotify:track:3Wrjm47oTz2sjIgck11l5e
96,spotify:track:7iL6o9tox1zgHpKUfh9vuC
97,spotify:track:2K7xn816oNHJZ0aVqdQsha
98,spotify:track:23CKxEwKWsLs6LD5poGOLM
99,spotify:track:2VxeLyX666F8uXCJ0dZF8B
100,spotify:track:3AJwUDP919kvQ9QcozQPxg
101,spotify:track:0gucTLf7trAf37Ua1uAyAu
102,spotify:track:2BcMwX1MPV6ZHP4tUT9uq6
103,spotify:track:07MDkzWARZaLEdKxo6yArG
104,spotify:track:21jGcNKet2qwijlDFuPiPb
105,spotify:track:2tpWsVSb9UEmDRxAl1zhX1
106,spotify:track:4Li2WHPkuyCdtmokzW2007
107,spotify:track:58ge6dfP91o9oXMzq3XkIS
108,spotify:track:6cx06DFPPHchuUAcTxznu9
109,spotify:track:5QO79kh1waicV47BqGRL3g
110,spotify:track:6FE2iI43OZnszFLuLtvvmg
111,spotify:track:4pi1G1x8tl9VfdD9bL3maT
112,spotify:track:37y7iDayfwm3WXn5BiAoRk
113,spotify:track:5qrSlOut2rNAWv3ubArkNy
114,spotify:track:45bE4HXI0AwGZXfZtMp8JR
115,spotify:track:2gam98EZKrF9XuOkU13ApN
116,spotify:track:1VLtjHwRWOVJiE5Py7JxoQ
117,spotify:track:7qiZfU4dY1lWllzX7mPBI3
118,spotify:track:4xkOaSrkexMciUUogZKVTS
119,spotify:track:2BOqDYLOJBiMOXShCV1neZ
120,spotify:track:0nrRP2bk19rLc0orkWPQk2
121,spotify:track:0sTlGEld0h8kIPZaKDYUf4
122,spotify:track:0ntQJM78wzOLVeCUAW7Y45
123,spotify:track:0u2P5u6lvoDfwTYjAADbn4
124,spotify:track:2gpWyfu7eZ01zzncHpxOtA
125,spotify:track:7DFNE7NO0raLIUbgzY2rzm
126,spotify:track:4btFHqumCO31GksfuBLLv3
127,spotify:track:0tgVpDi06FyKpA1z0VMD4v
128,spotify:track:7FIWs0pqAYbP91WWM0vlTQ
129,spotify:track:4iJyoBOLtHqaGxP12qzhQI
130,spotify:track:2gMXnyrvIjhVBUZwvLZDMP
131,spotify:track:0frIZMaQwtdV4Ee8nhB1te
132,spotify:track:2N8m6CYs74qQO4mjVcXO30
133,spotify:track:4cG7HUWYHBV6R6tHn1gxrl
134,spotify:track:1Slwb6dOYkBlWal1PGtnNg
135,spotify:track:27OeeYzk6klgBh83TSvGMA
136,spotify:track:1zi7xx7UVEFkmKfv06H8x0
137,spotify:track:18vXApRmJSgQ6wG2ll9AOg
138,spotify:track:3dYD57lRAUcMHufyqn9GcI
139,spotify:track:5th1bFGGaXLM7wDBJpcF06
140,spotify:track:2iUXsYOEPhVqEBwsqP70rE
141,spotify:track:5WtfUKzXircvW8l5aaVZWT
142,spotify:track:4bHsxqR3GMrXTxEPLuK5ue
143,spotify:track:0W7brFokN6QtGRNp32RCQP
144,spotify:track:7x8dCjCr0x6x2lXKujYD34
145,spotify:track:22skzmqfdWrjJylampe0kt
146,spotify:track:4HlFJV71xXKIGcU3kRyttv
147,spotify:track:5OQsiBsky2k2kDKy2bX2eT
148,spotify:track:0uI7yAKUf52Cn7y3sYyjiX
149,spotify:track:4b1yxSdlumA8N4fEk4UOZp
150,spotify:track:285pBltuF7vW8TeWk8hdRR
151,spotify:track:0Z2J91b2iTGLVTZC4fKgxf
152,spotify:track:6f3Slt0GbA2bPZlz0aIFXN
153,spotify:track:1DIXPcTDzTj8ZMHt3PDt8p
154,spotify:track:3U4isOIWM3VvDubwSI3y7a
155,spotify:track:0siYMEsGrzzzlWLXK5zJfS
156,spotify:track:0wXuerDYiBnERgIpbb3JBR
157,spotify:track:2vXKRlJBXyOcvZYTdNeckS
158,spotify:track:0pqnGHJpmpxLKifKRmU6WP
159,spotify:track:7BqBn9nzAq8spo5e7cZ0dJ
160,spotify:track:40iJIUlhi6renaREYGeIDS
161,spotify:track:0k4d5YPDr1r7FX77VdqWez
162,spotify:track:4kbj5MwxO1bq9wjT5g9HaA
163,spotify:track:1u8c2t2Cy7UBoG4ArRcF5g
164,spotify:track:5rb9QrpfcKFHM1EUbSIurX
165,spotify:track:0W6I02J9xcqK8MtSeosEXb
166,spotify:track:3uwnnTQcHM1rDqSfA4gQNz
167,spotify:track:4kTLpAbhuEGHAAdDjOIWaa
168,spotify:track:07GvNcU1WdyZJq3XxP0kZa
169,spotify:track:4kLLWz7srcuLKA7Et40PQR
170,spotify:track:4qu63nuBpdn0qHUHuObEj1
171,spotify:track:6EtKlIQmGPB9SX8UjDJG5s
172,spotify:track:5enxwA8aAbwZbf5qCHORXi
173,spotify:track:4tFwRLlaNsozRmWXWqohT5
174,spotify:track:286TLtk120rnrmVeQClDTc
175,spotify:track:6N1EjQjnvhOjFrF6oUmGPa
176,spotify:track:6fxVffaTuwjgEk5h9QyRjy
177,spotify:track:51pshtuYkgUQnt5huMPbKL
178,spotify:track:2pxxVkNhrRST8fpgA12ru8
179,spotify:track:0cqRj7pUJDkTCEsJkx8snD
180,spotify:track:76YSWx6L6FNsuaP6GWBb8P
181,spotify:track:3FMedgGsLUNwx8NciePFEK
182,spotify:track:5FZxsHWIvUsmSK1IAvm2pp
183,spotify:track:4tqcoej1zPvwePZCzuAjJd
184,spotify:track:1qDrWA6lyx8cLECdZE7TV7
185,spotify:track:5qqabIl2vWzo9ApSC317sa
186,spotify:track:6Dy1jexKYriXAVG6evyUTJ
187,spotify:track:5lAnYvAIkSDNXqfo7DyFUm
188,spotify:track:7aZiDdufBX2Ek8OUuxK0IQ
189,spotify:track:3pudQCMnsFGwOElTZmuml8
190,spotify:track:2RSqIGxbnTQQjZIS5Iyakn
191,spotify:track:1T4tQ4SSagbhAKpvcWg035
192,spotify:track:0I3q5fE6wg7LIfHGngUTnV
193,spotify:track:2hKdd3qO7cWr2Jo0Bcs0MA
194,spotify:track:3d9DChrdc6BOeFsbrZ3Is0
195,spotify:track:2bLqfJjuC5syrsgDsZfGmn
196,spotify:track:7BKLCZ1jbUBVqRi2FVlTVw
197,spotify:track:1XGmzt0PVuFgQYYnV2It7A
198,spotify:track:5dXWFMwD7I7zXsInONVl0H
199,spotify:track:39ZVkOVxjG8ypNdUSVNkxU
