,uri
0,spotify:track:3nqQXoyQOWXiESFLlDF1hG
1,spotify:track:1Oxshg4204lRdcogzvdP4x
2,spotify:track:56dILgPraSNLKcd89hxXaq
3,spotify:track:2yjlYDiNiQkdxVqTlaSrlX
4,spotify:track:4uUG5RXrOk84mYEfFvj3cK
5,spotify:track:5qX0V96jKJ6zC8UImlXKmO
6,spotify:track:5IgjP7X4th6nMNDh4akUHb
7,spotify:track:6eOG7lOgVEWKqhWFRL2O4j
8,spotify:track:73vIOb4Q7YN6HeJTbscRx5
9,spotify:track:6UyMkM4523bYKwHIIrfuJu
10,spotify:track:4B4f0Jno4VnQA2a7R1kWgX
11,spotify:track:7CW8Z1qou9zFwABZAv0Vui
12,spotify:track:23HAp6WM0phD5RqDyxtr6b
13,spotify:track:4h9wh7iOZ0GGn8QVp4RAOB
14,spotify:track:6kN80cMcK1Gu1rJ82Xr6vt
15,spotify:track:3bEbRxixvEVlEVIgvepXcg
16,spotify:track:04zqsdXIs6fCpvKgl0AYY7
17,spotify:track:4zN21mbAuaD0WqtmaTZZeP
18,spotify:track:6qyS9qBy0mEk3qYaH8mPss
19,spotify:track:561jH07mF1jHuk7KlaeF0s
20,spotify:track:4NQK5RwcwoQCjsMONIiXEo
21,spotify:track:4Dvkj6JhhA12EX05fT7y2e
22,spotify:track:2QjOHCTQ1Jl3zawyYOpxh6
23,spotify:track:4sO11a54gXayms6GDyqKep
24,spotify:track:1cKHdTo9u0ZymJdPGSh6nq
25,spotify:track:1fTNb11PK6Ode6hx4bC8pl
26,spotify:track:4DxgAA7IHwrmYDRzf0xvht
27,spotify:track:4mzILuYOfli6QWsPdc9iCS
28,spotify:track:5XeFesFbtLpXzIVDNQP22n
29,spotify:track:1Ame8XTX6QHY0l0ahqUhgv
30,spotify:track:3LtpKP5abr2qqjunvjlX5i
31,spotify:track:16rryuFZpdvWzKllkUw0ri
32,spotify:track:5yXmtupoVp0GSM1ENKciOX
33,spotify:track:54ipXppHLA8U4yqpOFTUhr
34,spotify:track:38T0tPVZHcPZyhtOcCP7pF
35,spotify:track:3FkA5BCzxB4SeQ7fSzUmJE
36,spotify:track:7MXVkk9YMctZqd1Srtv4MB
37,spotify:track:7DbdUf8aHSYoliSjO6LZv6
38,spotify:track:7jtQIBanIiJOMS6RyCx6jZ
39,spotify:track:4woTEX1wYOTGDqNXuavlRC
40,spotify:track:0hquQWY3xvYqN4qtiquniF
41,spotify:track:4z7cTjQGpdJzzKy4wEdAEX
42,spotify:track:4cLi9bZRMvDITlmKdo6D2l
43,spotify:track:7sJNeWTXkZCEC7OnFMpGWL
44,spotify:track:58HvfVOeJY7lUuCqF0m3ly
45,spotify:track:2LBqCSwhJGcFQeTHMVGwy3
46,spotify:track:09mEdoA6zrmBPgTEN5qXmN
47,spotify:track:4AOUyrWRXMuSRG3eTWxizo
48,spotify:track:3EafBu8bBdhrkLe84OgnNZ
49,spotify:track:58ge6dfP91o9oXMzq3XkIS
50,spotify:track:74loibzxXRL875X20kenvk
51,spotify:track:13GRVUH2tL94b9yHCkLHRm
52,spotify:track:3AXZZgreuwWgYX2IL3oGkA
53,spotify:track:1xK59OXxi2TAAAbmZK0kBL
54,spotify:track:7gRFDGEzF9UkBV233yv2dc
55,spotify:track:5FVd6KXrgO9B3JPmC8OPst
56,spotify:track:3F5CgOj3wFlRv51JsHbxhe
57,spotify:track:5JwxdYpoZPJasiOjpmeeB0
58,spotify:track:01kfSdF9zfcDLri5sSWEoL
59,spotify:track:5Sk39LuvdwuvL84jD01Dum
60,spotify:track:5bYyQzaUSXpGGrJuGZfafd
61,spotify:track:6kl1QzJtnTgToGGxZWeTJw
62,spotify:track:0WtM2NBVQNNJLh6scP13H8
63,spotify:track:02MWAaffLxlfxAUY7c5dvx
64,spotify:track:2vXKRlJBXyOcvZYTdNeckS
65,spotify:track:086myS9r57YsLbJpU0TgK9
66,spotify:track:1DIXPcTDzTj8ZMHt3PDt8p
67,spotify:track:4k6Uh1HXdhtusDW5y8Gbvy
68,spotify:track:7lQ8MOhq6IN2w8EYcFNSUk
69,spotify:track:4Nkgkvf4AKvt6a3VXlyM0O
70,spotify:track:2K7xn816oNHJZ0aVqdQsha
71,spotify:track:3yfqSUWxFvZELEM4PmlwIR
72,spotify:track:2tqDS3gLLAPh66bSm8I32D
73,spotify:track:3Ya6AUGGni7HPC5P9gh2bj
74,spotify:track:2FBlCQ6UYQu1KHMBnruVul
75,spotify:track:7fBv7CLKzipRk6EC6TWHOB
76,spotify:track:1jmwXsqCLABS1RNUtcz7GC
77,spotify:track:2BfIkZJht4lBG73fqtsSxp
78,spotify:track:0JK0UF0VcZTNRkx5HhmQOV
79,spotify:track:4tRhRLBxIZ34Iw0eCuiC03
80,spotify:track:772ARvmnEjryug7ce0lRAF
81,spotify:track:1xzi1Jcr7mEi9K2RfzLOqS
82,spotify:track:5zwwW9Oq7ubSxoCGyW1nbY
83,spotify:track:0u52MS7dNsEFTbAuwcgSKM
84,spotify:track:5TXDeTFVRVY7Cvt0Dw4vWW
85,spotify:track:4FAQjmX7e7JJaFE363uj86
86,spotify:track:27ZZdyTSQWI7Cug2d2PkqV
87,spotify:track:0VjIjW4GlUZAMYd2vXMi3b
88,spotify:track:0VO8gYVDSwM1Qdd2GsMoYK
89,spotify:track:42sQ9jc3NRDpxRvppjEtmA
90,spotify:track:7kDgO7iBtdBhrx0X0esUrB
91,spotify:track:0iUrxveyNUBfj0cqjYEijt
92,spotify:track:5FkJHVudUByVjanCqFXRql
93,spotify:track:0zbZVkNiZfelBLVrdJvuiX
94,spotify:track:3rb0tMq42WfggucPm0HHkA
95,spotify:track:5evJJmNenJJF04OBGEGgZc
96,spotify:track:5E30LdtzQTGqRvNd7l6kG5
97,spotify:track:4P5VUXBuMIuTgyR8YuR11T
98,spotify:track:7KpoCH5M4hSJSCTPdeKm2h
99,spotify:track:18y7QMqWhkkd1akp6FmXgA
100,spotify:track:4JFBEg1MNSuzGgsJNgoyYG
101,spotify:track:3CIyK1V4JEJkg02E4EJnDl
102,spotify:track:5UnA7doBvFDdpKs90fp8dE
103,spotify:track:2ksyzVfU0WJoBpu8otr4pz
104,spotify:track:79s5XnCN4TJKTVMSmOx8Ep
105,spotify:track:6XO8RlYuJCiI0v3IA48FeJ
106,spotify:track:6o1w1oqUMiJI1Kp0s0ksRK
107,spotify:track:4BGRK42GfRCw2Hoolpu1G7
108,spotify:track:5gDWsRxpJ2lZAffh5p7K0w
109,spotify:track:1jeH7hX7LylA16T7MosUO3
110,spotify:track:2kx5sQgmjYug0GiDh1a4sU
111,spotify:track:3W9jnJBPYeihwNSXsr65f9
112,spotify:track:3uUuGVFu1V7jTQL60S1r8z
113,spotify:track:18asYwWugKjjsihZ0YvRxO
114,spotify:track:17ebbiVJ3iAtqJ5TxdVzWm
115,spotify:track:6tfajS9NU9zqfOZdByVbV1
116,spotify:track:5thvwNPeyjFr3iKRGrxPuO
117,spotify:track:4EWCNWgDS8707fNSZ1oaA5
118,spotify:track:0oO1AbL92F6329z13C2qQH
119,spotify:track:6LpL3NUIJuJ3zyBfdMXD2O
120,spotify:track:2WzAAerBvZvvFXgUpSwHZ9
121,spotify:track:2gTyfm5jrmTx4IH9K0CJk3
122,spotify:track:58b4WUBJM3IVzIDT2HEGe3
123,spotify:track:32vRPT2jNoRZRg22GxtY0l
124,spotify:track:3M0lSi5WW79CXQamgSBIjx
125,spotify:track:6Uj1ctrBOjOas8xZXGqKk4
126,spotify:track:6ARd0Qd8iunz6lNyYQZz4t
127,spotify:track:6CanjkbQRS139muYXQEbTm
128,spotify:track:76OGwb5RA9h4FxQPT33ekc
129,spotify:track:4xkOaSrkexMciUUogZKVTS
130,spotify:track:1FEiijYPJtyswChfcpv3p0
131,spotify:track:3gVhsZtseYtY1fMuyYq06F
132,spotify:track:2P06Kf0MWVRPQ0n1PQWEba
133,spotify:track:78ctG4oXFeZOqrr7bcJFE2
134,spotify:track:1a019wP7IdYLexwbmfZPm3
135,spotify:track:63WuQOXohQIxOxIFA2K7bR
136,spotify:track:3xWGA8pa0IKFI7IMPri4P0
137,spotify:track:7iL6o9tox1zgHpKUfh9vuC
138,spotify:track:0F4FejjWi3bf5vGOkuQwPS
139,spotify:track:4qkggtykkzl6qfuScsNmJk
140,spotify:track:5Z9KJZvQzH6PFmb8SNkxuk
141,spotify:track:5QO79kh1waicV47BqGRL3g
142,spotify:track:5PjdY0CKGZdEuoNab3yDmX
143,spotify:track:71wrEyCQBdBzQetMjc8omC
144,spotify:track:6ex1Pz3pntgy4NPtxHXN2V
145,spotify:track:0yxnBa0bqbDE87o1wQswIs
146,spotify:track:0lKiqlTA0kN0k2TrjG5daO
147,spotify:track:0wGbyS1tExQSwOYu6UceyE
148,spotify:track:1iIIsJlKQW7E4eLw7x5XOI
149,spotify:track:3khEEPRyBeOUabbmOPJzAG
150,spotify:track:6JIC3hbC28JZKZ8AlAqX8h
151,spotify:track:7aO0KrTDSwWv2mBZwEgN8N
152,spotify:track:1R0a2iXumgCiFb7HEZ7gUE
153,spotify:track:0k4d5YPDr1r7FX77VdqWez
154,spotify:track:2jQiSYrwJehQAcuaaQrXnS
155,spotify:track:1NXDDexJAupRgVjkEdaGP8
156,spotify:track:6bnF93Rx87YqUBLSgjiMU8
157,spotify:track:1v7L65Lzy0j0vdpRjJewt1
158,spotify:track:0u2P5u6lvoDfwTYjAADbn4
159,spotify:track:6PHB6mLa8HlK1m7I5wzmXD
160,spotify:track:3U7LRoxDT1WvbliazYkmpV
161,spotify:track:0iaumECxQiDwgDHxv8rFAy
162,spotify:track:1Fb8gCHRkmNAaN8vytd5vg
163,spotify:track:2lNcS2J5CD8Y8BNW9ENWnO
164,spotify:track:7wdwIaXUuzlu1grzWMFRJm
165,spotify:track:6SGm8eua5N2voJhxlHgIK5
166,spotify:track:6xGruZOHLs39ZbVccQTuPZ
167,spotify:track:1qEmFfgcLObUfQm0j1W2CK
168,spotify:track:3Wrjm47oTz2sjIgck11l5e
169,spotify:track:2AD3faozZmU71dxlpPO4PJ
170,spotify:track:3CLSHJv5aUROAN2vfOyCOh
171,spotify:track:2AT8iROs4FQueDv2c8q2KE
172,spotify:track:6UelLqGlWMcVH1E5c4H7lY
173,spotify:track:68Dni7IE4VyPkTOH9mRWHr
174,spotify:track:04ojE1leP1BODeTr7EadIe
175,spotify:track:2DB4DdfCFMw1iaR6JaR03a
176,spotify:track:6nqdgUTiWt4JbABDurkxMI
177,spotify:track:6sD2Ar3Wmt2Tbxmpw43Qsh
178,spotify:track:5Y6nVaayzitvsD5F7nr3DV
179,spotify:track:59CfNbkERJ3NoTXDvoURjj
180,spotify:track:2SKoecvDt04LkeRGGzhjtA
181,spotify:track:6huNf4dutXRjJyGn7f5BPS
182,spotify:track:3AVrVz5rK8Hrqo9YGiVGN5
183,spotify:track:3SWZ11D0kLfgMQda6DwjJ9
184,spotify:track:7IDxMPA2kEhDP2wFcKOqBL
185,spotify:track:4oMyggIzClkOcCTvotFLkP
186,spotify:track:3EaJDYHA0KnX88JvDhL9oa
187,spotify:track:5d6gL8EcuaisGM9UWJN4gM
188,spotify:track:34lfu3S4fIcKZRNXzbdbo7
189,spotify:track:7KZSo4wspWL0AyUZgr9S17
190,spotify:track:39JofJHEtg8I4fSyo7Imft
191,spotify:track:4pt5fDVTg5GhEvEtlz9dKk
192,spotify:track:18U2B7mwPl4HHqOtVVPrxM
193,spotify:track:1MqzIgGsHP4cNjPboevsfq
194,spotify:track:6EtKlIQmGPB9SX8UjDJG5s
195,spotify:track:792HwhrdO3ErRKL5yRe4Ge
196,spotify:track:0Sg2rdlwv6tXhocfPCGpIT
197,spotify:track:7fZBQnc0zXwVybgCIrQQil
198,spotify:track:4vzJrkfHbCGaodPA5RY5BV
199,spotify:track:69zyifKelGUoEBEKfCX5ri
