,uri
0,spotify:track:6mmPpaltUZK7xjNlBPQQ0p
1,spotify:track:1uK5rDY3BnikyG0sl3tPpc
2,spotify:track:6LBpjWMfy1NUfyxAJbcMRs
3,spotify:track:2Gq636OOGgxCTqEuzCZhsa
4,spotify:track:63GTuNSVLynH3n3PdqObgd
5,spotify:track:1v5QhGtlv2bkpUz2kAXTCq
6,spotify:track:0ZLkb9lDDlTPwYZPvuGnHB
7,spotify:track:5Us3svqTvNAdnQfEYfoL5g
8,spotify:track:0Bv7O6fmZk3GrNQFYJaXPn
9,spotify:track:4TGwERXRlyQtBdggYTHo6j
10,spotify:track:42Gzfqnfpk7Pp1ydM60eNn
11,spotify:track:1ri9ZUkBJVFUdgwzCnfcYs
12,spotify:track:5i82o3878xCPNCUK8VIeqX
13,spotify:track:3EcCc1U405tm8yKm1x6Y8W
14,spotify:track:0lJE8f0lx8mUSfMyxeYpiC
15,spotify:track:1O2pcBJGej0pmH2Y9XZMs6
16,spotify:track:7JZ5mOTea5T4LH0UdwCsWx
17,spotify:track:2dG9k8jtnkjzJjUToz9i9i
18,spotify:track:6P096SaOzrgGxs8NWOfX7M
19,spotify:track:166qsYi2wR3u6qfg7wrh1r
20,spotify:track:7onMf0QvWgRba2MRxG27yj
21,spotify:track:2cR9cH9ta7MStHBKs0aOcz
22,spotify:track:4WaopyDgvKQP6T852K9boe
23,spotify:track:5gJuYaon5zaZahQyAd0LVx
24,spotify:track:6lX6l7OuA3qrnIRfdsr0dw
25,spotify:track:1p22yVi9e8DT6BEUvOZ0TL
26,spotify:track:6ylDpki1VpIsc525KC1ojF
27,spotify:track:1PmKfNsHxPdMaHP496myD3
28,spotify:track:4xv2A022v5A8nyewDkYOkQ
29,spotify:track:7iXJg4IUyrWont5YSQrbKP
30,spotify:track:1kjs5eR4DMzyB0gm1Z8waV
31,spotify:track:1GYJpuLq41vEVKXiHGEY9j
32,spotify:track:5j3wzSS6z80VEs71O0gysC
33,spotify:track:13XxxfnZmFEkU90QN8bOjz
34,spotify:track:5TMLavqGRKNxgzMBrVpC9R
35,spotify:track:1fKFxmSByZfjwVSbq0PHye
36,spotify:track:3sVuWmggRqfAK3qk7OIEAz
37,spotify:track:23R68uWGdp07SwQdK8mWzI
38,spotify:track:5DberPEjKBTY8WTzLgr0zZ
39,spotify:track:0cOa970mzTWAxKtltpkpLc
40,spotify:track:1wcE84DVQUF16xudVFzezL
41,spotify:track:75HnDKDqsmEzdOKFWe5FZS
42,spotify:track:3monFIRNCDt9we37DDvCCK
43,spotify:track:1CpRJLarXSUho5AopXxNQj
44,spotify:track:1mSviQV9iQnGSRyvTIuxAj
45,spotify:track:2qEoAz0i6yEz5dPggABcLH
46,spotify:track:4gzsuuZypVbxs0Af1LSZyB
47,spotify:track:1Hv5uEwnI5UQEFvHWJaL3T
48,spotify:track:2JPLbjOn0wPCngEot2STUS
49,spotify:track:4S1KxKOfMg8SbH97TxYqPY
50,spotify:track:2BEcap3xJtmiPaHKyfQi4e
51,spotify:track:4kiTIRY4o3o9on5oYV584L
52,spotify:track:3IAfUEeaXRX9s9UdKOJrFI
53,spotify:track:3GaGWoU1KfVqgl7vnRHP55
54,spotify:track:4adB36k21bp4VfOYFF8Hl8
55,spotify:track:7hiAGGyiLaLBTVroaE08hx
56,spotify:track:6w8yBI2vthyN9UnwO4UBWb
57,spotify:track:7rglLriMNBPAyuJOMGwi39
58,spotify:track:0XYZhJIcwKNjd0tjbSXwaQ
59,spotify:track:2rDZhKnPaPG054ExZ6nXUS
60,spotify:track:4r9jkMEnArtWGH2rL2FZl0
61,spotify:track:6BcLvFU6LKuupwRJbJ9cgn
62,spotify:track:1ZI1nMfnnfFhdIyIKv5Igv
63,spotify:track:7cx9L3i88euMfx1oNCqDAD
64,spotify:track:4Yip3hds5IHyT7AqoNHfmX
65,spotify:track:2Qv0DF1us4LhzLj0Cx9cSn
66,spotify:track:3rdAz1fbUfZxYgaCviYhRo
67,spotify:track:4AKK4j6sYhOO1r6My2qqWO
68,spotify:track:0G2zPzWqVjR68iNPmx2TBe
69,spotify:track:4HzqWEdAbzcVFDv0pvxV4w
70,spotify:track:5saUoeceT2zau6ScmU77e6
71,spotify:track:3lGMtkONrZdJ8kTCg6KIFf
72,spotify:track:5W1qmxHrMlQGGAiFA3ZQqP
73,spotify:track:2ttUrgPFiyWOHxbauXSVRo
74,spotify:track:6D2TCm4nf5nxAcdGJ7w3QP
75,spotify:track:2B4GHvToeLTOBB4QLzW3Ni
76,spotify:track:2vmfvSoZBFAt9hhRoEByLi
77,spotify:track:4OwhwvKESFtuu06dTgct7i
78,spotify:track:79pz16ngfYU2iZV0dvj3QU
79,spotify:track:4kELKaXaNP4EQR8Q8xNIID
80,spotify:track:4PDoCa5P0QK7KFhTsEKJB8
81,spotify:track:4bF2y8rR7GUjrd5LNEvej3
82,spotify:track:4MzXwWMhyBbmu6hOcLVD49
83,spotify:track:1AhNxunSSizAllibrQ7jhu
84,spotify:track:03a359wbiUsjN9h6yzXvmS
85,spotify:track:6dnDKVx1eLiYwc9tsy40ps
86,spotify:track:2qBirMakpTdz9ymxrZEyzg
87,spotify:track:7COGuXyTr12KvdaYXMqheC
88,spotify:track:1FlL8ycld6uVDDyhV7P5FA
89,spotify:track:5eyO0n1HiiSWdGaaSoK731
90,spotify:track:1HhNoOuqm1a5MXYEgAFl8o
91,spotify:track:2YZDh5CecWx0qlFiTvqVQ9
92,spotify:track:46GsFW8AFIvi8TUDlYRlXR
93,spotify:track:6KGGhJoXrztLp8ZT91zizs
94,spotify:track:0KvtuCa8aGD8SR39aLLLj5
95,spotify:track:7zgz9kzWGXChcjU6krkPWi
96,spotify:track:6J8lLpZoRCmB5pTrnB5jpV
97,spotify:track:4it6vaFbkGRUaQlwWUMg3v
98,spotify:track:5A1vGSsqw0UQCBxHOyPOjG
99,spotify:track:1DFDbSWdESvzWHHAe6BCQ3
100,spotify:track:7I8L3vYCLThw2FDrE6LuzE
101,spotify:track:5gflgO9EPbIBf16n5TKnQS
102,spotify:track:4DMb8TryRanpjFUS75UsoB
103,spotify:track:655JkvIwu2rDCaD1hPf04g
104,spotify:track:69vlMrzHwATKzupwNcUPyK
105,spotify:track:78QcVmzxS0wIwuC2rpAauI
106,spotify:track:0ZAJ660VP57lLK4U7NlGOy
107,spotify:track:1rxX4SkYDqluMJcYSijMSH
108,spotify:track:6bLvfGI2XeU5DTl8feuNrk
109,spotify:track:5PjdY0CKGZdEuoNab3yDmX
110,spotify:track:4B7mXGdCLQFulSxPTIEjPu
111,spotify:track:0bI7K9Becu2dtXK1Q3cZNB
112,spotify:track:3PfIrDoz19wz7qK7tYeu62
113,spotify:track:6aMgqUHmyLs5vnyaV98HID
114,spotify:track:0HINQFSerZ6iMfSsaTO3G5
115,spotify:track:4knc1Fp3kbuq8bH2byOvLu
116,spotify:track:2cTKuxpHcPzDFRbbhE2WxP
117,spotify:track:2MxHuZWC99rsELX9SrCW7K
118,spotify:track:4WkEH0PgystZUaN6QU6Z0B
119,spotify:track:7jaYm0oq552xugGmOeE6w5
120,spotify:track:0CgpCtEPvyDizcg2p47VrU
121,spotify:track:4Uvf83UnV1LryFvHqqhGpT
122,spotify:track:1Crj1zkRMpsEjb9NOR6Zof
123,spotify:track:41yHlQmNvtjRpoexYcSyJp
124,spotify:track:3lCbsHaN1wCxyDzcNN2x4N
125,spotify:track:3nfICwo20uiFdEGzgNUSrG
126,spotify:track:35wvL50xvKpCHEJPxLOLPI
127,spotify:track:10zSgbysU2KyVTrcRmtu62
128,spotify:track:1B7Wxx58QV4xrCjxI4Uu3i
129,spotify:track:1AnJQd8TfkhK6M3VgZDVv1
130,spotify:track:2BDJWePEkczB34ZoDliNSr
131,spotify:track:03wQrSM0nV1WyPIgWvapG4
132,spotify:track:6ySWtyMprBb1YX8WAAuFBs
133,spotify:track:7FfQ2E4LqvwKKOyKXyC2L2
134,spotify:track:2sP5dXtkPiG0ksBsekbjmx
135,spotify:track:67Q93kXygxCskeQiIP0V0j
136,spotify:track:6Uj1ctrBOjOas8xZXGqKk4
137,spotify:track:6ByFrNuzzj7rNiYnsc0eTd
138,spotify:track:37BZB0z9T8Xu7U3e65qxFy
139,spotify:track:4OrAAeefsDOdUSfE87C6WR
140,spotify:track:7gNClxHxDnazoQvgFhLMKr
141,spotify:track:704LUEih663hiE3CnyUrFW
142,spotify:track:1yihMXFt0zsG86nue7u41U
143,spotify:track:3Oa9oxOLUYGQgzKXGIMpWy
144,spotify:track:1ePMFMnmmXSKwDHiI8hzBL
145,spotify:track:6UelLqGlWMcVH1E5c4H7lY
146,spotify:track:5uHAzGa4d9j35DEbhUwGhi
147,spotify:track:647WGadTATihqNaGBz8duA
148,spotify:track:1g4cZvi0nLeeIycd0Rkljj
149,spotify:track:5Z9KJZvQzH6PFmb8SNkxuk
150,spotify:track:6620Y9QwLGuz1cIM1XVibG
151,spotify:track:0fea68AdmYNygeTGI4RC18
152,spotify:track:0QBzMgT7NIeoCYy3sJCof1
153,spotify:track:5jW3rF4URMdK7tO2xjS5EI
154,spotify:track:1p7m9H4H8s0Y7SgRm7j3ED
155,spotify:track:46IZ0fSY2mpAiktS3KOqds
156,spotify:track:7upAH0ezzsThyvr33YKn4u
157,spotify:track:1sZ39ZxvFo8FyMz4s7iVlf
158,spotify:track:0obLPbz7uv02f5Z3BNIuIv
159,spotify:track:6ED43xPAYPXD26yPFxUUuU
160,spotify:track:7ESKEiE8LRLrDwdS2ZgUiR
161,spotify:track:0HghA8NwsiFcgROYKFjX3W
162,spotify:track:0HgkRcmGDiza3KTjM3Ifnu
163,spotify:track:1GzNajZtxF1eUczzec5Ax2
164,spotify:track:5kqNIqFjijuzvVLhuY9B8j
165,spotify:track:6dT5W7zuEcUZHnZuVlSIJ5
166,spotify:track:42ahuAFlYGjIGBpVdHcLij
167,spotify:track:3oqWr0jDWNXxWufNogGREp
168,spotify:track:4HYDUMY0xSpeBr0AMY9cUz
169,spotify:track:6MuJUSYCqA4FpMogUHzb2R
170,spotify:track:0TUW9faHNaBmi89wsYGp9y
171,spotify:track:6rg1MBZqggsQ5olFGTw0rr
172,spotify:track:0WuKq2LiraBFney78dzwoc
173,spotify:track:6c32C8T3KlXrbvWSoD5aON
174,spotify:track:5J7teKIJGtqVypgYI6sqXj
175,spotify:track:62T55PGktlIr4d5honkYpt
176,spotify:track:4fouWK6XVHhzl78KzQ1UjL
177,spotify:track:0h1Cp5qtDPVzarqIsdWdCT
178,spotify:track:46HNZY1i7O6jwTA7Slo2PI
179,spotify:track:3rmo8F54jFF8OgYsqTxm5d
180,spotify:track:0C9V5jMElp7laZZdsCHufD
181,spotify:track:0VjIjW4GlUZAMYd2vXMi3b
182,spotify:track:5GTZvGDv2rbhT1B3ttDQqz
183,spotify:track:0dOdaCeCmUYSqHWjnpLIa9
184,spotify:track:03LfOYi0icz4souspZVVhq
185,spotify:track:05bfbizlM5AX6Mf1RRyMho
186,spotify:track:6C1RD7YQVvt3YQj0CmuTeu
187,spotify:track:3za3hxbolwmy9AeUpWzuRE
188,spotify:track:5nujrmhLynf4yMoMtj8AQF
189,spotify:track:65DBZofI0b79kfHTcWWDuU
190,spotify:track:78kygHp1dvW1kncYjBgbe1
191,spotify:track:5QDFTP24z4dXNsk8FWHAMA
192,spotify:track:59CfNbkERJ3NoTXDvoURjj
193,spotify:track:5ddFjrPG8NgQQ6xlOQIVd2
194,spotify:track:7I8o4jSN5Xf7NLXIfjTuM4
195,spotify:track:47ZS1OjnJpJVfGN9yHXfMn
196,spotify:track:5usHLPkjh7WmJSEWqZHVSE
197,spotify:track:6kPmFDxua9mrH8RDmSIAi7
198,spotify:track:7aPZrVHFSZrcWakHCNn9Fx
199,spotify:track:5oLWzTgq6WsZyMF16IiN7R
