,uri
0,spotify:track:0bYg9bo50gSsH3LtXe2SQn
1,spotify:track:3zkyus0njMCL6phZmNNEeN
2,spotify:track:2FRnf9qhLbvw8fu4IBXx78
3,spotify:track:1rv46mRwDqMEhOBZ7vODg3
4,spotify:track:3nqQXoyQOWXiESFLlDF1hG
5,spotify:track:2EjXfH91m7f8HiJN1yQg97
6,spotify:track:4uUG5RXrOk84mYEfFvj3cK
7,spotify:track:73vIOb4Q7YN6HeJTbscRx5
8,spotify:track:7vQbuQcyTflfCIOu3Uzzya
9,spotify:track:0lizgQ7Qw35od7CYaoMBZb
10,spotify:track:1IcR6RlgvDczfvoWJSSY2A
11,spotify:track:7jtQIBanIiJOMS6RyCx6jZ
12,spotify:track:2uFaJJtFpPDc5Pa95XzTvg
13,spotify:track:3qCeq0rWK67SoBDgFd2sId
14,spotify:track:7uoFMmxln0GPXQ0AcCBXRq
15,spotify:track:3nAp4IvdMPPWEH9uuXFFV5
16,spotify:track:6tjituizSxwSmBB5vtgHZE
17,spotify:track:0V3wPSX9ygBnCm8psDIegu
18,spotify:track:2dHHgzDwk4BJdRwy9uXhTO
19,spotify:track:27qAMKrDdKEs8HDXcvR24R
20,spotify:track:4Dvkj6JhhA12EX05fT7y2e
21,spotify:track:4h9wh7iOZ0GGn8QVp4RAOB
22,spotify:track:76OGwb5RA9h4FxQPT33ekc
23,spotify:track:0QHEIqNKsMoOY5urbzN48u
24,spotify:track:5WxVXxCMRnvxUKFq40ELwq
25,spotify:track:7vwTsX8UY5QZmPiQUmWkaL
26,spotify:track:7fUYUcWy853HS8YJn0b3Sr
27,spotify:track:5UPpgOKi0UQMMMSzWWgJJe
28,spotify:track:1aOl53hkZGHkl2Snhr7opL
29,spotify:track:561jH07mF1jHuk7KlaeF0s
30,spotify:track:7xapw9Oy21WpfEcib2ErSA
31,spotify:track:1Ame8XTX6QHY0l0ahqUhgv
32,spotify:track:7Gzz44FpTbZu0DNVVZjwPs
33,spotify:track:2LcmbuYX7tyR4DWy3b273L
34,spotify:track:3LtpKP5abr2qqjunvjlX5i
35,spotify:track:27RYrbL6S02LNVhDWVl38b
36,spotify:track:1SV1fxF65n9NhRHp3KlBuu
37,spotify:track:2TE4xW3ImvpltVU0cPcKUn
38,spotify:track:3D29kjUyWxsT3jUUTtARVQ
39,spotify:track:2q2tG7xR37PNyqrXqooemZ
40,spotify:track:6sCvvleqKbeyOkQDieBYgp
41,spotify:track:4kKdvXD0ez7jp1296JmAts
42,spotify:track:4Yg2w0P29BBBMixyeNjDtj
43,spotify:track:1xzi1Jcr7mEi9K2RfzLOqS
44,spotify:track:38T0tPVZHcPZyhtOcCP7pF
45,spotify:track:1Qrg8KqiBpW07V7PNxwwwL
46,spotify:track:3BnDvpeuGOj21Ir2aVEtQo
47,spotify:track:3rb0tMq42WfggucPm0HHkA
48,spotify:track:6hfkqvPACVG4l4qtY7xDgG
49,spotify:track:0DDcpc9ImOsGUWupRj2xu5
50,spotify:track:5HavMB9WGE33KK6NL8XjXl
51,spotify:track:1m0UFnuTktOkksvjbF9z0m
52,spotify:track:53tfEupEzQRtVFOeZvk7xq
53,spotify:track:0WtM2NBVQNNJLh6scP13H8
54,spotify:track:2xGO2UjzxeVQSIkyg98vck
55,spotify:track:4fWyBvLIPO68D2Ff87t1em
56,spotify:track:5IgjP7X4th6nMNDh4akUHb
57,spotify:track:02MWAaffLxlfxAUY7c5dvx
58,spotify:track:0aoUM0zcu0kCX7Cv7O939I
59,spotify:track:11BKm0j4eYoCPPpCONAVwA
60,spotify:track:22skzmqfdWrjJylampe0kt
61,spotify:track:4PS1e8f2LvuTFgUs1Cn3ON
62,spotify:track:4zN21mbAuaD0WqtmaTZZeP
63,spotify:track:3uUuGVFu1V7jTQL60S1r8z
64,spotify:track:3Hb9kUdm4yf839Fle4RIdT
65,spotify:track:2RUzYz3EqkJxpPQPehdxha
66,spotify:track:6PrB4KpvuoYWtwjPC5a44S
67,spotify:track:2QjOHCTQ1Jl3zawyYOpxh6
68,spotify:track:54ipXppHLA8U4yqpOFTUhr
69,spotify:track:5odlY52u43F5BjByhxg7wg
70,spotify:track:0YWUHZPJVg4iujddsJDwhM
71,spotify:track:1mea3bSkSGXuIRvnydlB5b
72,spotify:track:6YWjskKykdPsBuiTBOg1VK
73,spotify:track:47ohYW8e7dxCYn9qbUMBCI
74,spotify:track:1bDbXMyjaUIooNwFE9wn0N
75,spotify:track:1ei3hzQmrgealgRKFxIcWn
76,spotify:track:7yq4Qj7cqayVTp3FF9CWbm
77,spotify:track:2yjlYDiNiQkdxVqTlaSrlX
78,spotify:track:3PIDciSFdrQxSQSihim3hN
79,spotify:track:4fzyvSu73BhGvi96p2zwjL
80,spotify:track:39JofJHEtg8I4fSyo7Imft
81,spotify:track:0u2P5u6lvoDfwTYjAADbn4
82,spotify:track:4ZpIuzx91EAPK3VimONbfB
83,spotify:track:6BePGk3eCan4FqaW2X8Qy3
84,spotify:track:6JIC3hbC28JZKZ8AlAqX8h
85,spotify:track:2pXpURmn6zC5ZYDMms6fwa
86,spotify:track:1SBBqkpgv93ITwS6tf7DGm
87,spotify:track:6btgTbK2UslfSu0qjTEXQm
88,spotify:track:5uSFGgIfHMT3osrAd9n9ym
89,spotify:track:7qEHsqek33rTcFNT9PFqLf
90,spotify:track:77khP2fIVhSW23NwxrRluh
91,spotify:track:6pVW5LRWgeLaHudxauOTJU
92,spotify:track:1bgKMxPQU7JIZEhNsM1vFs
93,spotify:track:3Ucr6hQQuY8cZ0UqXV8uO2
94,spotify:track:7fZBQnc0zXwVybgCIrQQil
95,spotify:track:1Qi2wh8fFgDV7tl4Sj3f2K
96,spotify:track:5Y35SjAfXjjG0sFQ3KOxmm
97,spotify:track:0VjIjW4GlUZAMYd2vXMi3b
98,spotify:track:75FEaRjZTKLhTrFGsfMUXR
99,spotify:track:66ZS9Wku3l3LKYoaRgdV8L
100,spotify:track:5PjdY0CKGZdEuoNab3yDmX
101,spotify:track:2ewjMyCbNv2X1dB2qIDCwD
102,spotify:track:5Q2P43CJra0uRAogjHyJDK
103,spotify:track:6OZwia8loN0aPS0vTvsBjR
104,spotify:track:0jm8p2ErwB4u3uvxc7vxGy
105,spotify:track:1DIXPcTDzTj8ZMHt3PDt8p
106,spotify:track:6s2wpWPFPAgKg2LXxi1Oee
107,spotify:track:3xWGA8pa0IKFI7IMPri4P0
108,spotify:track:2VxeLyX666F8uXCJ0dZF8B
109,spotify:track:2WigMwGJysIh9fRnSJvpjn
110,spotify:track:4rPJSqrov3zqGwXlemLBMw
111,spotify:track:4wn7cO2iHlWueXGDd4gH9g
112,spotify:track:4so0Wek9Ig1p6CRCHuINwW
113,spotify:track:6sZo5nJIsFWXefRCCexpx0
114,spotify:track:1Y3LN4zO1Edc2EluIoSPJN
115,spotify:track:0i9RysNKssk6syOrKDX3U2
116,spotify:track:5XeFesFbtLpXzIVDNQP22n
117,spotify:track:7xTDT7gyIrv0xWpwwXExxU
118,spotify:track:0vjeOZ3Ft5jvAi9SBFJm1j
119,spotify:track:7AVHDeAjfn0zfMnYRhp0oI
120,spotify:track:46IZ0fSY2mpAiktS3KOqds
121,spotify:track:3oFKhY9iW9S0iA9OHO9tN6
122,spotify:track:1xK59OXxi2TAAAbmZK0kBL
123,spotify:track:4VpmtsVKIRfNlmrtaEnrQi
124,spotify:track:7lQ8MOhq6IN2w8EYcFNSUk
125,spotify:track:0rHToGels2lt8Y0mCYoF90
126,spotify:track:1v7L65Lzy0j0vdpRjJewt1
127,spotify:track:7A2DyRIqqelhZ4caPJMaFI
128,spotify:track:2B4GHvToeLTOBB4QLzW3Ni
129,spotify:track:3K00Ib1shkOEiAXU5pec6e
130,spotify:track:13Irp51zj01BZu2XtDrnAg
131,spotify:track:3pPN20syOYvbUuEiBpbenI
132,spotify:track:3yfqSUWxFvZELEM4PmlwIR
133,spotify:track:0z3bi63SNZ5ylyHOzb81Uq
134,spotify:track:4FyesJzVpA39hbYvcseO2d
135,spotify:track:5TJEBoTCDbJXiKMdCN9pd3
136,spotify:track:6Qe7YCkIOc1iaw9HKqO3qV
137,spotify:track:4k6Uh1HXdhtusDW5y8Gbvy
138,spotify:track:39u64b5XPIpyHn2CP1PJq4
139,spotify:track:3dYD57lRAUcMHufyqn9GcI
140,spotify:track:4wNyrbY6B2Okii8VeKo2B2
141,spotify:track:2WcEQUVZAV7RxNBrHmcFKn
142,spotify:track:5Ber68jZ7ytegr2UISEdb7
143,spotify:track:2USlegnFJLrVLpoVfPimKB
144,spotify:track:58HvfVOeJY7lUuCqF0m3ly
145,spotify:track:2L9QLAhrvtP4EYg1lY0Tnw
146,spotify:track:5EWPzyWm0b9McPS5Qyaijp
147,spotify:track:7MXVkk9YMctZqd1Srtv4MB
148,spotify:track:5TXDeTFVRVY7Cvt0Dw4vWW
149,spotify:track:4sIkwgf9bU7rQPvsA37rVQ
150,spotify:track:539zyjwDE87Cjp1mzRN8H7
151,spotify:track:5CvHWDO1sfk7EsrdNDquTs
152,spotify:track:5qrSlOut2rNAWv3ubArkNy
153,spotify:track:2DB4DdfCFMw1iaR6JaR03a
154,spotify:track:48BdA5qBxXVoe59xvu0bwc
155,spotify:track:2pnPe4pJtq7689i5ydzvJJ
156,spotify:track:3QiAAp20rPC3dcAtKtMaqQ
157,spotify:track:3CIyK1V4JEJkg02E4EJnDl
158,spotify:track:1N1ZpYUJc9fwrqk53FGgWv
159,spotify:track:1NEL5O5FotR1OyPQyvlMag
160,spotify:track:1jDJFeK9x3OZboIAHsY9k2
161,spotify:track:2LBqCSwhJGcFQeTHMVGwy3
162,spotify:track:1V0qqWBbIWt8hlAjxTZedR
163,spotify:track:0lTurWECr2XL607eJAj1A3
164,spotify:track:789CxjEOtO76BVD1A9yJQH
165,spotify:track:3tAQNhm1o0kzldsI5QkrB1
166,spotify:track:0V5cvmTKsYmF5FmGGEAfmS
167,spotify:track:4otT81iBBpaf36roGtzT4a
168,spotify:track:6ex1Pz3pntgy4NPtxHXN2V
169,spotify:track:1CxtymiucDK0AB9vgGZ6q2
170,spotify:track:1cKHdTo9u0ZymJdPGSh6nq
171,spotify:track:4GmRnc9J8GBBkVHUtihE3Z
172,spotify:track:0ll8uFnc0nANY35E0Lfxvg
173,spotify:track:6a1hzBiTkgqTsDA0Xgfh9z
174,spotify:track:5YbPxJwPfrj7uswNwoF1pJ
175,spotify:track:2SBr3MK1sdMs8IxdRcN6qz
176,spotify:track:3fqBhOtYA62A5D20j8OaQY
177,spotify:track:4bzBPrGYD3fQfAadLgIiwT
178,spotify:track:3gAEAmxdP1GIjgQ3Zud2mE
179,spotify:track:4ewazQLXFTDC8XvCbhvtXs
180,spotify:track:5DMItYJluCFc7YtFdP4aXo
181,spotify:track:0Jh6iWjna1wk5le0Ahn7No
182,spotify:track:3HrX1V2CpLmlAu2cGjgrjW
183,spotify:track:1yxcKrEcxt4O03IIC25yHk
184,spotify:track:6sBWmE23q6xQHlnEZ8jYPT
185,spotify:track:18asYwWugKjjsihZ0YvRxO
186,spotify:track:6vECYJHxYmm3Ydt3fF01pE
187,spotify:track:3UmaczJpikHgJFyBTAJVoz
188,spotify:track:3VTNVsTTu05dmTsVFrmGpK
189,spotify:track:1QLZKzC2pjP4ySf4ALrNhm
190,spotify:track:4HEOgBHRCExyYVeTyrXsnL
191,spotify:track:0nrRP2bk19rLc0orkWPQk2
192,spotify:track:1CsuHmKOfCYxPoO4xjlAWV
193,spotify:track:5Hp4xFihdOE2dmDzxWcBFb
194,spotify:track:0fukO3WYYUHaXOrvEohpEG
195,spotify:track:0tXPhc8LvM4dPvoRwI66XQ
196,spotify:track:5qaEfEh1AtSdrdrByCP7qR
197,spotify:track:3U4isOIWM3VvDubwSI3y7a
198,spotify:track:43vjYTKZg8R5LsuITJ4wVu
199,spotify:track:6HTJgY7iWWlVLSDHsfHePf
