,uri
0,spotify:track:2FBlCQ6UYQu1KHMBnruVul
1,spotify:track:4Dvkj6JhhA12EX05fT7y2e
2,spotify:track:16rryuFZpdvWzKllkUw0ri
3,spotify:track:58HvfVOeJY7lUuCqF0m3ly
4,spotify:track:75FEaRjZTKLhTrFGsfMUXR
5,spotify:track:3Ya6AUGGni7HPC5P9gh2bj
6,spotify:track:1jmwXsqCLABS1RNUtcz7GC
7,spotify:track:5bYyQzaUSXpGGrJuGZfafd
8,spotify:track:02MWAaffLxlfxAUY7c5dvx
9,spotify:track:0wHFktze2PHC5jDt3B17DC
10,spotify:track:78ctG4oXFeZOqrr7bcJFE2
11,spotify:track:0JK0UF0VcZTNRkx5HhmQOV
12,spotify:track:4BGRK42GfRCw2Hoolpu1G7
13,spotify:track:1qEmFfgcLObUfQm0j1W2CK
14,spotify:track:18asYwWugKjjsihZ0YvRxO
15,spotify:track:63WuQOXohQIxOxIFA2K7bR
16,spotify:track:23HAp6WM0phD5RqDyxtr6b
17,spotify:track:06JvOZ39sK8D8SqiqfaxDU
18,spotify:track:6Uj1ctrBOjOas8xZXGqKk4
19,spotify:track:3uUuGVFu1V7jTQL60S1r8z
20,spotify:track:1HhNoOuqm1a5MXYEgAFl8o
21,spotify:track:5Z9KJZvQzH6PFmb8SNkxuk
22,spotify:track:56dILgPraSNLKcd89hxXaq
23,spotify:track:17ebbiVJ3iAtqJ5TxdVzWm
24,spotify:track:4cLi9bZRMvDITlmKdo6D2l
25,spotify:track:1R0a2iXumgCiFb7HEZ7gUE
26,spotify:track:2DB4DdfCFMw1iaR6JaR03a
27,spotify:track:6ChnGkBwnq2HUJD24YhMhW
28,spotify:track:7fYRg3CEbk6rNCuzNzMT06
29,spotify:track:1PckUlxKqWQs3RlWXVBLw3
30,spotify:track:59CfNbkERJ3NoTXDvoURjj
31,spotify:track:6JIC3hbC28JZKZ8AlAqX8h
32,spotify:track:7jn2HBxZQS1BX4sxMlF3R9
33,spotify:track:50nfwKoDiSYg8zOCREWAm5
34,spotify:track:1cKHdTo9u0ZymJdPGSh6nq
35,spotify:track:2QjOHCTQ1Jl3zawyYOpxh6
36,spotify:track:2DgdHcjWmO3qd50RzuBLgZ
37,spotify:track:772ARvmnEjryug7ce0lRAF
38,spotify:track:2K7xn816oNHJZ0aVqdQsha
39,spotify:track:2FeBslNBMdR9V58uv6hd2t
40,spotify:track:2gTyfm5jrmTx4IH9K0CJk3
41,spotify:track:08M0nuLM2GDEf9YoxMLmjH
42,spotify:track:2SKoecvDt04LkeRGGzhjtA
43,spotify:track:3rmo8F54jFF8OgYsqTxm5d
44,spotify:track:4qkggtykkzl6qfuScsNmJk
45,spotify:track:6uvh0In7u1Xn4HgxOfAn8O
46,spotify:track:5PjdY0CKGZdEuoNab3yDmX
47,spotify:track:2gzhQaCTeNgxpeB2TPllyY
48,spotify:track:7jtQIBanIiJOMS6RyCx6jZ
49,spotify:track:01kfSdF9zfcDLri5sSWEoL
50,spotify:track:2vXKRlJBXyOcvZYTdNeckS
51,spotify:track:3EafBu8bBdhrkLe84OgnNZ
52,spotify:track:0zCgWGmDF0aih5qexATyBn
53,spotify:track:1GqYZbICcRToTshZUSz2q9
54,spotify:track:18U2B7mwPl4HHqOtVVPrxM
55,spotify:track:6A3SB2C4U6JtCavQOXLYNN
56,spotify:track:0VjIjW4GlUZAMYd2vXMi3b
57,spotify:track:1ocox9xxBvjSXVjoBFaxYh
58,spotify:track:58ge6dfP91o9oXMzq3XkIS
59,spotify:track:6UelLqGlWMcVH1E5c4H7lY
60,spotify:track:589KeND3ebjbfhs5GfGGyx
61,spotify:track:7ef4DlsgrMEH11cDZd32M6
62,spotify:track:3Wrjm47oTz2sjIgck11l5e
63,spotify:track:3U7LRoxDT1WvbliazYkmpV
64,spotify:track:3i058E8uxTsYqJ5NWZzqSj
65,spotify:track:0O0LhLIImOBeLGYqmLLKqv
66,spotify:track:04ojE1leP1BODeTr7EadIe
67,spotify:track:5LYMamLv12UPbemOaTPyeV
68,spotify:track:788fXILjvTnAoHw4rtIJCA
69,spotify:track:79s5XnCN4TJKTVMSmOx8Ep
70,spotify:track:2AD3faozZmU71dxlpPO4PJ
71,spotify:track:39MFfPxlelYKyxRjzO0yC9
72,spotify:track:51Zw1cKDgkad0CXv23HCMU
73,spotify:track:1JpqwDolccy7XGrFINYLYy
74,spotify:track:5TXDeTFVRVY7Cvt0Dw4vWW
75,spotify:track:5nujrmhLynf4yMoMtj8AQF
76,spotify:track:7MXVkk9YMctZqd1Srtv4MB
77,spotify:track:2B4GHvToeLTOBB4QLzW3Ni
78,spotify:track:7lQ8MOhq6IN2w8EYcFNSUk
79,spotify:track:6PHB6mLa8HlK1m7I5wzmXD
80,spotify:track:1rLpf280OicMHgkl6SfGHG
81,spotify:track:5d6gL8EcuaisGM9UWJN4gM
82,spotify:track:3M0lSi5WW79CXQamgSBIjx
83,spotify:track:3rq5w4bQGigXOfdN30ATJt
84,spotify:track:7fBv7CLKzipRk6EC6TWHOB
85,spotify:track:32vRPT2jNoRZRg22GxtY0l
86,spotify:track:0yxnBa0bqbDE87o1wQswIs
87,spotify:track:4ZtFanR9U6ndgddUvNcjcG
88,spotify:track:3yfqSUWxFvZELEM4PmlwIR
89,spotify:track:6Y46tOTRhkBamosyuWa6YX
90,spotify:track:5E30LdtzQTGqRvNd7l6kG5
91,spotify:track:3DZMR7h7qm12wnPh7P4DqT
92,spotify:track:4xkOaSrkexMciUUogZKVTS
93,spotify:track:0k4d5YPDr1r7FX77VdqWez
94,spotify:track:4pt5fDVTg5GhEvEtlz9dKk
95,spotify:track:5MaFlpAHHxv7f3MMQLxF0Q
96,spotify:track:3Vi5XqYrmQgOYBajMWSvCi
97,spotify:track:1SC5rEoYDGUK4NfG82494W
98,spotify:track:0kYMwaQWABTkFff8AZjmYI
99,spotify:track:0VO8gYVDSwM1Qdd2GsMoYK
100,spotify:track:7DwcBgdzqhFJltEaV1XF81
101,spotify:track:6o1w1oqUMiJI1Kp0s0ksRK
102,spotify:track:0LFA5mrgC8ni2CGoDr8WDm
103,spotify:track:0e8nrvls4Qqv5Rfa2UhqmO
104,spotify:track:5QO79kh1waicV47BqGRL3g
105,spotify:track:1DIXPcTDzTj8ZMHt3PDt8p
106,spotify:track:776AftMmFFAWUIEAb3lHhw
107,spotify:track:48q0vSHcJdhK3IiXH8C5WJ
108,spotify:track:0LnS7aOdOdI1dNKZqdOLz4
109,spotify:track:1mw0RgNXIpYRyyCdBQbLgA
110,spotify:track:6W6sXEc3fmlwuIidZPwKE6
111,spotify:track:0ypymQDnbOUGK3h0P0SRVE
112,spotify:track:1SOClUWhOi8vHZYMz3GluK
113,spotify:track:7mFj0LlWtEJaEigguaWqYh
114,spotify:track:35TyJIMR3xRouUuo2sjS6v
115,spotify:track:1oFAF1hdPOickyHgbuRjyX
116,spotify:track:69w5X6uTrOaWM32IetSzvO
117,spotify:track:1iIIsJlKQW7E4eLw7x5XOI
118,spotify:track:58dGRQrNmAJeRMFuguUbvD
119,spotify:track:0QNNd0qMCDbraS1nQPg3aA
120,spotify:track:0rzaRSujxA0bKyjJl6vHYq
121,spotify:track:360Wr96ywrCQq4kTAJ8Pq6
122,spotify:track:59nOXPmaKlBfGMDeOVGrIK
123,spotify:track:0lKiqlTA0kN0k2TrjG5daO
124,spotify:track:6kN80cMcK1Gu1rJ82Xr6vt
125,spotify:track:6gI9b2VsoWhjhIuIeToDVs
126,spotify:track:2rFZhVHWOwDxAy59qLUzLy
127,spotify:track:4fouWK6XVHhzl78KzQ1UjL
128,spotify:track:1OV0N7uG0qM4jeXu9wZC8l
129,spotify:track:4j6kId9QIqhoXvqHKgSKa0
130,spotify:track:3AVXwaOGCEL8cmBecfcsFJ
131,spotify:track:0gucTLf7trAf37Ua1uAyAu
132,spotify:track:7cgkuZeVnDQtDVvHvmZmEg
133,spotify:track:20on25jryn53hWghthWWW3
134,spotify:track:2iUXSZOd7s9oQ9s5EpFf0W
135,spotify:track:6ARd0Qd8iunz6lNyYQZz4t
136,spotify:track:2KdKh9vHbKW0tZLqtpxxI0
137,spotify:track:7a8GawTVgHZvBLQOh46he7
138,spotify:track:6W2jsJG6MPPJ6xTWcNEeHr
139,spotify:track:6lazMmzPhIzAzWBtjVSeeh
140,spotify:track:6zwJBnhNnugUuhMP7NUOfT
141,spotify:track:6f3Slt0GbA2bPZlz0aIFXN
142,spotify:track:69zyifKelGUoEBEKfCX5ri
143,spotify:track:3DarAbFujv6eYNliUTyqtz
144,spotify:track:0Oqc0kKFsQ6MhFOLBNZIGX
145,spotify:track:2PHiwLEX0TfWfhbRgHIf3n
146,spotify:track:68Dni7IE4VyPkTOH9mRWHr
147,spotify:track:5UnA7doBvFDdpKs90fp8dE
148,spotify:track:7ycWLEP1GsNjVvcjawXz3z
149,spotify:track:2jQiSYrwJehQAcuaaQrXnS
150,spotify:track:3CLSHJv5aUROAN2vfOyCOh
151,spotify:track:2LBqCSwhJGcFQeTHMVGwy3
152,spotify:track:0k1WUmIRnG3xU6fvvDVfRG
153,spotify:track:1qMMYpVatbRITKCfq1gasi
154,spotify:track:7iL6o9tox1zgHpKUfh9vuC
155,spotify:track:4cG7HUWYHBV6R6tHn1gxrl
156,spotify:track:5JuM3RrFBnSDFUtivSNCbI
157,spotify:track:503OTo2dSqe7qk76rgsbep
158,spotify:track:6EyKgt8Ndw2aVb2x1DGjkm
159,spotify:track:6I3mqTwhRpn34SLVafSH7G
160,spotify:track:6EtKlIQmGPB9SX8UjDJG5s
161,spotify:track:5mLKKyW4xXV9MsHdEFcR0l
162,spotify:track:7y3c1oJMY1CwwtOZ84Qovu
163,spotify:track:2NcQic8JxdjAlAHuNbOIRE
164,spotify:track:3XOalgusokruzA5ZBA2Qcb
165,spotify:track:4a0oV0MjoURyHnW1gz8qcg
166,spotify:track:2BcMwX1MPV6ZHP4tUT9uq6
167,spotify:track:5evJJmNenJJF04OBGEGgZc
168,spotify:track:00Blm7zeNqgYLPtW6zg8cj
169,spotify:track:2HTL8rQMv4gBxljw4p0Y6P
170,spotify:track:40iJIUlhi6renaREYGeIDS
171,spotify:track:792HwhrdO3ErRKL5yRe4Ge
172,spotify:track:1v7L65Lzy0j0vdpRjJewt1
173,spotify:track:58b4WUBJM3IVzIDT2HEGe3
174,spotify:track:7BbaIYAdi3pg4MGl6PHwPv
175,spotify:track:0hquQWY3xvYqN4qtiquniF
176,spotify:track:2Xr1dTzJee307rmrkt8c0g
177,spotify:track:6E90gq0KO6FYZVOXx8kCcC
178,spotify:track:3yGTJ31rh0QYTh1W3yEpnr
179,spotify:track:0y60itmpH0aPKsFiGxmtnh
180,spotify:track:2CLzpljGsOPW7GyWyPRRP9
181,spotify:track:2WzAAerBvZvvFXgUpSwHZ9
182,spotify:track:3eekarcy7kvN4yt5ZFzltW
183,spotify:track:3uwnnTQcHM1rDqSfA4gQNz
184,spotify:track:1bwLTopYsL8A0j0fg7fi79
185,spotify:track:2C6ij9W4mmv0IYtX8L6ErW
186,spotify:track:4vAqFxNqrY9M3tcMMTJmNg
187,spotify:track:5XKZua8kqgHwcxeKiMIjge
188,spotify:track:6gBFPUFcJLzWGx4lenP6h2
189,spotify:track:73ekDjY3tnKsoDukfURMYo
190,spotify:track:1f5cbQtDrykjarZVrShaDI
191,spotify:track:60ynsPSSKe6O3sfwRnIBRf
192,spotify:track:1NXDDexJAupRgVjkEdaGP8
193,spotify:track:2swRdG3vAk5bYBR3oSf1cg
194,spotify:track:0fv2KH6hac06J86hBUTcSf
195,spotify:track:2XmIhhtxgfZqPISZXmFFK7
196,spotify:track:29TPjc8wxfz4XMn21O7VsZ
197,spotify:track:46IZ0fSY2mpAiktS3KOqds
198,spotify:track:1ZdhOMWyFR8Iv9eylMGYg2
199,spotify:track:4bKMM3CztIRHeZ9a8q5gNV
