,uri
0,spotify:track:2XRn6Qu0Wd1KvOND8JbaTx
1,spotify:track:4Dvkj6JhhA12EX05fT7y2e
2,spotify:track:6icjOrzM57QrCAtBeWB5WF
3,spotify:track:1W1N3usYjgI3XGQA0iX9Vq
4,spotify:track:3a0F2N6rXJSibQTp77xH4f
5,spotify:track:3JXdzlvJJrKlmfBfoCLsOo
6,spotify:track:2DgdHcjWmO3qd50RzuBLgZ
7,spotify:track:02MWAaffLxlfxAUY7c5dvx
8,spotify:track:2DB4DdfCFMw1iaR6JaR03a
9,spotify:track:75FEaRjZTKLhTrFGsfMUXR
10,spotify:track:18asYwWugKjjsihZ0YvRxO
11,spotify:track:0wHFktze2PHC5jDt3B17DC
12,spotify:track:6A3SB2C4U6JtCavQOXLYNN
13,spotify:track:2Oi1IJ6JEUX1aya9VUAA1Z
14,spotify:track:3uUuGVFu1V7jTQL60S1r8z
15,spotify:track:2B4GHvToeLTOBB4QLzW3Ni
16,spotify:track:6JIC3hbC28JZKZ8AlAqX8h
17,spotify:track:5KTBaWu8IOczQ0sPWzZ7MY
18,spotify:track:6WVHfpzYW3HooQaCC80opC
19,spotify:track:7jtQIBanIiJOMS6RyCx6jZ
20,spotify:track:50nfwKoDiSYg8zOCREWAm5
21,spotify:track:2hBkoDhuGk2AtSCprEFDFP
22,spotify:track:58HvfVOeJY7lUuCqF0m3ly
23,spotify:track:1qEmFfgcLObUfQm0j1W2CK
24,spotify:track:2xSIcmvFQHs2CeS34Mgp62
25,spotify:track:0h14I7cPYi1RZG6GmVpMso
26,spotify:track:3Oww84xrmgjyr5J1ilOmAf
27,spotify:track:1PckUlxKqWQs3RlWXVBLw3
28,spotify:track:63WuQOXohQIxOxIFA2K7bR
29,spotify:track:7fZBQnc0zXwVybgCIrQQil
30,spotify:track:4fouWK6XVHhzl78KzQ1UjL
31,spotify:track:5t8abSvRpCuaLyDpRor2gD
32,spotify:track:2MrKx1k7CSLryCP1sf3cwl
33,spotify:track:1HhNoOuqm1a5MXYEgAFl8o
34,spotify:track:6GomT970rCOkKAyyrwJeZi
35,spotify:track:5r43qanLhUCdBj8HN3fa6B
36,spotify:track:3eJH2nAjvNXdmPfBkALiPZ
37,spotify:track:1R0a2iXumgCiFb7HEZ7gUE
38,spotify:track:5PjdY0CKGZdEuoNab3yDmX
39,spotify:track:2H7jZg2HliuQhZjfBblLrZ
40,spotify:track:5STeQZH1Ahz3h0X9Njaij7
41,spotify:track:02eHtj2HTytLQLNkMZGDwp
42,spotify:track:0e8nrvls4Qqv5Rfa2UhqmO
43,spotify:track:06JvOZ39sK8D8SqiqfaxDU
44,spotify:track:0FKw2vfEDxDuRisr4kU8Ok
45,spotify:track:6uvh0In7u1Xn4HgxOfAn8O
46,spotify:track:7l9IqDtVWJurTvkQHq1BGh
47,spotify:track:0vHtlgsJoyA91YMNdImnCL
48,spotify:track:6NEOchaTtFcnUR4pqDBJVf
49,spotify:track:5Z9KJZvQzH6PFmb8SNkxuk
50,spotify:track:5gRXyFtArVXYk8OOSWIXBO
51,spotify:track:2MLIRLTx41VStC8Z5NJEG6
52,spotify:track:3ZDXLSUZpKx8pspNBOdVr5
53,spotify:track:3rmo8F54jFF8OgYsqTxm5d
54,spotify:track:0r1kH7SIkkPP9W7mUknObF
55,spotify:track:2KsHzM4L7ThhNJB6MHXkPx
56,spotify:track:3gyRaifTaAoQrwtYiQu9ur
57,spotify:track:7fYRg3CEbk6rNCuzNzMT06
58,spotify:track:7s3VxmIizcDgDTRCA4kDzd
59,spotify:track:2aFNMpa0JR8tNuyY8UIBS9
60,spotify:track:6VcBDMF2ykm5HDcJMVLRZW
61,spotify:track:2USlegnFJLrVLpoVfPimKB
62,spotify:track:5UFbfXuj4TjirzmcvTFBBy
63,spotify:track:7z5G2LOdV8okZn4yWg3q5g
64,spotify:track:22skzmqfdWrjJylampe0kt
65,spotify:track:51Zw1cKDgkad0CXv23HCMU
66,spotify:track:3i058E8uxTsYqJ5NWZzqSj
67,spotify:track:1SOClUWhOi8vHZYMz3GluK
68,spotify:track:2L6hCTpUlR2p7Su3hiSB0s
69,spotify:track:2w7Ca8DNYXBCgA6Bht7o0N
70,spotify:track:514GW1c9Jn21KgZmO6mZIE
71,spotify:track:20on25jryn53hWghthWWW3
72,spotify:track:5LYMamLv12UPbemOaTPyeV
73,spotify:track:15UnoXqXqhniJdpYjsa7DR
74,spotify:track:4ZtFanR9U6ndgddUvNcjcG
75,spotify:track:7lQ8MOhq6IN2w8EYcFNSUk
76,spotify:track:3EngNejou3x0co3Ed68X7U
77,spotify:track:2QjOHCTQ1Jl3zawyYOpxh6
78,spotify:track:4FXX4P3dxc1JMBx5wVRJ5N
79,spotify:track:6ChnGkBwnq2HUJD24YhMhW
80,spotify:track:7EHEVPIFS6mOq4BOhlVL3i
81,spotify:track:3sa06xVNmLLYIxdNNmVQN8
82,spotify:track:4h4QlmocP3IuwYEj2j14p8
83,spotify:track:05Mp2UJulSttxQ4E6hQPH3
84,spotify:track:1DIXPcTDzTj8ZMHt3PDt8p
85,spotify:track:7yq4Qj7cqayVTp3FF9CWbm
86,spotify:track:0uQbTk0GFM9PxE0rN1UWZb
87,spotify:track:7ef4DlsgrMEH11cDZd32M6
88,spotify:track:0UuNO0yYvsMPlyLF7RfQlg
89,spotify:track:40mI1rlWiHarvMDtBvPnhW
90,spotify:track:1TM2i0pjWHpus4t3p6zs0V
91,spotify:track:75UUG6x5zQe0gCVOiQpa6X
92,spotify:track:59CfNbkERJ3NoTXDvoURjj
93,spotify:track:1mw0RgNXIpYRyyCdBQbLgA
94,spotify:track:4cG7HUWYHBV6R6tHn1gxrl
95,spotify:track:2sFsvaMRe8PKo5AFdBE9qC
96,spotify:track:2WJUcyBU8Rr8Xmo3xEsA5m
97,spotify:track:5h6yetX656MwIB1jAuAEjI
98,spotify:track:2pLeoBNJiGlbZkyf84z5hJ
99,spotify:track:6Uj1ctrBOjOas8xZXGqKk4
100,spotify:track:6kwAbEjseqBob48jCus7Sz
101,spotify:track:2FeBslNBMdR9V58uv6hd2t
102,spotify:track:0TBylB8tjwqp4YHSrwRJQQ
103,spotify:track:1YLA2jrLroXemGxfiFsvoa
104,spotify:track:6fuO9uk9wbjCHvQJqk2Qpx
105,spotify:track:1vUOJpWc091SBYULNvz9mp
106,spotify:track:2a1o6ZejUi8U3wzzOtCOYw
107,spotify:track:4j6kId9QIqhoXvqHKgSKa0
108,spotify:track:6UelLqGlWMcVH1E5c4H7lY
109,spotify:track:3RM5RpRDDdST1njqOMG141
110,spotify:track:3Wrjm47oTz2sjIgck11l5e
111,spotify:track:2CewvqbfMOcnvYE3yayAJV
112,spotify:track:7DwcBgdzqhFJltEaV1XF81
113,spotify:track:2K7xn816oNHJZ0aVqdQsha
114,spotify:track:5iFQfP3AqVnHHS89LKQisL
115,spotify:track:08Rp16546M2iOcmxFAmyvv
116,spotify:track:0pLLkPMTi2LkTWTUE6rcIg
117,spotify:track:0rzaRSujxA0bKyjJl6vHYq
118,spotify:track:4pt5fDVTg5GhEvEtlz9dKk
119,spotify:track:3yfqSUWxFvZELEM4PmlwIR
120,spotify:track:4F3AZKEJubvPsl0hBArVBW
121,spotify:track:3wPPWcVuinAU7dXcJXtCID
122,spotify:track:52c2AgZdJgB34tYvo9uL20
123,spotify:track:0sBJA2OCEECMs0HsdIQhvR
124,spotify:track:0VjIjW4GlUZAMYd2vXMi3b
125,spotify:track:1ei3hzQmrgealgRKFxIcWn
126,spotify:track:4UOXo3xWnxYdTf3sFyRaUG
127,spotify:track:3QY5JrK6MU3ebwlvQ0iniO
128,spotify:track:2bPGTMB5sFfFYQ2YvSmup0
129,spotify:track:35TyJIMR3xRouUuo2sjS6v
130,spotify:track:4kLLWz7srcuLKA7Et40PQR
131,spotify:track:3MTm8eZ2wCEtpyZqqhP6Dn
132,spotify:track:4xkOaSrkexMciUUogZKVTS
133,spotify:track:6Qe7YCkIOc1iaw9HKqO3qV
134,spotify:track:2xFMvrqk99biaLQavjufta
135,spotify:track:79lc69ZXfL4WmJIzVSDmWT
136,spotify:track:1WCEAGGRD066z2Q89ObXTq
137,spotify:track:2OqOrMmLZQxe9l1t7IQ00s
138,spotify:track:2tpWsVSb9UEmDRxAl1zhX1
139,spotify:track:6Qyc6fS4DsZjB2mRW9DsQs
140,spotify:track:2NcQic8JxdjAlAHuNbOIRE
141,spotify:track:0LTn3UoaJkL42ltlGwWMxC
142,spotify:track:69w5X6uTrOaWM32IetSzvO
143,spotify:track:59nOXPmaKlBfGMDeOVGrIK
144,spotify:track:041yCPAEGPSIKv3p1P5NP0
145,spotify:track:3BTlSQSvdJVRfX6qct45Vv
146,spotify:track:5TXDeTFVRVY7Cvt0Dw4vWW
147,spotify:track:0U1W2LZVUX7qTm7dDpqxh6
148,spotify:track:0PoorhuDSZ7hgvFT7C6fgf
149,spotify:track:5nujrmhLynf4yMoMtj8AQF
150,spotify:track:0JpEMzTHbt2zBIXrntrXzG
151,spotify:track:003vvx7Niy0yvhvHt4a68B
152,spotify:track:4slSrbTK1sNK4I1mDYEthf
153,spotify:track:1v7L65Lzy0j0vdpRjJewt1
154,spotify:track:4zN21mbAuaD0WqtmaTZZeP
155,spotify:track:0fGpq9oAZNnEvkqvhnjz7K
156,spotify:track:6di0ubrcWF1vkf441tnRLh
157,spotify:track:3Ye7vnZdrO2Gq5IyyH3cOp
158,spotify:track:6hw1Sy9wZ8UCxYGdpKrU6M
159,spotify:track:6Dy1jexKYriXAVG6evyUTJ
160,spotify:track:0iVkWge9ytV4Scgy2hQ2za
161,spotify:track:7rhfRaybfxTAjuzih3xWpc
162,spotify:track:1HvTxgCj0mTzQlEo0zLvFb
163,spotify:track:0Xh6R6XLoTDRBYriQRgkHj
164,spotify:track:1m0UFnuTktOkksvjbF9z0m
165,spotify:track:6Ql7rNuoP90aIdgwQkPYBP
166,spotify:track:46IZ0fSY2mpAiktS3KOqds
167,spotify:track:5u8Y0lAUlBLwuhpXSDUGf4
168,spotify:track:2eAvDnpXP5W0cVtiI0PUxV
169,spotify:track:6YUTL4dYpB9xZO5qExPf05
170,spotify:track:3AVXwaOGCEL8cmBecfcsFJ
171,spotify:track:62ke5zFUJN6RvtXZgVH0F8
172,spotify:track:3I10tZ5MgEMo4WryCNJkZQ
173,spotify:track:7GKd7FI7IcSoVNQIwYxAQI
174,spotify:track:6EbVuwU7EnKeF2hdpViXCH
175,spotify:track:3gVhsZtseYtY1fMuyYq06F
176,spotify:track:01I8aPBUJIMzCtHsCVvmq5
177,spotify:track:1F80MEkZA9yTlpMQp9dhht
178,spotify:track:1kwHrBWAlucOE57lWugotk
179,spotify:track:01kfSdF9zfcDLri5sSWEoL
180,spotify:track:0nrRP2bk19rLc0orkWPQk2
181,spotify:track:5CqkgDH8QZjSqqI3HmYxDD
182,spotify:track:6OufwUcCqo81guU2jAlDVP
183,spotify:track:1zfuQSeQMnlA6eFymHrjKv
184,spotify:track:0y60itmpH0aPKsFiGxmtnh
185,spotify:track:5FsV0biZgb8tmQtau5LxKz
186,spotify:track:6qj02zSeEJGWZ4c0dn5QzJ
187,spotify:track:6sS77FZh2eJfYBsFUW6hjI
188,spotify:track:1RF02Cf80mTaeNXG2P2boR
189,spotify:track:1SC5rEoYDGUK4NfG82494W
190,spotify:track:56SLMIzWKrEOWIQ5LCzKXV
191,spotify:track:3cHyrEgdyYRjgJKSOiOtcS
192,spotify:track:5QO79kh1waicV47BqGRL3g
193,spotify:track:4bHsxqR3GMrXTxEPLuK5ue
194,spotify:track:6f3Slt0GbA2bPZlz0aIFXN
195,spotify:track:503OTo2dSqe7qk76rgsbep
196,spotify:track:6Jkm5kUldvIqxzI1Pa7nXH
197,spotify:track:2Foc5Q5nqNiosCNqttzHof
198,spotify:track:6I3mqTwhRpn34SLVafSH7G
199,spotify:track:5CJqhXiUiK2rVowtbeLjyd
