,uri
0,spotify:track:1ri9ZUkBJVFUdgwzCnfcYs
1,spotify:track:6mmPpaltUZK7xjNlBPQQ0p
2,spotify:track:2dG9k8jtnkjzJjUToz9i9i
3,spotify:track:4gzsuuZypVbxs0Af1LSZyB
4,spotify:track:0HINQFSerZ6iMfSsaTO3G5
5,spotify:track:0lJE8f0lx8mUSfMyxeYpiC
6,spotify:track:6lX6l7OuA3qrnIRfdsr0dw
7,spotify:track:5Us3svqTvNAdnQfEYfoL5g
8,spotify:track:2rDZhKnPaPG054ExZ6nXUS
9,spotify:track:2JPLbjOn0wPCngEot2STUS
10,spotify:track:1O2pcBJGej0pmH2Y9XZMs6
11,spotify:track:2Gq636OOGgxCTqEuzCZhsa
12,spotify:track:6ylDpki1VpIsc525KC1ojF
13,spotify:track:4HzqWEdAbzcVFDv0pvxV4w
14,spotify:track:4TGwERXRlyQtBdggYTHo6j
15,spotify:track:0UXlu64mDLvfzR8IXMz06J
16,spotify:track:0cOa970mzTWAxKtltpkpLc
17,spotify:track:4r9jkMEnArtWGH2rL2FZl0
18,spotify:track:3rdAz1fbUfZxYgaCviYhRo
19,spotify:track:4EZUHdzpYLVEEoNxSKSSLR
20,spotify:track:5W1qmxHrMlQGGAiFA3ZQqP
21,spotify:track:16P9pLDu8FdhiWLFPwlweZ
22,spotify:track:4MzXwWMhyBbmu6hOcLVD49
23,spotify:track:3GaGWoU1KfVqgl7vnRHP55
24,spotify:track:5TMLavqGRKNxgzMBrVpC9R
25,spotify:track:0Bv7O6fmZk3GrNQFYJaXPn
26,spotify:track:0G2zPzWqVjR68iNPmx2TBe
27,spotify:track:3IAfUEeaXRX9s9UdKOJrFI
28,spotify:track:2BEcap3xJtmiPaHKyfQi4e
29,spotify:track:2vmfvSoZBFAt9hhRoEByLi
30,spotify:track:1mSviQV9iQnGSRyvTIuxAj
31,spotify:track:6P096SaOzrgGxs8NWOfX7M
32,spotify:track:63GTuNSVLynH3n3PdqObgd
33,spotify:track:1HhNoOuqm1a5MXYEgAFl8o
34,spotify:track:78kygHp1dvW1kncYjBgbe1
35,spotify:track:7iHHlCbsFou5DZSW5HCPfs
36,spotify:track:704LUEih663hiE3CnyUrFW
37,spotify:track:2MnLkFqY9Rpg9s3Zv6ZJdK
38,spotify:track:05bfbizlM5AX6Mf1RRyMho
39,spotify:track:655JkvIwu2rDCaD1hPf04g
40,spotify:track:4OwhwvKESFtuu06dTgct7i
41,spotify:track:1UdzJEpgJxtuXAlCOvD4S0
42,spotify:track:3lGMtkONrZdJ8kTCg6KIFf
43,spotify:track:2B4GHvToeLTOBB4QLzW3Ni
44,spotify:track:0fea68AdmYNygeTGI4RC18
45,spotify:track:6D2TCm4nf5nxAcdGJ7w3QP
46,spotify:track:78QcVmzxS0wIwuC2rpAauI
47,spotify:track:3JCaq3KDSROg3TXhdiDa9n
48,spotify:track:6w8yBI2vthyN9UnwO4UBWb
49,spotify:track:1FlL8ycld6uVDDyhV7P5FA
50,spotify:track:7iXJg4IUyrWont5YSQrbKP
51,spotify:track:69vlMrzHwATKzupwNcUPyK
52,spotify:track:1hQ0VZZ2jz3WccDXI2oatO
53,spotify:track:2MxHuZWC99rsELX9SrCW7K
54,spotify:track:1Crj1zkRMpsEjb9NOR6Zof
55,spotify:track:5kqNIqFjijuzvVLhuY9B8j
56,spotify:track:4HYDUMY0xSpeBr0AMY9cUz
57,spotify:track:5PjdY0CKGZdEuoNab3yDmX
58,spotify:track:1yoMvmasuxZfqHEipJhRbp
59,spotify:track:5J7teKIJGtqVypgYI6sqXj
60,spotify:track:74WROFXsox6wkeUrEK2DS6
61,spotify:track:7CAdT0HdiQNlt1C7xk2hep
62,spotify:track:6C1RD7YQVvt3YQj0CmuTeu
63,spotify:track:35wvL50xvKpCHEJPxLOLPI
64,spotify:track:0QBzMgT7NIeoCYy3sJCof1
65,spotify:track:4bF2y8rR7GUjrd5LNEvej3
66,spotify:track:3KJ3opyV29269SXkPrc19l
67,spotify:track:41wtwzCZkXwpnakmwJ239F
68,spotify:track:0aZnyTWJNgdzYoOiaW8HKG
69,spotify:track:46HNZY1i7O6jwTA7Slo2PI
70,spotify:track:2FSGUA0gFgGeQdprjtGM2M
71,spotify:track:6ifUES3keWjwXgae8pXI3o
72,spotify:track:5jzEwSyyymBlf1fa1o39T2
73,spotify:track:5gflgO9EPbIBf16n5TKnQS
74,spotify:track:2WrqTrNIHqfcMCgmEo0A7E
75,spotify:track:5Z9KJZvQzH6PFmb8SNkxuk
76,spotify:track:4R8BJggjosTswLxtkw8V7P
77,spotify:track:2gQPv5jvVPqU2a9HhMNO1v
78,spotify:track:6J8lLpZoRCmB5pTrnB5jpV
79,spotify:track:27RSJHEA99Y0Vsow7nA37A
80,spotify:track:3lR4O0vtkhCAvVEUEWUL0S
81,spotify:track:7hynhxDoDpgMIV12JuVtNa
82,spotify:track:1mWdTewIgB3gtBM3TOSFhB
83,spotify:track:7iqOIHHEmu6Vhw25GgQ2eA
84,spotify:track:47ZS1OjnJpJVfGN9yHXfMn
85,spotify:track:2n7ohqg1s68ToAHh4u9mcW
86,spotify:track:2qEoAz0i6yEz5dPggABcLH
87,spotify:track:2XIc1pqjXV3Cr2BQUGNBck
88,spotify:track:4SqWKzw0CbA05TGszDgMlc
89,spotify:track:0bI7K9Becu2dtXK1Q3cZNB
90,spotify:track:2K1CQMoG2Dy5nmeOYnhoi8
91,spotify:track:5jW3rF4URMdK7tO2xjS5EI
92,spotify:track:0akyEssGRVHstqCSWXusJL
93,spotify:track:4hAYQuavbB0FYhyxBTbVal
94,spotify:track:2f0Ft2XdvNSMSY5TUlZgEz
95,spotify:track:4kELKaXaNP4EQR8Q8xNIID
96,spotify:track:1kjs5eR4DMzyB0gm1Z8waV
97,spotify:track:5RubKOuDoPn5Kj5TLVxSxY
98,spotify:track:16ONd70tvWAaLIc6hcLzaG
99,spotify:track:1s4jVre4ZgBm3sVJP1NTrl
100,spotify:track:1uK5rDY3BnikyG0sl3tPpc
101,spotify:track:2YZDh5CecWx0qlFiTvqVQ9
102,spotify:track:4fouWK6XVHhzl78KzQ1UjL
103,spotify:track:7rglLriMNBPAyuJOMGwi39
104,spotify:track:1WvrDdouh6C51In1SdATbq
105,spotify:track:5gJuYaon5zaZahQyAd0LVx
106,spotify:track:3lCbsHaN1wCxyDzcNN2x4N
107,spotify:track:42Gzfqnfpk7Pp1ydM60eNn
108,spotify:track:6NfrH0ANGmgBXyxgV2PeXt
109,spotify:track:3p6eieHX6oEOzJStPtEsLu
110,spotify:track:4knc1Fp3kbuq8bH2byOvLu
111,spotify:track:02MWAaffLxlfxAUY7c5dvx
112,spotify:track:5c4KBG3ATUOmP8y2KHGGoI
113,spotify:track:2tFwfmceQa1Y6nRPhYbEtC
114,spotify:track:7Bk0uXKk1uPT0XuQbpFzvs
115,spotify:track:6Uj1ctrBOjOas8xZXGqKk4
116,spotify:track:4B7mXGdCLQFulSxPTIEjPu
117,spotify:track:77dMSg2VHi2wwXjXNrmcrZ
118,spotify:track:2TH65lNHgvLxCKXM3apjxI
119,spotify:track:0VjIjW4GlUZAMYd2vXMi3b
120,spotify:track:5i82o3878xCPNCUK8VIeqX
121,spotify:track:2TzkIzgzIHhewMxyh1u4hh
122,spotify:track:5bQLsyTrUaMQRfr6whwGe5
123,spotify:track:4skuEIloXWuxxgekKupkEH
124,spotify:track:41yHlQmNvtjRpoexYcSyJp
125,spotify:track:0rsTDgGRlXKuzSAxcdb4Ns
126,spotify:track:2QjOHCTQ1Jl3zawyYOpxh6
127,spotify:track:5CZ40GBx1sQ9agT82CLQCT
128,spotify:track:7dT9D6117e5DbhnKxDLNW9
129,spotify:track:6b2HYgqcK9mvktt4GxAu72
130,spotify:track:17I27VXKtqXJHL6ReaG0eS
131,spotify:track:57Ba26w9eoXx8BBUNgRNLV
132,spotify:track:4UG2Fm0E98LhE2dlNxiAXx
133,spotify:track:59CfNbkERJ3NoTXDvoURjj
134,spotify:track:26w9NTiE9NGjW1ZvIOd1So
135,spotify:track:76YSWx6L6FNsuaP6GWBb8P
136,spotify:track:1qfoq1qvZT7VwDVeekCJ97
137,spotify:track:1JpzJfxjHGFUyTHXLZidok
138,spotify:track:6GPBXtnSepHovJi1uD1Ggj
139,spotify:track:4Yip3hds5IHyT7AqoNHfmX
140,spotify:track:38RIEav39FGi86jppxO0du
141,spotify:track:63bmZnBN1CiJ9sA4qTEe8y
142,spotify:track:5g7sDjBhZ4I3gcFIpkrLuI
143,spotify:track:7MmrcXVA7A5zZ2CbDuGHNa
144,spotify:track:4vCAzANUWDE24URV6wQ4ra
145,spotify:track:3DarAbFujv6eYNliUTyqtz
146,spotify:track:26QApq0cuO9brJigr0C0W4
147,spotify:track:1xK1Gg9SxG8fy2Ya373oqb
148,spotify:track:71iAechwVKGu26pahzFL0k
149,spotify:track:23XjN1s3DZC8Q9ZwuorYY4
150,spotify:track:1wcE84DVQUF16xudVFzezL
151,spotify:track:1f6PB9enEpg3o07aHu0Cl4
152,spotify:track:7JZ5mOTea5T4LH0UdwCsWx
153,spotify:track:1ZdhOMWyFR8Iv9eylMGYg2
154,spotify:track:1iRvhKiXRElIH2Uf4gd95P
155,spotify:track:25ZAibhr3bdlMCLmubZDVt
156,spotify:track:3HQxzXOb4p9pfpD5gP38D5
157,spotify:track:4lCpamtFAIUga83gTKP8RY
158,spotify:track:03a359wbiUsjN9h6yzXvmS
159,spotify:track:4AzTk75T9EQtHaGNWU3UY5
160,spotify:track:0dKg2vGC1hFqcK5LGTaKzX
161,spotify:track:6mm3K0yWp6uzfOMuipM9Zh
162,spotify:track:3UI9I3e1g1y5T3SMfdgfGO
163,spotify:track:0R7DSnSibvuE4PEHqUayqf
164,spotify:track:7lQ8MOhq6IN2w8EYcFNSUk
165,spotify:track:63Zaf8Rci6eOUPqDQ4fUFx
166,spotify:track:1g4cZvi0nLeeIycd0Rkljj
167,spotify:track:5hYRabCQuFZN8yVCQsSeyF
168,spotify:track:1sZ39ZxvFo8FyMz4s7iVlf
169,spotify:track:2KcNrONbZ0hvBPjvrDO2tx
170,spotify:track:5Mw46yRtdiOdjqSG0eDItr
171,spotify:track:1SOClUWhOi8vHZYMz3GluK
172,spotify:track:5u7twkeask1VIyDeNTElSU
173,spotify:track:6VOb0Kkrd45Bp5RHYSla2J
174,spotify:track:3za3hxbolwmy9AeUpWzuRE
175,spotify:track:7hbk4BaF66O09R1gq0bKwj
176,spotify:track:1GYJpuLq41vEVKXiHGEY9j
177,spotify:track:5QKk5N5xJQGsWMhPM80Kfv
178,spotify:track:46IZ0fSY2mpAiktS3KOqds
179,spotify:track:1ZcrHpBbILPNfhBtPhQVHh
180,spotify:track:66x45Yh9x397PWpxMX0ZDT
181,spotify:track:37BZB0z9T8Xu7U3e65qxFy
182,spotify:track:1lV3QHHMAQt0Kc1ioZq2MP
183,spotify:track:4kiTIRY4o3o9on5oYV584L
184,spotify:track:059bcIhyc2SBwm6sw2AZzd
185,spotify:track:5QO79kh1waicV47BqGRL3g
186,spotify:track:132ALUzVLmqYB4UsBj5qD6
187,spotify:track:1SC5rEoYDGUK4NfG82494W
188,spotify:track:3NqBxTOMCJ3zW9CIP51td4
189,spotify:track:30LBoQSk8gjcN0hWCWtdbF
190,spotify:track:2J3oaXTqKjGGHCOQLeBnBA
191,spotify:track:1mlGScrDQqHqmhdIqE8MmA
192,spotify:track:3monFIRNCDt9we37DDvCCK
193,spotify:track:4NUt1fcnO9aQAELBgXq3Kr
194,spotify:track:4RVwu0g32PAqgUiJoXsdF8
195,spotify:track:3Vi5XqYrmQgOYBajMWSvCi
196,spotify:track:0pqnGHJpmpxLKifKRmU6WP
197,spotify:track:3xv8JksRyqHa1lwkM9xvJf
198,spotify:track:1WH3iquIQXnSPwUzlROT8R
199,spotify:track:1MfqPCs3Y722VK6zkWZ98Z
