,uri
0,spotify:track:3nqQXoyQOWXiESFLlDF1hG
1,spotify:track:7sJNeWTXkZCEC7OnFMpGWL
2,spotify:track:4YxZQd3I4rj1nqkXgvpCk4
3,spotify:track:4uUG5RXrOk84mYEfFvj3cK
4,spotify:track:0V3wPSX9ygBnCm8psDIegu
5,spotify:track:1bDbXMyjaUIooNwFE9wn0N
6,spotify:track:7jtQIBanIiJOMS6RyCx6jZ
7,spotify:track:5VGReJtwl1BHxAZTPHOaPs
8,spotify:track:561jH07mF1jHuk7KlaeF0s
9,spotify:track:6ZjuBJah2xFEl4z3X20di3
10,spotify:track:3fRaLaS7uEnuHMgOEM8nJc
11,spotify:track:4h9wh7iOZ0GGn8QVp4RAOB
12,spotify:track:6yeZM8gyykjaf8w0GqRfK4
13,spotify:track:4tRhRLBxIZ34Iw0eCuiC03
14,spotify:track:46s57QULU02Voy0Kup6UEb
15,spotify:track:73vIOb4Q7YN6HeJTbscRx5
16,spotify:track:76OGwb5RA9h4FxQPT33ekc
17,spotify:track:0g2leZuI3jD5pRsrRIDvYe
18,spotify:track:2KLwPaRDOB87XOYAT2fgxh
19,spotify:track:1aOl53hkZGHkl2Snhr7opL
20,spotify:track:0QHEIqNKsMoOY5urbzN48u
21,spotify:track:5xX2LYdXyx0Boa61rZOjq5
22,spotify:track:4zN21mbAuaD0WqtmaTZZeP
23,spotify:track:34tz0eDhGuFErIuW3q4mPX
24,spotify:track:1kKvfCmzXzRcfszwQrXFPM
25,spotify:track:4pnk9Mhzcv3oHxFyARlNNP
26,spotify:track:5IgjP7X4th6nMNDh4akUHb
27,spotify:track:7GeTsDIc5ykNB6lORO6Cee
28,spotify:track:4Dvkj6JhhA12EX05fT7y2e
29,spotify:track:0wshkEEcJUQU33RSRBb5dv
30,spotify:track:3w0JTTlgoxPBLq7AauhY02
31,spotify:track:2q7jpVfCtcuRwcur9nQeuC
32,spotify:track:1W1N3usYjgI3XGQA0iX9Vq
33,spotify:track:4wjEJULVdwTFlSDPlhdkRa
34,spotify:track:2ZL7WZcjuYKi1KUDtp4kCC
35,spotify:track:7fZBQnc0zXwVybgCIrQQil
36,spotify:track:7l2nxyx7IkBX5orhkALg0V
37,spotify:track:35ovElsgyAtQwYPYnZJECg
38,spotify:track:2QjOHCTQ1Jl3zawyYOpxh6
39,spotify:track:35DkXhxqTMiQB582tfjowU
40,spotify:track:7dq9QIXx5eIz6w2MNzTan4
41,spotify:track:3rWDp9tBPQR9z6U5YyRSK4
42,spotify:track:5CGPOGyyF3XvyQwyqlJH0P
43,spotify:track:1wtOxkiel43cVs0Yux5Q4h
44,spotify:track:2J579Mufs2FmfvqbOmICLw
45,spotify:track:70Xfh3baxA4xusCiV5B5jg
46,spotify:track:5reUV4Jv5GBY1W15E4J9w9
47,spotify:track:5jQI2r1RdgtuT8S3iG8zFC
48,spotify:track:08mqF80M4AvAF0pGbR2ETA
49,spotify:track:2Oi1IJ6JEUX1aya9VUAA1Z
50,spotify:track:54ipXppHLA8U4yqpOFTUhr
51,spotify:track:45pUWUeEWGoSdH6UF162G8
52,spotify:track:0bYg9bo50gSsH3LtXe2SQn
53,spotify:track:3rb0tMq42WfggucPm0HHkA
54,spotify:track:3eX0NZfLtGzoLUxPNvRfqm
55,spotify:track:02MWAaffLxlfxAUY7c5dvx
56,spotify:track:47gFO4wiq9rLJo9vz0DP3q
57,spotify:track:5YdnOm5990Kfq1Jodws98B
58,spotify:track:3LtpKP5abr2qqjunvjlX5i
59,spotify:track:38T0tPVZHcPZyhtOcCP7pF
60,spotify:track:2FRnf9qhLbvw8fu4IBXx78
61,spotify:track:4D7BCuvgdJlYvlX5WlN54t
62,spotify:track:3WlettL8B0oET6VdXJMHU0
63,spotify:track:5ucyKDPjLpYLGadsRO1wSB
64,spotify:track:22skzmqfdWrjJylampe0kt
65,spotify:track:2MYXbdNTkOmjOr9sVQ288m
66,spotify:track:4UyVCLbNG8yhrqbzeSmdho
67,spotify:track:0sSRLXxknVTQDStgU1NqpY
68,spotify:track:4Flfb4fGscN9kXPOduQLrv
69,spotify:track:1LIvdWNdKmHvU0FJvw2diN
70,spotify:track:6qyS9qBy0mEk3qYaH8mPss
71,spotify:track:1DIXPcTDzTj8ZMHt3PDt8p
72,spotify:track:7KokYm8cMIXCsGVmUvKtqf
73,spotify:track:7lQ8MOhq6IN2w8EYcFNSUk
74,spotify:track:2EriVX6pX9RcmMsgU8Hsir
75,spotify:track:4h4QlmocP3IuwYEj2j14p8
76,spotify:track:3qoftcUZaUOncvIYjFSPdE
77,spotify:track:5ZduaRci3iNUiDfJbBfAaf
78,spotify:track:3uUuGVFu1V7jTQL60S1r8z
79,spotify:track:5odlY52u43F5BjByhxg7wg
80,spotify:track:410TZrK18uRjtsTunG14cl
81,spotify:track:6BePGk3eCan4FqaW2X8Qy3
82,spotify:track:1Fb8gCHRkmNAaN8vytd5vg
83,spotify:track:5Zlb01Jcn0Ld49zazzZJSB
84,spotify:track:1xwAWUI6Dj0WGC3KiUPN0O
85,spotify:track:3xWGA8pa0IKFI7IMPri4P0
86,spotify:track:3kcKlOkQQEPVwxwljbGJ5p
87,spotify:track:3F5CgOj3wFlRv51JsHbxhe
88,spotify:track:5E2JcyolDstvqZ0PNpT3pS
89,spotify:track:7DbdUf8aHSYoliSjO6LZv6
90,spotify:track:1xzi1Jcr7mEi9K2RfzLOqS
91,spotify:track:1xK59OXxi2TAAAbmZK0kBL
92,spotify:track:6Hh6pxNSScePI9zjKBIUg2
93,spotify:track:038awuS65sn5GQxlpJGkqj
94,spotify:track:4woTEX1wYOTGDqNXuavlRC
95,spotify:track:5XeFesFbtLpXzIVDNQP22n
96,spotify:track:2kx5sQgmjYug0GiDh1a4sU
97,spotify:track:3yfqSUWxFvZELEM4PmlwIR
98,spotify:track:0WtM2NBVQNNJLh6scP13H8
99,spotify:track:3iYjUEMXpxiXUzKsLFuSNi
100,spotify:track:0heeNYlwOGuUSe7TgUD27B
101,spotify:track:5r43qanLhUCdBj8HN3fa6B
102,spotify:track:1AS1KQWbJpkyZHo8SZ8SBj
103,spotify:track:6hw1Sy9wZ8UCxYGdpKrU6M
104,spotify:track:1DTVCRW8QPPteXXhBlohM2
105,spotify:track:2CewvqbfMOcnvYE3yayAJV
106,spotify:track:29YW2xXlo6Pc6M0SBTCXYN
107,spotify:track:2B4GHvToeLTOBB4QLzW3Ni
108,spotify:track:5TXDeTFVRVY7Cvt0Dw4vWW
109,spotify:track:41ZYUGtRGAi3SEx23AZXfB
110,spotify:track:4ewazQLXFTDC8XvCbhvtXs
111,spotify:track:27ZZdyTSQWI7Cug2d2PkqV
112,spotify:track:6Pk9SrYcNROzVANFESonWh
113,spotify:track:0XER3HPMx223xWaAgNKp4Y
114,spotify:track:464F2a58LTaitVUFKvEm1J
115,spotify:track:3BnDvpeuGOj21Ir2aVEtQo
116,spotify:track:2USlegnFJLrVLpoVfPimKB
117,spotify:track:0FKw2vfEDxDuRisr4kU8Ok
118,spotify:track:1v7L65Lzy0j0vdpRjJewt1
119,spotify:track:4FXX4P3dxc1JMBx5wVRJ5N
120,spotify:track:28eqTE31oIjrlSMK4y1VwF
121,spotify:track:5hqxBvQJ3XJDSbxT9vyyqA
122,spotify:track:1NTKF2D8W6vf8Mxqw4gn0m
123,spotify:track:2DB4DdfCFMw1iaR6JaR03a
124,spotify:track:5TJEBoTCDbJXiKMdCN9pd3
125,spotify:track:21MlfDYRjL0DuBbiCS9wlB
126,spotify:track:2ptG9ihX35aWmz7EnsYXBe
127,spotify:track:7yq4Qj7cqayVTp3FF9CWbm
128,spotify:track:1Ame8XTX6QHY0l0ahqUhgv
129,spotify:track:6kvW6EI5UuqCmlp7L7HD9O
130,spotify:track:6GomT970rCOkKAyyrwJeZi
131,spotify:track:2ZlABhxMMa43COmZ97kKsJ
132,spotify:track:4k6Uh1HXdhtusDW5y8Gbvy
133,spotify:track:3JXdzlvJJrKlmfBfoCLsOo
134,spotify:track:4Q664IuqC4LoEwmXeXB5EK
135,spotify:track:1Fid2jjqsHViMX6xNH70hE
136,spotify:track:7FmYn9e7KHMXcxqGSj9LjH
137,spotify:track:6JIC3hbC28JZKZ8AlAqX8h
138,spotify:track:2tpWsVSb9UEmDRxAl1zhX1
139,spotify:track:2sFsvaMRe8PKo5AFdBE9qC
140,spotify:track:5HsrYtb503rCCWyZvGtf4v
141,spotify:track:3iBU3w9MbrqFdB9mOa2JeK
142,spotify:track:05Mp2UJulSttxQ4E6hQPH3
143,spotify:track:2yjlYDiNiQkdxVqTlaSrlX
144,spotify:track:6mpRsfJrAAiLwoH45ghGtj
145,spotify:track:0lizgQ7Qw35od7CYaoMBZb
146,spotify:track:0u2P5u6lvoDfwTYjAADbn4
147,spotify:track:1mea3bSkSGXuIRvnydlB5b
148,spotify:track:5PjdY0CKGZdEuoNab3yDmX
149,spotify:track:5uSFGgIfHMT3osrAd9n9ym
150,spotify:track:18asYwWugKjjsihZ0YvRxO
151,spotify:track:4RyN9ul6C39NdpjDE9XuK9
152,spotify:track:2H7jZg2HliuQhZjfBblLrZ
153,spotify:track:3eJH2nAjvNXdmPfBkALiPZ
154,spotify:track:0skgJbXMM4sPRwSKXvO2id
155,spotify:track:4xkOaSrkexMciUUogZKVTS
156,spotify:track:24EDbIDzgg3R2KJU26hVX7
157,spotify:track:26hOm7dTtBi0TdpDGl141t
158,spotify:track:0C3shWEOObGT5IxApC7Mkg
159,spotify:track:36z650GeYG064RQZGkaxuz
160,spotify:track:2RJAKIw6nIkgZVsAIKhmqz
161,spotify:track:3Oww84xrmgjyr5J1ilOmAf
162,spotify:track:6A3SB2C4U6JtCavQOXLYNN
163,spotify:track:58HvfVOeJY7lUuCqF0m3ly
164,spotify:track:5XbNh16tvkeNEjuvSuB46Q
165,spotify:track:1vxw6aYJls2oq3gW0DujAo
166,spotify:track:0JTz8ZeBJtnjRIWiJnHFdO
167,spotify:track:7wdwIaXUuzlu1grzWMFRJm
168,spotify:track:1KKdLVAi0Z4YKrdiyQS3vF
169,spotify:track:6pYSc6aHYD5e1sst9EqZC6
170,spotify:track:15caui9TMT1AxR6cfo9IfQ
171,spotify:track:4N5s8lPTsjI9EGP7K4SXzB
172,spotify:track:2wGSgTmgSF3xjRrHkTc25R
173,spotify:track:1FEiijYPJtyswChfcpv3p0
174,spotify:track:0A1JLUlkZkp2EFrosoNQi0
175,spotify:track:7y2CanQNBGTd7EVJy80hLC
176,spotify:track:31bsuKDOzFGzBAoXxtnAJm
177,spotify:track:75FEaRjZTKLhTrFGsfMUXR
178,spotify:track:2DgdHcjWmO3qd50RzuBLgZ
179,spotify:track:7qEHsqek33rTcFNT9PFqLf
180,spotify:track:3pyQiDFr6y6s2I8EacdYwj
181,spotify:track:6VhuP99TE6gYNQRJIlAWFD
182,spotify:track:2TE4xW3ImvpltVU0cPcKUn
183,spotify:track:3CIyK1V4JEJkg02E4EJnDl
184,spotify:track:1jDJFeK9x3OZboIAHsY9k2
185,spotify:track:2hBkoDhuGk2AtSCprEFDFP
186,spotify:track:1cKHdTo9u0ZymJdPGSh6nq
187,spotify:track:2jkyPVk1nbpsZD0KAS98Zw
188,spotify:track:6ex1Pz3pntgy4NPtxHXN2V
189,spotify:track:7xTDT7gyIrv0xWpwwXExxU
190,spotify:track:39JofJHEtg8I4fSyo7Imft
191,spotify:track:3UmaczJpikHgJFyBTAJVoz
192,spotify:track:4pH8cIlMI9NrTWcDiQbuRe
193,spotify:track:1c2hJSwcCfoPEw1su83Sw0
194,spotify:track:2XXpLFPZGxgtohTd79DjZO
195,spotify:track:74loibzxXRL875X20kenvk
196,spotify:track:5C3J3C5nzBclrE8xuW5UQ7
197,spotify:track:285pBltuF7vW8TeWk8hdRR
198,spotify:track:2K7xn816oNHJZ0aVqdQsha
199,spotify:track:1MTXYvJ9TSqg9x6WPCDx2n
