,uri
0,spotify:track:7bp3zmEvpHLa0h32nhDUkB
1,spotify:track:4fouWK6XVHhzl78KzQ1UjL
2,spotify:track:02MWAaffLxlfxAUY7c5dvx
3,spotify:track:6lgIi3ixBsr4cMt3r19yX9
4,spotify:track:46IZ0fSY2mpAiktS3KOqds
5,spotify:track:20on25jryn53hWghthWWW3
6,spotify:track:2B4GHvToeLTOBB4QLzW3Ni
7,spotify:track:3uUuGVFu1V7jTQL60S1r8z
8,spotify:track:50nfwKoDiSYg8zOCREWAm5
9,spotify:track:5PjdY0CKGZdEuoNab3yDmX
10,spotify:track:7rglLriMNBPAyuJOMGwi39
11,spotify:track:3vXnuFnC5RhPGwsFi0ORcI
12,spotify:track:0iqk44gA8PaId0Fwa6eesN
13,spotify:track:1r9xUipOqoNwggBpENDsvJ
14,spotify:track:5Z9KJZvQzH6PFmb8SNkxuk
15,spotify:track:1nH2PkJL1XoUq8oE6tBZoU
16,spotify:track:2Xr1dTzJee307rmrkt8c0g
17,spotify:track:6HTJgY7iWWlVLSDHsfHePf
18,spotify:track:3rmo8F54jFF8OgYsqTxm5d
19,spotify:track:2USlegnFJLrVLpoVfPimKB
20,spotify:track:5S9Zs5g9lTWnLIboN1pdlU
21,spotify:track:3gAEAmxdP1GIjgQ3Zud2mE
22,spotify:track:79JuksO8bRLKojdLSArnvL
23,spotify:track:2gpWyfu7eZ01zzncHpxOtA
24,spotify:track:0e8nrvls4Qqv5Rfa2UhqmO
25,spotify:track:6Uj1ctrBOjOas8xZXGqKk4
26,spotify:track:46HNZY1i7O6jwTA7Slo2PI
27,spotify:track:1SOClUWhOi8vHZYMz3GluK
28,spotify:track:18asYwWugKjjsihZ0YvRxO
29,spotify:track:2KnLkZ3z7PO3kgVGHGqDpD
30,spotify:track:1UQFu4cgJDIcE7zoBPHwY4
31,spotify:track:5S12Ds2RswM2ITC0u1J01f
32,spotify:track:4ZtFanR9U6ndgddUvNcjcG
33,spotify:track:6OufwUcCqo81guU2jAlDVP
34,spotify:track:4UODKxJsed18nmaqfw6LAC
35,spotify:track:5dfgX2GxEMQsGycPvjxhdP
36,spotify:track:2Ghp894n1laIf2w98VeAOJ
37,spotify:track:3Wrjm47oTz2sjIgck11l5e
38,spotify:track:6I3mqTwhRpn34SLVafSH7G
39,spotify:track:0xfMlIW8lS40qvpsUw1l0X
40,spotify:track:0mL82sxCRjrs3br407IdJh
41,spotify:track:3KyKxJ4P3pVCgaZwaq2rUC
42,spotify:track:7lP1zUASWfS5TLBdQDj3DA
43,spotify:track:0VjIjW4GlUZAMYd2vXMi3b
44,spotify:track:135Lf4Q0CzlMNfOxbEUsLH
45,spotify:track:6VOUfCrjmxH62oijWgbC6O
46,spotify:track:3nOz1U41SZZ0N3fuUWr9nb
47,spotify:track:2SLwbpExuoBDZBpjfefCtV
48,spotify:track:63JrADDfrcjOaI6lyVkN3c
49,spotify:track:7jtQIBanIiJOMS6RyCx6jZ
50,spotify:track:1SC5rEoYDGUK4NfG82494W
51,spotify:track:149BxWeweaCqmsyedkNiiE
52,spotify:track:0hYFc3HSZHDaDzquLVRwBH
53,spotify:track:1bwhDrXcAtqePp8mNJ0pTe
54,spotify:track:2vgUijXOTRMnWXDtvgMp2b
55,spotify:track:6krYS8KtmNAYyb5uTZiYW4
56,spotify:track:2VxeLyX666F8uXCJ0dZF8B
57,spotify:track:1E5Xu8dur0fAjSP1VpVhAZ
58,spotify:track:4cG7HUWYHBV6R6tHn1gxrl
59,spotify:track:3eJH2nAjvNXdmPfBkALiPZ
60,spotify:track:0Kvkx0NcqsdYOhQzYfDuDZ
61,spotify:track:1O1EqgvgRyj1ejZPUxI0UX
62,spotify:track:2D4dV2KXDTszzJ3p3cFqhA
63,spotify:track:1NhjYYcYTRywc0di98xHxf
64,spotify:track:5XbA7TAqsD0fj0dGBrbb0D
65,spotify:track:6feiJqgHqeSvkGUzf11AYs
66,spotify:track:52xJxFP6TqMuO4Yt0eOkMz
67,spotify:track:0w6lsLBvhtGcqMYA7MB7r6
68,spotify:track:5wANPM4fQCJwkGd4rN57mH
69,spotify:track:6Dy1jexKYriXAVG6evyUTJ
70,spotify:track:6KL88T4Ma4ABXqzgUoEwkd
71,spotify:track:4btFHqumCO31GksfuBLLv3
72,spotify:track:5YoDQgB4j7oBHWXH3DcwFD
73,spotify:track:6zzdyvVWjGrQBraSvuqJPY
74,spotify:track:6f3Slt0GbA2bPZlz0aIFXN
75,spotify:track:3Kkjo3cT83cw09VJyrLNwX
76,spotify:track:46vfSYsDJZaNQcD4YvT8GD
77,spotify:track:07MDkzWARZaLEdKxo6yArG
78,spotify:track:1pz6PTEHHrXWvkm6ktNUhm
79,spotify:track:7qEHsqek33rTcFNT9PFqLf
80,spotify:track:7AVyve7cFYTd51ha5i9kE2
81,spotify:track:5JBtWpLoGO62gb5vax505b
82,spotify:track:6tDA5289CCJ4S4wiZPMLuN
83,spotify:track:4RVwu0g32PAqgUiJoXsdF8
84,spotify:track:1qVRInFwjQbipJdZeA7Kbn
85,spotify:track:6M3PsepEj5gyJoIi7Xvr7u
86,spotify:track:0vNY7uNEG8El6doRdP21D5
87,spotify:track:2QjOHCTQ1Jl3zawyYOpxh6
88,spotify:track:3F1P0QzdXtBz0MXy7KIO5w
89,spotify:track:04zzaZmF7rn0AkvOTiYhHy
90,spotify:track:2GYHyAoLWpkxLVa4oYTVko
91,spotify:track:22skzmqfdWrjJylampe0kt
92,spotify:track:4PYfFHKfjYz6dwAtZhBy1z
93,spotify:track:1MkN8pZzDBf1b2uzfYVOQp
94,spotify:track:1F80MEkZA9yTlpMQp9dhht
95,spotify:track:34dx8DACTJsc3rsJdaEIQw
96,spotify:track:00Blm7zeNqgYLPtW6zg8cj
97,spotify:track:66dGbMxzOVbhv2CwnfA3MJ
98,spotify:track:2gQPv5jvVPqU2a9HhMNO1v
99,spotify:track:759ndr57jb0URg4j9YSWml
100,spotify:track:6a4GH1gljLL7VvmO9u5O92
101,spotify:track:4pt5fDVTg5GhEvEtlz9dKk
102,spotify:track:0iVkWge9ytV4Scgy2hQ2za
103,spotify:track:3u2NGFCIe5Ynxv8djbpVP8
104,spotify:track:2lXGYva0cmbVWKtbrPhsXE
105,spotify:track:3DarAbFujv6eYNliUTyqtz
106,spotify:track:6gPPoRYJwCsoB2VVdPJfmo
107,spotify:track:5jHfomwwBzN6rD2ByERafC
108,spotify:track:4hJhHbkhZFnxmWbAkZRoe0
109,spotify:track:13UfB1tm7QYrhtW8FhPYmW
110,spotify:track:5nujrmhLynf4yMoMtj8AQF
111,spotify:track:5QO79kh1waicV47BqGRL3g
112,spotify:track:4c3TC1eWvz6BgOqSlOAKdT
113,spotify:track:5UlnuulVAVmmesw4VzqHdG
114,spotify:track:4GmRnc9J8GBBkVHUtihE3Z
115,spotify:track:2N8m6CYs74qQO4mjVcXO30
116,spotify:track:6dmXZ9B5HdFAyzHeTneYBK
117,spotify:track:5CZ40GBx1sQ9agT82CLQCT
118,spotify:track:0u2P5u6lvoDfwTYjAADbn4
119,spotify:track:3U4isOIWM3VvDubwSI3y7a
120,spotify:track:37BZB0z9T8Xu7U3e65qxFy
121,spotify:track:3vJcz8exedHCjQ9ed95NqU
122,spotify:track:3Iba59sFmGhQ4kbCY5L8AX
123,spotify:track:4u7EnebtmKWzUH433cf5Qv
124,spotify:track:1J14CdDAvBTE1AJYUOwl6C
125,spotify:track:6cx06DFPPHchuUAcTxznu9
126,spotify:track:2K7xn816oNHJZ0aVqdQsha
127,spotify:track:6IAZHEBUIGJ6NJKxxOBIEr
128,spotify:track:1DIXPcTDzTj8ZMHt3PDt8p
129,spotify:track:4IbDTrLxImTJfZePAX2nKB
130,spotify:track:2WYpG3Kv1xRTqMSNXVOpAN
131,spotify:track:7yq4Qj7cqayVTp3FF9CWbm
132,spotify:track:6ItXr7qOXzK6KlhTbUu6hp
133,spotify:track:003vvx7Niy0yvhvHt4a68B
134,spotify:track:0gucTLf7trAf37Ua1uAyAu
135,spotify:track:2gMXnyrvIjhVBUZwvLZDMP
136,spotify:track:6CyIkPh5mRkJg7T5xXynQ8
137,spotify:track:45bE4HXI0AwGZXfZtMp8JR
138,spotify:track:3Vi5XqYrmQgOYBajMWSvCi
139,spotify:track:0pqnGHJpmpxLKifKRmU6WP
140,spotify:track:4jPy3l0RUwlUI9T5XHBW2m
141,spotify:track:4kLLWz7srcuLKA7Et40PQR
142,spotify:track:7erbctwXpJ5IMpZVgvI7Jm
143,spotify:track:17gkoi8EGPO1XssTOYK5ki
144,spotify:track:2AMysGXOe0zzZJMtH3Nizb
145,spotify:track:7DFNE7NO0raLIUbgzY2rzm
146,spotify:track:1xIqDFx3KdByBnKMlTECcM
147,spotify:track:5lkpeJwmQKgY3bX2zChjxX
148,spotify:track:0V5cvmTKsYmF5FmGGEAfmS
149,spotify:track:4rPkN1FMzQyFNP9cLUGIIB
150,spotify:track:717QGTmZdkemDaCo1vQHG0
151,spotify:track:6sutxiq0dIw77z0rCB3Ekk
152,spotify:track:3yfqSUWxFvZELEM4PmlwIR
153,spotify:track:0ofHAoxe9vBkTCp2UQIavz
154,spotify:track:7fWotHT92my4vLN713vFTa
155,spotify:track:2374M0fQpWi3dLnB54qaLX
156,spotify:track:7sMBvZCSUl99bJLXZaLa0b
157,spotify:track:0UKUfxIkDAMZz7hMdiVX3m
158,spotify:track:1E8xVRD9lPeXJQ3vXIlJk2
159,spotify:track:37Tmv4NnfQeb0ZgUC4fOJj
160,spotify:track:4iJyoBOLtHqaGxP12qzhQI
161,spotify:track:6M4nkEPZMj58acftDRTuKL
162,spotify:track:5Z8Dj3LtbyCMiwE86rhg2f
163,spotify:track:0nrRP2bk19rLc0orkWPQk2
164,spotify:track:0b18g3G5spr4ZCkz7Y6Q0Q
165,spotify:track:27OeeYzk6klgBh83TSvGMA
166,spotify:track:760jhRscwGbIIe1m1IIQpU
167,spotify:track:6UlSVbJrj3wsyxjGM4KPAv
168,spotify:track:7lQ8MOhq6IN2w8EYcFNSUk
169,spotify:track:5T8EDUDqKcs6OSOwEsfqG7
170,spotify:track:2rbDhOo9Fh61Bbu23T2qCk
171,spotify:track:2O9enJqAqs46tfBlGhLsnW
172,spotify:track:3dYD57lRAUcMHufyqn9GcI
173,spotify:track:6UelLqGlWMcVH1E5c4H7lY
174,spotify:track:1v7L65Lzy0j0vdpRjJewt1
175,spotify:track:4XvcHTUfIlWfyJTRG0aqlo
176,spotify:track:368KS9UNJ8cft7RJ1USwb9
177,spotify:track:60a0Rd6pjrkxjPbaKzXjfq
178,spotify:track:7hU3IHwjX150XLoTVmjD0q
179,spotify:track:2InKuNaoyiBDf4dmr780BZ
180,spotify:track:2eAvDnpXP5W0cVtiI0PUxV
181,spotify:track:0rLLENEBErAJjcTFTnQxhq
182,spotify:track:6E90gq0KO6FYZVOXx8kCcC
183,spotify:track:1058fW9H3fZA6QjYCdOBad
184,spotify:track:2jX5c5RFp0A9E1GDsvGxIa
185,spotify:track:58HvfVOeJY7lUuCqF0m3ly
186,spotify:track:2vXKRlJBXyOcvZYTdNeckS
187,spotify:track:5Mp9GMJ8HODxuy5ebsRPOB
188,spotify:track:5qqabIl2vWzo9ApSC317sa
189,spotify:track:2tpWsVSb9UEmDRxAl1zhX1
190,spotify:track:03y045SZqaC94yfXl1cU4E
191,spotify:track:5qrSlOut2rNAWv3ubArkNy
192,spotify:track:5h9OvsTeNydBaZp7swQubV
193,spotify:track:1NlK2NtpuUazpziLhnJwEV
194,spotify:track:7qiZfU4dY1lWllzX7mPBI3
195,spotify:track:0iPf1xVxV7rlbG4wn3ANFa
196,spotify:track:1is8gU4RVcN4J8xItxWoOY
197,spotify:track:04sN26COy28wTXYj3dMoiZ
198,spotify:track:1xYzN6PXSwoOChUJnq8eJU
199,spotify:track:2CvOqDpQIMw69cCzWqr5yr
