,uri
0,spotify:track:0V3wPSX9ygBnCm8psDIegu
1,spotify:track:3nqQXoyQOWXiESFLlDF1hG
2,spotify:track:5jQI2r1RdgtuT8S3iG8zFC
3,spotify:track:4h9wh7iOZ0GGn8QVp4RAOB
4,spotify:track:4uUG5RXrOk84mYEfFvj3cK
5,spotify:track:3rWDp9tBPQR9z6U5YyRSK4
6,spotify:track:3eX0NZfLtGzoLUxPNvRfqm
7,spotify:track:1wtOxkiel43cVs0Yux5Q4h
8,spotify:track:4D7BCuvgdJlYvlX5WlN54t
9,spotify:track:7KokYm8cMIXCsGVmUvKtqf
10,spotify:track:73vIOb4Q7YN6HeJTbscRx5
11,spotify:track:4k6Uh1HXdhtusDW5y8Gbvy
12,spotify:track:3qoftcUZaUOncvIYjFSPdE
13,spotify:track:1xwAWUI6Dj0WGC3KiUPN0O
14,spotify:track:4Dvkj6JhhA12EX05fT7y2e
15,spotify:track:34ZAzO78a5DAVNrYIGWcPm
16,spotify:track:0heeNYlwOGuUSe7TgUD27B
17,spotify:track:0QHEIqNKsMoOY5urbzN48u
18,spotify:track:35ovElsgyAtQwYPYnZJECg
19,spotify:track:39JofJHEtg8I4fSyo7Imft
20,spotify:track:1xzi1Jcr7mEi9K2RfzLOqS
21,spotify:track:7FmYn9e7KHMXcxqGSj9LjH
22,spotify:track:2yjlYDiNiQkdxVqTlaSrlX
23,spotify:track:5IgjP7X4th6nMNDh4akUHb
24,spotify:track:0A1JLUlkZkp2EFrosoNQi0
25,spotify:track:0wavGRldH0AWyu2zvTz8zb
26,spotify:track:13Irp51zj01BZu2XtDrnAg
27,spotify:track:3WMj8moIAXJhHsyLaqIIHI
28,spotify:track:02MWAaffLxlfxAUY7c5dvx
29,spotify:track:4h4QlmocP3IuwYEj2j14p8
30,spotify:track:5PjdY0CKGZdEuoNab3yDmX
31,spotify:track:0O6u0VJ46W86TxN9wgyqDj
32,spotify:track:40SBS57su9xLiE1WqkXOVr
33,spotify:track:5hnGrTBaEsdukpDF6aZg8a
34,spotify:track:3LtpKP5abr2qqjunvjlX5i
35,spotify:track:76OGwb5RA9h4FxQPT33ekc
36,spotify:track:3pUa0ZxdSeaJXm0EIydD3F
37,spotify:track:2QjOHCTQ1Jl3zawyYOpxh6
38,spotify:track:54ipXppHLA8U4yqpOFTUhr
39,spotify:track:7jtQIBanIiJOMS6RyCx6jZ
40,spotify:track:5odlY52u43F5BjByhxg7wg
41,spotify:track:1xK59OXxi2TAAAbmZK0kBL
42,spotify:track:1qEmFfgcLObUfQm0j1W2CK
43,spotify:track:6JIC3hbC28JZKZ8AlAqX8h
44,spotify:track:6HMtHNpW6YPi1hrw9tgF8P
45,spotify:track:5TJEBoTCDbJXiKMdCN9pd3
46,spotify:track:48UKTR66uUOT9LaUvooTNx
47,spotify:track:5uSFGgIfHMT3osrAd9n9ym
48,spotify:track:5BYl3SodS3rGmafWXRWmB7
49,spotify:track:0hquQWY3xvYqN4qtiquniF
50,spotify:track:003vvx7Niy0yvhvHt4a68B
51,spotify:track:6xGruZOHLs39ZbVccQTuPZ
52,spotify:track:3jzbpOzoYa22FvzBkNkLvC
53,spotify:track:27ZZdyTSQWI7Cug2d2PkqV
54,spotify:track:3xWGA8pa0IKFI7IMPri4P0
55,spotify:track:6J834IBcZJMH38ksrgAqwF
56,spotify:track:0N9C80kcgL0xXGduKnYKWi
57,spotify:track:68Dni7IE4VyPkTOH9mRWHr
58,spotify:track:2LBqCSwhJGcFQeTHMVGwy3
59,spotify:track:3F5CgOj3wFlRv51JsHbxhe
60,spotify:track:75FEaRjZTKLhTrFGsfMUXR
61,spotify:track:3uUuGVFu1V7jTQL60S1r8z
62,spotify:track:10xV5l9nhLvFpR8mqzs0bL
63,spotify:track:59nOXPmaKlBfGMDeOVGrIK
64,spotify:track:4zN21mbAuaD0WqtmaTZZeP
65,spotify:track:4356PL6jkERzJouVfQQkZo
66,spotify:track:38T0tPVZHcPZyhtOcCP7pF
67,spotify:track:0wHFktze2PHC5jDt3B17DC
68,spotify:track:561jH07mF1jHuk7KlaeF0s
69,spotify:track:7yq4Qj7cqayVTp3FF9CWbm
70,spotify:track:6ex1Pz3pntgy4NPtxHXN2V
71,spotify:track:0WtM2NBVQNNJLh6scP13H8
72,spotify:track:22skzmqfdWrjJylampe0kt
73,spotify:track:6RJBrG3VHz2hPITjv88chh
74,spotify:track:7qEHsqek33rTcFNT9PFqLf
75,spotify:track:3EaJDYHA0KnX88JvDhL9oa
76,spotify:track:2TktkzfozZifbQhXjT6I33
77,spotify:track:3sNVsP50132BTNlImLx70i
78,spotify:track:0VjIjW4GlUZAMYd2vXMi3b
79,spotify:track:2RJAKIw6nIkgZVsAIKhmqz
80,spotify:track:6VhuP99TE6gYNQRJIlAWFD
81,spotify:track:6I3mqTwhRpn34SLVafSH7G
82,spotify:track:3GZD6HmiNUhxXYf8Gch723
83,spotify:track:7lQ8MOhq6IN2w8EYcFNSUk
84,spotify:track:7lFNXsbcbds699xCWO3pSe
85,spotify:track:0ofHAoxe9vBkTCp2UQIavz
86,spotify:track:7DbdUf8aHSYoliSjO6LZv6
87,spotify:track:4OmfWzukSVD140NiAIEjem
88,spotify:track:0ntQJM78wzOLVeCUAW7Y45
89,spotify:track:6feiJqgHqeSvkGUzf11AYs
90,spotify:track:3yfqSUWxFvZELEM4PmlwIR
91,spotify:track:5nujrmhLynf4yMoMtj8AQF
92,spotify:track:1LIvdWNdKmHvU0FJvw2diN
93,spotify:track:1mea3bSkSGXuIRvnydlB5b
94,spotify:track:3GYlZ7tbxLOxe6ewMNVTkw
95,spotify:track:1DIXPcTDzTj8ZMHt3PDt8p
96,spotify:track:3azJifCSqg9fRij2yKIbWz
97,spotify:track:4ZtFanR9U6ndgddUvNcjcG
98,spotify:track:5XeFesFbtLpXzIVDNQP22n
99,spotify:track:4KGNI037I8ZA6n3h6LYuey
100,spotify:track:4FyesJzVpA39hbYvcseO2d
101,spotify:track:7MXVkk9YMctZqd1Srtv4MB
102,spotify:track:3E7dfMvvCLUddWissuqMwr
103,spotify:track:6UelLqGlWMcVH1E5c4H7lY
104,spotify:track:1r8ZCjfrQxoy2wVaBUbpwg
105,spotify:track:0u2P5u6lvoDfwTYjAADbn4
106,spotify:track:1R0a2iXumgCiFb7HEZ7gUE
107,spotify:track:5A5bLKdL5I3k3FTEQlAUw7
108,spotify:track:2wGSgTmgSF3xjRrHkTc25R
109,spotify:track:6Qyc6fS4DsZjB2mRW9DsQs
110,spotify:track:46IZ0fSY2mpAiktS3KOqds
111,spotify:track:0RiRZpuVRbi7oqRdSMwhQY
112,spotify:track:1mMLMZYXkMueg65jRRWG1l
113,spotify:track:3sa06xVNmLLYIxdNNmVQN8
114,spotify:track:7xTDT7gyIrv0xWpwwXExxU
115,spotify:track:5qrSlOut2rNAWv3ubArkNy
116,spotify:track:2HbKqm4o0w5wEeEFXm2sD4
117,spotify:track:1v7L65Lzy0j0vdpRjJewt1
118,spotify:track:1cKHdTo9u0ZymJdPGSh6nq
119,spotify:track:5Z9KJZvQzH6PFmb8SNkxuk
120,spotify:track:6PaWZ0PIMxx15YBgCohvXY
121,spotify:track:7iL6o9tox1zgHpKUfh9vuC
122,spotify:track:4bHsxqR3GMrXTxEPLuK5ue
123,spotify:track:0GONea6G2XdnHWjNZd6zt3
124,spotify:track:4tqcoej1zPvwePZCzuAjJd
125,spotify:track:4Li2WHPkuyCdtmokzW2007
126,spotify:track:4EWCNWgDS8707fNSZ1oaA5
127,spotify:track:5TXDeTFVRVY7Cvt0Dw4vWW
128,spotify:track:3Oww84xrmgjyr5J1ilOmAf
129,spotify:track:5uCax9HTNlzGybIStD3vDh
130,spotify:track:21DuXS5wpeO1z0dp445bop
131,spotify:track:4pH8cIlMI9NrTWcDiQbuRe
132,spotify:track:2rxQMGVafnNaRaXlRMWPde
133,spotify:track:4RvWPyQ5RL0ao9LPZeSouE
134,spotify:track:2DB4DdfCFMw1iaR6JaR03a
135,spotify:track:58ge6dfP91o9oXMzq3XkIS
136,spotify:track:3AJwUDP919kvQ9QcozQPxg
137,spotify:track:6K4t31amVTZDgR3sKmwUJJ
138,spotify:track:4RVwu0g32PAqgUiJoXsdF8
139,spotify:track:2VxeLyX666F8uXCJ0dZF8B
140,spotify:track:5Odq8ohlgIbQKMZivbWkEo
141,spotify:track:3DarAbFujv6eYNliUTyqtz
142,spotify:track:0gucTLf7trAf37Ua1uAyAu
143,spotify:track:4XvcHTUfIlWfyJTRG0aqlo
144,spotify:track:7KwZNVEaqikRSBSpyhXK2j
145,spotify:track:0cqRj7pUJDkTCEsJkx8snD
146,spotify:track:5UWwZ5lm5PKu6eKsHAGxOk
147,spotify:track:2tpWsVSb9UEmDRxAl1zhX1
148,spotify:track:3CIyK1V4JEJkg02E4EJnDl
149,spotify:track:3xKsf9qdS1CyvXSMEid6g8
150,spotify:track:2m1hi0nfMR9vdGC8UcrnwU
151,spotify:track:7gRFDGEzF9UkBV233yv2dc
152,spotify:track:21jGcNKet2qwijlDFuPiPb
153,spotify:track:3PfIrDoz19wz7qK7tYeu62
154,spotify:track:2eAvDnpXP5W0cVtiI0PUxV
155,spotify:track:2gMXnyrvIjhVBUZwvLZDMP
156,spotify:track:2fbXJ0VpxhW7j0qcg1DnoZ
157,spotify:track:3yrSvpt2l1xhsV9Em88Pul
158,spotify:track:6Uj1ctrBOjOas8xZXGqKk4
159,spotify:track:07GvNcU1WdyZJq3XxP0kZa
160,spotify:track:1zi7xx7UVEFkmKfv06H8x0
161,spotify:track:0nrRP2bk19rLc0orkWPQk2
162,spotify:track:0e8nrvls4Qqv5Rfa2UhqmO
163,spotify:track:4pi1G1x8tl9VfdD9bL3maT
164,spotify:track:7ef4DlsgrMEH11cDZd32M6
165,spotify:track:3hxIUxnT27p5WcmjGUXNwx
166,spotify:track:7fBv7CLKzipRk6EC6TWHOB
167,spotify:track:0pqnGHJpmpxLKifKRmU6WP
168,spotify:track:4xkOaSrkexMciUUogZKVTS
169,spotify:track:1KGi9sZVMeszgZOWivFpxs
170,spotify:track:7FGq80cy8juXBCD2nrqdWU
171,spotify:track:0B7wvvmu9EISAwZnOpjhNI
172,spotify:track:2LawezPeJhN4AWuSB0GtAU
173,spotify:track:4kbj5MwxO1bq9wjT5g9HaA
174,spotify:track:2gam98EZKrF9XuOkU13ApN
175,spotify:track:4woTEX1wYOTGDqNXuavlRC
176,spotify:track:5pyoxDZ1PX0KxBxiRVxA4U
177,spotify:track:5TRPicyLGbAF2LGBFbHGvO
178,spotify:track:5wANPM4fQCJwkGd4rN57mH
179,spotify:track:0frIZMaQwtdV4Ee8nhB1te
180,spotify:track:74loibzxXRL875X20kenvk
181,spotify:track:5FVd6KXrgO9B3JPmC8OPst
182,spotify:track:1u8c2t2Cy7UBoG4ArRcF5g
183,spotify:track:5uU1uuyaUIBOiiUSQG7Wl3
184,spotify:track:7BqBn9nzAq8spo5e7cZ0dJ
185,spotify:track:286TLtk120rnrmVeQClDTc
186,spotify:track:2374M0fQpWi3dLnB54qaLX
187,spotify:track:2SiXAy7TuUkycRVbbWDEpo
188,spotify:track:1oFAF1hdPOickyHgbuRjyX
189,spotify:track:3UmaczJpikHgJFyBTAJVoz
190,spotify:track:6FE2iI43OZnszFLuLtvvmg
191,spotify:track:09mEdoA6zrmBPgTEN5qXmN
192,spotify:track:5g7sDjBhZ4I3gcFIpkrLuI
193,spotify:track:3dYD57lRAUcMHufyqn9GcI
194,spotify:track:086myS9r57YsLbJpU0TgK9
195,spotify:track:5QM0SsyzmBM0pbFY52Xj1X
196,spotify:track:5rb9QrpfcKFHM1EUbSIurX
197,spotify:track:0I3q5fE6wg7LIfHGngUTnV
198,spotify:track:2iUXsYOEPhVqEBwsqP70rE
199,spotify:track:0tgVpDi06FyKpA1z0VMD4v
