,uri
0,spotify:track:4Dvkj6JhhA12EX05fT7y2e
1,spotify:track:3BnDvpeuGOj21Ir2aVEtQo
2,spotify:track:3D29kjUyWxsT3jUUTtARVQ
3,spotify:track:3LtpKP5abr2qqjunvjlX5i
4,spotify:track:4zN21mbAuaD0WqtmaTZZeP
5,spotify:track:4ZpIuzx91EAPK3VimONbfB
6,spotify:track:1SBBqkpgv93ITwS6tf7DGm
7,spotify:track:4h9wh7iOZ0GGn8QVp4RAOB
8,spotify:track:76OGwb5RA9h4FxQPT33ekc
9,spotify:track:75FEaRjZTKLhTrFGsfMUXR
10,spotify:track:7jtQIBanIiJOMS6RyCx6jZ
11,spotify:track:7fZBQnc0zXwVybgCIrQQil
12,spotify:track:6KHsTu4Ht4XYiWcZOOdwbW
13,spotify:track:3oFKhY9iW9S0iA9OHO9tN6
14,spotify:track:7mgPjcjjGwGx5kRDMH7Kkz
15,spotify:track:2DB4DdfCFMw1iaR6JaR03a
16,spotify:track:0z3bi63SNZ5ylyHOzb81Uq
17,spotify:track:6Qe7YCkIOc1iaw9HKqO3qV
18,spotify:track:7AVHDeAjfn0zfMnYRhp0oI
19,spotify:track:2YGtFjsTpSrsGb2rQy4ARj
20,spotify:track:4uUG5RXrOk84mYEfFvj3cK
21,spotify:track:02MWAaffLxlfxAUY7c5dvx
22,spotify:track:63WuQOXohQIxOxIFA2K7bR
23,spotify:track:54ipXppHLA8U4yqpOFTUhr
24,spotify:track:1ei3hzQmrgealgRKFxIcWn
25,spotify:track:4UyVCLbNG8yhrqbzeSmdho
26,spotify:track:1WCEAGGRD066z2Q89ObXTq
27,spotify:track:5pyoxDZ1PX0KxBxiRVxA4U
28,spotify:track:5IgjP7X4th6nMNDh4akUHb
29,spotify:track:6OZwia8loN0aPS0vTvsBjR
30,spotify:track:6HMtHNpW6YPi1hrw9tgF8P
31,spotify:track:6PrB4KpvuoYWtwjPC5a44S
32,spotify:track:1qEmFfgcLObUfQm0j1W2CK
33,spotify:track:3uUuGVFu1V7jTQL60S1r8z
34,spotify:track:40SBS57su9xLiE1WqkXOVr
35,spotify:track:5VOBsfdn1wlCwuuw7pKgU3
36,spotify:track:6JIC3hbC28JZKZ8AlAqX8h
37,spotify:track:1bgKMxPQU7JIZEhNsM1vFs
38,spotify:track:7MIhUdNJtaOnDmC5nBC1fb
39,spotify:track:181AxLRTyYh9WUxEjmJt1Y
40,spotify:track:1c2hJSwcCfoPEw1su83Sw0
41,spotify:track:4k6yZRw7M04gZE2uW12Cw6
42,spotify:track:5YbPxJwPfrj7uswNwoF1pJ
43,spotify:track:4h4QlmocP3IuwYEj2j14p8
44,spotify:track:58HvfVOeJY7lUuCqF0m3ly
45,spotify:track:1T3fp4AZDhBeQSESi6LO8k
46,spotify:track:3sa06xVNmLLYIxdNNmVQN8
47,spotify:track:5PjdY0CKGZdEuoNab3yDmX
48,spotify:track:4N5s8lPTsjI9EGP7K4SXzB
49,spotify:track:6xGruZOHLs39ZbVccQTuPZ
50,spotify:track:5ildQOEKmJuWGl2vRkFdYc
51,spotify:track:72yP0DUlWPyH8P7IoxskwN
52,spotify:track:1cgy2FSOQMbq7DHCVgMAUA
53,spotify:track:50nfwKoDiSYg8zOCREWAm5
54,spotify:track:4GmRnc9J8GBBkVHUtihE3Z
55,spotify:track:2B4GHvToeLTOBB4QLzW3Ni
56,spotify:track:5QJoojtfYodIvWSfpeCcHh
57,spotify:track:10xV5l9nhLvFpR8mqzs0bL
58,spotify:track:0WtM2NBVQNNJLh6scP13H8
59,spotify:track:22skzmqfdWrjJylampe0kt
60,spotify:track:3rmo8F54jFF8OgYsqTxm5d
61,spotify:track:48BdA5qBxXVoe59xvu0bwc
62,spotify:track:5EWPzyWm0b9McPS5Qyaijp
63,spotify:track:3fgEIHsl6ecyAK1rpAxBIY
64,spotify:track:5Af1VRUzcHNgl1EIdCV8ll
65,spotify:track:18asYwWugKjjsihZ0YvRxO
66,spotify:track:2USlegnFJLrVLpoVfPimKB
67,spotify:track:2WigMwGJysIh9fRnSJvpjn
68,spotify:track:20on25jryn53hWghthWWW3
69,spotify:track:0VjIjW4GlUZAMYd2vXMi3b
70,spotify:track:7yq4Qj7cqayVTp3FF9CWbm
71,spotify:track:63JrADDfrcjOaI6lyVkN3c
72,spotify:track:3AJwUDP919kvQ9QcozQPxg
73,spotify:track:0skYUMpS0AcbpjcGsAbRGj
74,spotify:track:1mea3bSkSGXuIRvnydlB5b
75,spotify:track:3ElGRG3DqSzzkh1b2wnbzf
76,spotify:track:4wn7cO2iHlWueXGDd4gH9g
77,spotify:track:2toEys3zZ8rRB242Na7FZh
78,spotify:track:6Y46tOTRhkBamosyuWa6YX
79,spotify:track:46HNZY1i7O6jwTA7Slo2PI
80,spotify:track:2wXS2IXCyBX0WL76LLYT31
81,spotify:track:6aZPMuJetqwKQCPClCNgd3
82,spotify:track:6lZ5p6VTbZ2ZvnsdTlLv7I
83,spotify:track:7ef4DlsgrMEH11cDZd32M6
84,spotify:track:2QjOHCTQ1Jl3zawyYOpxh6
85,spotify:track:4fouWK6XVHhzl78KzQ1UjL
86,spotify:track:3Z7CaxQkqbIs1rewKi6v4W
87,spotify:track:2VxeLyX666F8uXCJ0dZF8B
88,spotify:track:3CIyK1V4JEJkg02E4EJnDl
89,spotify:track:5QQKWOwPjG9vcDBTQ5Hv5Q
90,spotify:track:3TVUW7bJJWDOonkVCZxfLV
91,spotify:track:6phZ9iQDWrB11ZPRjNDdNS
92,spotify:track:1DIXPcTDzTj8ZMHt3PDt8p
93,spotify:track:3rb0tMq42WfggucPm0HHkA
94,spotify:track:1bwhDrXcAtqePp8mNJ0pTe
95,spotify:track:6UelLqGlWMcVH1E5c4H7lY
96,spotify:track:6kwmp0U8M1tPvgPHqvbwsr
97,spotify:track:4k6Uh1HXdhtusDW5y8Gbvy
98,spotify:track:2yjlYDiNiQkdxVqTlaSrlX
99,spotify:track:3im90dPSC5z1PYJ305kgSy
100,spotify:track:3Oww84xrmgjyr5J1ilOmAf
101,spotify:track:2RHbwWdj7mVUhJRxlTG6iq
102,spotify:track:0i9RysNKssk6syOrKDX3U2
103,spotify:track:4DCbts1rCYZ3hFxxNd5ZjN
104,spotify:track:1stcTlLCa16GvgKtzelN7U
105,spotify:track:7sA2SKTo1QbTSSYn5YvJC4
106,spotify:track:1RF02Cf80mTaeNXG2P2boR
107,spotify:track:7qEHsqek33rTcFNT9PFqLf
108,spotify:track:0e8nrvls4Qqv5Rfa2UhqmO
109,spotify:track:6YWjskKykdPsBuiTBOg1VK
110,spotify:track:1LIvdWNdKmHvU0FJvw2diN
111,spotify:track:0u2P5u6lvoDfwTYjAADbn4
112,spotify:track:46IZ0fSY2mpAiktS3KOqds
113,spotify:track:2LcmbuYX7tyR4DWy3b273L
114,spotify:track:6clzeGvi1CFioMOolbAOlX
115,spotify:track:5Z9KJZvQzH6PFmb8SNkxuk
116,spotify:track:6HTJgY7iWWlVLSDHsfHePf
117,spotify:track:0uUMIBAOPUSP9Nz6tNqTrz
118,spotify:track:4RVPmkIVvzcWF27zfn3sap
119,spotify:track:0wHFktze2PHC5jDt3B17DC
120,spotify:track:46vfSYsDJZaNQcD4YvT8GD
121,spotify:track:5h9OvsTeNydBaZp7swQubV
122,spotify:track:2HZLXBOnaSRhXStMLrq9fD
123,spotify:track:7eb7JIRN6HKpedFSDGd4yI
124,spotify:track:0nrRP2bk19rLc0orkWPQk2
125,spotify:track:7DbdUf8aHSYoliSjO6LZv6
126,spotify:track:1CsuHmKOfCYxPoO4xjlAWV
127,spotify:track:1YR7VB3xx85Iad2n3soyMb
128,spotify:track:28n4yesf3IGNnsYzg6foRS
129,spotify:track:6KNw3UKRp3QRsO7Cf4ASVE
130,spotify:track:717QGTmZdkemDaCo1vQHG0
131,spotify:track:7lJ7lEntxkNUrbDN9giLmB
132,spotify:track:4ZtFanR9U6ndgddUvNcjcG
133,spotify:track:4BTiunrWSAMGCB4HuvqYJr
134,spotify:track:3Wrjm47oTz2sjIgck11l5e
135,spotify:track:1Fid2jjqsHViMX6xNH70hE
136,spotify:track:4sIkwgf9bU7rQPvsA37rVQ
137,spotify:track:1FEiijYPJtyswChfcpv3p0
138,spotify:track:0HaRLPnr887lcQM2YQzkff
139,spotify:track:4u7EnebtmKWzUH433cf5Qv
140,spotify:track:1v7L65Lzy0j0vdpRjJewt1
141,spotify:track:0pqnGHJpmpxLKifKRmU6WP
142,spotify:track:2Xr1dTzJee307rmrkt8c0g
143,spotify:track:2DgdHcjWmO3qd50RzuBLgZ
144,spotify:track:4kLLWz7srcuLKA7Et40PQR
145,spotify:track:5S12Ds2RswM2ITC0u1J01f
146,spotify:track:5QowMIujytktMDC8pktNXH
147,spotify:track:4cG7HUWYHBV6R6tHn1gxrl
148,spotify:track:2ykxIQrCNjMhsCklpCEupR
149,spotify:track:4hJhHbkhZFnxmWbAkZRoe0
150,spotify:track:04zzaZmF7rn0AkvOTiYhHy
151,spotify:track:7lQ8MOhq6IN2w8EYcFNSUk
152,spotify:track:0DTEFwaPFY812t6uUH5i7P
153,spotify:track:6RUKPb4LETWmmr3iAEQktW
154,spotify:track:58ge6dfP91o9oXMzq3XkIS
155,spotify:track:5wANPM4fQCJwkGd4rN57mH
156,spotify:track:3yfqSUWxFvZELEM4PmlwIR
157,spotify:track:75JFxkI2RXiU7L9VXzMkle
158,spotify:track:2ewjMyCbNv2X1dB2qIDCwD
159,spotify:track:003vvx7Niy0yvhvHt4a68B
160,spotify:track:2N8m6CYs74qQO4mjVcXO30
161,spotify:track:2BJWxD8xKrDv8vneTvTIm9
162,spotify:track:2Ecbk8bxKLh2GCF0VNpGfL
163,spotify:track:0gucTLf7trAf37Ua1uAyAu
164,spotify:track:6jcfITWcR5egvbD4fsGayr
165,spotify:track:5b8HD1dJDuPawgS5FjSC2q
166,spotify:track:63siBeZzxXVaY0uASns1V2
167,spotify:track:6Uj1ctrBOjOas8xZXGqKk4
168,spotify:track:2374M0fQpWi3dLnB54qaLX
169,spotify:track:0ll8uFnc0nANY35E0Lfxvg
170,spotify:track:3rq5w4bQGigXOfdN30ATJt
171,spotify:track:2uAgZ0PelSImQe3BME9CiT
172,spotify:track:5r43qanLhUCdBj8HN3fa6B
173,spotify:track:5QO79kh1waicV47BqGRL3g
174,spotify:track:3UmaczJpikHgJFyBTAJVoz
175,spotify:track:3F5CgOj3wFlRv51JsHbxhe
176,spotify:track:3dYD57lRAUcMHufyqn9GcI
177,spotify:track:37Tmv4NnfQeb0ZgUC4fOJj
178,spotify:track:6OufwUcCqo81guU2jAlDVP
179,spotify:track:6GomT970rCOkKAyyrwJeZi
180,spotify:track:7wBrglFVTNCcW6IhdgBkm1
181,spotify:track:0F51ZGp1APMEGmCgmG8Qwo
182,spotify:track:0FDzzruyVECATHXKHFs9eJ
183,spotify:track:503OTo2dSqe7qk76rgsbep
184,spotify:track:6I3mqTwhRpn34SLVafSH7G
185,spotify:track:79JuksO8bRLKojdLSArnvL
186,spotify:track:1jDJFeK9x3OZboIAHsY9k2
187,spotify:track:5T8EDUDqKcs6OSOwEsfqG7
188,spotify:track:1J14CdDAvBTE1AJYUOwl6C
189,spotify:track:2RUzYz3EqkJxpPQPehdxha
190,spotify:track:1cKHdTo9u0ZymJdPGSh6nq
191,spotify:track:09mEdoA6zrmBPgTEN5qXmN
192,spotify:track:1JSTJqkT5qHq8MDJnJbRE1
193,spotify:track:1I4dwH7C0jBAEtz5DjlJgQ
194,spotify:track:0otRX6Z89qKkHkQ9OqJpKt
195,spotify:track:3yMC1KsTwh0ceXdIe4QQAQ
196,spotify:track:3U4isOIWM3VvDubwSI3y7a
197,spotify:track:5qaEfEh1AtSdrdrByCP7qR
198,spotify:track:0O6u0VJ46W86TxN9wgyqDj
199,spotify:track:4RVwu0g32PAqgUiJoXsdF8
