,uri
0,spotify:track:02MWAaffLxlfxAUY7c5dvx
1,spotify:track:4fouWK6XVHhzl78KzQ1UjL
2,spotify:track:3Oww84xrmgjyr5J1ilOmAf
3,spotify:track:0e8nrvls4Qqv5Rfa2UhqmO
4,spotify:track:1HhNoOuqm1a5MXYEgAFl8o
5,spotify:track:3uUuGVFu1V7jTQL60S1r8z
6,spotify:track:50nfwKoDiSYg8zOCREWAm5
7,spotify:track:7rglLriMNBPAyuJOMGwi39
8,spotify:track:5PjdY0CKGZdEuoNab3yDmX
9,spotify:track:0BbYTaDH81up32xTKIGjbS
10,spotify:track:3eJH2nAjvNXdmPfBkALiPZ
11,spotify:track:5Z9KJZvQzH6PFmb8SNkxuk
12,spotify:track:59CfNbkERJ3NoTXDvoURjj
13,spotify:track:7EtfwHVS8FcciOBU1VnT8G
14,spotify:track:2hBkoDhuGk2AtSCprEFDFP
15,spotify:track:2xFMvrqk99biaLQavjufta
16,spotify:track:5Th2Rs48Gz3iqfcGMXG5PC
17,spotify:track:18asYwWugKjjsihZ0YvRxO
18,spotify:track:7l4SCt0ebVQnbQNEXyH7F7
19,spotify:track:1SOClUWhOi8vHZYMz3GluK
20,spotify:track:20on25jryn53hWghthWWW3
21,spotify:track:2Oi1IJ6JEUX1aya9VUAA1Z
22,spotify:track:2B4GHvToeLTOBB4QLzW3Ni
23,spotify:track:3rmo8F54jFF8OgYsqTxm5d
24,spotify:track:2K7xn816oNHJZ0aVqdQsha
25,spotify:track:5vUnjhBzRJJIAOJPde6zDx
26,spotify:track:46IZ0fSY2mpAiktS3KOqds
27,spotify:track:0TBylB8tjwqp4YHSrwRJQQ
28,spotify:track:0RSZ8EmUPEN3ySfCgytPke
29,spotify:track:3XOalgusokruzA5ZBA2Qcb
30,spotify:track:2USlegnFJLrVLpoVfPimKB
31,spotify:track:2gQPv5jvVPqU2a9HhMNO1v
32,spotify:track:6fuO9uk9wbjCHvQJqk2Qpx
33,spotify:track:79nEEoEPY2w8EXj9hjn5oc
34,spotify:track:7jtQIBanIiJOMS6RyCx6jZ
35,spotify:track:1h3d2lvISrSIV6fS89U51S
36,spotify:track:4ZtFanR9U6ndgddUvNcjcG
37,spotify:track:7lQ8MOhq6IN2w8EYcFNSUk
38,spotify:track:2H7jZg2HliuQhZjfBblLrZ
39,spotify:track:0h14I7cPYi1RZG6GmVpMso
40,spotify:track:3i3sRJPLEozRXHIndA5VJU
41,spotify:track:1ID9Iour6yMUsUccV9JxyS
42,spotify:track:1bjhYUwKUHEg5fHknxFObO
43,spotify:track:58HvfVOeJY7lUuCqF0m3ly
44,spotify:track:46HNZY1i7O6jwTA7Slo2PI
45,spotify:track:0JpEMzTHbt2zBIXrntrXzG
46,spotify:track:503OTo2dSqe7qk76rgsbep
47,spotify:track:2QjOHCTQ1Jl3zawyYOpxh6
48,spotify:track:0FKw2vfEDxDuRisr4kU8Ok
49,spotify:track:1vUOJpWc091SBYULNvz9mp
50,spotify:track:0IuVhCflrQPMGRrOyoY5RW
51,spotify:track:3yfqSUWxFvZELEM4PmlwIR
52,spotify:track:2gpWyfu7eZ01zzncHpxOtA
53,spotify:track:2FQRZLR31e3423Nmrgv0Pv
54,spotify:track:4cG7HUWYHBV6R6tHn1gxrl
55,spotify:track:1v7L65Lzy0j0vdpRjJewt1
56,spotify:track:1sa59Q9urE82MD3ELi44HN
57,spotify:track:52xJxFP6TqMuO4Yt0eOkMz
58,spotify:track:5aoj3AXkJ7K2h5r8mmD6FS
59,spotify:track:3ZDXLSUZpKx8pspNBOdVr5
60,spotify:track:5UFbfXuj4TjirzmcvTFBBy
61,spotify:track:2t16D9V5FmmRAJjsSpwvZf
62,spotify:track:22skzmqfdWrjJylampe0kt
63,spotify:track:6N1K5OVVCopBjGViHs2IvP
64,spotify:track:0lQ2obtzmAsJu9xk3D6FqH
65,spotify:track:6EtKlIQmGPB9SX8UjDJG5s
66,spotify:track:2KnLkZ3z7PO3kgVGHGqDpD
67,spotify:track:27XMmSWSOXJ7eVb40tH93T
68,spotify:track:4xkOaSrkexMciUUogZKVTS
69,spotify:track:3Wrjm47oTz2sjIgck11l5e
70,spotify:track:1DGnBZVutWD4OrYTaJROP3
71,spotify:track:6Uj1ctrBOjOas8xZXGqKk4
72,spotify:track:0uQbTk0GFM9PxE0rN1UWZb
73,spotify:track:0VjIjW4GlUZAMYd2vXMi3b
74,spotify:track:5STeQZH1Ahz3h0X9Njaij7
75,spotify:track:1ZdhOMWyFR8Iv9eylMGYg2
76,spotify:track:3AVXwaOGCEL8cmBecfcsFJ
77,spotify:track:1SC5rEoYDGUK4NfG82494W
78,spotify:track:47gUqrCtxnDoelDa2rkwEj
79,spotify:track:05Mp2UJulSttxQ4E6hQPH3
80,spotify:track:7yq4Qj7cqayVTp3FF9CWbm
81,spotify:track:5Z7J2Au61uO7K1ZPNG1eTv
82,spotify:track:1DIXPcTDzTj8ZMHt3PDt8p
83,spotify:track:6OufwUcCqo81guU2jAlDVP
84,spotify:track:5JBtWpLoGO62gb5vax505b
85,spotify:track:42Xba467wgGvYrR2EE6s0i
86,spotify:track:6f3Slt0GbA2bPZlz0aIFXN
87,spotify:track:7s3VxmIizcDgDTRCA4kDzd
88,spotify:track:3iw6V4LH7yPj1ESORX9RIN
89,spotify:track:6VcBDMF2ykm5HDcJMVLRZW
90,spotify:track:6sBBIrcVUvyDle474hKBVS
91,spotify:track:5FsV0biZgb8tmQtau5LxKz
92,spotify:track:4XvcHTUfIlWfyJTRG0aqlo
93,spotify:track:0cs0fAzuRrMsG085tIwnOL
94,spotify:track:3yMC1KsTwh0ceXdIe4QQAQ
95,spotify:track:7iL6o9tox1zgHpKUfh9vuC
96,spotify:track:2eAvDnpXP5W0cVtiI0PUxV
97,spotify:track:6Dy1jexKYriXAVG6evyUTJ
98,spotify:track:4SqWKzw0CbA05TGszDgMlc
99,spotify:track:4pt5fDVTg5GhEvEtlz9dKk
100,spotify:track:4LwU4Vp6od3Sb08CsP99GC
101,spotify:track:6I3mqTwhRpn34SLVafSH7G
102,spotify:track:6hw1Sy9wZ8UCxYGdpKrU6M
103,spotify:track:5ZRBKoqwnYnH2QfVlf4bWH
104,spotify:track:0XnJQn8RpMHeoaBOY5zR31
105,spotify:track:4jPy3l0RUwlUI9T5XHBW2m
106,spotify:track:10hMM5nsZQf66ldBlgWBfG
107,spotify:track:4huBDGP4I3S0pYI0EaRN1c
108,spotify:track:0JNPCThIHsG8zphORbTR16
109,spotify:track:5F3sqL2deoeV2kr8Vn9H4V
110,spotify:track:0sTlGEld0h8kIPZaKDYUf4
111,spotify:track:2tpWsVSb9UEmDRxAl1zhX1
112,spotify:track:5wANPM4fQCJwkGd4rN57mH
113,spotify:track:5QO79kh1waicV47BqGRL3g
114,spotify:track:6KL88T4Ma4ABXqzgUoEwkd
115,spotify:track:4UOXo3xWnxYdTf3sFyRaUG
116,spotify:track:3a2jFwnts4Cf0OwJbK61SL
117,spotify:track:6K0zn6YFD9HxmriRCKLZZn
118,spotify:track:0b18g3G5spr4ZCkz7Y6Q0Q
119,spotify:track:0r1kH7SIkkPP9W7mUknObF
120,spotify:track:1F80MEkZA9yTlpMQp9dhht
121,spotify:track:2L6hCTpUlR2p7Su3hiSB0s
122,spotify:track:6cx06DFPPHchuUAcTxznu9
123,spotify:track:0pA0BVXTONNqSldC9FdiaU
124,spotify:track:2Xr1dTzJee307rmrkt8c0g
125,spotify:track:4kLLWz7srcuLKA7Et40PQR
126,spotify:track:2qpZjutAe3pstQsjwSXQb4
127,spotify:track:2wFSzqRuZ6PhLlwuxHUvCA
128,spotify:track:3N0KdzIP3kDCm4SPSIl7CT
129,spotify:track:3UmaczJpikHgJFyBTAJVoz
130,spotify:track:003vvx7Niy0yvhvHt4a68B
131,spotify:track:3M0lSi5WW79CXQamgSBIjx
132,spotify:track:3Iba59sFmGhQ4kbCY5L8AX
133,spotify:track:4qu63nuBpdn0qHUHuObEj1
134,spotify:track:6potEImiklXkwD9qFzpu15
135,spotify:track:35iR1qzexmbcUSgA01S4gI
136,spotify:track:4RVwu0g32PAqgUiJoXsdF8
137,spotify:track:3o9kpgkIcffx0iSwxhuNI2
138,spotify:track:4bJygwUKrRgq1stlNXcgMg
139,spotify:track:5nujrmhLynf4yMoMtj8AQF
140,spotify:track:01I8aPBUJIMzCtHsCVvmq5
141,spotify:track:4btFHqumCO31GksfuBLLv3
142,spotify:track:285pBltuF7vW8TeWk8hdRR
143,spotify:track:2vXKRlJBXyOcvZYTdNeckS
144,spotify:track:0knsBJ21cqAbgjdr2i0R9b
145,spotify:track:7CAdT0HdiQNlt1C7xk2hep
146,spotify:track:7FIWs0pqAYbP91WWM0vlTQ
147,spotify:track:3U0qZ6OQl4YbPYa6Ks48oD
148,spotify:track:0Xh6R6XLoTDRBYriQRgkHj
149,spotify:track:4zj6uiKQ4oZh5Cgww2wEtx
150,spotify:track:7gIOmimvjeQqookDmLKOrK
151,spotify:track:60a0Rd6pjrkxjPbaKzXjfq
152,spotify:track:4rPkN1FMzQyFNP9cLUGIIB
153,spotify:track:5WOnsi0Bug74LmhxcPfKvR
154,spotify:track:5C04wdpfKcxwBVjAPYAayY
155,spotify:track:40Y6lHWmWBlTAmxdKrEpQF
156,spotify:track:7qEHsqek33rTcFNT9PFqLf
157,spotify:track:2a1o6ZejUi8U3wzzOtCOYw
158,spotify:track:4bHsxqR3GMrXTxEPLuK5ue
159,spotify:track:30bqVoKjX479ab90a8Pafp
160,spotify:track:7Jnnsir5gWEOgEouBjkFH1
161,spotify:track:3nOz1U41SZZ0N3fuUWr9nb
162,spotify:track:3cHyrEgdyYRjgJKSOiOtcS
163,spotify:track:0BtIXZTbb0cczvMEvZILDJ
164,spotify:track:0ct6r3EGTcMLPtrXHDvVjc
165,spotify:track:0XV53jZ91lfGLztpugBTT7
166,spotify:track:6lknMmJZALXxx7emwwZWLX
167,spotify:track:7EkWXAI1wn8Ii883ecd9xr
168,spotify:track:1XGmzt0PVuFgQYYnV2It7A
169,spotify:track:0gucTLf7trAf37Ua1uAyAu
170,spotify:track:0nrRP2bk19rLc0orkWPQk2
171,spotify:track:7DFNE7NO0raLIUbgzY2rzm
172,spotify:track:5r43qanLhUCdBj8HN3fa6B
173,spotify:track:5Ts1DYOuouQLgzTaisxWYh
174,spotify:track:6a3kNt1UlUOapDKmEr3JzZ
175,spotify:track:5ZIFzmhVJRO3tRwtBXrPXh
176,spotify:track:2CEgGE6aESpnmtfiZwYlbV
177,spotify:track:6FE2iI43OZnszFLuLtvvmg
178,spotify:track:36dY8x9UjJzLS4VSptVpDe
179,spotify:track:3YFnfm9z8RmPFIZ7C16u4e
180,spotify:track:5CZ40GBx1sQ9agT82CLQCT
181,spotify:track:79lc69ZXfL4WmJIzVSDmWT
182,spotify:track:50mQStZYV5QFgyGK9GOVZg
183,spotify:track:34tKBUUl8bAeqex8i82Z0L
184,spotify:track:5H95n43z0KFcXGCEc0ewe1
185,spotify:track:2VxeLyX666F8uXCJ0dZF8B
186,spotify:track:3RM5RpRDDdST1njqOMG141
187,spotify:track:7hxHWCCAIIxFLCzvDgnQHX
188,spotify:track:1BHgWnOYgtAHhMZU73co1D
189,spotify:track:3gbBpTdY8lnQwqxNCcf795
190,spotify:track:0u2P5u6lvoDfwTYjAADbn4
191,spotify:track:45bE4HXI0AwGZXfZtMp8JR
192,spotify:track:2OqOrMmLZQxe9l1t7IQ00s
193,spotify:track:6N22FZs2ZhPBYi3b9XPajV
194,spotify:track:0J7oHYxjF6Oln61wy0kP2i
195,spotify:track:5YaskwnGDZFDRipaqzbwQx
196,spotify:track:2J2Z1SkXYghSajLibnQHOa
197,spotify:track:3DarAbFujv6eYNliUTyqtz
198,spotify:track:3U4isOIWM3VvDubwSI3y7a
199,spotify:track:3Vi5XqYrmQgOYBajMWSvCi
