,uri
0,spotify:track:2XRn6Qu0Wd1KvOND8JbaTx
1,spotify:track:3ujiq7yK4Uan5z4876fHLK
2,spotify:track:4Dvkj6JhhA12EX05fT7y2e
3,spotify:track:75FEaRjZTKLhTrFGsfMUXR
4,spotify:track:6icjOrzM57QrCAtBeWB5WF
5,spotify:track:1W1N3usYjgI3XGQA0iX9Vq
6,spotify:track:3a0F2N6rXJSibQTp77xH4f
7,spotify:track:6xGruZOHLs39ZbVccQTuPZ
8,spotify:track:5EqNQy5SQgXIRQ86oYvUlf
9,spotify:track:3JXdzlvJJrKlmfBfoCLsOo
10,spotify:track:02MWAaffLxlfxAUY7c5dvx
11,spotify:track:3F5CgOj3wFlRv51JsHbxhe
12,spotify:track:2DB4DdfCFMw1iaR6JaR03a
13,spotify:track:2B4GHvToeLTOBB4QLzW3Ni
14,spotify:track:7fZBQnc0zXwVybgCIrQQil
15,spotify:track:2DgdHcjWmO3qd50RzuBLgZ
16,spotify:track:18asYwWugKjjsihZ0YvRxO
17,spotify:track:72H4lwbSuX8xjyJseUC5Ux
18,spotify:track:3uUuGVFu1V7jTQL60S1r8z
19,spotify:track:6A3SB2C4U6JtCavQOXLYNN
20,spotify:track:2Oi1IJ6JEUX1aya9VUAA1Z
21,spotify:track:6JIC3hbC28JZKZ8AlAqX8h
22,spotify:track:3BzUXih3wwnalV34k1arHj
23,spotify:track:2hBkoDhuGk2AtSCprEFDFP
24,spotify:track:3Oww84xrmgjyr5J1ilOmAf
25,spotify:track:0wHFktze2PHC5jDt3B17DC
26,spotify:track:50nfwKoDiSYg8zOCREWAm5
27,spotify:track:1KIJB0rE9mkyAtS3j9ZMXO
28,spotify:track:10JJJSp5m16sa0PdpQhs9k
29,spotify:track:7jtQIBanIiJOMS6RyCx6jZ
30,spotify:track:7hoTm6SxPVmrWNeEegvLeo
31,spotify:track:6GomT970rCOkKAyyrwJeZi
32,spotify:track:2xSIcmvFQHs2CeS34Mgp62
33,spotify:track:6sS77FZh2eJfYBsFUW6hjI
34,spotify:track:7ef4DlsgrMEH11cDZd32M6
35,spotify:track:3eJH2nAjvNXdmPfBkALiPZ
36,spotify:track:58HvfVOeJY7lUuCqF0m3ly
37,spotify:track:63WuQOXohQIxOxIFA2K7bR
38,spotify:track:3gyRaifTaAoQrwtYiQu9ur
39,spotify:track:4zN21mbAuaD0WqtmaTZZeP
40,spotify:track:4h9wh7iOZ0GGn8QVp4RAOB
41,spotify:track:5r43qanLhUCdBj8HN3fa6B
42,spotify:track:1HhNoOuqm1a5MXYEgAFl8o
43,spotify:track:2H7jZg2HliuQhZjfBblLrZ
44,spotify:track:5PjdY0CKGZdEuoNab3yDmX
45,spotify:track:0h14I7cPYi1RZG6GmVpMso
46,spotify:track:5YHdRUzLWIJCBv7oSlItvA
47,spotify:track:4h4QlmocP3IuwYEj2j14p8
48,spotify:track:2MrKx1k7CSLryCP1sf3cwl
49,spotify:track:0oiv4E896TUTTeQU0cmIui
50,spotify:track:5zyZM1EiSqrniyqtprwxpv
51,spotify:track:0FKw2vfEDxDuRisr4kU8Ok
52,spotify:track:0e8nrvls4Qqv5Rfa2UhqmO
53,spotify:track:5STeQZH1Ahz3h0X9Njaij7
54,spotify:track:1PckUlxKqWQs3RlWXVBLw3
55,spotify:track:7s3VxmIizcDgDTRCA4kDzd
56,spotify:track:5KTBaWu8IOczQ0sPWzZ7MY
57,spotify:track:1R0a2iXumgCiFb7HEZ7gUE
58,spotify:track:6WVHfpzYW3HooQaCC80opC
59,spotify:track:4fouWK6XVHhzl78KzQ1UjL
60,spotify:track:2CewvqbfMOcnvYE3yayAJV
61,spotify:track:4rmVZajAF7PkrCagGPHbqa
62,spotify:track:2L6hCTpUlR2p7Su3hiSB0s
63,spotify:track:0r1kH7SIkkPP9W7mUknObF
64,spotify:track:5UFbfXuj4TjirzmcvTFBBy
65,spotify:track:3ZDXLSUZpKx8pspNBOdVr5
66,spotify:track:5gRXyFtArVXYk8OOSWIXBO
67,spotify:track:4FXX4P3dxc1JMBx5wVRJ5N
68,spotify:track:5t8abSvRpCuaLyDpRor2gD
69,spotify:track:2MLIRLTx41VStC8Z5NJEG6
70,spotify:track:7l9IqDtVWJurTvkQHq1BGh
71,spotify:track:3rmo8F54jFF8OgYsqTxm5d
72,spotify:track:5Z9KJZvQzH6PFmb8SNkxuk
73,spotify:track:3sa06xVNmLLYIxdNNmVQN8
74,spotify:track:22skzmqfdWrjJylampe0kt
75,spotify:track:1LIvdWNdKmHvU0FJvw2diN
76,spotify:track:7yq4Qj7cqayVTp3FF9CWbm
77,spotify:track:6VcBDMF2ykm5HDcJMVLRZW
78,spotify:track:2USlegnFJLrVLpoVfPimKB
79,spotify:track:6ChnGkBwnq2HUJD24YhMhW
80,spotify:track:3k63HMauTnGEgwYbzWDzYH
81,spotify:track:2QjOHCTQ1Jl3zawyYOpxh6
82,spotify:track:02eHtj2HTytLQLNkMZGDwp
83,spotify:track:1qEmFfgcLObUfQm0j1W2CK
84,spotify:track:1RF02Cf80mTaeNXG2P2boR
85,spotify:track:20on25jryn53hWghthWWW3
86,spotify:track:7lQ8MOhq6IN2w8EYcFNSUk
87,spotify:track:7EHEVPIFS6mOq4BOhlVL3i
88,spotify:track:2a1o6ZejUi8U3wzzOtCOYw
89,spotify:track:7z5G2LOdV8okZn4yWg3q5g
90,spotify:track:1SOClUWhOi8vHZYMz3GluK
91,spotify:track:4ZtFanR9U6ndgddUvNcjcG
92,spotify:track:05Mp2UJulSttxQ4E6hQPH3
93,spotify:track:5u8Y0lAUlBLwuhpXSDUGf4
94,spotify:track:0uQbTk0GFM9PxE0rN1UWZb
95,spotify:track:5T8d11vkU2b3bIRSMIBrCC
96,spotify:track:4cG7HUWYHBV6R6tHn1gxrl
97,spotify:track:2pLeoBNJiGlbZkyf84z5hJ
98,spotify:track:1DIXPcTDzTj8ZMHt3PDt8p
99,spotify:track:7a5fliY9SsZENrQWQBZron
100,spotify:track:0O6u0VJ46W86TxN9wgyqDj
101,spotify:track:75UUG6x5zQe0gCVOiQpa6X
102,spotify:track:6Ql7rNuoP90aIdgwQkPYBP
103,spotify:track:1vUOJpWc091SBYULNvz9mp
104,spotify:track:1c2hJSwcCfoPEw1su83Sw0
105,spotify:track:7sT7kZEYd1MrmzLLIRVZas
106,spotify:track:5mVlHRBhJCaIZZ0qI99R84
107,spotify:track:1WCEAGGRD066z2Q89ObXTq
108,spotify:track:6Uj1ctrBOjOas8xZXGqKk4
109,spotify:track:737gzPI5VAmgUGWiJ9yXuu
110,spotify:track:2sFsvaMRe8PKo5AFdBE9qC
111,spotify:track:10xV5l9nhLvFpR8mqzs0bL
112,spotify:track:3RM5RpRDDdST1njqOMG141
113,spotify:track:6YUTL4dYpB9xZO5qExPf05
114,spotify:track:1ei3hzQmrgealgRKFxIcWn
115,spotify:track:6UelLqGlWMcVH1E5c4H7lY
116,spotify:track:3Wrjm47oTz2sjIgck11l5e
117,spotify:track:0VjIjW4GlUZAMYd2vXMi3b
118,spotify:track:0U1W2LZVUX7qTm7dDpqxh6
119,spotify:track:0TBylB8tjwqp4YHSrwRJQQ
120,spotify:track:79lc69ZXfL4WmJIzVSDmWT
121,spotify:track:4kLLWz7srcuLKA7Et40PQR
122,spotify:track:3EngNejou3x0co3Ed68X7U
123,spotify:track:3yfqSUWxFvZELEM4PmlwIR
124,spotify:track:0nAZGkBGKQCXyaoSJfRhC1
125,spotify:track:2OqOrMmLZQxe9l1t7IQ00s
126,spotify:track:2ERn9fVsix3AyuVv7UN6RC
127,spotify:track:1F80MEkZA9yTlpMQp9dhht
128,spotify:track:1BkY0N8ChFk2mdLbAUu8ZK
129,spotify:track:0sBJA2OCEECMs0HsdIQhvR
130,spotify:track:62ke5zFUJN6RvtXZgVH0F8
131,spotify:track:1TM2i0pjWHpus4t3p6zs0V
132,spotify:track:6fuO9uk9wbjCHvQJqk2Qpx
133,spotify:track:4pt5fDVTg5GhEvEtlz9dKk
134,spotify:track:1m0UFnuTktOkksvjbF9z0m
135,spotify:track:6NEOchaTtFcnUR4pqDBJVf
136,spotify:track:003vvx7Niy0yvhvHt4a68B
137,spotify:track:2K7xn816oNHJZ0aVqdQsha
138,spotify:track:6di0ubrcWF1vkf441tnRLh
139,spotify:track:6Dy1jexKYriXAVG6evyUTJ
140,spotify:track:4UOXo3xWnxYdTf3sFyRaUG
141,spotify:track:1hwJKpe0BPUsq6UUrwBWTw
142,spotify:track:40mI1rlWiHarvMDtBvPnhW
143,spotify:track:2tpWsVSb9UEmDRxAl1zhX1
144,spotify:track:23Z3bbYcl1PdcPJemLa4zc
145,spotify:track:7fYRg3CEbk6rNCuzNzMT06
146,spotify:track:7rWgGyRK7RAqAAXy4bLft9
147,spotify:track:0Xh6R6XLoTDRBYriQRgkHj
148,spotify:track:44JSreJxvgl3CxLo5MoQL0
149,spotify:track:0nrRP2bk19rLc0orkWPQk2
150,spotify:track:0JpEMzTHbt2zBIXrntrXzG
151,spotify:track:4F3AZKEJubvPsl0hBArVBW
152,spotify:track:2knDuFWczh1Wv92eBAdPTa
153,spotify:track:5TXDeTFVRVY7Cvt0Dw4vWW
154,spotify:track:6Qe7YCkIOc1iaw9HKqO3qV
155,spotify:track:6hw1Sy9wZ8UCxYGdpKrU6M
156,spotify:track:59CfNbkERJ3NoTXDvoURjj
157,spotify:track:6uvh0In7u1Xn4HgxOfAn8O
158,spotify:track:4xkOaSrkexMciUUogZKVTS
159,spotify:track:5nujrmhLynf4yMoMtj8AQF
160,spotify:track:01I8aPBUJIMzCtHsCVvmq5
161,spotify:track:59nOXPmaKlBfGMDeOVGrIK
162,spotify:track:2Rh89ij1q0U3r1qJUaWUHz
163,spotify:track:0iVkWge9ytV4Scgy2hQ2za
164,spotify:track:3cHyrEgdyYRjgJKSOiOtcS
165,spotify:track:1v7L65Lzy0j0vdpRjJewt1
166,spotify:track:7rhfRaybfxTAjuzih3xWpc
167,spotify:track:06JvOZ39sK8D8SqiqfaxDU
168,spotify:track:7N1bEUVuQo8HHuikDgJ10c
169,spotify:track:0fGpq9oAZNnEvkqvhnjz7K
170,spotify:track:6OufwUcCqo81guU2jAlDVP
171,spotify:track:5CqkgDH8QZjSqqI3HmYxDD
172,spotify:track:3I10tZ5MgEMo4WryCNJkZQ
173,spotify:track:2KgJBT7k4vrjEqxUJrcNGR
174,spotify:track:2eAvDnpXP5W0cVtiI0PUxV
175,spotify:track:4bHsxqR3GMrXTxEPLuK5ue
176,spotify:track:0ct6r3EGTcMLPtrXHDvVjc
177,spotify:track:7IaeavdRzXYQWfu2Wt5GlU
178,spotify:track:3AVXwaOGCEL8cmBecfcsFJ
179,spotify:track:4kbj5MwxO1bq9wjT5g9HaA
180,spotify:track:0pLLkPMTi2LkTWTUE6rcIg
181,spotify:track:2xFMvrqk99biaLQavjufta
182,spotify:track:0zCgWGmDF0aih5qexATyBn
183,spotify:track:5QO79kh1waicV47BqGRL3g
184,spotify:track:7DbdUf8aHSYoliSjO6LZv6
185,spotify:track:6f3Slt0GbA2bPZlz0aIFXN
186,spotify:track:32vE1nuG8T9c8bhmZdRY6d
187,spotify:track:0hquQWY3xvYqN4qtiquniF
188,spotify:track:1SC5rEoYDGUK4NfG82494W
189,spotify:track:0pqnGHJpmpxLKifKRmU6WP
190,spotify:track:5LYMamLv12UPbemOaTPyeV
191,spotify:track:6I3mqTwhRpn34SLVafSH7G
192,spotify:track:0gucTLf7trAf37Ua1uAyAu
193,spotify:track:6b37xrsNCWYIUphFBazqD6
194,spotify:track:2CEgGE6aESpnmtfiZwYlbV
195,spotify:track:2KsHzM4L7ThhNJB6MHXkPx
196,spotify:track:3iw6V4LH7yPj1ESORX9RIN
197,spotify:track:3g62kHCCbNwhEKYywx5Xwz
198,spotify:track:01kfSdF9zfcDLri5sSWEoL
199,spotify:track:4RAR8g8fZNB106ezUurnE0
