,uri
0,spotify:track:3nqQXoyQOWXiESFLlDF1hG
1,spotify:track:0bYg9bo50gSsH3LtXe2SQn
2,spotify:track:4uUG5RXrOk84mYEfFvj3cK
3,spotify:track:73vIOb4Q7YN6HeJTbscRx5
4,spotify:track:7jtQIBanIiJOMS6RyCx6jZ
5,spotify:track:2FRnf9qhLbvw8fu4IBXx78
6,spotify:track:4Dvkj6JhhA12EX05fT7y2e
7,spotify:track:0V3wPSX9ygBnCm8psDIegu
8,spotify:track:4h9wh7iOZ0GGn8QVp4RAOB
9,spotify:track:7vwTsX8UY5QZmPiQUmWkaL
10,spotify:track:76OGwb5RA9h4FxQPT33ekc
11,spotify:track:5UPpgOKi0UQMMMSzWWgJJe
12,spotify:track:0lLdorYw7lVrJydTINhWdI
13,spotify:track:561jH07mF1jHuk7KlaeF0s
14,spotify:track:2dHHgzDwk4BJdRwy9uXhTO
15,spotify:track:1aOl53hkZGHkl2Snhr7opL
16,spotify:track:0QHEIqNKsMoOY5urbzN48u
17,spotify:track:7Gzz44FpTbZu0DNVVZjwPs
18,spotify:track:0lizgQ7Qw35od7CYaoMBZb
19,spotify:track:3LtpKP5abr2qqjunvjlX5i
20,spotify:track:3D29kjUyWxsT3jUUTtARVQ
21,spotify:track:2EjXfH91m7f8HiJN1yQg97
22,spotify:track:2LcmbuYX7tyR4DWy3b273L
23,spotify:track:1Ame8XTX6QHY0l0ahqUhgv
24,spotify:track:5WxVXxCMRnvxUKFq40ELwq
25,spotify:track:6sCvvleqKbeyOkQDieBYgp
26,spotify:track:1xzi1Jcr7mEi9K2RfzLOqS
27,spotify:track:3rb0tMq42WfggucPm0HHkA
28,spotify:track:2uFaJJtFpPDc5Pa95XzTvg
29,spotify:track:7vQbuQcyTflfCIOu3Uzzya
30,spotify:track:3BnDvpeuGOj21Ir2aVEtQo
31,spotify:track:38T0tPVZHcPZyhtOcCP7pF
32,spotify:track:3nAp4IvdMPPWEH9uuXFFV5
33,spotify:track:02MWAaffLxlfxAUY7c5dvx
34,spotify:track:0DDcpc9ImOsGUWupRj2xu5
35,spotify:track:4zN21mbAuaD0WqtmaTZZeP
36,spotify:track:5IgjP7X4th6nMNDh4akUHb
37,spotify:track:1IcR6RlgvDczfvoWJSSY2A
38,spotify:track:2QjOHCTQ1Jl3zawyYOpxh6
39,spotify:track:7uoFMmxln0GPXQ0AcCBXRq
40,spotify:track:11BKm0j4eYoCPPpCONAVwA
41,spotify:track:2RUzYz3EqkJxpPQPehdxha
42,spotify:track:3uUuGVFu1V7jTQL60S1r8z
43,spotify:track:1ei3hzQmrgealgRKFxIcWn
44,spotify:track:3qCeq0rWK67SoBDgFd2sId
45,spotify:track:53tfEupEzQRtVFOeZvk7xq
46,spotify:track:5HavMB9WGE33KK6NL8XjXl
47,spotify:track:6tjituizSxwSmBB5vtgHZE
48,spotify:track:1bDbXMyjaUIooNwFE9wn0N
49,spotify:track:0vjeOZ3Ft5jvAi9SBFJm1j
50,spotify:track:6PrB4KpvuoYWtwjPC5a44S
51,spotify:track:0WtM2NBVQNNJLh6scP13H8
52,spotify:track:22skzmqfdWrjJylampe0kt
53,spotify:track:7xapw9Oy21WpfEcib2ErSA
54,spotify:track:1SBBqkpgv93ITwS6tf7DGm
55,spotify:track:7fUYUcWy853HS8YJn0b3Sr
56,spotify:track:54ipXppHLA8U4yqpOFTUhr
57,spotify:track:4ZpIuzx91EAPK3VimONbfB
58,spotify:track:39JofJHEtg8I4fSyo7Imft
59,spotify:track:27qAMKrDdKEs8HDXcvR24R
60,spotify:track:5uSFGgIfHMT3osrAd9n9ym
61,spotify:track:2WcEQUVZAV7RxNBrHmcFKn
62,spotify:track:1bgKMxPQU7JIZEhNsM1vFs
63,spotify:track:3Hb9kUdm4yf839Fle4RIdT
64,spotify:track:4WuOWVnAqvEQxgSRrspBgt
65,spotify:track:75FEaRjZTKLhTrFGsfMUXR
66,spotify:track:6JIC3hbC28JZKZ8AlAqX8h
67,spotify:track:7fZBQnc0zXwVybgCIrQQil
68,spotify:track:4wn7cO2iHlWueXGDd4gH9g
69,spotify:track:1mea3bSkSGXuIRvnydlB5b
70,spotify:track:0VjIjW4GlUZAMYd2vXMi3b
71,spotify:track:0u2P5u6lvoDfwTYjAADbn4
72,spotify:track:0jm8p2ErwB4u3uvxc7vxGy
73,spotify:track:2TE4xW3ImvpltVU0cPcKUn
74,spotify:track:2Hh3ETdQKrmSI3QS0hme7g
75,spotify:track:6OZwia8loN0aPS0vTvsBjR
76,spotify:track:5PjdY0CKGZdEuoNab3yDmX
77,spotify:track:1SV1fxF65n9NhRHp3KlBuu
78,spotify:track:7qEHsqek33rTcFNT9PFqLf
79,spotify:track:3xWGA8pa0IKFI7IMPri4P0
80,spotify:track:6YWjskKykdPsBuiTBOg1VK
81,spotify:track:5TJEBoTCDbJXiKMdCN9pd3
82,spotify:track:5XeFesFbtLpXzIVDNQP22n
83,spotify:track:6btgTbK2UslfSu0qjTEXQm
84,spotify:track:7yq4Qj7cqayVTp3FF9CWbm
85,spotify:track:46IZ0fSY2mpAiktS3KOqds
86,spotify:track:1pacwLXyRO47ka0v6LTIiY
87,spotify:track:27RYrbL6S02LNVhDWVl38b
88,spotify:track:7AVHDeAjfn0zfMnYRhp0oI
89,spotify:track:66ZS9Wku3l3LKYoaRgdV8L
90,spotify:track:6BePGk3eCan4FqaW2X8Qy3
91,spotify:track:3oFKhY9iW9S0iA9OHO9tN6
92,spotify:track:1DIXPcTDzTj8ZMHt3PDt8p
93,spotify:track:2LBqCSwhJGcFQeTHMVGwy3
94,spotify:track:4kKdvXD0ez7jp1296JmAts
95,spotify:track:4k6Uh1HXdhtusDW5y8Gbvy
96,spotify:track:5odlY52u43F5BjByhxg7wg
97,spotify:track:2DB4DdfCFMw1iaR6JaR03a
98,spotify:track:1NEL5O5FotR1OyPQyvlMag
99,spotify:track:7lQ8MOhq6IN2w8EYcFNSUk
100,spotify:track:5T6gL9FrOwD6bNYFsy4twf
101,spotify:track:1v7L65Lzy0j0vdpRjJewt1
102,spotify:track:2VxeLyX666F8uXCJ0dZF8B
103,spotify:track:7MXVkk9YMctZqd1Srtv4MB
104,spotify:track:7A2DyRIqqelhZ4caPJMaFI
105,spotify:track:2WigMwGJysIh9fRnSJvpjn
106,spotify:track:2USlegnFJLrVLpoVfPimKB
107,spotify:track:1cKHdTo9u0ZymJdPGSh6nq
108,spotify:track:5yPIA6mDRsj6OcxTSQiXbG
109,spotify:track:4fWyBvLIPO68D2Ff87t1em
110,spotify:track:2B4GHvToeLTOBB4QLzW3Ni
111,spotify:track:13Irp51zj01BZu2XtDrnAg
112,spotify:track:4Yg2w0P29BBBMixyeNjDtj
113,spotify:track:1xK59OXxi2TAAAbmZK0kBL
114,spotify:track:3yfqSUWxFvZELEM4PmlwIR
115,spotify:track:58HvfVOeJY7lUuCqF0m3ly
116,spotify:track:7xTDT7gyIrv0xWpwwXExxU
117,spotify:track:2ewjMyCbNv2X1dB2qIDCwD
118,spotify:track:6Qe7YCkIOc1iaw9HKqO3qV
119,spotify:track:4VpmtsVKIRfNlmrtaEnrQi
120,spotify:track:0i9RysNKssk6syOrKDX3U2
121,spotify:track:0V5cvmTKsYmF5FmGGEAfmS
122,spotify:track:3pPN20syOYvbUuEiBpbenI
123,spotify:track:2Yt4SXIgmoaPZHGdRafp4P
124,spotify:track:5alA8RrqNso76ylzLCs7kg
125,spotify:track:3CIyK1V4JEJkg02E4EJnDl
126,spotify:track:0z3bi63SNZ5ylyHOzb81Uq
127,spotify:track:5QO79kh1waicV47BqGRL3g
128,spotify:track:0YFqKxV9uNu6LUeYkLOKRS
129,spotify:track:5EWPzyWm0b9McPS5Qyaijp
130,spotify:track:18asYwWugKjjsihZ0YvRxO
131,spotify:track:6ex1Pz3pntgy4NPtxHXN2V
132,spotify:track:6sZo5nJIsFWXefRCCexpx0
133,spotify:track:4GmRnc9J8GBBkVHUtihE3Z
134,spotify:track:09mEdoA6zrmBPgTEN5qXmN
135,spotify:track:4ewazQLXFTDC8XvCbhvtXs
136,spotify:track:4fouWK6XVHhzl78KzQ1UjL
137,spotify:track:62ubfIGqjCZhdI3UszcIEt
138,spotify:track:5wG3HvLhF6Y5KTGlK0IW3J
139,spotify:track:5qrSlOut2rNAWv3ubArkNy
140,spotify:track:1CsuHmKOfCYxPoO4xjlAWV
141,spotify:track:48BdA5qBxXVoe59xvu0bwc
142,spotify:track:22TFAU0e7WHAQFGzwneu1e
143,spotify:track:3UmaczJpikHgJFyBTAJVoz
144,spotify:track:4wNyrbY6B2Okii8VeKo2B2
145,spotify:track:5TXDeTFVRVY7Cvt0Dw4vWW
146,spotify:track:63JrADDfrcjOaI6lyVkN3c
147,spotify:track:2xGO2UjzxeVQSIkyg98vck
148,spotify:track:5YbPxJwPfrj7uswNwoF1pJ
149,spotify:track:4FyesJzVpA39hbYvcseO2d
150,spotify:track:3pBpX15YF0hdlRz2ddfSh2
151,spotify:track:7DbdUf8aHSYoliSjO6LZv6
152,spotify:track:0ll8uFnc0nANY35E0Lfxvg
153,spotify:track:1qEmFfgcLObUfQm0j1W2CK
154,spotify:track:3tAQNhm1o0kzldsI5QkrB1
155,spotify:track:4JBiO7wRnE6ueszEUpo347
156,spotify:track:221qmpQeBNV87sUjQeUTVH
157,spotify:track:1jDJFeK9x3OZboIAHsY9k2
158,spotify:track:3hRV0jL3vUpRrcy398teAU
159,spotify:track:3dYD57lRAUcMHufyqn9GcI
160,spotify:track:1Fid2jjqsHViMX6xNH70hE
161,spotify:track:5kWcIgj5CszKQBB0Lg7sGY
162,spotify:track:6hfkqvPACVG4l4qtY7xDgG
163,spotify:track:0nrRP2bk19rLc0orkWPQk2
164,spotify:track:5QJoojtfYodIvWSfpeCcHh
165,spotify:track:6HMtHNpW6YPi1hrw9tgF8P
166,spotify:track:0B7wvvmu9EISAwZnOpjhNI
167,spotify:track:4DRF0J8DUc5GPzcbOTD1gu
168,spotify:track:3U4isOIWM3VvDubwSI3y7a
169,spotify:track:3AVrVz5rK8Hrqo9YGiVGN5
170,spotify:track:4woTEX1wYOTGDqNXuavlRC
171,spotify:track:2RHbwWdj7mVUhJRxlTG6iq
172,spotify:track:5Z8Dj3LtbyCMiwE86rhg2f
173,spotify:track:5lkpeJwmQKgY3bX2zChjxX
174,spotify:track:3PIDciSFdrQxSQSihim3hN
175,spotify:track:1FEiijYPJtyswChfcpv3p0
176,spotify:track:2gMXnyrvIjhVBUZwvLZDMP
177,spotify:track:20on25jryn53hWghthWWW3
178,spotify:track:0aoUM0zcu0kCX7Cv7O939I
179,spotify:track:6HTJgY7iWWlVLSDHsfHePf
180,spotify:track:6vECYJHxYmm3Ydt3fF01pE
181,spotify:track:1WCEAGGRD066z2Q89ObXTq
182,spotify:track:2VaDHtANHv7L2Z1ZWcKgU0
183,spotify:track:4tRhRLBxIZ34Iw0eCuiC03
184,spotify:track:7H0ya83CMmgFcOhw0UB6ow
185,spotify:track:4u7EnebtmKWzUH433cf5Qv
186,spotify:track:2VtgzixdB967bHDNu5A1nh
187,spotify:track:63WuQOXohQIxOxIFA2K7bR
188,spotify:track:37Tmv4NnfQeb0ZgUC4fOJj
189,spotify:track:5Hp4xFihdOE2dmDzxWcBFb
190,spotify:track:2toEys3zZ8rRB242Na7FZh
191,spotify:track:789CxjEOtO76BVD1A9yJQH
192,spotify:track:58ge6dfP91o9oXMzq3XkIS
193,spotify:track:1CxtymiucDK0AB9vgGZ6q2
194,spotify:track:539zyjwDE87Cjp1mzRN8H7
195,spotify:track:3Oww84xrmgjyr5J1ilOmAf
196,spotify:track:2REfgz7XgmJR4ZjXDBWLd3
197,spotify:track:0pqnGHJpmpxLKifKRmU6WP
198,spotify:track:4PS1e8f2LvuTFgUs1Cn3ON
199,spotify:track:0gucTLf7trAf37Ua1uAyAu
