,uri
0,spotify:track:0skYUMpS0AcbpjcGsAbRGj
1,spotify:track:4Dvkj6JhhA12EX05fT7y2e
2,spotify:track:5IgjP7X4th6nMNDh4akUHb
3,spotify:track:0mBP9X2gPCuapvpZ7TGDk3
4,spotify:track:6xGruZOHLs39ZbVccQTuPZ
5,spotify:track:4k6Uh1HXdhtusDW5y8Gbvy
6,spotify:track:02MWAaffLxlfxAUY7c5dvx
7,spotify:track:75FEaRjZTKLhTrFGsfMUXR
8,spotify:track:4h9wh7iOZ0GGn8QVp4RAOB
9,spotify:track:3LtpKP5abr2qqjunvjlX5i
10,spotify:track:6VhuP99TE6gYNQRJIlAWFD
11,spotify:track:5PjdY0CKGZdEuoNab3yDmX
12,spotify:track:6VBhH7CyP56BXjp8VsDFPZ
13,spotify:track:4h4QlmocP3IuwYEj2j14p8
14,spotify:track:2LBqCSwhJGcFQeTHMVGwy3
15,spotify:track:6I3mqTwhRpn34SLVafSH7G
16,spotify:track:76OGwb5RA9h4FxQPT33ekc
17,spotify:track:3F5CgOj3wFlRv51JsHbxhe
18,spotify:track:0xzI1KAr0Yd9tv8jlIk3sn
19,spotify:track:1cKHdTo9u0ZymJdPGSh6nq
20,spotify:track:58HvfVOeJY7lUuCqF0m3ly
21,spotify:track:7MXVkk9YMctZqd1Srtv4MB
22,spotify:track:7lvDsmTRXFE3dK4OjvRiWB
23,spotify:track:6HMtHNpW6YPi1hrw9tgF8P
24,spotify:track:2m6Ko3CY1qXNNja8AlugNc
25,spotify:track:0O6u0VJ46W86TxN9wgyqDj
26,spotify:track:0MHiYjjcHNYM9KURa6NveF
27,spotify:track:2eAvDnpXP5W0cVtiI0PUxV
28,spotify:track:2QjOHCTQ1Jl3zawyYOpxh6
29,spotify:track:6JIC3hbC28JZKZ8AlAqX8h
30,spotify:track:4C6Uex2ILwJi9sZXRdmqXp
31,spotify:track:7jtQIBanIiJOMS6RyCx6jZ
32,spotify:track:0VjIjW4GlUZAMYd2vXMi3b
33,spotify:track:7ef4DlsgrMEH11cDZd32M6
34,spotify:track:09mEdoA6zrmBPgTEN5qXmN
35,spotify:track:5QO79kh1waicV47BqGRL3g
36,spotify:track:1qEmFfgcLObUfQm0j1W2CK
37,spotify:track:5YbPxJwPfrj7uswNwoF1pJ
38,spotify:track:0g2Bbgy7P41pFjMWJuzsf4
39,spotify:track:2DB4DdfCFMw1iaR6JaR03a
40,spotify:track:58ge6dfP91o9oXMzq3XkIS
41,spotify:track:5O2P9iiztwhomNh8xkR9lJ
42,spotify:track:59nOXPmaKlBfGMDeOVGrIK
43,spotify:track:5pyoxDZ1PX0KxBxiRVxA4U
44,spotify:track:0wHFktze2PHC5jDt3B17DC
45,spotify:track:3AVrVz5rK8Hrqo9YGiVGN5
46,spotify:track:6Uj1ctrBOjOas8xZXGqKk4
47,spotify:track:0hquQWY3xvYqN4qtiquniF
48,spotify:track:5Z9KJZvQzH6PFmb8SNkxuk
49,spotify:track:5nujrmhLynf4yMoMtj8AQF
50,spotify:track:3azJifCSqg9fRij2yKIbWz
51,spotify:track:4qu63nuBpdn0qHUHuObEj1
52,spotify:track:50nfwKoDiSYg8zOCREWAm5
53,spotify:track:3iH9MTX6mSGgSNlw9Q2T6t
54,spotify:track:6qyS9qBy0mEk3qYaH8mPss
55,spotify:track:3rmo8F54jFF8OgYsqTxm5d
56,spotify:track:6UelLqGlWMcVH1E5c4H7lY
57,spotify:track:3uUuGVFu1V7jTQL60S1r8z
58,spotify:track:3BnDvpeuGOj21Ir2aVEtQo
59,spotify:track:3AVXwaOGCEL8cmBecfcsFJ
60,spotify:track:2Xr1dTzJee307rmrkt8c0g
61,spotify:track:3CIyK1V4JEJkg02E4EJnDl
62,spotify:track:46IZ0fSY2mpAiktS3KOqds
63,spotify:track:7a8GawTVgHZvBLQOh46he7
64,spotify:track:46HNZY1i7O6jwTA7Slo2PI
65,spotify:track:7DbdUf8aHSYoliSjO6LZv6
66,spotify:track:0u2P5u6lvoDfwTYjAADbn4
67,spotify:track:0zCgWGmDF0aih5qexATyBn
68,spotify:track:1oFAF1hdPOickyHgbuRjyX
69,spotify:track:4RVwu0g32PAqgUiJoXsdF8
70,spotify:track:1aL9518P5G72N92b48tuKw
71,spotify:track:1gH1h30wkQdd9zhY3j7a8T
72,spotify:track:5CZ40GBx1sQ9agT82CLQCT
73,spotify:track:10xV5l9nhLvFpR8mqzs0bL
74,spotify:track:5wANPM4fQCJwkGd4rN57mH
75,spotify:track:4cacyP5c3PMlfnyjpg13xW
76,spotify:track:27ZZdyTSQWI7Cug2d2PkqV
77,spotify:track:5QDLhrAOJJdNAmCTJ8xMyW
78,spotify:track:4zN21mbAuaD0WqtmaTZZeP
79,spotify:track:0oiv4E896TUTTeQU0cmIui
80,spotify:track:0HaRLPnr887lcQM2YQzkff
81,spotify:track:08Isz2ETWSBhvIl8UpKYsp
82,spotify:track:1Fid2jjqsHViMX6xNH70hE
83,spotify:track:7qEHsqek33rTcFNT9PFqLf
84,spotify:track:1u8c2t2Cy7UBoG4ArRcF5g
85,spotify:track:4iJyoBOLtHqaGxP12qzhQI
86,spotify:track:0VO8gYVDSwM1Qdd2GsMoYK
87,spotify:track:2K7xn816oNHJZ0aVqdQsha
88,spotify:track:3ZCTVFBt2Brf31RLEnCkWJ
89,spotify:track:2gYj9lubBorOPIVWsTXugG
90,spotify:track:18O3X0PmVps7R1JGMeIfph
91,spotify:track:0e8nrvls4Qqv5Rfa2UhqmO
92,spotify:track:2J2Z1SkXYghSajLibnQHOa
93,spotify:track:4ZtFanR9U6ndgddUvNcjcG
94,spotify:track:2pIUpMhHL6L9Z5lnKxJJr9
95,spotify:track:3hUxzQpSfdDqwM3ZTFQY0K
96,spotify:track:1zi7xx7UVEFkmKfv06H8x0
97,spotify:track:37y7iDayfwm3WXn5BiAoRk
98,spotify:track:2WigMwGJysIh9fRnSJvpjn
99,spotify:track:7fBv7CLKzipRk6EC6TWHOB
100,spotify:track:5rJ7bdPmr8nfmm2JQ8xHOz
101,spotify:track:4EWCNWgDS8707fNSZ1oaA5
102,spotify:track:3DarAbFujv6eYNliUTyqtz
103,spotify:track:2kx5sQgmjYug0GiDh1a4sU
104,spotify:track:4k6yZRw7M04gZE2uW12Cw6
105,spotify:track:0mL82sxCRjrs3br407IdJh
106,spotify:track:2tTmW7RDtMQtBk7m2rYeSw
107,spotify:track:54ipXppHLA8U4yqpOFTUhr
108,spotify:track:2vXKRlJBXyOcvZYTdNeckS
109,spotify:track:6HU7h9RYOaPRFeh0R3UeAr
110,spotify:track:1FEiijYPJtyswChfcpv3p0
111,spotify:track:6TQS7URegxmcb8tTNpoXzi
112,spotify:track:35mvY5S1H3J2QZyna3TFe0
113,spotify:track:0QzuaeCEEOV40Pn7IvKEny
114,spotify:track:3CLSHJv5aUROAN2vfOyCOh
115,spotify:track:5ildQOEKmJuWGl2vRkFdYc
116,spotify:track:69xohKu8C1fsflYAiSNbwM
117,spotify:track:5gDWsRxpJ2lZAffh5p7K0w
118,spotify:track:1Hohk6AufHZOrrhMXZppax
119,spotify:track:4rmVZajAF7PkrCagGPHbqa
120,spotify:track:3FAJ6O0NOHQV8Mc5Ri6ENp
121,spotify:track:1XGmzt0PVuFgQYYnV2It7A
122,spotify:track:2HZLXBOnaSRhXStMLrq9fD
123,spotify:track:4cktbXiXOapiLBMprHFErI
124,spotify:track:68Dni7IE4VyPkTOH9mRWHr
125,spotify:track:7hU3IHwjX150XLoTVmjD0q
126,spotify:track:4S6fWZgeIaZdNgAscxC3WN
127,spotify:track:68EkhVWIeULhHxcbi1QhzK
128,spotify:track:2ZRo7axmMPeSVUvDbGkJah
129,spotify:track:4SqWKzw0CbA05TGszDgMlc
130,spotify:track:21jGcNKet2qwijlDFuPiPb
131,spotify:track:0RiRZpuVRbi7oqRdSMwhQY
132,spotify:track:3t2Hx5FPih5lKaxJFd6bRE
133,spotify:track:0a4MMyCrzT0En247IhqZbD
134,spotify:track:1oYQtNQUxSODedcc5hPmp9
135,spotify:track:7BTwRzjCkjMJUEMmXvGPAR
136,spotify:track:47sq83n5WN22ZzYnGn8aTy
137,spotify:track:4wMpv5KCDYSCQ0rWwKON0E
138,spotify:track:0WZqHCoOBXqgCCIsUZLC2a
139,spotify:track:1xK59OXxi2TAAAbmZK0kBL
140,spotify:track:3AJwUDP919kvQ9QcozQPxg
141,spotify:track:29m79w9xPMH4YCD6r8JSmV
142,spotify:track:5TXDeTFVRVY7Cvt0Dw4vWW
143,spotify:track:18asYwWugKjjsihZ0YvRxO
144,spotify:track:1SOClUWhOi8vHZYMz3GluK
145,spotify:track:62ke5zFUJN6RvtXZgVH0F8
146,spotify:track:1R0a2iXumgCiFb7HEZ7gUE
147,spotify:track:4xqrdfXkTW4T0RauPLv3WA
148,spotify:track:2qxmye6gAegTMjLKEBoR3d
149,spotify:track:2DgdHcjWmO3qd50RzuBLgZ
150,spotify:track:3M214U0mwSm041GsQR3nrO
151,spotify:track:3PfIrDoz19wz7qK7tYeu62
152,spotify:track:5QM0SsyzmBM0pbFY52Xj1X
153,spotify:track:2BgEsaKNfHUdlh97KmvFyo
154,spotify:track:3JXF3LsUjyDIHjuwhXxdjo
155,spotify:track:5uCax9HTNlzGybIStD3vDh
156,spotify:track:5E30LdtzQTGqRvNd7l6kG5
157,spotify:track:6GD1eomgaGT1Epto6Q5eAo
158,spotify:track:737gzPI5VAmgUGWiJ9yXuu
159,spotify:track:7LX4aXtvImhdgUHQBlo8Kp
160,spotify:track:769Ld8demNhMgVLAQcjTDn
161,spotify:track:6jjYDGxVJsWS0a5wlVF5vS
162,spotify:track:6Sq7ltF9Qa7SNFBsV5Cogx
163,spotify:track:78QR3Wp35dqAhFEc2qAGjE
164,spotify:track:2P91MQbaiQOfbiz9VqhqKQ
165,spotify:track:1SC5rEoYDGUK4NfG82494W
166,spotify:track:40iJIUlhi6renaREYGeIDS
167,spotify:track:2WzAAerBvZvvFXgUpSwHZ9
168,spotify:track:6v3KW9xbzN5yKLt9YKDYA2
169,spotify:track:3M0lSi5WW79CXQamgSBIjx
170,spotify:track:0k4d5YPDr1r7FX77VdqWez
171,spotify:track:2MJz8BxxMsERULatmBikDH
172,spotify:track:5Sk39LuvdwuvL84jD01Dum
173,spotify:track:4HBZA5flZLE435QTztThqH
174,spotify:track:01kfSdF9zfcDLri5sSWEoL
175,spotify:track:0yCWDaAgOtg6TKlNCg9rwA
176,spotify:track:6clzeGvi1CFioMOolbAOlX
177,spotify:track:3GYlZ7tbxLOxe6ewMNVTkw
178,spotify:track:4wVOKKEHUJxHCFFNUWDn0B
179,spotify:track:2SLwbpExuoBDZBpjfefCtV
180,spotify:track:4v7DCN09hgXkKazefkznDQ
181,spotify:track:7JJmb5XwzOO8jgpou264Ml
182,spotify:track:0pqnGHJpmpxLKifKRmU6WP
183,spotify:track:1DIXPcTDzTj8ZMHt3PDt8p
184,spotify:track:39LLxExYz6ewLAcYrzQQyP
185,spotify:track:7DFNE7NO0raLIUbgzY2rzm
186,spotify:track:4fouWK6XVHhzl78KzQ1UjL
187,spotify:track:65orA4uL6HAdy9j9VeXxFC
188,spotify:track:48q0vSHcJdhK3IiXH8C5WJ
189,spotify:track:0tgVpDi06FyKpA1z0VMD4v
190,spotify:track:2jbf9EytR7fzpSrPWAYCf9
191,spotify:track:2tpWsVSb9UEmDRxAl1zhX1
192,spotify:track:48QmG1dfvMuYLxMPt7KSRA
193,spotify:track:2l3dFxtoSMgMQVyRIUHjpz
194,spotify:track:1ei3hzQmrgealgRKFxIcWn
195,spotify:track:6RUKPb4LETWmmr3iAEQktW
196,spotify:track:4SFknyjLcyTLJFPKD2m96o
197,spotify:track:3yfqSUWxFvZELEM4PmlwIR
198,spotify:track:5zFglKYiknIxks8geR8rcL
199,spotify:track:7lQ8MOhq6IN2w8EYcFNSUk
