,uri
0,spotify:track:4fouWK6XVHhzl78KzQ1UjL
1,spotify:track:20on25jryn53hWghthWWW3
2,spotify:track:2B4GHvToeLTOBB4QLzW3Ni
3,spotify:track:02MWAaffLxlfxAUY7c5dvx
4,spotify:track:5PjdY0CKGZdEuoNab3yDmX
5,spotify:track:46IZ0fSY2mpAiktS3KOqds
6,spotify:track:3uUuGVFu1V7jTQL60S1r8z
7,spotify:track:7rglLriMNBPAyuJOMGwi39
8,spotify:track:50nfwKoDiSYg8zOCREWAm5
9,spotify:track:6lgIi3ixBsr4cMt3r19yX9
10,spotify:track:3rmo8F54jFF8OgYsqTxm5d
11,spotify:track:79JuksO8bRLKojdLSArnvL
12,spotify:track:0iqk44gA8PaId0Fwa6eesN
13,spotify:track:5Z9KJZvQzH6PFmb8SNkxuk
14,spotify:track:1r9xUipOqoNwggBpENDsvJ
15,spotify:track:2Xr1dTzJee307rmrkt8c0g
16,spotify:track:6HTJgY7iWWlVLSDHsfHePf
17,spotify:track:3gAEAmxdP1GIjgQ3Zud2mE
18,spotify:track:3vXnuFnC5RhPGwsFi0ORcI
19,spotify:track:6Uj1ctrBOjOas8xZXGqKk4
20,spotify:track:0e8nrvls4Qqv5Rfa2UhqmO
21,spotify:track:4ZtFanR9U6ndgddUvNcjcG
22,spotify:track:2USlegnFJLrVLpoVfPimKB
23,spotify:track:46HNZY1i7O6jwTA7Slo2PI
24,spotify:track:6OufwUcCqo81guU2jAlDVP
25,spotify:track:2gpWyfu7eZ01zzncHpxOtA
26,spotify:track:1SOClUWhOi8vHZYMz3GluK
27,spotify:track:0VjIjW4GlUZAMYd2vXMi3b
28,spotify:track:5S12Ds2RswM2ITC0u1J01f
29,spotify:track:18asYwWugKjjsihZ0YvRxO
30,spotify:track:0xfMlIW8lS40qvpsUw1l0X
31,spotify:track:3Wrjm47oTz2sjIgck11l5e
32,spotify:track:1UQFu4cgJDIcE7zoBPHwY4
33,spotify:track:2KnLkZ3z7PO3kgVGHGqDpD
34,spotify:track:4cG7HUWYHBV6R6tHn1gxrl
35,spotify:track:1bwhDrXcAtqePp8mNJ0pTe
36,spotify:track:4UODKxJsed18nmaqfw6LAC
37,spotify:track:1SC5rEoYDGUK4NfG82494W
38,spotify:track:6I3mqTwhRpn34SLVafSH7G
39,spotify:track:135Lf4Q0CzlMNfOxbEUsLH
40,spotify:track:6VOUfCrjmxH62oijWgbC6O
41,spotify:track:3nOz1U41SZZ0N3fuUWr9nb
42,spotify:track:6Dy1jexKYriXAVG6evyUTJ
43,spotify:track:4kLLWz7srcuLKA7Et40PQR
44,spotify:track:6f3Slt0GbA2bPZlz0aIFXN
45,spotify:track:7jtQIBanIiJOMS6RyCx6jZ
46,spotify:track:0Kvkx0NcqsdYOhQzYfDuDZ
47,spotify:track:7lP1zUASWfS5TLBdQDj3DA
48,spotify:track:63JrADDfrcjOaI6lyVkN3c
49,spotify:track:149BxWeweaCqmsyedkNiiE
50,spotify:track:6tDA5289CCJ4S4wiZPMLuN
51,spotify:track:6feiJqgHqeSvkGUzf11AYs
52,spotify:track:22skzmqfdWrjJylampe0kt
53,spotify:track:0hYFc3HSZHDaDzquLVRwBH
54,spotify:track:1O1EqgvgRyj1ejZPUxI0UX
55,spotify:track:3eJH2nAjvNXdmPfBkALiPZ
56,spotify:track:5nujrmhLynf4yMoMtj8AQF
57,spotify:track:6KL88T4Ma4ABXqzgUoEwkd
58,spotify:track:5wANPM4fQCJwkGd4rN57mH
59,spotify:track:5YoDQgB4j7oBHWXH3DcwFD
60,spotify:track:3DarAbFujv6eYNliUTyqtz
61,spotify:track:2N8m6CYs74qQO4mjVcXO30
62,spotify:track:1pz6PTEHHrXWvkm6ktNUhm
63,spotify:track:2VxeLyX666F8uXCJ0dZF8B
64,spotify:track:3F1P0QzdXtBz0MXy7KIO5w
65,spotify:track:4btFHqumCO31GksfuBLLv3
66,spotify:track:5T8EDUDqKcs6OSOwEsfqG7
67,spotify:track:3Kkjo3cT83cw09VJyrLNwX
68,spotify:track:5JBtWpLoGO62gb5vax505b
69,spotify:track:07MDkzWARZaLEdKxo6yArG
70,spotify:track:4GmRnc9J8GBBkVHUtihE3Z
71,spotify:track:4u7EnebtmKWzUH433cf5Qv
72,spotify:track:0b18g3G5spr4ZCkz7Y6Q0Q
73,spotify:track:6M3PsepEj5gyJoIi7Xvr7u
74,spotify:track:1MkN8pZzDBf1b2uzfYVOQp
75,spotify:track:46vfSYsDJZaNQcD4YvT8GD
76,spotify:track:1qVRInFwjQbipJdZeA7Kbn
77,spotify:track:4RVwu0g32PAqgUiJoXsdF8
78,spotify:track:4pt5fDVTg5GhEvEtlz9dKk
79,spotify:track:7qEHsqek33rTcFNT9PFqLf
80,spotify:track:04zzaZmF7rn0AkvOTiYhHy
81,spotify:track:4c3TC1eWvz6BgOqSlOAKdT
82,spotify:track:2374M0fQpWi3dLnB54qaLX
83,spotify:track:5e9TFTbltYBg2xThimr0rU
84,spotify:track:003vvx7Niy0yvhvHt4a68B
85,spotify:track:2gQPv5jvVPqU2a9HhMNO1v
86,spotify:track:6cx06DFPPHchuUAcTxznu9
87,spotify:track:2lXGYva0cmbVWKtbrPhsXE
88,spotify:track:0w6lsLBvhtGcqMYA7MB7r6
89,spotify:track:5jHfomwwBzN6rD2ByERafC
90,spotify:track:0ofHAoxe9vBkTCp2UQIavz
91,spotify:track:2QjOHCTQ1Jl3zawyYOpxh6
92,spotify:track:3u2NGFCIe5Ynxv8djbpVP8
93,spotify:track:00Blm7zeNqgYLPtW6zg8cj
94,spotify:track:3vkQ5DAB1qQMYO4Mr9zJN6
95,spotify:track:7erbctwXpJ5IMpZVgvI7Jm
96,spotify:track:0gucTLf7trAf37Ua1uAyAu
97,spotify:track:37BZB0z9T8Xu7U3e65qxFy
98,spotify:track:0bYg9bo50gSsH3LtXe2SQn
99,spotify:track:13UfB1tm7QYrhtW8FhPYmW
100,spotify:track:717QGTmZdkemDaCo1vQHG0
101,spotify:track:4jPy3l0RUwlUI9T5XHBW2m
102,spotify:track:0nrRP2bk19rLc0orkWPQk2
103,spotify:track:4IbDTrLxImTJfZePAX2nKB
104,spotify:track:2WYpG3Kv1xRTqMSNXVOpAN
105,spotify:track:37Tmv4NnfQeb0ZgUC4fOJj
106,spotify:track:1F80MEkZA9yTlpMQp9dhht
107,spotify:track:6ItXr7qOXzK6KlhTbUu6hp
108,spotify:track:3Iba59sFmGhQ4kbCY5L8AX
109,spotify:track:7sMBvZCSUl99bJLXZaLa0b
110,spotify:track:6IAZHEBUIGJ6NJKxxOBIEr
111,spotify:track:5CZ40GBx1sQ9agT82CLQCT
112,spotify:track:66dGbMxzOVbhv2CwnfA3MJ
113,spotify:track:1DIXPcTDzTj8ZMHt3PDt8p
114,spotify:track:4PYfFHKfjYz6dwAtZhBy1z
115,spotify:track:52xJxFP6TqMuO4Yt0eOkMz
116,spotify:track:5Z8Dj3LtbyCMiwE86rhg2f
117,spotify:track:3Vi5XqYrmQgOYBajMWSvCi
118,spotify:track:5UlnuulVAVmmesw4VzqHdG
119,spotify:track:3U4isOIWM3VvDubwSI3y7a
120,spotify:track:1J14CdDAvBTE1AJYUOwl6C
121,spotify:track:3PfIrDoz19wz7qK7tYeu62
122,spotify:track:0pqnGHJpmpxLKifKRmU6WP
123,spotify:track:0u2P5u6lvoDfwTYjAADbn4
124,spotify:track:1058fW9H3fZA6QjYCdOBad
125,spotify:track:7fWotHT92my4vLN713vFTa
126,spotify:track:5QO79kh1waicV47BqGRL3g
127,spotify:track:1LPSkqVhWVRUkKE03YUkpB
128,spotify:track:2tUBqZG2AbRi7Q0BIrVrEj
129,spotify:track:0bI7K9Becu2dtXK1Q3cZNB
130,spotify:track:1TfqLAPs4K3s2rJMoCokcS
131,spotify:track:4iJyoBOLtHqaGxP12qzhQI
132,spotify:track:7qiZfU4dY1lWllzX7mPBI3
133,spotify:track:03y045SZqaC94yfXl1cU4E
134,spotify:track:0GjEhVFGZW8afUYGChu3Rr
135,spotify:track:6UelLqGlWMcVH1E5c4H7lY
136,spotify:track:0iVkWge9ytV4Scgy2hQ2za
137,spotify:track:7yq4Qj7cqayVTp3FF9CWbm
138,spotify:track:2WfaOiMkCvy7F5fcp2zZ8L
139,spotify:track:0UKUfxIkDAMZz7hMdiVX3m
140,spotify:track:4bHsxqR3GMrXTxEPLuK5ue
141,spotify:track:4hJhHbkhZFnxmWbAkZRoe0
142,spotify:track:2GYHyAoLWpkxLVa4oYTVko
143,spotify:track:5lkpeJwmQKgY3bX2zChjxX
144,spotify:track:1xIqDFx3KdByBnKMlTECcM
145,spotify:track:4rPkN1FMzQyFNP9cLUGIIB
146,spotify:track:45bE4HXI0AwGZXfZtMp8JR
147,spotify:track:2gMXnyrvIjhVBUZwvLZDMP
148,spotify:track:5ChkMS8OtdzJeqyybCc9R5
149,spotify:track:6u5qi5Va5afHWJ18fHjJyi
150,spotify:track:17gkoi8EGPO1XssTOYK5ki
151,spotify:track:6UlSVbJrj3wsyxjGM4KPAv
152,spotify:track:4f2GB5ZC7vOUYPAg69N2Xw
153,spotify:track:60a0Rd6pjrkxjPbaKzXjfq
154,spotify:track:5qqabIl2vWzo9ApSC317sa
155,spotify:track:1MGN888ygsCOf2aHKiuRvy
156,spotify:track:2O9enJqAqs46tfBlGhLsnW
157,spotify:track:6dmXZ9B5HdFAyzHeTneYBK
158,spotify:track:7hU3IHwjX150XLoTVmjD0q
159,spotify:track:27OeeYzk6klgBh83TSvGMA
160,spotify:track:6E90gq0KO6FYZVOXx8kCcC
161,spotify:track:7DFNE7NO0raLIUbgzY2rzm
162,spotify:track:4XvcHTUfIlWfyJTRG0aqlo
163,spotify:track:368KS9UNJ8cft7RJ1USwb9
164,spotify:track:0aoUM0zcu0kCX7Cv7O939I
165,spotify:track:0rLLENEBErAJjcTFTnQxhq
166,spotify:track:3yfqSUWxFvZELEM4PmlwIR
167,spotify:track:40riOy7x9W7GXjyGp4pjAv
168,spotify:track:1xYzN6PXSwoOChUJnq8eJU
169,spotify:track:0iPf1xVxV7rlbG4wn3ANFa
170,spotify:track:6CyIkPh5mRkJg7T5xXynQ8
171,spotify:track:4rhBWOjhizvPajnOhp7q5H
172,spotify:track:6f5ExP43esnvdKPddwKXJH
173,spotify:track:1jDJFeK9x3OZboIAHsY9k2
174,spotify:track:51FaEdIT7cHCC31zgDZti5
175,spotify:track:07GvNcU1WdyZJq3XxP0kZa
176,spotify:track:0Xh6R6XLoTDRBYriQRgkHj
177,spotify:track:2InKuNaoyiBDf4dmr780BZ
178,spotify:track:3Ucr6hQQuY8cZ0UqXV8uO2
179,spotify:track:0V5cvmTKsYmF5FmGGEAfmS
180,spotify:track:3dYD57lRAUcMHufyqn9GcI
181,spotify:track:0zLCBJZSiELJf02ucPP9wb
182,spotify:track:5Mp9GMJ8HODxuy5ebsRPOB
183,spotify:track:5h9OvsTeNydBaZp7swQubV
184,spotify:track:3E7dfMvvCLUddWissuqMwr
185,spotify:track:1JSTJqkT5qHq8MDJnJbRE1
186,spotify:track:2jX5c5RFp0A9E1GDsvGxIa
187,spotify:track:1v7L65Lzy0j0vdpRjJewt1
188,spotify:track:2tpWsVSb9UEmDRxAl1zhX1
189,spotify:track:0ct6r3EGTcMLPtrXHDvVjc
190,spotify:track:2pPO9YecZimmuVQfIzfV6U
191,spotify:track:6N1EjQjnvhOjFrF6oUmGPa
192,spotify:track:4Btg1zMSYU2iJ0mQGQGokv
193,spotify:track:0k2GOhqsrxDTAbFFSdNJjT
194,spotify:track:2prnn41CblB8B4yWACDljP
195,spotify:track:5cYOVkA2cnjKid9yigaMwq
196,spotify:track:6ft4hAq6yde8jPZY2i5zLr
197,spotify:track:7lQ8MOhq6IN2w8EYcFNSUk
198,spotify:track:5YaskwnGDZFDRipaqzbwQx
199,spotify:track:0siYMEsGrzzzlWLXK5zJfS
