,uri
0,spotify:track:4LRPiXqCikLlN15c3yImP7
1,spotify:track:02MWAaffLxlfxAUY7c5dvx
2,spotify:track:5PjdY0CKGZdEuoNab3yDmX
3,spotify:track:1HhNoOuqm1a5MXYEgAFl8o
4,spotify:track:58HvfVOeJY7lUuCqF0m3ly
5,spotify:track:5Z9KJZvQzH6PFmb8SNkxuk
6,spotify:track:6I3mqTwhRpn34SLVafSH7G
7,spotify:track:7rglLriMNBPAyuJOMGwi39
8,spotify:track:6Uj1ctrBOjOas8xZXGqKk4
9,spotify:track:0QBzMgT7NIeoCYy3sJCof1
10,spotify:track:46IZ0fSY2mpAiktS3KOqds
11,spotify:track:4fouWK6XVHhzl78KzQ1UjL
12,spotify:track:2Xr1dTzJee307rmrkt8c0g
13,spotify:track:3AVXwaOGCEL8cmBecfcsFJ
14,spotify:track:531KGXtBroSrOX9LVmiIgc
15,spotify:track:50nfwKoDiSYg8zOCREWAm5
16,spotify:track:0e8nrvls4Qqv5Rfa2UhqmO
17,spotify:track:73XuHgCCWeG9xVQTGGfyxR
18,spotify:track:3uUuGVFu1V7jTQL60S1r8z
19,spotify:track:46HNZY1i7O6jwTA7Slo2PI
20,spotify:track:3rmo8F54jFF8OgYsqTxm5d
21,spotify:track:2eAvDnpXP5W0cVtiI0PUxV
22,spotify:track:1SOClUWhOi8vHZYMz3GluK
23,spotify:track:4ZtFanR9U6ndgddUvNcjcG
24,spotify:track:18asYwWugKjjsihZ0YvRxO
25,spotify:track:0U1W2LZVUX7qTm7dDpqxh6
26,spotify:track:59CfNbkERJ3NoTXDvoURjj
27,spotify:track:7jtQIBanIiJOMS6RyCx6jZ
28,spotify:track:6xFehAsaKJYClqja52y2h5
29,spotify:track:4SqWKzw0CbA05TGszDgMlc
30,spotify:track:0VjIjW4GlUZAMYd2vXMi3b
31,spotify:track:5QO79kh1waicV47BqGRL3g
32,spotify:track:5nujrmhLynf4yMoMtj8AQF
33,spotify:track:3DarAbFujv6eYNliUTyqtz
34,spotify:track:5oVcQLyEEJDiIoNPNi2pUQ
35,spotify:track:2K7xn816oNHJZ0aVqdQsha
36,spotify:track:29m79w9xPMH4YCD6r8JSmV
37,spotify:track:58ge6dfP91o9oXMzq3XkIS
38,spotify:track:2QjOHCTQ1Jl3zawyYOpxh6
39,spotify:track:3Vi5XqYrmQgOYBajMWSvCi
40,spotify:track:20on25jryn53hWghthWWW3
41,spotify:track:5wANPM4fQCJwkGd4rN57mH
42,spotify:track:1oFAF1hdPOickyHgbuRjyX
43,spotify:track:00Blm7zeNqgYLPtW6zg8cj
44,spotify:track:7lvDsmTRXFE3dK4OjvRiWB
45,spotify:track:5CZ40GBx1sQ9agT82CLQCT
46,spotify:track:4iJyoBOLtHqaGxP12qzhQI
47,spotify:track:2gpWyfu7eZ01zzncHpxOtA
48,spotify:track:4hJhHbkhZFnxmWbAkZRoe0
49,spotify:track:6UelLqGlWMcVH1E5c4H7lY
50,spotify:track:63bmIgH9sS6sX5Sc7MetGq
51,spotify:track:6yvxu91deFKt3X1QoV6qMv
52,spotify:track:2B4GHvToeLTOBB4QLzW3Ni
53,spotify:track:1SC5rEoYDGUK4NfG82494W
54,spotify:track:52xJxFP6TqMuO4Yt0eOkMz
55,spotify:track:3IAfUEeaXRX9s9UdKOJrFI
56,spotify:track:5vUnjhBzRJJIAOJPde6zDx
57,spotify:track:0y60itmpH0aPKsFiGxmtnh
58,spotify:track:2gQPv5jvVPqU2a9HhMNO1v
59,spotify:track:7hU3IHwjX150XLoTVmjD0q
60,spotify:track:0WZqHCoOBXqgCCIsUZLC2a
61,spotify:track:1HvTxgCj0mTzQlEo0zLvFb
62,spotify:track:08MFgEQeVLF37EyZ7jcwLc
63,spotify:track:1zi7xx7UVEFkmKfv06H8x0
64,spotify:track:6lZ5p6VTbZ2ZvnsdTlLv7I
65,spotify:track:7mFj0LlWtEJaEigguaWqYh
66,spotify:track:0sTlGEld0h8kIPZaKDYUf4
67,spotify:track:1mWdTewIgB3gtBM3TOSFhB
68,spotify:track:3Wrjm47oTz2sjIgck11l5e
69,spotify:track:5TXDeTFVRVY7Cvt0Dw4vWW
70,spotify:track:6f5ExP43esnvdKPddwKXJH
71,spotify:track:0IuVhCflrQPMGRrOyoY5RW
72,spotify:track:0k4d5YPDr1r7FX77VdqWez
73,spotify:track:3o9kpgkIcffx0iSwxhuNI2
74,spotify:track:7qEHsqek33rTcFNT9PFqLf
75,spotify:track:2J2Z1SkXYghSajLibnQHOa
76,spotify:track:3UhmuWcFaLS3AO3kI9ynQ2
77,spotify:track:3uwnnTQcHM1rDqSfA4gQNz
78,spotify:track:48QmG1dfvMuYLxMPt7KSRA
79,spotify:track:6HU7h9RYOaPRFeh0R3UeAr
80,spotify:track:4cktbXiXOapiLBMprHFErI
81,spotify:track:2MJz8BxxMsERULatmBikDH
82,spotify:track:7BbaIYAdi3pg4MGl6PHwPv
83,spotify:track:5QDLhrAOJJdNAmCTJ8xMyW
84,spotify:track:4RVwu0g32PAqgUiJoXsdF8
85,spotify:track:1ZdhOMWyFR8Iv9eylMGYg2
86,spotify:track:02VBYrHfVwfEWXk5DXyf0T
87,spotify:track:2WL6GQzPuK9Nrpy9XwNEbz
88,spotify:track:55RMhrPQYA6vLu5YMgXxFD
89,spotify:track:40iJIUlhi6renaREYGeIDS
90,spotify:track:0u2P5u6lvoDfwTYjAADbn4
91,spotify:track:7BDHDiidJ8WV349p3HTxTV
92,spotify:track:3PfIrDoz19wz7qK7tYeu62
93,spotify:track:4gvrJnKCKIPiacNsWVQwEU
94,spotify:track:2vXKRlJBXyOcvZYTdNeckS
95,spotify:track:0RiRZpuVRbi7oqRdSMwhQY
96,spotify:track:23CKxEwKWsLs6LD5poGOLM
97,spotify:track:7MXVkk9YMctZqd1Srtv4MB
98,spotify:track:4jPy3l0RUwlUI9T5XHBW2m
99,spotify:track:3M0lSi5WW79CXQamgSBIjx
100,spotify:track:4qu63nuBpdn0qHUHuObEj1
101,spotify:track:35mvY5S1H3J2QZyna3TFe0
102,spotify:track:2LBqCSwhJGcFQeTHMVGwy3
103,spotify:track:3Kkjo3cT83cw09VJyrLNwX
104,spotify:track:6Jrdb6CFOJEGaHjaa6c4WR
105,spotify:track:37y7iDayfwm3WXn5BiAoRk
106,spotify:track:2ZRo7axmMPeSVUvDbGkJah
107,spotify:track:2BgEsaKNfHUdlh97KmvFyo
108,spotify:track:1u8c2t2Cy7UBoG4ArRcF5g
109,spotify:track:5enxwA8aAbwZbf5qCHORXi
110,spotify:track:5pcmtf1lwrMqmAWWm248fY
111,spotify:track:0HqZX76SFLDz2aW8aiqi7G
112,spotify:track:5zFglKYiknIxks8geR8rcL
113,spotify:track:5uCax9HTNlzGybIStD3vDh
114,spotify:track:1nH2PkJL1XoUq8oE6tBZoU
115,spotify:track:3GZD6HmiNUhxXYf8Gch723
116,spotify:track:5kdlxZ5skOYY3VK8RlfEIZ
117,spotify:track:1ri9ZUkBJVFUdgwzCnfcYs
118,spotify:track:09gysnJpfQ3ublBmJDfcEC
119,spotify:track:39LLxExYz6ewLAcYrzQQyP
120,spotify:track:5MYPzdIWgx3pMLRGlq2fVq
121,spotify:track:6RUKPb4LETWmmr3iAEQktW
122,spotify:track:1XGmzt0PVuFgQYYnV2It7A
123,spotify:track:4HBZA5flZLE435QTztThqH
124,spotify:track:2SLwbpExuoBDZBpjfefCtV
125,spotify:track:6E90gq0KO6FYZVOXx8kCcC
126,spotify:track:5O2P9iiztwhomNh8xkR9lJ
127,spotify:track:2tpWsVSb9UEmDRxAl1zhX1
128,spotify:track:3AJwUDP919kvQ9QcozQPxg
129,spotify:track:503OTo2dSqe7qk76rgsbep
130,spotify:track:68HocO7fx9z0MgDU0ZPHro
131,spotify:track:4WghJOMjDpGdlk3b8aJIgy
132,spotify:track:16iRlyUMJVPqz62DlomMre
133,spotify:track:6v3KW9xbzN5yKLt9YKDYA2
134,spotify:track:3FAJ6O0NOHQV8Mc5Ri6ENp
135,spotify:track:0pqnGHJpmpxLKifKRmU6WP
136,spotify:track:62Yo3FDddWY8ydu6PW2wyz
137,spotify:track:7qiZfU4dY1lWllzX7mPBI3
138,spotify:track:1ZMiCix7XSAbfAJlEZWMCp
139,spotify:track:3FMedgGsLUNwx8NciePFEK
140,spotify:track:68Dni7IE4VyPkTOH9mRWHr
141,spotify:track:0QzuaeCEEOV40Pn7IvKEny
142,spotify:track:21jGcNKet2qwijlDFuPiPb
143,spotify:track:1DIXPcTDzTj8ZMHt3PDt8p
144,spotify:track:0N0h5lXc4HOiLgGb9EZi8m
145,spotify:track:2P91MQbaiQOfbiz9VqhqKQ
146,spotify:track:7BKLCZ1jbUBVqRi2FVlTVw
147,spotify:track:0tgVpDi06FyKpA1z0VMD4v
148,spotify:track:2jbf9EytR7fzpSrPWAYCf9
149,spotify:track:7BqBn9nzAq8spo5e7cZ0dJ
150,spotify:track:7hxHWCCAIIxFLCzvDgnQHX
151,spotify:track:6fxVffaTuwjgEk5h9QyRjy
152,spotify:track:1dcNEEtODRVZEevQ20Cgmy
153,spotify:track:6FvSS3Goz7OC8oCC2eWqe8
154,spotify:track:7EkWXAI1wn8Ii883ecd9xr
155,spotify:track:5E30LdtzQTGqRvNd7l6kG5
156,spotify:track:7lQ8MOhq6IN2w8EYcFNSUk
157,spotify:track:3U4isOIWM3VvDubwSI3y7a
158,spotify:track:4UG2Fm0E98LhE2dlNxiAXx
159,spotify:track:0ct6r3EGTcMLPtrXHDvVjc
160,spotify:track:3B54sVLJ402zGa6Xm4YGNe
161,spotify:track:2gMXnyrvIjhVBUZwvLZDMP
162,spotify:track:2Foc5Q5nqNiosCNqttzHof
163,spotify:track:7k6QR9YHyW258yVN6FHO1T
164,spotify:track:45bE4HXI0AwGZXfZtMp8JR
165,spotify:track:0bBd6K5X4W7t9GyXcaVOA7
166,spotify:track:32BeYxKPrig1LefHsC0Xuo
167,spotify:track:3yfqSUWxFvZELEM4PmlwIR
168,spotify:track:4xqrdfXkTW4T0RauPLv3WA
169,spotify:track:161DnLWsx1i3u1JT05lzqU
170,spotify:track:3XOalgusokruzA5ZBA2Qcb
171,spotify:track:2qxmye6gAegTMjLKEBoR3d
172,spotify:track:0dcnrLo8s1rhjm8euGjI4n
173,spotify:track:0mL82sxCRjrs3br407IdJh
174,spotify:track:5gflgO9EPbIBf16n5TKnQS
175,spotify:track:58f4twRnbZOOVUhMUpplJ4
176,spotify:track:1iZLpuGMr4tn1F5bZu32Kb
177,spotify:track:0z8hI3OPS8ADPWtoCjjLl6
178,spotify:track:0qOnSQQF0yzuPWsXrQ9paz
179,spotify:track:3AVrVz5rK8Hrqo9YGiVGN5
180,spotify:track:07MDkzWARZaLEdKxo6yArG
181,spotify:track:6f3Slt0GbA2bPZlz0aIFXN
182,spotify:track:6IAZHEBUIGJ6NJKxxOBIEr
183,spotify:track:1dGr1c8CrMLDpV6mPbImSI
184,spotify:track:1nahzW3kfMuwReTka28tH5
185,spotify:track:0W6I02J9xcqK8MtSeosEXb
186,spotify:track:1J14CdDAvBTE1AJYUOwl6C
187,spotify:track:50kpGaPAhYJ3sGmk6vplg0
188,spotify:track:7xNCacksfUkYXsXuSW4vNF
189,spotify:track:4j5ffIFh7bFT7GZciP1TCy
190,spotify:track:7FIWs0pqAYbP91WWM0vlTQ
191,spotify:track:285pBltuF7vW8TeWk8hdRR
192,spotify:track:3yMC1KsTwh0ceXdIe4QQAQ
193,spotify:track:3afkJSKX0EAMsJXTZnDXXJ
194,spotify:track:5uEYRdEIh9Bo4fpjDd4Na9
195,spotify:track:79nEEoEPY2w8EXj9hjn5oc
196,spotify:track:0fv2KH6hac06J86hBUTcSf
197,spotify:track:2tGvwE8GcFKwNdAXMnlbfl
198,spotify:track:2sHYMLUd4nVLxHPKY05Ein
199,spotify:track:3jjujdWJ72nww5eGnfs2E7
