,uri
0,spotify:track:3nqQXoyQOWXiESFLlDF1hG
1,spotify:track:4uUG5RXrOk84mYEfFvj3cK
2,spotify:track:73vIOb4Q7YN6HeJTbscRx5
3,spotify:track:0V3wPSX9ygBnCm8psDIegu
4,spotify:track:4h9wh7iOZ0GGn8QVp4RAOB
5,spotify:track:7jtQIBanIiJOMS6RyCx6jZ
6,spotify:track:76OGwb5RA9h4FxQPT33ekc
7,spotify:track:4Dvkj6JhhA12EX05fT7y2e
8,spotify:track:35ovElsgyAtQwYPYnZJECg
9,spotify:track:7vwTsX8UY5QZmPiQUmWkaL
10,spotify:track:3LtpKP5abr2qqjunvjlX5i
11,spotify:track:3D29kjUyWxsT3jUUTtARVQ
12,spotify:track:1xzi1Jcr7mEi9K2RfzLOqS
13,spotify:track:2LcmbuYX7tyR4DWy3b273L
14,spotify:track:3BnDvpeuGOj21Ir2aVEtQo
15,spotify:track:5IgjP7X4th6nMNDh4akUHb
16,spotify:track:0jm8p2ErwB4u3uvxc7vxGy
17,spotify:track:5hnGrTBaEsdukpDF6aZg8a
18,spotify:track:3rb0tMq42WfggucPm0HHkA
19,spotify:track:6btgTbK2UslfSu0qjTEXQm
20,spotify:track:39JofJHEtg8I4fSyo7Imft
21,spotify:track:0WtM2NBVQNNJLh6scP13H8
22,spotify:track:1Ame8XTX6QHY0l0ahqUhgv
23,spotify:track:4zN21mbAuaD0WqtmaTZZeP
24,spotify:track:6PrB4KpvuoYWtwjPC5a44S
25,spotify:track:0DDcpc9ImOsGUWupRj2xu5
26,spotify:track:561jH07mF1jHuk7KlaeF0s
27,spotify:track:4ZpIuzx91EAPK3VimONbfB
28,spotify:track:2RUzYz3EqkJxpPQPehdxha
29,spotify:track:38T0tPVZHcPZyhtOcCP7pF
30,spotify:track:3oFKhY9iW9S0iA9OHO9tN6
31,spotify:track:54ipXppHLA8U4yqpOFTUhr
32,spotify:track:5jQI2r1RdgtuT8S3iG8zFC
33,spotify:track:5TJEBoTCDbJXiKMdCN9pd3
34,spotify:track:1ei3hzQmrgealgRKFxIcWn
35,spotify:track:2RHbwWdj7mVUhJRxlTG6iq
36,spotify:track:0QHEIqNKsMoOY5urbzN48u
37,spotify:track:1wtOxkiel43cVs0Yux5Q4h
38,spotify:track:53tfEupEzQRtVFOeZvk7xq
39,spotify:track:02MWAaffLxlfxAUY7c5dvx
40,spotify:track:1SBBqkpgv93ITwS6tf7DGm
41,spotify:track:2QjOHCTQ1Jl3zawyYOpxh6
42,spotify:track:1bgKMxPQU7JIZEhNsM1vFs
43,spotify:track:2WigMwGJysIh9fRnSJvpjn
44,spotify:track:5uSFGgIfHMT3osrAd9n9ym
45,spotify:track:3rWDp9tBPQR9z6U5YyRSK4
46,spotify:track:4D7BCuvgdJlYvlX5WlN54t
47,spotify:track:2yjlYDiNiQkdxVqTlaSrlX
48,spotify:track:3eX0NZfLtGzoLUxPNvRfqm
49,spotify:track:1NEL5O5FotR1OyPQyvlMag
50,spotify:track:3uUuGVFu1V7jTQL60S1r8z
51,spotify:track:7KokYm8cMIXCsGVmUvKtqf
52,spotify:track:7fZBQnc0zXwVybgCIrQQil
53,spotify:track:5L6inxcqOemJI2utN8lvBs
54,spotify:track:75FEaRjZTKLhTrFGsfMUXR
55,spotify:track:63WuQOXohQIxOxIFA2K7bR
56,spotify:track:22skzmqfdWrjJylampe0kt
57,spotify:track:6OZwia8loN0aPS0vTvsBjR
58,spotify:track:3qoftcUZaUOncvIYjFSPdE
59,spotify:track:6OxnhCRysP2WZwBBwaTttj
60,spotify:track:1xwAWUI6Dj0WGC3KiUPN0O
61,spotify:track:1DIXPcTDzTj8ZMHt3PDt8p
62,spotify:track:7AVHDeAjfn0zfMnYRhp0oI
63,spotify:track:0z3bi63SNZ5ylyHOzb81Uq
64,spotify:track:6JIC3hbC28JZKZ8AlAqX8h
65,spotify:track:5T6gL9FrOwD6bNYFsy4twf
66,spotify:track:13Irp51zj01BZu2XtDrnAg
67,spotify:track:40SBS57su9xLiE1WqkXOVr
68,spotify:track:4k6yZRw7M04gZE2uW12Cw6
69,spotify:track:0VjIjW4GlUZAMYd2vXMi3b
70,spotify:track:4tRhRLBxIZ34Iw0eCuiC03
71,spotify:track:7mgPjcjjGwGx5kRDMH7Kkz
72,spotify:track:0heeNYlwOGuUSe7TgUD27B
73,spotify:track:0u2P5u6lvoDfwTYjAADbn4
74,spotify:track:6Qe7YCkIOc1iaw9HKqO3qV
75,spotify:track:5PjdY0CKGZdEuoNab3yDmX
76,spotify:track:10xV5l9nhLvFpR8mqzs0bL
77,spotify:track:2DB4DdfCFMw1iaR6JaR03a
78,spotify:track:5EWPzyWm0b9McPS5Qyaijp
79,spotify:track:7qEHsqek33rTcFNT9PFqLf
80,spotify:track:7yq4Qj7cqayVTp3FF9CWbm
81,spotify:track:4k6Uh1HXdhtusDW5y8Gbvy
82,spotify:track:1mea3bSkSGXuIRvnydlB5b
83,spotify:track:66ZS9Wku3l3LKYoaRgdV8L
84,spotify:track:3xWGA8pa0IKFI7IMPri4P0
85,spotify:track:4h4QlmocP3IuwYEj2j14p8
86,spotify:track:1qEmFfgcLObUfQm0j1W2CK
87,spotify:track:2A44J8NMBI9DKi0AZW2W84
88,spotify:track:2B4GHvToeLTOBB4QLzW3Ni
89,spotify:track:6YWjskKykdPsBuiTBOg1VK
90,spotify:track:4GmRnc9J8GBBkVHUtihE3Z
91,spotify:track:2VxeLyX666F8uXCJ0dZF8B
92,spotify:track:7MIhUdNJtaOnDmC5nBC1fb
93,spotify:track:58HvfVOeJY7lUuCqF0m3ly
94,spotify:track:5XeFesFbtLpXzIVDNQP22n
95,spotify:track:3pPN20syOYvbUuEiBpbenI
96,spotify:track:7FmYn9e7KHMXcxqGSj9LjH
97,spotify:track:48BdA5qBxXVoe59xvu0bwc
98,spotify:track:1Y8wk8ipnJvgxx0W3XVje1
99,spotify:track:5YbPxJwPfrj7uswNwoF1pJ
100,spotify:track:4UyVCLbNG8yhrqbzeSmdho
101,spotify:track:5odlY52u43F5BjByhxg7wg
102,spotify:track:34ZAzO78a5DAVNrYIGWcPm
103,spotify:track:0d9SLQIkIWUFKeKqxVYRlz
104,spotify:track:0w6lsLBvhtGcqMYA7MB7r6
105,spotify:track:1jDJFeK9x3OZboIAHsY9k2
106,spotify:track:1v7L65Lzy0j0vdpRjJewt1
107,spotify:track:2USlegnFJLrVLpoVfPimKB
108,spotify:track:3yfqSUWxFvZELEM4PmlwIR
109,spotify:track:7lQ8MOhq6IN2w8EYcFNSUk
110,spotify:track:63siBeZzxXVaY0uASns1V2
111,spotify:track:0A1JLUlkZkp2EFrosoNQi0
112,spotify:track:1c2hJSwcCfoPEw1su83Sw0
113,spotify:track:6HMtHNpW6YPi1hrw9tgF8P
114,spotify:track:6ex1Pz3pntgy4NPtxHXN2V
115,spotify:track:4wn7cO2iHlWueXGDd4gH9g
116,spotify:track:1xK59OXxi2TAAAbmZK0kBL
117,spotify:track:7sA2SKTo1QbTSSYn5YvJC4
118,spotify:track:46IZ0fSY2mpAiktS3KOqds
119,spotify:track:0ll8uFnc0nANY35E0Lfxvg
120,spotify:track:6NYnHglZxfbS15WpvUoK0k
121,spotify:track:5VOBsfdn1wlCwuuw7pKgU3
122,spotify:track:7xTDT7gyIrv0xWpwwXExxU
123,spotify:track:1cgy2FSOQMbq7DHCVgMAUA
124,spotify:track:3TVUW7bJJWDOonkVCZxfLV
125,spotify:track:0wavGRldH0AWyu2zvTz8zb
126,spotify:track:6xGruZOHLs39ZbVccQTuPZ
127,spotify:track:4otT81iBBpaf36roGtzT4a
128,spotify:track:4pH8cIlMI9NrTWcDiQbuRe
129,spotify:track:4VpmtsVKIRfNlmrtaEnrQi
130,spotify:track:5QJoojtfYodIvWSfpeCcHh
131,spotify:track:4sIkwgf9bU7rQPvsA37rVQ
132,spotify:track:3CIyK1V4JEJkg02E4EJnDl
133,spotify:track:1bwhDrXcAtqePp8mNJ0pTe
134,spotify:track:1Fid2jjqsHViMX6xNH70hE
135,spotify:track:7DbdUf8aHSYoliSjO6LZv6
136,spotify:track:3fgEIHsl6ecyAK1rpAxBIY
137,spotify:track:2ewjMyCbNv2X1dB2qIDCwD
138,spotify:track:5TbpGFMxnPC40TrqlOYm1I
139,spotify:track:18asYwWugKjjsihZ0YvRxO
140,spotify:track:0w7JPlp7eEQI2EKW3ayXrv
141,spotify:track:1TJNaHxRxYT9nBoNyt223S
142,spotify:track:4DRF0J8DUc5GPzcbOTD1gu
143,spotify:track:0pqnGHJpmpxLKifKRmU6WP
144,spotify:track:0i9RysNKssk6syOrKDX3U2
145,spotify:track:20on25jryn53hWghthWWW3
146,spotify:track:0RAeV4QzrdHzsn4R0Pdgcp
147,spotify:track:7ef4DlsgrMEH11cDZd32M6
148,spotify:track:3UmaczJpikHgJFyBTAJVoz
149,spotify:track:5qrSlOut2rNAWv3ubArkNy
150,spotify:track:1TfqLAPs4K3s2rJMoCokcS
151,spotify:track:6aZPMuJetqwKQCPClCNgd3
152,spotify:track:4kLLWz7srcuLKA7Et40PQR
153,spotify:track:4gKK7isWbSb9c0C7i5jsKv
154,spotify:track:6kwmp0U8M1tPvgPHqvbwsr
155,spotify:track:2374M0fQpWi3dLnB54qaLX
156,spotify:track:1WCEAGGRD066z2Q89ObXTq
157,spotify:track:7IqmZMYq6Dl8UlM0NSiXar
158,spotify:track:0nrRP2bk19rLc0orkWPQk2
159,spotify:track:3ElGRG3DqSzzkh1b2wnbzf
160,spotify:track:1RF02Cf80mTaeNXG2P2boR
161,spotify:track:4u7EnebtmKWzUH433cf5Qv
162,spotify:track:0Jh6iWjna1wk5le0Ahn7No
163,spotify:track:2wXS2IXCyBX0WL76LLYT31
164,spotify:track:3idfsvvJ6qVj8GlTixYFOn
165,spotify:track:7IXQrRgmHxWYWitSlyFY7z
166,spotify:track:3kcKlOkQQEPVwxwljbGJ5p
167,spotify:track:6qyS9qBy0mEk3qYaH8mPss
168,spotify:track:0gucTLf7trAf37Ua1uAyAu
169,spotify:track:2evh9kRLVQRUoqm5InXzav
170,spotify:track:0HaRLPnr887lcQM2YQzkff
171,spotify:track:3Wrjm47oTz2sjIgck11l5e
172,spotify:track:1FEiijYPJtyswChfcpv3p0
173,spotify:track:6HTJgY7iWWlVLSDHsfHePf
174,spotify:track:5TXDeTFVRVY7Cvt0Dw4vWW
175,spotify:track:2N8m6CYs74qQO4mjVcXO30
176,spotify:track:4fouWK6XVHhzl78KzQ1UjL
177,spotify:track:717QGTmZdkemDaCo1vQHG0
178,spotify:track:2gMXnyrvIjhVBUZwvLZDMP
179,spotify:track:37Tmv4NnfQeb0ZgUC4fOJj
180,spotify:track:2wGSgTmgSF3xjRrHkTc25R
181,spotify:track:2RJAKIw6nIkgZVsAIKhmqz
182,spotify:track:5N0tnAyEkOWB7TFbYzIQUs
183,spotify:track:2WfaOiMkCvy7F5fcp2zZ8L
184,spotify:track:5T8EDUDqKcs6OSOwEsfqG7
185,spotify:track:3AJwUDP919kvQ9QcozQPxg
186,spotify:track:6VhuP99TE6gYNQRJIlAWFD
187,spotify:track:1OtmgzbSioyBW0iDc3oICV
188,spotify:track:003vvx7Niy0yvhvHt4a68B
189,spotify:track:63JrADDfrcjOaI6lyVkN3c
190,spotify:track:3pBpX15YF0hdlRz2ddfSh2
191,spotify:track:3dYD57lRAUcMHufyqn9GcI
192,spotify:track:79JuksO8bRLKojdLSArnvL
193,spotify:track:0FsHD9R7iplyKvJCkMaNMT
194,spotify:track:7wdwIaXUuzlu1grzWMFRJm
195,spotify:track:3U4isOIWM3VvDubwSI3y7a
196,spotify:track:1LIvdWNdKmHvU0FJvw2diN
197,spotify:track:5FVd6KXrgO9B3JPmC8OPst
198,spotify:track:58ge6dfP91o9oXMzq3XkIS
199,spotify:track:07r32jNfQPQ4gQJRc3K17q
