,uri
0,spotify:track:4Dvkj6JhhA12EX05fT7y2e
1,spotify:track:6KHsTu4Ht4XYiWcZOOdwbW
2,spotify:track:75FEaRjZTKLhTrFGsfMUXR
3,spotify:track:4zN21mbAuaD0WqtmaTZZeP
4,spotify:track:3BnDvpeuGOj21Ir2aVEtQo
5,spotify:track:4ZpIuzx91EAPK3VimONbfB
6,spotify:track:7fZBQnc0zXwVybgCIrQQil
7,spotify:track:6Qe7YCkIOc1iaw9HKqO3qV
8,spotify:track:2DB4DdfCFMw1iaR6JaR03a
9,spotify:track:3uUuGVFu1V7jTQL60S1r8z
10,spotify:track:02MWAaffLxlfxAUY7c5dvx
11,spotify:track:6OZwia8loN0aPS0vTvsBjR
12,spotify:track:181AxLRTyYh9WUxEjmJt1Y
13,spotify:track:63WuQOXohQIxOxIFA2K7bR
14,spotify:track:3sa06xVNmLLYIxdNNmVQN8
15,spotify:track:6HMtHNpW6YPi1hrw9tgF8P
16,spotify:track:6JIC3hbC28JZKZ8AlAqX8h
17,spotify:track:4V2eYSKckdvIbb3t20K3ga
18,spotify:track:6xGruZOHLs39ZbVccQTuPZ
19,spotify:track:1ei3hzQmrgealgRKFxIcWn
20,spotify:track:54ipXppHLA8U4yqpOFTUhr
21,spotify:track:1WCEAGGRD066z2Q89ObXTq
22,spotify:track:4h9wh7iOZ0GGn8QVp4RAOB
23,spotify:track:58HvfVOeJY7lUuCqF0m3ly
24,spotify:track:7mgPjcjjGwGx5kRDMH7Kkz
25,spotify:track:18asYwWugKjjsihZ0YvRxO
26,spotify:track:50nfwKoDiSYg8zOCREWAm5
27,spotify:track:2B4GHvToeLTOBB4QLzW3Ni
28,spotify:track:7AVHDeAjfn0zfMnYRhp0oI
29,spotify:track:2KukL7UlQ8TdvpaA7bY3ZJ
30,spotify:track:1T3fp4AZDhBeQSESi6LO8k
31,spotify:track:7jtQIBanIiJOMS6RyCx6jZ
32,spotify:track:5PjdY0CKGZdEuoNab3yDmX
33,spotify:track:1qEmFfgcLObUfQm0j1W2CK
34,spotify:track:1c2hJSwcCfoPEw1su83Sw0
35,spotify:track:5QJoojtfYodIvWSfpeCcHh
36,spotify:track:3rmo8F54jFF8OgYsqTxm5d
37,spotify:track:20on25jryn53hWghthWWW3
38,spotify:track:1cgy2FSOQMbq7DHCVgMAUA
39,spotify:track:4RVPmkIVvzcWF27zfn3sap
40,spotify:track:2USlegnFJLrVLpoVfPimKB
41,spotify:track:0QPRDC97rIQB3Jh3hrVJoH
42,spotify:track:3Oww84xrmgjyr5J1ilOmAf
43,spotify:track:63JrADDfrcjOaI6lyVkN3c
44,spotify:track:6Y46tOTRhkBamosyuWa6YX
45,spotify:track:3im90dPSC5z1PYJ305kgSy
46,spotify:track:6aZPMuJetqwKQCPClCNgd3
47,spotify:track:4h4QlmocP3IuwYEj2j14p8
48,spotify:track:48BdA5qBxXVoe59xvu0bwc
49,spotify:track:4N5s8lPTsjI9EGP7K4SXzB
50,spotify:track:0wHFktze2PHC5jDt3B17DC
51,spotify:track:1bgKMxPQU7JIZEhNsM1vFs
52,spotify:track:6PrB4KpvuoYWtwjPC5a44S
53,spotify:track:5YbPxJwPfrj7uswNwoF1pJ
54,spotify:track:7ef4DlsgrMEH11cDZd32M6
55,spotify:track:75UUG6x5zQe0gCVOiQpa6X
56,spotify:track:5VOBsfdn1wlCwuuw7pKgU3
57,spotify:track:4hJhHbkhZFnxmWbAkZRoe0
58,spotify:track:4fouWK6XVHhzl78KzQ1UjL
59,spotify:track:7eb7JIRN6HKpedFSDGd4yI
60,spotify:track:6jcfITWcR5egvbD4fsGayr
61,spotify:track:46vfSYsDJZaNQcD4YvT8GD
62,spotify:track:3CIyK1V4JEJkg02E4EJnDl
63,spotify:track:0VjIjW4GlUZAMYd2vXMi3b
64,spotify:track:7MIhUdNJtaOnDmC5nBC1fb
65,spotify:track:3ElGRG3DqSzzkh1b2wnbzf
66,spotify:track:5h9OvsTeNydBaZp7swQubV
67,spotify:track:2toEys3zZ8rRB242Na7FZh
68,spotify:track:2wXS2IXCyBX0WL76LLYT31
69,spotify:track:1CsuHmKOfCYxPoO4xjlAWV
70,spotify:track:6kwmp0U8M1tPvgPHqvbwsr
71,spotify:track:3Z7CaxQkqbIs1rewKi6v4W
72,spotify:track:7l9IqDtVWJurTvkQHq1BGh
73,spotify:track:6UelLqGlWMcVH1E5c4H7lY
74,spotify:track:1bwhDrXcAtqePp8mNJ0pTe
75,spotify:track:3fgEIHsl6ecyAK1rpAxBIY
76,spotify:track:0e8nrvls4Qqv5Rfa2UhqmO
77,spotify:track:6lZ5p6VTbZ2ZvnsdTlLv7I
78,spotify:track:2DgdHcjWmO3qd50RzuBLgZ
79,spotify:track:22skzmqfdWrjJylampe0kt
80,spotify:track:4GmRnc9J8GBBkVHUtihE3Z
81,spotify:track:4VgSGm7CroAlCCt9GKQ75Z
82,spotify:track:717QGTmZdkemDaCo1vQHG0
83,spotify:track:6KNw3UKRp3QRsO7Cf4ASVE
84,spotify:track:2MuWTIM3b0YEAskbeeFE1i
85,spotify:track:5Z9KJZvQzH6PFmb8SNkxuk
86,spotify:track:4wn7cO2iHlWueXGDd4gH9g
87,spotify:track:0nrRP2bk19rLc0orkWPQk2
88,spotify:track:6GomT970rCOkKAyyrwJeZi
89,spotify:track:4cG7HUWYHBV6R6tHn1gxrl
90,spotify:track:2Xr1dTzJee307rmrkt8c0g
91,spotify:track:79JuksO8bRLKojdLSArnvL
92,spotify:track:3Wrjm47oTz2sjIgck11l5e
93,spotify:track:6OufwUcCqo81guU2jAlDVP
94,spotify:track:1YR7VB3xx85Iad2n3soyMb
95,spotify:track:2VxeLyX666F8uXCJ0dZF8B
96,spotify:track:6phZ9iQDWrB11ZPRjNDdNS
97,spotify:track:6Uj1ctrBOjOas8xZXGqKk4
98,spotify:track:0oiv4E896TUTTeQU0cmIui
99,spotify:track:4ZtFanR9U6ndgddUvNcjcG
100,spotify:track:7uQ7e7nzbtyX87eIYHpj6Z
101,spotify:track:5Af1VRUzcHNgl1EIdCV8ll
102,spotify:track:3nEHrvNNtgLv9rneTAYVr4
103,spotify:track:6HTJgY7iWWlVLSDHsfHePf
104,spotify:track:46IZ0fSY2mpAiktS3KOqds
105,spotify:track:7yq4Qj7cqayVTp3FF9CWbm
106,spotify:track:4kLLWz7srcuLKA7Et40PQR
107,spotify:track:4NMkT5dgzOk7xhcNe9lsGs
108,spotify:track:3F5CgOj3wFlRv51JsHbxhe
109,spotify:track:2N8m6CYs74qQO4mjVcXO30
110,spotify:track:0sb8ClU3CLoNblxkpmOKzA
111,spotify:track:6f3Slt0GbA2bPZlz0aIFXN
112,spotify:track:1NFgyfNYN7ZlVeS0TUbCna
113,spotify:track:4u7EnebtmKWzUH433cf5Qv
114,spotify:track:0F51ZGp1APMEGmCgmG8Qwo
115,spotify:track:1DIXPcTDzTj8ZMHt3PDt8p
116,spotify:track:2374M0fQpWi3dLnB54qaLX
117,spotify:track:2rurDawMfoKP4uHyb2kJBt
118,spotify:track:5cqLFudVQryezmVFmmyRJN
119,spotify:track:3yMC1KsTwh0ceXdIe4QQAQ
120,spotify:track:5DhLsu431rudt8PENvUDao
121,spotify:track:7fYRg3CEbk6rNCuzNzMT06
122,spotify:track:1qqSQhDwPXl8WY0Fxx9kIt
123,spotify:track:2uAgZ0PelSImQe3BME9CiT
124,spotify:track:2a1o6ZejUi8U3wzzOtCOYw
125,spotify:track:04zzaZmF7rn0AkvOTiYhHy
126,spotify:track:5R7KyW1qVi1CHzZiB4ALFs
127,spotify:track:3gAEAmxdP1GIjgQ3Zud2mE
128,spotify:track:5r43qanLhUCdBj8HN3fa6B
129,spotify:track:3wfQEIvOfeVkXgGZogK3gL
130,spotify:track:2tnVG71enUj33Ic2nFN6kZ
131,spotify:track:0pqnGHJpmpxLKifKRmU6WP
132,spotify:track:5QowMIujytktMDC8pktNXH
133,spotify:track:7qEHsqek33rTcFNT9PFqLf
134,spotify:track:003vvx7Niy0yvhvHt4a68B
135,spotify:track:2fuWIFyY452wmNOoT32EB8
136,spotify:track:5S12Ds2RswM2ITC0u1J01f
137,spotify:track:7qiZfU4dY1lWllzX7mPBI3
138,spotify:track:40SBS57su9xLiE1WqkXOVr
139,spotify:track:4UyVCLbNG8yhrqbzeSmdho
140,spotify:track:3I10tZ5MgEMo4WryCNJkZQ
141,spotify:track:2prnn41CblB8B4yWACDljP
142,spotify:track:2glGP8kEfACgJdZ86kWxhN
143,spotify:track:1BkY0N8ChFk2mdLbAUu8ZK
144,spotify:track:10xV5l9nhLvFpR8mqzs0bL
145,spotify:track:3F1P0QzdXtBz0MXy7KIO5w
146,spotify:track:1oXn8nhl44cH6HXqGQnOgY
147,spotify:track:0u2P5u6lvoDfwTYjAADbn4
148,spotify:track:0gucTLf7trAf37Ua1uAyAu
149,spotify:track:37Tmv4NnfQeb0ZgUC4fOJj
150,spotify:track:5wANPM4fQCJwkGd4rN57mH
151,spotify:track:5YaskwnGDZFDRipaqzbwQx
152,spotify:track:46HNZY1i7O6jwTA7Slo2PI
153,spotify:track:5sUnlCbWGNNp5igjk3vwIY
154,spotify:track:5nujrmhLynf4yMoMtj8AQF
155,spotify:track:6I3mqTwhRpn34SLVafSH7G
156,spotify:track:1TksL7PBmYxefJYTBrnSE6
157,spotify:track:5owNO5tgoUtH8gETM9fjHi
158,spotify:track:0JpEMzTHbt2zBIXrntrXzG
159,spotify:track:2ewjMyCbNv2X1dB2qIDCwD
160,spotify:track:5T8EDUDqKcs6OSOwEsfqG7
161,spotify:track:7lJ7lEntxkNUrbDN9giLmB
162,spotify:track:1mea3bSkSGXuIRvnydlB5b
163,spotify:track:3GSdYoWnrEFwWeiO8ediDe
164,spotify:track:0mBP9X2gPCuapvpZ7TGDk3
165,spotify:track:1JSTJqkT5qHq8MDJnJbRE1
166,spotify:track:0U1W2LZVUX7qTm7dDpqxh6
167,spotify:track:5Z8Dj3LtbyCMiwE86rhg2f
168,spotify:track:1RF02Cf80mTaeNXG2P2boR
169,spotify:track:1cgRpYVOkYnxomkDpYLyba
170,spotify:track:2GYHyAoLWpkxLVa4oYTVko
171,spotify:track:3Mcxi78U3lCjt8DMKa6YY4
172,spotify:track:44JSreJxvgl3CxLo5MoQL0
173,spotify:track:2QjOHCTQ1Jl3zawyYOpxh6
174,spotify:track:2WfaOiMkCvy7F5fcp2zZ8L
175,spotify:track:6Dy1jexKYriXAVG6evyUTJ
176,spotify:track:5Vrrxddu2CDh1wfysRPZJZ
177,spotify:track:1jDJFeK9x3OZboIAHsY9k2
178,spotify:track:5lfWrciYtohtIMVDVZd0Rf
179,spotify:track:3Ucr6hQQuY8cZ0UqXV8uO2
180,spotify:track:1stcTlLCa16GvgKtzelN7U
181,spotify:track:1F80MEkZA9yTlpMQp9dhht
182,spotify:track:6b37xrsNCWYIUphFBazqD6
183,spotify:track:1SOClUWhOi8vHZYMz3GluK
184,spotify:track:0zLCBJZSiELJf02ucPP9wb
185,spotify:track:2tpWsVSb9UEmDRxAl1zhX1
186,spotify:track:4IbDTrLxImTJfZePAX2nKB
187,spotify:track:6cx06DFPPHchuUAcTxznu9
188,spotify:track:6A3SB2C4U6JtCavQOXLYNN
189,spotify:track:1v7L65Lzy0j0vdpRjJewt1
190,spotify:track:4vHy2IHzf3EabEa7oMpUZB
191,spotify:track:1SC5rEoYDGUK4NfG82494W
192,spotify:track:0w6lsLBvhtGcqMYA7MB7r6
193,spotify:track:1LIvdWNdKmHvU0FJvw2diN
194,spotify:track:3eJH2nAjvNXdmPfBkALiPZ
195,spotify:track:6YUTL4dYpB9xZO5qExPf05
196,spotify:track:3FkeNbs9Zeiqkr3WkbOiGp
197,spotify:track:0iqk44gA8PaId0Fwa6eesN
198,spotify:track:5QO79kh1waicV47BqGRL3g
199,spotify:track:5qqabIl2vWzo9ApSC317sa
