,uri
0,spotify:track:4fouWK6XVHhzl78KzQ1UjL
1,spotify:track:0Dfyjnusld4dFOUl91gf0z
2,spotify:track:02MWAaffLxlfxAUY7c5dvx
3,spotify:track:3uUuGVFu1V7jTQL60S1r8z
4,spotify:track:1r9xUipOqoNwggBpENDsvJ
5,spotify:track:50nfwKoDiSYg8zOCREWAm5
6,spotify:track:7rglLriMNBPAyuJOMGwi39
7,spotify:track:7AVyve7cFYTd51ha5i9kE2
8,spotify:track:2xFMvrqk99biaLQavjufta
9,spotify:track:5PjdY0CKGZdEuoNab3yDmX
10,spotify:track:20on25jryn53hWghthWWW3
11,spotify:track:5S9Zs5g9lTWnLIboN1pdlU
12,spotify:track:46IZ0fSY2mpAiktS3KOqds
13,spotify:track:5Z9KJZvQzH6PFmb8SNkxuk
14,spotify:track:5aoj3AXkJ7K2h5r8mmD6FS
15,spotify:track:1S4Ehm8b7O4n9lIy3uAMS1
16,spotify:track:2B4GHvToeLTOBB4QLzW3Ni
17,spotify:track:3eJH2nAjvNXdmPfBkALiPZ
18,spotify:track:1SOClUWhOi8vHZYMz3GluK
19,spotify:track:2FQRZLR31e3423Nmrgv0Pv
20,spotify:track:2Oi1IJ6JEUX1aya9VUAA1Z
21,spotify:track:3rmo8F54jFF8OgYsqTxm5d
22,spotify:track:0e8nrvls4Qqv5Rfa2UhqmO
23,spotify:track:0RSZ8EmUPEN3ySfCgytPke
24,spotify:track:0hYFc3HSZHDaDzquLVRwBH
25,spotify:track:0BtIXZTbb0cczvMEvZILDJ
26,spotify:track:6fuO9uk9wbjCHvQJqk2Qpx
27,spotify:track:0pA0BVXTONNqSldC9FdiaU
28,spotify:track:2KnLkZ3z7PO3kgVGHGqDpD
29,spotify:track:1nH2PkJL1XoUq8oE6tBZoU
30,spotify:track:4ZtFanR9U6ndgddUvNcjcG
31,spotify:track:18asYwWugKjjsihZ0YvRxO
32,spotify:track:2gQPv5jvVPqU2a9HhMNO1v
33,spotify:track:2K7xn816oNHJZ0aVqdQsha
34,spotify:track:2H7jZg2HliuQhZjfBblLrZ
35,spotify:track:11sK6e6vCnbIznpH3NfIFA
36,spotify:track:2USlegnFJLrVLpoVfPimKB
37,spotify:track:46HNZY1i7O6jwTA7Slo2PI
38,spotify:track:1ID9Iour6yMUsUccV9JxyS
39,spotify:track:0FKw2vfEDxDuRisr4kU8Ok
40,spotify:track:2QjOHCTQ1Jl3zawyYOpxh6
41,spotify:track:7jtQIBanIiJOMS6RyCx6jZ
42,spotify:track:0lQ2obtzmAsJu9xk3D6FqH
43,spotify:track:3Wrjm47oTz2sjIgck11l5e
44,spotify:track:4cG7HUWYHBV6R6tHn1gxrl
45,spotify:track:0JNPCThIHsG8zphORbTR16
46,spotify:track:0VjIjW4GlUZAMYd2vXMi3b
47,spotify:track:3ZDXLSUZpKx8pspNBOdVr5
48,spotify:track:6gPPoRYJwCsoB2VVdPJfmo
49,spotify:track:6OufwUcCqo81guU2jAlDVP
50,spotify:track:1SC5rEoYDGUK4NfG82494W
51,spotify:track:1h3d2lvISrSIV6fS89U51S
52,spotify:track:0iW7kcRCbGZrgHeCENon1x
53,spotify:track:1sa59Q9urE82MD3ELi44HN
54,spotify:track:3nOz1U41SZZ0N3fuUWr9nb
55,spotify:track:52xJxFP6TqMuO4Yt0eOkMz
56,spotify:track:0uQbTk0GFM9PxE0rN1UWZb
57,spotify:track:5STeQZH1Ahz3h0X9Njaij7
58,spotify:track:35iR1qzexmbcUSgA01S4gI
59,spotify:track:27XMmSWSOXJ7eVb40tH93T
60,spotify:track:6I36pBjiMiLQLF4cRMdtZ0
61,spotify:track:2hBkoDhuGk2AtSCprEFDFP
62,spotify:track:6Uj1ctrBOjOas8xZXGqKk4
63,spotify:track:5FsV0biZgb8tmQtau5LxKz
64,spotify:track:5aYQ6eeE2qIDI4Nkp3P4DP
65,spotify:track:2Ghp894n1laIf2w98VeAOJ
66,spotify:track:58HvfVOeJY7lUuCqF0m3ly
67,spotify:track:0JpEMzTHbt2zBIXrntrXzG
68,spotify:track:0mL82sxCRjrs3br407IdJh
69,spotify:track:01I8aPBUJIMzCtHsCVvmq5
70,spotify:track:2gpWyfu7eZ01zzncHpxOtA
71,spotify:track:05Mp2UJulSttxQ4E6hQPH3
72,spotify:track:5F3sqL2deoeV2kr8Vn9H4V
73,spotify:track:3KyKxJ4P3pVCgaZwaq2rUC
74,spotify:track:5Ts1DYOuouQLgzTaisxWYh
75,spotify:track:5JBtWpLoGO62gb5vax505b
76,spotify:track:6Dy1jexKYriXAVG6evyUTJ
77,spotify:track:3iw6V4LH7yPj1ESORX9RIN
78,spotify:track:7lQ8MOhq6IN2w8EYcFNSUk
79,spotify:track:22skzmqfdWrjJylampe0kt
80,spotify:track:2Xr1dTzJee307rmrkt8c0g
81,spotify:track:4pt5fDVTg5GhEvEtlz9dKk
82,spotify:track:1F80MEkZA9yTlpMQp9dhht
83,spotify:track:5wANPM4fQCJwkGd4rN57mH
84,spotify:track:531n3dMqe9gewmw1n18iXl
85,spotify:track:6f3Slt0GbA2bPZlz0aIFXN
86,spotify:track:4c1TXKNAh4yb5cb0zE3x1X
87,spotify:track:2iGBtxtGTwomOhHoHptFSl
88,spotify:track:2SLwbpExuoBDZBpjfefCtV
89,spotify:track:62ke5zFUJN6RvtXZgVH0F8
90,spotify:track:4RVwu0g32PAqgUiJoXsdF8
91,spotify:track:2vgUijXOTRMnWXDtvgMp2b
92,spotify:track:5ZRBKoqwnYnH2QfVlf4bWH
93,spotify:track:1vUOJpWc091SBYULNvz9mp
94,spotify:track:0b18g3G5spr4ZCkz7Y6Q0Q
95,spotify:track:2vXKRlJBXyOcvZYTdNeckS
96,spotify:track:3yfqSUWxFvZELEM4PmlwIR
97,spotify:track:4XvcHTUfIlWfyJTRG0aqlo
98,spotify:track:2PDM9Byxz5crB2IXuh2Oal
99,spotify:track:6hw1Sy9wZ8UCxYGdpKrU6M
100,spotify:track:4jPy3l0RUwlUI9T5XHBW2m
101,spotify:track:4rPkN1FMzQyFNP9cLUGIIB
102,spotify:track:2D4dV2KXDTszzJ3p3cFqhA
103,spotify:track:6KL88T4Ma4ABXqzgUoEwkd
104,spotify:track:6I3mqTwhRpn34SLVafSH7G
105,spotify:track:2eAvDnpXP5W0cVtiI0PUxV
106,spotify:track:6cx06DFPPHchuUAcTxznu9
107,spotify:track:1E5Xu8dur0fAjSP1VpVhAZ
108,spotify:track:7yq4Qj7cqayVTp3FF9CWbm
109,spotify:track:7hU3IHwjX150XLoTVmjD0q
110,spotify:track:4bJygwUKrRgq1stlNXcgMg
111,spotify:track:5QO79kh1waicV47BqGRL3g
112,spotify:track:1CeqWLMh3P8Gf6zLlZRzPX
113,spotify:track:6krYS8KtmNAYyb5uTZiYW4
114,spotify:track:1DIXPcTDzTj8ZMHt3PDt8p
115,spotify:track:6K0zn6YFD9HxmriRCKLZZn
116,spotify:track:6VcBDMF2ykm5HDcJMVLRZW
117,spotify:track:5nujrmhLynf4yMoMtj8AQF
118,spotify:track:3Iba59sFmGhQ4kbCY5L8AX
119,spotify:track:4bnutybG1itDcpyoQo2Uoc
120,spotify:track:4UOXo3xWnxYdTf3sFyRaUG
121,spotify:track:003vvx7Niy0yvhvHt4a68B
122,spotify:track:3LnpBazWpD31QMTn6LgVGv
123,spotify:track:5XbA7TAqsD0fj0dGBrbb0D
124,spotify:track:4xkOaSrkexMciUUogZKVTS
125,spotify:track:4qu63nuBpdn0qHUHuObEj1
126,spotify:track:3DarAbFujv6eYNliUTyqtz
127,spotify:track:34tKBUUl8bAeqex8i82Z0L
128,spotify:track:1umWYzhtxWxlVvnvfWLbT4
129,spotify:track:5A5bLKdL5I3k3FTEQlAUw7
130,spotify:track:7gbeLcFJ6ASedwjTafvbkF
131,spotify:track:4kLLWz7srcuLKA7Et40PQR
132,spotify:track:00Blm7zeNqgYLPtW6zg8cj
133,spotify:track:1BHgWnOYgtAHhMZU73co1D
134,spotify:track:6a3kNt1UlUOapDKmEr3JzZ
135,spotify:track:1NhjYYcYTRywc0di98xHxf
136,spotify:track:6sBBIrcVUvyDle474hKBVS
137,spotify:track:2tpWsVSb9UEmDRxAl1zhX1
138,spotify:track:46OCZYetGZYSxpKRJ8epzp
139,spotify:track:79lc69ZXfL4WmJIzVSDmWT
140,spotify:track:0eu4C55hL6x29mmeAjytzC
141,spotify:track:6KKEjDiimNHEHRixna4Dtt
142,spotify:track:2qpZjutAe3pstQsjwSXQb4
143,spotify:track:6BoXckigjvnIAZVQV6lELq
144,spotify:track:07MDkzWARZaLEdKxo6yArG
145,spotify:track:30bqVoKjX479ab90a8Pafp
146,spotify:track:0XnJQn8RpMHeoaBOY5zR31
147,spotify:track:7qEHsqek33rTcFNT9PFqLf
148,spotify:track:4SqWKzw0CbA05TGszDgMlc
149,spotify:track:6jnR8dYSsKNqj1lVVFT5R0
150,spotify:track:760jhRscwGbIIe1m1IIQpU
151,spotify:track:6zzdyvVWjGrQBraSvuqJPY
152,spotify:track:285pBltuF7vW8TeWk8hdRR
153,spotify:track:46lyJh9GYmWsHez3EsvmAx
154,spotify:track:45bE4HXI0AwGZXfZtMp8JR
155,spotify:track:5Z7J2Au61uO7K1ZPNG1eTv
156,spotify:track:2ez3Jmw9dFAJEGX1naEqBg
157,spotify:track:3N0KdzIP3kDCm4SPSIl7CT
158,spotify:track:3Vi5XqYrmQgOYBajMWSvCi
159,spotify:track:1xIqDFx3KdByBnKMlTECcM
160,spotify:track:0xfMlIW8lS40qvpsUw1l0X
161,spotify:track:7EkWXAI1wn8Ii883ecd9xr
162,spotify:track:0gucTLf7trAf37Ua1uAyAu
163,spotify:track:6E90gq0KO6FYZVOXx8kCcC
164,spotify:track:2pPO9YecZimmuVQfIzfV6U
165,spotify:track:5YaskwnGDZFDRipaqzbwQx
166,spotify:track:70HHMfpi4u785uVJRlPw9p
167,spotify:track:4lLtanYk6tkMvooU0tWzG8
168,spotify:track:5ewhpp17f3pUSx9xCwC6b1
169,spotify:track:3CL0eXel8usNNSCQ6OT7KJ
170,spotify:track:60a0Rd6pjrkxjPbaKzXjfq
171,spotify:track:4bHsxqR3GMrXTxEPLuK5ue
172,spotify:track:1V7bZ9gEIwFQpm8yGxRHNA
173,spotify:track:5r43qanLhUCdBj8HN3fa6B
174,spotify:track:0Xh6R6XLoTDRBYriQRgkHj
175,spotify:track:0J7oHYxjF6Oln61wy0kP2i
176,spotify:track:4btFHqumCO31GksfuBLLv3
177,spotify:track:5cBLBXhU9sf6kGvb2Dv2cl
178,spotify:track:1EQFOouqdKYdpbNoOHRVO2
179,spotify:track:5NORWMFC27ywGSZxi8uquP
180,spotify:track:37BZB0z9T8Xu7U3e65qxFy
181,spotify:track:7hxHWCCAIIxFLCzvDgnQHX
182,spotify:track:2VxeLyX666F8uXCJ0dZF8B
183,spotify:track:1v7L65Lzy0j0vdpRjJewt1
184,spotify:track:2dWNKXTs5z7Iu1g0kYh4Xe
185,spotify:track:6FE2iI43OZnszFLuLtvvmg
186,spotify:track:6Hj9jySrnFppAI0sEMCZpJ
187,spotify:track:0u2P5u6lvoDfwTYjAADbn4
188,spotify:track:5CqkgDH8QZjSqqI3HmYxDD
189,spotify:track:0ct6r3EGTcMLPtrXHDvVjc
190,spotify:track:48USW4aYqrylYWJmFPbC8A
191,spotify:track:0nrRP2bk19rLc0orkWPQk2
192,spotify:track:3rIl1xa1Bzsp5zMkd0CT2Z
193,spotify:track:3Kkjo3cT83cw09VJyrLNwX
194,spotify:track:1J14CdDAvBTE1AJYUOwl6C
195,spotify:track:5GxUKIEkMXXZo1Tif0IzfC
196,spotify:track:2f0pn9DkEJwAzXApnFh5cr
197,spotify:track:6UelLqGlWMcVH1E5c4H7lY
198,spotify:track:2swRdG3vAk5bYBR3oSf1cg
199,spotify:track:5E30LdtzQTGqRvNd7l6kG5
