,uri
0,spotify:track:6lgIi3ixBsr4cMt3r19yX9
1,spotify:track:4fouWK6XVHhzl78KzQ1UjL
2,spotify:track:02MWAaffLxlfxAUY7c5dvx
3,spotify:track:7bp3zmEvpHLa0h32nhDUkB
4,spotify:track:2USlegnFJLrVLpoVfPimKB
5,spotify:track:3uUuGVFu1V7jTQL60S1r8z
6,spotify:track:1HhNoOuqm1a5MXYEgAFl8o
7,spotify:track:18asYwWugKjjsihZ0YvRxO
8,spotify:track:50nfwKoDiSYg8zOCREWAm5
9,spotify:track:2B4GHvToeLTOBB4QLzW3Ni
10,spotify:track:1YR7VB3xx85Iad2n3soyMb
11,spotify:track:20on25jryn53hWghthWWW3
12,spotify:track:63JrADDfrcjOaI6lyVkN3c
13,spotify:track:5PjdY0CKGZdEuoNab3yDmX
14,spotify:track:7rglLriMNBPAyuJOMGwi39
15,spotify:track:46IZ0fSY2mpAiktS3KOqds
16,spotify:track:1SOClUWhOi8vHZYMz3GluK
17,spotify:track:0e8nrvls4Qqv5Rfa2UhqmO
18,spotify:track:3gAEAmxdP1GIjgQ3Zud2mE
19,spotify:track:5Z9KJZvQzH6PFmb8SNkxuk
20,spotify:track:0iqk44gA8PaId0Fwa6eesN
21,spotify:track:6HTJgY7iWWlVLSDHsfHePf
22,spotify:track:3yMC1KsTwh0ceXdIe4QQAQ
23,spotify:track:4NMkT5dgzOk7xhcNe9lsGs
24,spotify:track:5vUnjhBzRJJIAOJPde6zDx
25,spotify:track:3vXnuFnC5RhPGwsFi0ORcI
26,spotify:track:3Oww84xrmgjyr5J1ilOmAf
27,spotify:track:3rmo8F54jFF8OgYsqTxm5d
28,spotify:track:2gpWyfu7eZ01zzncHpxOtA
29,spotify:track:5QJoojtfYodIvWSfpeCcHh
30,spotify:track:59CfNbkERJ3NoTXDvoURjj
31,spotify:track:0vNY7uNEG8El6doRdP21D5
32,spotify:track:6I3mqTwhRpn34SLVafSH7G
33,spotify:track:46HNZY1i7O6jwTA7Slo2PI
34,spotify:track:1UQFu4cgJDIcE7zoBPHwY4
35,spotify:track:0IuVhCflrQPMGRrOyoY5RW
36,spotify:track:7lP1zUASWfS5TLBdQDj3DA
37,spotify:track:1nH2PkJL1XoUq8oE6tBZoU
38,spotify:track:2KnLkZ3z7PO3kgVGHGqDpD
39,spotify:track:135Lf4Q0CzlMNfOxbEUsLH
40,spotify:track:2Xr1dTzJee307rmrkt8c0g
41,spotify:track:6Uj1ctrBOjOas8xZXGqKk4
42,spotify:track:4ZtFanR9U6ndgddUvNcjcG
43,spotify:track:7jtQIBanIiJOMS6RyCx6jZ
44,spotify:track:3Kkjo3cT83cw09VJyrLNwX
45,spotify:track:52xJxFP6TqMuO4Yt0eOkMz
46,spotify:track:58HvfVOeJY7lUuCqF0m3ly
47,spotify:track:79JuksO8bRLKojdLSArnvL
48,spotify:track:4UODKxJsed18nmaqfw6LAC
49,spotify:track:5S12Ds2RswM2ITC0u1J01f
50,spotify:track:503OTo2dSqe7qk76rgsbep
51,spotify:track:46vfSYsDJZaNQcD4YvT8GD
52,spotify:track:1bwhDrXcAtqePp8mNJ0pTe
53,spotify:track:6OufwUcCqo81guU2jAlDVP
54,spotify:track:0VjIjW4GlUZAMYd2vXMi3b
55,spotify:track:0w6lsLBvhtGcqMYA7MB7r6
56,spotify:track:5ioieZofgvXQK70RFhVohl
57,spotify:track:3Wrjm47oTz2sjIgck11l5e
58,spotify:track:4cG7HUWYHBV6R6tHn1gxrl
59,spotify:track:7fWotHT92my4vLN713vFTa
60,spotify:track:0iVkWge9ytV4Scgy2hQ2za
61,spotify:track:22skzmqfdWrjJylampe0kt
62,spotify:track:3eJH2nAjvNXdmPfBkALiPZ
63,spotify:track:0xfMlIW8lS40qvpsUw1l0X
64,spotify:track:4btFHqumCO31GksfuBLLv3
65,spotify:track:1v7L65Lzy0j0vdpRjJewt1
66,spotify:track:6VOUfCrjmxH62oijWgbC6O
67,spotify:track:1SC5rEoYDGUK4NfG82494W
68,spotify:track:5wANPM4fQCJwkGd4rN57mH
69,spotify:track:2VxeLyX666F8uXCJ0dZF8B
70,spotify:track:1ZdhOMWyFR8Iv9eylMGYg2
71,spotify:track:6N1K5OVVCopBjGViHs2IvP
72,spotify:track:7lQ8MOhq6IN2w8EYcFNSUk
73,spotify:track:62UFeHhvgSjvEJ12Kwjc4p
74,spotify:track:6f3Slt0GbA2bPZlz0aIFXN
75,spotify:track:04zzaZmF7rn0AkvOTiYhHy
76,spotify:track:0u2P5u6lvoDfwTYjAADbn4
77,spotify:track:3yfqSUWxFvZELEM4PmlwIR
78,spotify:track:6dmXZ9B5HdFAyzHeTneYBK
79,spotify:track:0Kvkx0NcqsdYOhQzYfDuDZ
80,spotify:track:6feiJqgHqeSvkGUzf11AYs
81,spotify:track:7qEHsqek33rTcFNT9PFqLf
82,spotify:track:2QjOHCTQ1Jl3zawyYOpxh6
83,spotify:track:1DIXPcTDzTj8ZMHt3PDt8p
84,spotify:track:5jHfomwwBzN6rD2ByERafC
85,spotify:track:3mafhqH8nGsvyZTN86IEOc
86,spotify:track:4GmRnc9J8GBBkVHUtihE3Z
87,spotify:track:3XOalgusokruzA5ZBA2Qcb
88,spotify:track:6EtKlIQmGPB9SX8UjDJG5s
89,spotify:track:2K7xn816oNHJZ0aVqdQsha
90,spotify:track:5UlnuulVAVmmesw4VzqHdG
91,spotify:track:1xN6sq9RPSakAs4FlSsnhM
92,spotify:track:79nEEoEPY2w8EXj9hjn5oc
93,spotify:track:1bjhYUwKUHEg5fHknxFObO
94,spotify:track:2gQPv5jvVPqU2a9HhMNO1v
95,spotify:track:3AVXwaOGCEL8cmBecfcsFJ
96,spotify:track:6Emw7N6BUeyLQOB9E4GeMn
97,spotify:track:1F80MEkZA9yTlpMQp9dhht
98,spotify:track:4kLLWz7srcuLKA7Et40PQR
99,spotify:track:7iL6o9tox1zgHpKUfh9vuC
100,spotify:track:3nOz1U41SZZ0N3fuUWr9nb
101,spotify:track:2GYHyAoLWpkxLVa4oYTVko
102,spotify:track:5YoDQgB4j7oBHWXH3DcwFD
103,spotify:track:4RVwu0g32PAqgUiJoXsdF8
104,spotify:track:0JpEMzTHbt2zBIXrntrXzG
105,spotify:track:7yq4Qj7cqayVTp3FF9CWbm
106,spotify:track:1qVRInFwjQbipJdZeA7Kbn
107,spotify:track:2ewjMyCbNv2X1dB2qIDCwD
108,spotify:track:1pz6PTEHHrXWvkm6ktNUhm
109,spotify:track:6Dy1jexKYriXAVG6evyUTJ
110,spotify:track:6sutxiq0dIw77z0rCB3Ekk
111,spotify:track:2t16D9V5FmmRAJjsSpwvZf
112,spotify:track:5nujrmhLynf4yMoMtj8AQF
113,spotify:track:34dx8DACTJsc3rsJdaEIQw
114,spotify:track:10hMM5nsZQf66ldBlgWBfG
115,spotify:track:3U4isOIWM3VvDubwSI3y7a
116,spotify:track:2N8m6CYs74qQO4mjVcXO30
117,spotify:track:6tDA5289CCJ4S4wiZPMLuN
118,spotify:track:3F1P0QzdXtBz0MXy7KIO5w
119,spotify:track:66dGbMxzOVbhv2CwnfA3MJ
120,spotify:track:3UmaczJpikHgJFyBTAJVoz
121,spotify:track:1O1EqgvgRyj1ejZPUxI0UX
122,spotify:track:1cgRpYVOkYnxomkDpYLyba
123,spotify:track:717QGTmZdkemDaCo1vQHG0
124,spotify:track:2eAvDnpXP5W0cVtiI0PUxV
125,spotify:track:0pqnGHJpmpxLKifKRmU6WP
126,spotify:track:4IbDTrLxImTJfZePAX2nKB
127,spotify:track:6UelLqGlWMcVH1E5c4H7lY
128,spotify:track:5CZ40GBx1sQ9agT82CLQCT
129,spotify:track:1J14CdDAvBTE1AJYUOwl6C
130,spotify:track:6cx06DFPPHchuUAcTxznu9
131,spotify:track:4pt5fDVTg5GhEvEtlz9dKk
132,spotify:track:5902W4uHWzhtOff1UK7the
133,spotify:track:0gLFuoDun2yzBp67btvQU3
134,spotify:track:5QO79kh1waicV47BqGRL3g
135,spotify:track:6potEImiklXkwD9qFzpu15
136,spotify:track:4PYfFHKfjYz6dwAtZhBy1z
137,spotify:track:6GCre1ICOJlP3AQNuOS3oe
138,spotify:track:2gMXnyrvIjhVBUZwvLZDMP
139,spotify:track:6IAZHEBUIGJ6NJKxxOBIEr
140,spotify:track:0gucTLf7trAf37Ua1uAyAu
141,spotify:track:4hJhHbkhZFnxmWbAkZRoe0
142,spotify:track:0nrRP2bk19rLc0orkWPQk2
143,spotify:track:4SqWKzw0CbA05TGszDgMlc
144,spotify:track:0V5cvmTKsYmF5FmGGEAfmS
145,spotify:track:4jPy3l0RUwlUI9T5XHBW2m
146,spotify:track:4xkOaSrkexMciUUogZKVTS
147,spotify:track:7DFNE7NO0raLIUbgzY2rzm
148,spotify:track:50xUHMCmsbBOp6aaihNYyg
149,spotify:track:07MDkzWARZaLEdKxo6yArG
150,spotify:track:13UfB1tm7QYrhtW8FhPYmW
151,spotify:track:4u7EnebtmKWzUH433cf5Qv
152,spotify:track:2tpWsVSb9UEmDRxAl1zhX1
153,spotify:track:003vvx7Niy0yvhvHt4a68B
154,spotify:track:4LwU4Vp6od3Sb08CsP99GC
155,spotify:track:6KL88T4Ma4ABXqzgUoEwkd
156,spotify:track:45bE4HXI0AwGZXfZtMp8JR
157,spotify:track:1MkN8pZzDBf1b2uzfYVOQp
158,spotify:track:4vHy2IHzf3EabEa7oMpUZB
159,spotify:track:6UlSVbJrj3wsyxjGM4KPAv
160,spotify:track:2igwFfvr1OAGX9SKDCPBwO
161,spotify:track:2374M0fQpWi3dLnB54qaLX
162,spotify:track:79s5XnCN4TJKTVMSmOx8Ep
163,spotify:track:3dYD57lRAUcMHufyqn9GcI
164,spotify:track:37BZB0z9T8Xu7U3e65qxFy
165,spotify:track:60a0Rd6pjrkxjPbaKzXjfq
166,spotify:track:37Tmv4NnfQeb0ZgUC4fOJj
167,spotify:track:6CyIkPh5mRkJg7T5xXynQ8
168,spotify:track:5qqabIl2vWzo9ApSC317sa
169,spotify:track:5LibBRN1juZ7RiUR0e2Hax
170,spotify:track:3DarAbFujv6eYNliUTyqtz
171,spotify:track:5Z8Dj3LtbyCMiwE86rhg2f
172,spotify:track:3Vi5XqYrmQgOYBajMWSvCi
173,spotify:track:5lkpeJwmQKgY3bX2zChjxX
174,spotify:track:4XvcHTUfIlWfyJTRG0aqlo
175,spotify:track:0ofHAoxe9vBkTCp2UQIavz
176,spotify:track:2f0pn9DkEJwAzXApnFh5cr
177,spotify:track:7qiZfU4dY1lWllzX7mPBI3
178,spotify:track:0Jh6iWjna1wk5le0Ahn7No
179,spotify:track:0ct6r3EGTcMLPtrXHDvVjc
180,spotify:track:6aZPMuJetqwKQCPClCNgd3
181,spotify:track:1mea3bSkSGXuIRvnydlB5b
182,spotify:track:5YaskwnGDZFDRipaqzbwQx
183,spotify:track:5T8EDUDqKcs6OSOwEsfqG7
184,spotify:track:1jDJFeK9x3OZboIAHsY9k2
185,spotify:track:03y045SZqaC94yfXl1cU4E
186,spotify:track:4rPkN1FMzQyFNP9cLUGIIB
187,spotify:track:0b18g3G5spr4ZCkz7Y6Q0Q
188,spotify:track:0UKUfxIkDAMZz7hMdiVX3m
189,spotify:track:5g7sDjBhZ4I3gcFIpkrLuI
190,spotify:track:7wBrglFVTNCcW6IhdgBkm1
191,spotify:track:3gbBpTdY8lnQwqxNCcf795
192,spotify:track:4huBDGP4I3S0pYI0EaRN1c
193,spotify:track:6K5ph5mq1qprHae3TrgTj5
194,spotify:track:2yPoXCs7BSIUrucMdK5PzV
195,spotify:track:3Iba59sFmGhQ4kbCY5L8AX
196,spotify:track:5r43qanLhUCdBj8HN3fa6B
197,spotify:track:3iabh1D7hKB9a81EfvxBat
198,spotify:track:1XGmzt0PVuFgQYYnV2It7A
199,spotify:track:4iJyoBOLtHqaGxP12qzhQI
