,uri
0,spotify:track:3nqQXoyQOWXiESFLlDF1hG
1,spotify:track:1Oxshg4204lRdcogzvdP4x
2,spotify:track:4uUG5RXrOk84mYEfFvj3cK
3,spotify:track:56dILgPraSNLKcd89hxXaq
4,spotify:track:7DnAm9FOTWE3cUvso43HhI
5,spotify:track:2yjlYDiNiQkdxVqTlaSrlX
6,spotify:track:5qX0V96jKJ6zC8UImlXKmO
7,spotify:track:5IgjP7X4th6nMNDh4akUHb
8,spotify:track:0V3wPSX9ygBnCm8psDIegu
9,spotify:track:6UyMkM4523bYKwHIIrfuJu
10,spotify:track:561jH07mF1jHuk7KlaeF0s
11,spotify:track:2z0cwGTvP2Dqx5p2Ia0c9U
12,spotify:track:6eOG7lOgVEWKqhWFRL2O4j
13,spotify:track:4mzILuYOfli6QWsPdc9iCS
14,spotify:track:23HAp6WM0phD5RqDyxtr6b
15,spotify:track:6qyS9qBy0mEk3qYaH8mPss
16,spotify:track:4h9wh7iOZ0GGn8QVp4RAOB
17,spotify:track:4B4f0Jno4VnQA2a7R1kWgX
18,spotify:track:2QjOHCTQ1Jl3zawyYOpxh6
19,spotify:track:3bEbRxixvEVlEVIgvepXcg
20,spotify:track:6kN80cMcK1Gu1rJ82Xr6vt
21,spotify:track:35ovElsgyAtQwYPYnZJECg
22,spotify:track:4Dvkj6JhhA12EX05fT7y2e
23,spotify:track:04zqsdXIs6fCpvKgl0AYY7
24,spotify:track:54ipXppHLA8U4yqpOFTUhr
25,spotify:track:73vIOb4Q7YN6HeJTbscRx5
26,spotify:track:4sO11a54gXayms6GDyqKep
27,spotify:track:4zN21mbAuaD0WqtmaTZZeP
28,spotify:track:3FkA5BCzxB4SeQ7fSzUmJE
29,spotify:track:5XeFesFbtLpXzIVDNQP22n
30,spotify:track:1fTNb11PK6Ode6hx4bC8pl
31,spotify:track:16rryuFZpdvWzKllkUw0ri
32,spotify:track:1cKHdTo9u0ZymJdPGSh6nq
33,spotify:track:3bkd2gMPwfjBD9tRSrn7dU
34,spotify:track:4NQK5RwcwoQCjsMONIiXEo
35,spotify:track:5jQI2r1RdgtuT8S3iG8zFC
36,spotify:track:1xwAWUI6Dj0WGC3KiUPN0O
37,spotify:track:5yXmtupoVp0GSM1ENKciOX
38,spotify:track:7jtQIBanIiJOMS6RyCx6jZ
39,spotify:track:7MXVkk9YMctZqd1Srtv4MB
40,spotify:track:3rWDp9tBPQR9z6U5YyRSK4
41,spotify:track:7CW8Z1qou9zFwABZAv0Vui
42,spotify:track:1wtOxkiel43cVs0Yux5Q4h
43,spotify:track:4woTEX1wYOTGDqNXuavlRC
44,spotify:track:7KokYm8cMIXCsGVmUvKtqf
45,spotify:track:3eX0NZfLtGzoLUxPNvRfqm
46,spotify:track:4AOUyrWRXMuSRG3eTWxizo
47,spotify:track:38T0tPVZHcPZyhtOcCP7pF
48,spotify:track:7DbdUf8aHSYoliSjO6LZv6
49,spotify:track:3F5CgOj3wFlRv51JsHbxhe
50,spotify:track:2LBqCSwhJGcFQeTHMVGwy3
51,spotify:track:4DxgAA7IHwrmYDRzf0xvht
52,spotify:track:4cLi9bZRMvDITlmKdo6D2l
53,spotify:track:3LtpKP5abr2qqjunvjlX5i
54,spotify:track:4D7BCuvgdJlYvlX5WlN54t
55,spotify:track:0hquQWY3xvYqN4qtiquniF
56,spotify:track:3qoftcUZaUOncvIYjFSPdE
57,spotify:track:3EafBu8bBdhrkLe84OgnNZ
58,spotify:track:58HvfVOeJY7lUuCqF0m3ly
59,spotify:track:4z7cTjQGpdJzzKy4wEdAEX
60,spotify:track:09mEdoA6zrmBPgTEN5qXmN
61,spotify:track:13GRVUH2tL94b9yHCkLHRm
62,spotify:track:7lQ8MOhq6IN2w8EYcFNSUk
63,spotify:track:34ZAzO78a5DAVNrYIGWcPm
64,spotify:track:0WtM2NBVQNNJLh6scP13H8
65,spotify:track:1xK59OXxi2TAAAbmZK0kBL
66,spotify:track:3yfqSUWxFvZELEM4PmlwIR
67,spotify:track:5bYyQzaUSXpGGrJuGZfafd
68,spotify:track:58ge6dfP91o9oXMzq3XkIS
69,spotify:track:7sJNeWTXkZCEC7OnFMpGWL
70,spotify:track:3AXZZgreuwWgYX2IL3oGkA
71,spotify:track:5FVd6KXrgO9B3JPmC8OPst
72,spotify:track:772ARvmnEjryug7ce0lRAF
73,spotify:track:01kfSdF9zfcDLri5sSWEoL
74,spotify:track:3Ya6AUGGni7HPC5P9gh2bj
75,spotify:track:5Sk39LuvdwuvL84jD01Dum
76,spotify:track:2BfIkZJht4lBG73fqtsSxp
77,spotify:track:02MWAaffLxlfxAUY7c5dvx
78,spotify:track:086myS9r57YsLbJpU0TgK9
79,spotify:track:1DIXPcTDzTj8ZMHt3PDt8p
80,spotify:track:4Nkgkvf4AKvt6a3VXlyM0O
81,spotify:track:2vXKRlJBXyOcvZYTdNeckS
82,spotify:track:0u52MS7dNsEFTbAuwcgSKM
83,spotify:track:0VjIjW4GlUZAMYd2vXMi3b
84,spotify:track:1jmwXsqCLABS1RNUtcz7GC
85,spotify:track:0heeNYlwOGuUSe7TgUD27B
86,spotify:track:2ksyzVfU0WJoBpu8otr4pz
87,spotify:track:4k6Uh1HXdhtusDW5y8Gbvy
88,spotify:track:2K7xn816oNHJZ0aVqdQsha
89,spotify:track:5FkJHVudUByVjanCqFXRql
90,spotify:track:0JK0UF0VcZTNRkx5HhmQOV
91,spotify:track:7fBv7CLKzipRk6EC6TWHOB
92,spotify:track:5TXDeTFVRVY7Cvt0Dw4vWW
93,spotify:track:1xzi1Jcr7mEi9K2RfzLOqS
94,spotify:track:1jeH7hX7LylA16T7MosUO3
95,spotify:track:7gRFDGEzF9UkBV233yv2dc
96,spotify:track:2FBlCQ6UYQu1KHMBnruVul
97,spotify:track:7KpoCH5M4hSJSCTPdeKm2h
98,spotify:track:1Ame8XTX6QHY0l0ahqUhgv
99,spotify:track:6kl1QzJtnTgToGGxZWeTJw
100,spotify:track:0iUrxveyNUBfj0cqjYEijt
101,spotify:track:3rb0tMq42WfggucPm0HHkA
102,spotify:track:6o1w1oqUMiJI1Kp0s0ksRK
103,spotify:track:0QHEIqNKsMoOY5urbzN48u
104,spotify:track:0VO8gYVDSwM1Qdd2GsMoYK
105,spotify:track:3CIyK1V4JEJkg02E4EJnDl
106,spotify:track:5JwxdYpoZPJasiOjpmeeB0
107,spotify:track:27ZZdyTSQWI7Cug2d2PkqV
108,spotify:track:2RJAKIw6nIkgZVsAIKhmqz
109,spotify:track:3tAQNhm1o0kzldsI5QkrB1
110,spotify:track:79s5XnCN4TJKTVMSmOx8Ep
111,spotify:track:18y7QMqWhkkd1akp6FmXgA
112,spotify:track:5Zlb01Jcn0Ld49zazzZJSB
113,spotify:track:7FmYn9e7KHMXcxqGSj9LjH
114,spotify:track:42sQ9jc3NRDpxRvppjEtmA
115,spotify:track:5zwwW9Oq7ubSxoCGyW1nbY
116,spotify:track:5E30LdtzQTGqRvNd7l6kG5
117,spotify:track:5evJJmNenJJF04OBGEGgZc
118,spotify:track:17ebbiVJ3iAtqJ5TxdVzWm
119,spotify:track:5UnA7doBvFDdpKs90fp8dE
120,spotify:track:3gVhsZtseYtY1fMuyYq06F
121,spotify:track:4xkOaSrkexMciUUogZKVTS
122,spotify:track:2tqDS3gLLAPh66bSm8I32D
123,spotify:track:4vVjPTApwXZwB2H3mBq3ml
124,spotify:track:4fsQ0K37TOXa3hEQfjEic1
125,spotify:track:5thvwNPeyjFr3iKRGrxPuO
126,spotify:track:5gDWsRxpJ2lZAffh5p7K0w
127,spotify:track:4BGRK42GfRCw2Hoolpu1G7
128,spotify:track:4qkggtykkzl6qfuScsNmJk
129,spotify:track:2gTyfm5jrmTx4IH9K0CJk3
130,spotify:track:2kx5sQgmjYug0GiDh1a4sU
131,spotify:track:58b4WUBJM3IVzIDT2HEGe3
132,spotify:track:7kDgO7iBtdBhrx0X0esUrB
133,spotify:track:4EWCNWgDS8707fNSZ1oaA5
134,spotify:track:18asYwWugKjjsihZ0YvRxO
135,spotify:track:3uUuGVFu1V7jTQL60S1r8z
136,spotify:track:0A1JLUlkZkp2EFrosoNQi0
137,spotify:track:4FyesJzVpA39hbYvcseO2d
138,spotify:track:32vRPT2jNoRZRg22GxtY0l
139,spotify:track:1a019wP7IdYLexwbmfZPm3
140,spotify:track:6bnF93Rx87YqUBLSgjiMU8
141,spotify:track:1v7L65Lzy0j0vdpRjJewt1
142,spotify:track:4JFBEg1MNSuzGgsJNgoyYG
143,spotify:track:3M0lSi5WW79CXQamgSBIjx
144,spotify:track:2WzAAerBvZvvFXgUpSwHZ9
145,spotify:track:78ctG4oXFeZOqrr7bcJFE2
146,spotify:track:6NnCWIWV740gP7DQ8kqdIE
147,spotify:track:7iL6o9tox1zgHpKUfh9vuC
148,spotify:track:4P5VUXBuMIuTgyR8YuR11T
149,spotify:track:1iIIsJlKQW7E4eLw7x5XOI
150,spotify:track:0wGbyS1tExQSwOYu6UceyE
151,spotify:track:6ARd0Qd8iunz6lNyYQZz4t
152,spotify:track:17Heq7Mf4nXpj5qaND7txV
153,spotify:track:6tfajS9NU9zqfOZdByVbV1
154,spotify:track:5QO79kh1waicV47BqGRL3g
155,spotify:track:6LpL3NUIJuJ3zyBfdMXD2O
156,spotify:track:0F4FejjWi3bf5vGOkuQwPS
157,spotify:track:3khEEPRyBeOUabbmOPJzAG
158,spotify:track:7aO0KrTDSwWv2mBZwEgN8N
159,spotify:track:1FEiijYPJtyswChfcpv3p0
160,spotify:track:0oO1AbL92F6329z13C2qQH
161,spotify:track:6Uj1ctrBOjOas8xZXGqKk4
162,spotify:track:3EaJDYHA0KnX88JvDhL9oa
163,spotify:track:6JIC3hbC28JZKZ8AlAqX8h
164,spotify:track:1NXDDexJAupRgVjkEdaGP8
165,spotify:track:7KZSo4wspWL0AyUZgr9S17
166,spotify:track:63WuQOXohQIxOxIFA2K7bR
167,spotify:track:5Z9KJZvQzH6PFmb8SNkxuk
168,spotify:track:3xWGA8pa0IKFI7IMPri4P0
169,spotify:track:0yxnBa0bqbDE87o1wQswIs
170,spotify:track:37vVp2sWHuuIBOSl1NswP6
171,spotify:track:2AD3faozZmU71dxlpPO4PJ
172,spotify:track:2P06Kf0MWVRPQ0n1PQWEba
173,spotify:track:2lNcS2J5CD8Y8BNW9ENWnO
174,spotify:track:76OGwb5RA9h4FxQPT33ekc
175,spotify:track:1R0a2iXumgCiFb7HEZ7gUE
176,spotify:track:74loibzxXRL875X20kenvk
177,spotify:track:3W9jnJBPYeihwNSXsr65f9
178,spotify:track:5PjdY0CKGZdEuoNab3yDmX
179,spotify:track:04ojE1leP1BODeTr7EadIe
180,spotify:track:6ex1Pz3pntgy4NPtxHXN2V
181,spotify:track:0wavGRldH0AWyu2zvTz8zb
182,spotify:track:34lfu3S4fIcKZRNXzbdbo7
183,spotify:track:6PHB6mLa8HlK1m7I5wzmXD
184,spotify:track:2jQiSYrwJehQAcuaaQrXnS
185,spotify:track:3Wrjm47oTz2sjIgck11l5e
186,spotify:track:3SWZ11D0kLfgMQda6DwjJ9
187,spotify:track:0u2P5u6lvoDfwTYjAADbn4
188,spotify:track:68Dni7IE4VyPkTOH9mRWHr
189,spotify:track:3CLSHJv5aUROAN2vfOyCOh
190,spotify:track:3U7LRoxDT1WvbliazYkmpV
191,spotify:track:2CLzpljGsOPW7GyWyPRRP9
192,spotify:track:5d6gL8EcuaisGM9UWJN4gM
193,spotify:track:788fXILjvTnAoHw4rtIJCA
194,spotify:track:6CanjkbQRS139muYXQEbTm
195,spotify:track:5odlY52u43F5BjByhxg7wg
196,spotify:track:6zwJBnhNnugUuhMP7NUOfT
197,spotify:track:0lKiqlTA0kN0k2TrjG5daO
198,spotify:track:0h7QMc9ZRzA9QJrbEHytn2
199,spotify:track:0QkWikH5Z3U0f79T9iuF6c
