,uri
0,spotify:track:4Dvkj6JhhA12EX05fT7y2e
1,spotify:track:1qEmFfgcLObUfQm0j1W2CK
2,spotify:track:6uvh0In7u1Xn4HgxOfAn8O
3,spotify:track:5LYMamLv12UPbemOaTPyeV
4,spotify:track:0wHFktze2PHC5jDt3B17DC
5,spotify:track:3i058E8uxTsYqJ5NWZzqSj
6,spotify:track:1PckUlxKqWQs3RlWXVBLw3
7,spotify:track:51Zw1cKDgkad0CXv23HCMU
8,spotify:track:4j6kId9QIqhoXvqHKgSKa0
9,spotify:track:0rzaRSujxA0bKyjJl6vHYq
10,spotify:track:35TyJIMR3xRouUuo2sjS6v
11,spotify:track:69w5X6uTrOaWM32IetSzvO
12,spotify:track:1mw0RgNXIpYRyyCdBQbLgA
13,spotify:track:2NcQic8JxdjAlAHuNbOIRE
14,spotify:track:6qj02zSeEJGWZ4c0dn5QzJ
15,spotify:track:02MWAaffLxlfxAUY7c5dvx
16,spotify:track:5PjdY0CKGZdEuoNab3yDmX
17,spotify:track:2FeBslNBMdR9V58uv6hd2t
18,spotify:track:1r8ZCjfrQxoy2wVaBUbpwg
19,spotify:track:3uUuGVFu1V7jTQL60S1r8z
20,spotify:track:6JIC3hbC28JZKZ8AlAqX8h
21,spotify:track:59nOXPmaKlBfGMDeOVGrIK
22,spotify:track:7DwcBgdzqhFJltEaV1XF81
23,spotify:track:6gI9b2VsoWhjhIuIeToDVs
24,spotify:track:6I3mqTwhRpn34SLVafSH7G
25,spotify:track:50nfwKoDiSYg8zOCREWAm5
26,spotify:track:3rmo8F54jFF8OgYsqTxm5d
27,spotify:track:6Jkm5kUldvIqxzI1Pa7nXH
28,spotify:track:0y60itmpH0aPKsFiGxmtnh
29,spotify:track:5Z9KJZvQzH6PFmb8SNkxuk
30,spotify:track:2DB4DdfCFMw1iaR6JaR03a
31,spotify:track:4ZtFanR9U6ndgddUvNcjcG
32,spotify:track:58HvfVOeJY7lUuCqF0m3ly
33,spotify:track:4pi1G1x8tl9VfdD9bL3maT
34,spotify:track:0e8nrvls4Qqv5Rfa2UhqmO
35,spotify:track:5A5bLKdL5I3k3FTEQlAUw7
36,spotify:track:1HhNoOuqm1a5MXYEgAFl8o
37,spotify:track:0IuVhCflrQPMGRrOyoY5RW
38,spotify:track:4fouWK6XVHhzl78KzQ1UjL
39,spotify:track:531KGXtBroSrOX9LVmiIgc
40,spotify:track:46IZ0fSY2mpAiktS3KOqds
41,spotify:track:0LnS7aOdOdI1dNKZqdOLz4
42,spotify:track:68Dni7IE4VyPkTOH9mRWHr
43,spotify:track:6Uj1ctrBOjOas8xZXGqKk4
44,spotify:track:003vvx7Niy0yvhvHt4a68B
45,spotify:track:6UelLqGlWMcVH1E5c4H7lY
46,spotify:track:6Qyc6fS4DsZjB2mRW9DsQs
47,spotify:track:1ei3hzQmrgealgRKFxIcWn
48,spotify:track:1R0a2iXumgCiFb7HEZ7gUE
49,spotify:track:3DarAbFujv6eYNliUTyqtz
50,spotify:track:3Oww84xrmgjyr5J1ilOmAf
51,spotify:track:6x8to58oCuyPyuXIe5Imak
52,spotify:track:7mFj0LlWtEJaEigguaWqYh
53,spotify:track:7jtQIBanIiJOMS6RyCx6jZ
54,spotify:track:18asYwWugKjjsihZ0YvRxO
55,spotify:track:5nujrmhLynf4yMoMtj8AQF
56,spotify:track:3AVXwaOGCEL8cmBecfcsFJ
57,spotify:track:3GZD6HmiNUhxXYf8Gch723
58,spotify:track:5wANPM4fQCJwkGd4rN57mH
59,spotify:track:2QjOHCTQ1Jl3zawyYOpxh6
60,spotify:track:4xIhSUJantE6BMl3u8dtCJ
61,spotify:track:0VjIjW4GlUZAMYd2vXMi3b
62,spotify:track:05zd5Nv0e02ZqrlC8A2cwx
63,spotify:track:6HJizCbaqaEQG1eLjn341Z
64,spotify:track:6kYGOFNUMxpab09L5Ukoke
65,spotify:track:0ofHAoxe9vBkTCp2UQIavz
66,spotify:track:59CfNbkERJ3NoTXDvoURjj
67,spotify:track:2eAvDnpXP5W0cVtiI0PUxV
68,spotify:track:7yq4Qj7cqayVTp3FF9CWbm
69,spotify:track:7qEHsqek33rTcFNT9PFqLf
70,spotify:track:7lQ8MOhq6IN2w8EYcFNSUk
71,spotify:track:6r8xlPyUQG8zbXbh26duFW
72,spotify:track:0oA9wBGDY4uyILLg4GymWP
73,spotify:track:6f5ExP43esnvdKPddwKXJH
74,spotify:track:5CZ40GBx1sQ9agT82CLQCT
75,spotify:track:46HNZY1i7O6jwTA7Slo2PI
76,spotify:track:3jjujdWJ72nww5eGnfs2E7
77,spotify:track:3yfqSUWxFvZELEM4PmlwIR
78,spotify:track:6Z165JvPnS8PYvGW8oLGLc
79,spotify:track:3Vi5XqYrmQgOYBajMWSvCi
80,spotify:track:3yMC1KsTwh0ceXdIe4QQAQ
81,spotify:track:3E7dfMvvCLUddWissuqMwr
82,spotify:track:00Blm7zeNqgYLPtW6zg8cj
83,spotify:track:4wqzOaLxiCRy2Et8tRyNSX
84,spotify:track:3EMp20j5E42MxfFbsEsIvD
85,spotify:track:6HU7h9RYOaPRFeh0R3UeAr
86,spotify:track:0RiRZpuVRbi7oqRdSMwhQY
87,spotify:track:5uCax9HTNlzGybIStD3vDh
88,spotify:track:3Kkjo3cT83cw09VJyrLNwX
89,spotify:track:1HvTxgCj0mTzQlEo0zLvFb
90,spotify:track:3vySEUpD0tc801F2WZDLYw
91,spotify:track:4XvcHTUfIlWfyJTRG0aqlo
92,spotify:track:1ZMiCix7XSAbfAJlEZWMCp
93,spotify:track:27OeeYzk6klgBh83TSvGMA
94,spotify:track:4RVwu0g32PAqgUiJoXsdF8
95,spotify:track:4Li2WHPkuyCdtmokzW2007
96,spotify:track:7pj6P5WnxkZsw3XRc8eMe1
97,spotify:track:0U1W2LZVUX7qTm7dDpqxh6
98,spotify:track:1oFAF1hdPOickyHgbuRjyX
99,spotify:track:3tYTyAt1q6BFBiGyYVOLhi
100,spotify:track:3o9kpgkIcffx0iSwxhuNI2
101,spotify:track:1v7L65Lzy0j0vdpRjJewt1
102,spotify:track:2DgdHcjWmO3qd50RzuBLgZ
103,spotify:track:186NCtNk1tUYS7c2DxgJ7O
104,spotify:track:0u2P5u6lvoDfwTYjAADbn4
105,spotify:track:5c6lM2zjAF6MFoD8C1hiBr
106,spotify:track:20on25jryn53hWghthWWW3
107,spotify:track:4h4QlmocP3IuwYEj2j14p8
108,spotify:track:2tpWsVSb9UEmDRxAl1zhX1
109,spotify:track:3UmaczJpikHgJFyBTAJVoz
110,spotify:track:2VxeLyX666F8uXCJ0dZF8B
111,spotify:track:2ouFrmMwYik8nQX2n9SeZu
112,spotify:track:3ioJs8DQw527GmqJIp5gZG
113,spotify:track:2BOqDYLOJBiMOXShCV1neZ
114,spotify:track:3AJwUDP919kvQ9QcozQPxg
115,spotify:track:2HbKqm4o0w5wEeEFXm2sD4
116,spotify:track:3PfIrDoz19wz7qK7tYeu62
117,spotify:track:4u7EnebtmKWzUH433cf5Qv
118,spotify:track:5qrSlOut2rNAWv3ubArkNy
119,spotify:track:5WtfUKzXircvW8l5aaVZWT
120,spotify:track:0T5iIrXA4p5GsubkhuBIKV
121,spotify:track:1zi7xx7UVEFkmKfv06H8x0
122,spotify:track:30afVBIbhnWYMU757iEleJ
123,spotify:track:2gam98EZKrF9XuOkU13ApN
124,spotify:track:0frIZMaQwtdV4Ee8nhB1te
125,spotify:track:52xJxFP6TqMuO4Yt0eOkMz
126,spotify:track:3WMj8moIAXJhHsyLaqIIHI
127,spotify:track:0nrRP2bk19rLc0orkWPQk2
128,spotify:track:21jGcNKet2qwijlDFuPiPb
129,spotify:track:5TXDeTFVRVY7Cvt0Dw4vWW
130,spotify:track:5rW7qTn83sCKtqBoneJs63
131,spotify:track:2iUXsYOEPhVqEBwsqP70rE
132,spotify:track:1SC5rEoYDGUK4NfG82494W
133,spotify:track:6FE2iI43OZnszFLuLtvvmg
134,spotify:track:58ge6dfP91o9oXMzq3XkIS
135,spotify:track:45S5WTQEGOB1VHr1Q4FuPl
136,spotify:track:4jPy3l0RUwlUI9T5XHBW2m
137,spotify:track:22skzmqfdWrjJylampe0kt
138,spotify:track:0C9aH2f4LO8SPPqUWOrcbk
139,spotify:track:4tqcoej1zPvwePZCzuAjJd
140,spotify:track:2gMXnyrvIjhVBUZwvLZDMP
141,spotify:track:1cKHdTo9u0ZymJdPGSh6nq
142,spotify:track:1VLtjHwRWOVJiE5Py7JxoQ
143,spotify:track:7KwZNVEaqikRSBSpyhXK2j
144,spotify:track:7iL6o9tox1zgHpKUfh9vuC
145,spotify:track:0gucTLf7trAf37Ua1uAyAu
146,spotify:track:45bE4HXI0AwGZXfZtMp8JR
147,spotify:track:3dYD57lRAUcMHufyqn9GcI
148,spotify:track:4bHsxqR3GMrXTxEPLuK5ue
149,spotify:track:4HlFJV71xXKIGcU3kRyttv
150,spotify:track:4kbj5MwxO1bq9wjT5g9HaA
151,spotify:track:5QO79kh1waicV47BqGRL3g
152,spotify:track:0ntQJM78wzOLVeCUAW7Y45
153,spotify:track:6cx06DFPPHchuUAcTxznu9
154,spotify:track:4xkOaSrkexMciUUogZKVTS
155,spotify:track:5YqdiryRmdAzYFlxo43hAJ
156,spotify:track:2KdKh9vHbKW0tZLqtpxxI0
157,spotify:track:6A3SB2C4U6JtCavQOXLYNN
158,spotify:track:7DFNE7NO0raLIUbgzY2rzm
159,spotify:track:1DIXPcTDzTj8ZMHt3PDt8p
160,spotify:track:1f5cbQtDrykjarZVrShaDI
161,spotify:track:0YeUVm23SAkUruwEx9LWnt
162,spotify:track:0qOvlEzD7xU35GLFT8DF1t
163,spotify:track:5uU1uuyaUIBOiiUSQG7Wl3
164,spotify:track:2K7xn816oNHJZ0aVqdQsha
165,spotify:track:3sNVsP50132BTNlImLx70i
166,spotify:track:2bLqfJjuC5syrsgDsZfGmn
167,spotify:track:503OTo2dSqe7qk76rgsbep
168,spotify:track:51pshtuYkgUQnt5huMPbKL
169,spotify:track:0cqRj7pUJDkTCEsJkx8snD
170,spotify:track:2BcMwX1MPV6ZHP4tUT9uq6
171,spotify:track:3sa06xVNmLLYIxdNNmVQN8
172,spotify:track:0pqnGHJpmpxLKifKRmU6WP
173,spotify:track:5rb9QrpfcKFHM1EUbSIurX
174,spotify:track:2N8m6CYs74qQO4mjVcXO30
175,spotify:track:2LBqCSwhJGcFQeTHMVGwy3
176,spotify:track:4iJyoBOLtHqaGxP12qzhQI
177,spotify:track:1u8c2t2Cy7UBoG4ArRcF5g
178,spotify:track:401160izncPtca3CmX3dvM
179,spotify:track:07GvNcU1WdyZJq3XxP0kZa
180,spotify:track:3Wrjm47oTz2sjIgck11l5e
181,spotify:track:1XGmzt0PVuFgQYYnV2It7A
182,spotify:track:7BqBn9nzAq8spo5e7cZ0dJ
183,spotify:track:0RAvy97QRPzO2AfK5Dw6j3
184,spotify:track:285pBltuF7vW8TeWk8hdRR
185,spotify:track:0tgVpDi06FyKpA1z0VMD4v
186,spotify:track:40iJIUlhi6renaREYGeIDS
187,spotify:track:37y7iDayfwm3WXn5BiAoRk
188,spotify:track:2pxxVkNhrRST8fpgA12ru8
189,spotify:track:4qu63nuBpdn0qHUHuObEj1
190,spotify:track:7qiZfU4dY1lWllzX7mPBI3
191,spotify:track:7FIWs0pqAYbP91WWM0vlTQ
192,spotify:track:4nmD4awtUUCC4AGETpUiuP
193,spotify:track:3U4isOIWM3VvDubwSI3y7a
194,spotify:track:6N1EjQjnvhOjFrF6oUmGPa
195,spotify:track:3I1Smy5zhzNEc9grpjwY1s
196,spotify:track:7z5G2LOdV8okZn4yWg3q5g
197,spotify:track:50kpGaPAhYJ3sGmk6vplg0
198,spotify:track:79s5XnCN4TJKTVMSmOx8Ep
199,spotify:track:07MDkzWARZaLEdKxo6yArG
