,uri
0,spotify:track:4Dvkj6JhhA12EX05fT7y2e
1,spotify:track:1qEmFfgcLObUfQm0j1W2CK
2,spotify:track:02MWAaffLxlfxAUY7c5dvx
3,spotify:track:0wHFktze2PHC5jDt3B17DC
4,spotify:track:58HvfVOeJY7lUuCqF0m3ly
5,spotify:track:6uvh0In7u1Xn4HgxOfAn8O
6,spotify:track:5PjdY0CKGZdEuoNab3yDmX
7,spotify:track:1PckUlxKqWQs3RlWXVBLw3
8,spotify:track:7lvDsmTRXFE3dK4OjvRiWB
9,spotify:track:2FeBslNBMdR9V58uv6hd2t
10,spotify:track:5LYMamLv12UPbemOaTPyeV
11,spotify:track:6I3mqTwhRpn34SLVafSH7G
12,spotify:track:2DB4DdfCFMw1iaR6JaR03a
13,spotify:track:3i058E8uxTsYqJ5NWZzqSj
14,spotify:track:5Z9KJZvQzH6PFmb8SNkxuk
15,spotify:track:51Zw1cKDgkad0CXv23HCMU
16,spotify:track:6Uj1ctrBOjOas8xZXGqKk4
17,spotify:track:6gI9b2VsoWhjhIuIeToDVs
18,spotify:track:6JIC3hbC28JZKZ8AlAqX8h
19,spotify:track:1HhNoOuqm1a5MXYEgAFl8o
20,spotify:track:4j6kId9QIqhoXvqHKgSKa0
21,spotify:track:2eAvDnpXP5W0cVtiI0PUxV
22,spotify:track:769Ld8demNhMgVLAQcjTDn
23,spotify:track:3AVXwaOGCEL8cmBecfcsFJ
24,spotify:track:35TyJIMR3xRouUuo2sjS6v
25,spotify:track:0rzaRSujxA0bKyjJl6vHYq
26,spotify:track:1mw0RgNXIpYRyyCdBQbLgA
27,spotify:track:59nOXPmaKlBfGMDeOVGrIK
28,spotify:track:2Xr1dTzJee307rmrkt8c0g
29,spotify:track:69w5X6uTrOaWM32IetSzvO
30,spotify:track:46IZ0fSY2mpAiktS3KOqds
31,spotify:track:0T5iIrXA4p5GsubkhuBIKV
32,spotify:track:7DwcBgdzqhFJltEaV1XF81
33,spotify:track:2NcQic8JxdjAlAHuNbOIRE
34,spotify:track:3uUuGVFu1V7jTQL60S1r8z
35,spotify:track:50nfwKoDiSYg8zOCREWAm5
36,spotify:track:46HNZY1i7O6jwTA7Slo2PI
37,spotify:track:3rmo8F54jFF8OgYsqTxm5d
38,spotify:track:0e8nrvls4Qqv5Rfa2UhqmO
39,spotify:track:6qj02zSeEJGWZ4c0dn5QzJ
40,spotify:track:0y60itmpH0aPKsFiGxmtnh
41,spotify:track:0VjIjW4GlUZAMYd2vXMi3b
42,spotify:track:5QO79kh1waicV47BqGRL3g
43,spotify:track:4ZtFanR9U6ndgddUvNcjcG
44,spotify:track:2QjOHCTQ1Jl3zawyYOpxh6
45,spotify:track:6UelLqGlWMcVH1E5c4H7lY
46,spotify:track:4fouWK6XVHhzl78KzQ1UjL
47,spotify:track:5nujrmhLynf4yMoMtj8AQF
48,spotify:track:18asYwWugKjjsihZ0YvRxO
49,spotify:track:7jtQIBanIiJOMS6RyCx6jZ
50,spotify:track:58ge6dfP91o9oXMzq3XkIS
51,spotify:track:2LBqCSwhJGcFQeTHMVGwy3
52,spotify:track:1oFAF1hdPOickyHgbuRjyX
53,spotify:track:1SOClUWhOi8vHZYMz3GluK
54,spotify:track:2DgdHcjWmO3qd50RzuBLgZ
55,spotify:track:2K7xn816oNHJZ0aVqdQsha
56,spotify:track:4h4QlmocP3IuwYEj2j14p8
57,spotify:track:3DarAbFujv6eYNliUTyqtz
58,spotify:track:4iJyoBOLtHqaGxP12qzhQI
59,spotify:track:2m6Ko3CY1qXNNja8AlugNc
60,spotify:track:5wANPM4fQCJwkGd4rN57mH
61,spotify:track:5CZ40GBx1sQ9agT82CLQCT
62,spotify:track:1cKHdTo9u0ZymJdPGSh6nq
63,spotify:track:7mFj0LlWtEJaEigguaWqYh
64,spotify:track:00Blm7zeNqgYLPtW6zg8cj
65,spotify:track:59CfNbkERJ3NoTXDvoURjj
66,spotify:track:4IaxDf2FixiQXq0mW7key9
67,spotify:track:1zi7xx7UVEFkmKfv06H8x0
68,spotify:track:1r8ZCjfrQxoy2wVaBUbpwg
69,spotify:track:4SqWKzw0CbA05TGszDgMlc
70,spotify:track:7MXVkk9YMctZqd1Srtv4MB
71,spotify:track:29m79w9xPMH4YCD6r8JSmV
72,spotify:track:531KGXtBroSrOX9LVmiIgc
73,spotify:track:3Vi5XqYrmQgOYBajMWSvCi
74,spotify:track:4hJhHbkhZFnxmWbAkZRoe0
75,spotify:track:6nGeLlakfzlBcFdZXteDq7
76,spotify:track:0u2P5u6lvoDfwTYjAADbn4
77,spotify:track:0LnS7aOdOdI1dNKZqdOLz4
78,spotify:track:6kYGOFNUMxpab09L5Ukoke
79,spotify:track:6yvxu91deFKt3X1QoV6qMv
80,spotify:track:4slSrbTK1sNK4I1mDYEthf
81,spotify:track:4qu63nuBpdn0qHUHuObEj1
82,spotify:track:5oH4DQAuu1J1800RzUsBWa
83,spotify:track:1SC5rEoYDGUK4NfG82494W
84,spotify:track:05zd5Nv0e02ZqrlC8A2cwx
85,spotify:track:2J2Z1SkXYghSajLibnQHOa
86,spotify:track:4cktbXiXOapiLBMprHFErI
87,spotify:track:1u8c2t2Cy7UBoG4ArRcF5g
88,spotify:track:68Dni7IE4VyPkTOH9mRWHr
89,spotify:track:6HU7h9RYOaPRFeh0R3UeAr
90,spotify:track:40iJIUlhi6renaREYGeIDS
91,spotify:track:0k4d5YPDr1r7FX77VdqWez
92,spotify:track:6Xom58OOXk2SoU711L2IXO
93,spotify:track:3M214U0mwSm041GsQR3nrO
94,spotify:track:4RVwu0g32PAqgUiJoXsdF8
95,spotify:track:0zCgWGmDF0aih5qexATyBn
96,spotify:track:5O2P9iiztwhomNh8xkR9lJ
97,spotify:track:1XGmzt0PVuFgQYYnV2It7A
98,spotify:track:2vXKRlJBXyOcvZYTdNeckS
99,spotify:track:0U1W2LZVUX7qTm7dDpqxh6
100,spotify:track:4xIhSUJantE6BMl3u8dtCJ
101,spotify:track:0VO8gYVDSwM1Qdd2GsMoYK
102,spotify:track:7qEHsqek33rTcFNT9PFqLf
103,spotify:track:6ChnGkBwnq2HUJD24YhMhW
104,spotify:track:2KdKh9vHbKW0tZLqtpxxI0
105,spotify:track:0WZqHCoOBXqgCCIsUZLC2a
106,spotify:track:35mvY5S1H3J2QZyna3TFe0
107,spotify:track:48QmG1dfvMuYLxMPt7KSRA
108,spotify:track:2SLwbpExuoBDZBpjfefCtV
109,spotify:track:6lZ5p6VTbZ2ZvnsdTlLv7I
110,spotify:track:1f5cbQtDrykjarZVrShaDI
111,spotify:track:5ZF6l3xKi3m6YK2dDXAsR5
112,spotify:track:3PfIrDoz19wz7qK7tYeu62
113,spotify:track:1R0a2iXumgCiFb7HEZ7gUE
114,spotify:track:5TXDeTFVRVY7Cvt0Dw4vWW
115,spotify:track:0QzuaeCEEOV40Pn7IvKEny
116,spotify:track:2ZRo7axmMPeSVUvDbGkJah
117,spotify:track:0IuVhCflrQPMGRrOyoY5RW
118,spotify:track:1ZMiCix7XSAbfAJlEZWMCp
119,spotify:track:7hU3IHwjX150XLoTVmjD0q
120,spotify:track:7dSZ6zGTQx66c2GF91xCrb
121,spotify:track:3jjujdWJ72nww5eGnfs2E7
122,spotify:track:5zFglKYiknIxks8geR8rcL
123,spotify:track:0HAG6nIiEKd75yGpovuSJQ
124,spotify:track:5E30LdtzQTGqRvNd7l6kG5
125,spotify:track:4xqrdfXkTW4T0RauPLv3WA
126,spotify:track:63bmIgH9sS6sX5Sc7MetGq
127,spotify:track:5uCax9HTNlzGybIStD3vDh
128,spotify:track:0RiRZpuVRbi7oqRdSMwhQY
129,spotify:track:2tpWsVSb9UEmDRxAl1zhX1
130,spotify:track:5QDLhrAOJJdNAmCTJ8xMyW
131,spotify:track:37y7iDayfwm3WXn5BiAoRk
132,spotify:track:3sa06xVNmLLYIxdNNmVQN8
133,spotify:track:2MJz8BxxMsERULatmBikDH
134,spotify:track:2qxmye6gAegTMjLKEBoR3d
135,spotify:track:2Foc5Q5nqNiosCNqttzHof
136,spotify:track:1ei3hzQmrgealgRKFxIcWn
137,spotify:track:1mWdTewIgB3gtBM3TOSFhB
138,spotify:track:6v3KW9xbzN5yKLt9YKDYA2
139,spotify:track:2B4GHvToeLTOBB4QLzW3Ni
140,spotify:track:3M0lSi5WW79CXQamgSBIjx
141,spotify:track:39LLxExYz6ewLAcYrzQQyP
142,spotify:track:0Q5VnK2DYzRyfqQRJuUtvi
143,spotify:track:3UhmuWcFaLS3AO3kI9ynQ2
144,spotify:track:7BbaIYAdi3pg4MGl6PHwPv
145,spotify:track:08MFgEQeVLF37EyZ7jcwLc
146,spotify:track:20on25jryn53hWghthWWW3
147,spotify:track:2WxUIiq06XXPYWl9YcRJnD
148,spotify:track:5NvOZCjZaGGGL597exlQWv
149,spotify:track:4HBZA5flZLE435QTztThqH
150,spotify:track:3AVrVz5rK8Hrqo9YGiVGN5
151,spotify:track:2BgEsaKNfHUdlh97KmvFyo
152,spotify:track:3EMp20j5E42MxfFbsEsIvD
153,spotify:track:2sHYMLUd4nVLxHPKY05Ein
154,spotify:track:1dGr1c8CrMLDpV6mPbImSI
155,spotify:track:5enxwA8aAbwZbf5qCHORXi
156,spotify:track:3FAJ6O0NOHQV8Mc5Ri6ENp
157,spotify:track:3Wrjm47oTz2sjIgck11l5e
158,spotify:track:6Jkm5kUldvIqxzI1Pa7nXH
159,spotify:track:50kpGaPAhYJ3sGmk6vplg0
160,spotify:track:21jGcNKet2qwijlDFuPiPb
161,spotify:track:7pj6P5WnxkZsw3XRc8eMe1
162,spotify:track:1qMMYpVatbRITKCfq1gasi
163,spotify:track:2vkNA9I029dTwX0y6d59Sc
164,spotify:track:45bE4HXI0AwGZXfZtMp8JR
165,spotify:track:7qiZfU4dY1lWllzX7mPBI3
166,spotify:track:6A3SB2C4U6JtCavQOXLYNN
167,spotify:track:3tYTyAt1q6BFBiGyYVOLhi
168,spotify:track:0tgVpDi06FyKpA1z0VMD4v
169,spotify:track:0mL82sxCRjrs3br407IdJh
170,spotify:track:2P91MQbaiQOfbiz9VqhqKQ
171,spotify:track:4jPy3l0RUwlUI9T5XHBW2m
172,spotify:track:0sTlGEld0h8kIPZaKDYUf4
173,spotify:track:7fBv7CLKzipRk6EC6TWHOB
174,spotify:track:6f5ExP43esnvdKPddwKXJH
175,spotify:track:6RUKPb4LETWmmr3iAEQktW
176,spotify:track:09gysnJpfQ3ublBmJDfcEC
177,spotify:track:3azJifCSqg9fRij2yKIbWz
178,spotify:track:1I4lCSP69P74nU3a6Su5L2
179,spotify:track:1HsSIPLTQT354yJcQGfEY3
180,spotify:track:1J14CdDAvBTE1AJYUOwl6C
181,spotify:track:1nahzW3kfMuwReTka28tH5
182,spotify:track:3k3NWokhRRkEPhCzPmV8TW
183,spotify:track:2jbf9EytR7fzpSrPWAYCf9
184,spotify:track:1DIXPcTDzTj8ZMHt3PDt8p
185,spotify:track:0pqnGHJpmpxLKifKRmU6WP
186,spotify:track:2gzhQaCTeNgxpeB2TPllyY
187,spotify:track:6fxVffaTuwjgEk5h9QyRjy
188,spotify:track:02VBYrHfVwfEWXk5DXyf0T
189,spotify:track:3afkJSKX0EAMsJXTZnDXXJ
190,spotify:track:6FZDfxM3a3UCqtzo5pxSLZ
191,spotify:track:3AJwUDP919kvQ9QcozQPxg
192,spotify:track:4gvrJnKCKIPiacNsWVQwEU
193,spotify:track:5mCPDVBb16L4XQwDdbRUpz
194,spotify:track:0yCWDaAgOtg6TKlNCg9rwA
195,spotify:track:3uwnnTQcHM1rDqSfA4gQNz
196,spotify:track:6E90gq0KO6FYZVOXx8kCcC
197,spotify:track:7JJmb5XwzOO8jgpou264Ml
198,spotify:track:3e7sxremeOE3wTySiOhGiP
199,spotify:track:0qOnSQQF0yzuPWsXrQ9paz
