,uri
0,spotify:track:0bYg9bo50gSsH3LtXe2SQn
1,spotify:track:2FRnf9qhLbvw8fu4IBXx78
2,spotify:track:0lLdorYw7lVrJydTINhWdI
3,spotify:track:2TE4xW3ImvpltVU0cPcKUn
4,spotify:track:2EjXfH91m7f8HiJN1yQg97
5,spotify:track:0lizgQ7Qw35od7CYaoMBZb
6,spotify:track:7vQbuQcyTflfCIOu3Uzzya
7,spotify:track:3nqQXoyQOWXiESFLlDF1hG
8,spotify:track:2uFaJJtFpPDc5Pa95XzTvg
9,spotify:track:4uUG5RXrOk84mYEfFvj3cK
10,spotify:track:3qCeq0rWK67SoBDgFd2sId
11,spotify:track:27qAMKrDdKEs8HDXcvR24R
12,spotify:track:7sJNeWTXkZCEC7OnFMpGWL
13,spotify:track:561jH07mF1jHuk7KlaeF0s
14,spotify:track:7uoFMmxln0GPXQ0AcCBXRq
15,spotify:track:3nAp4IvdMPPWEH9uuXFFV5
16,spotify:track:4YxZQd3I4rj1nqkXgvpCk4
17,spotify:track:7jtQIBanIiJOMS6RyCx6jZ
18,spotify:track:7xapw9Oy21WpfEcib2ErSA
19,spotify:track:1IcR6RlgvDczfvoWJSSY2A
20,spotify:track:6tjituizSxwSmBB5vtgHZE
21,spotify:track:27RYrbL6S02LNVhDWVl38b
22,spotify:track:1SV1fxF65n9NhRHp3KlBuu
23,spotify:track:3nANSPdGPDTIHwsjUEGLQt
24,spotify:track:0V3wPSX9ygBnCm8psDIegu
25,spotify:track:0SvD6EdetxVtXei2JhkV4B
26,spotify:track:2xGO2UjzxeVQSIkyg98vck
27,spotify:track:3bH2Eu9A9ymI4UnGHRmoXg
28,spotify:track:4Yg2w0P29BBBMixyeNjDtj
29,spotify:track:1aOl53hkZGHkl2Snhr7opL
30,spotify:track:73vIOb4Q7YN6HeJTbscRx5
31,spotify:track:0QHEIqNKsMoOY5urbzN48u
32,spotify:track:7fUYUcWy853HS8YJn0b3Sr
33,spotify:track:76OGwb5RA9h4FxQPT33ekc
34,spotify:track:4h9wh7iOZ0GGn8QVp4RAOB
35,spotify:track:6yeZM8gyykjaf8w0GqRfK4
36,spotify:track:4tRhRLBxIZ34Iw0eCuiC03
37,spotify:track:5xX2LYdXyx0Boa61rZOjq5
38,spotify:track:2L9QLAhrvtP4EYg1lY0Tnw
39,spotify:track:5WxVXxCMRnvxUKFq40ELwq
40,spotify:track:4zN21mbAuaD0WqtmaTZZeP
41,spotify:track:1bDbXMyjaUIooNwFE9wn0N
42,spotify:track:4fzyvSu73BhGvi96p2zwjL
43,spotify:track:550rQQCGkrTzvp4SfpOPzx
44,spotify:track:5YdnOm5990Kfq1Jodws98B
45,spotify:track:3kgt8Ys78I6GBZlQrWqZiA
46,spotify:track:4Dvkj6JhhA12EX05fT7y2e
47,spotify:track:3rb0tMq42WfggucPm0HHkA
48,spotify:track:1Qi2wh8fFgDV7tl4Sj3f2K
49,spotify:track:7bdpStmJdlw9GKBPTOkDwT
50,spotify:track:35DkXhxqTMiQB582tfjowU
51,spotify:track:7LoFMtL7hxP9tr5HYyyUrJ
52,spotify:track:6CLKlJ1sCnH2J7A9XISMAU
53,spotify:track:5IgjP7X4th6nMNDh4akUHb
54,spotify:track:5qEGAHerczFt3HmL9lhh4j
55,spotify:track:1QLZKzC2pjP4ySf4ALrNhm
56,spotify:track:2IvrIIvwA3zEPXmJitBlJD
57,spotify:track:1kKvfCmzXzRcfszwQrXFPM
58,spotify:track:2QjOHCTQ1Jl3zawyYOpxh6
59,spotify:track:2OQ6a4CfUeYskpTTgyawyJ
60,spotify:track:2q7jpVfCtcuRwcur9nQeuC
61,spotify:track:2O3MQ6H3gjrIWDcpeTrikT
62,spotify:track:1OjmlSFuzYflWjSMTCyTJv
63,spotify:track:38T0tPVZHcPZyhtOcCP7pF
64,spotify:track:7fZBQnc0zXwVybgCIrQQil
65,spotify:track:4wjEJULVdwTFlSDPlhdkRa
66,spotify:track:02MWAaffLxlfxAUY7c5dvx
67,spotify:track:7xaqxUl08zOg0YNUHokQpq
68,spotify:track:0eNFxix2r76GKz1AbzD5Nm
69,spotify:track:2pXpURmn6zC5ZYDMms6fwa
70,spotify:track:0YWUHZPJVg4iujddsJDwhM
71,spotify:track:4pnk9Mhzcv3oHxFyARlNNP
72,spotify:track:0lTurWECr2XL607eJAj1A3
73,spotify:track:2jkyPVk1nbpsZD0KAS98Zw
74,spotify:track:6pVW5LRWgeLaHudxauOTJU
75,spotify:track:5XbNh16tvkeNEjuvSuB46Q
76,spotify:track:22skzmqfdWrjJylampe0kt
77,spotify:track:4kKdvXD0ez7jp1296JmAts
78,spotify:track:54ipXppHLA8U4yqpOFTUhr
79,spotify:track:7lQ8MOhq6IN2w8EYcFNSUk
80,spotify:track:5CGPOGyyF3XvyQwyqlJH0P
81,spotify:track:6sBWmE23q6xQHlnEZ8jYPT
82,spotify:track:7gcKoI9KokClK9ZUjNFgZa
83,spotify:track:77khP2fIVhSW23NwxrRluh
84,spotify:track:5ucyKDPjLpYLGadsRO1wSB
85,spotify:track:6kvW6EI5UuqCmlp7L7HD9O
86,spotify:track:3LtpKP5abr2qqjunvjlX5i
87,spotify:track:1LIvdWNdKmHvU0FJvw2diN
88,spotify:track:6qyS9qBy0mEk3qYaH8mPss
89,spotify:track:5reUV4Jv5GBY1W15E4J9w9
90,spotify:track:23SqoExnmW4BTJEYzMJze8
91,spotify:track:1t1VvjY7al80AdEoAQ3kPN
92,spotify:track:3uUuGVFu1V7jTQL60S1r8z
93,spotify:track:5ZduaRci3iNUiDfJbBfAaf
94,spotify:track:3kcKlOkQQEPVwxwljbGJ5p
95,spotify:track:1N1ZpYUJc9fwrqk53FGgWv
96,spotify:track:2SBr3MK1sdMs8IxdRcN6qz
97,spotify:track:7dq9QIXx5eIz6w2MNzTan4
98,spotify:track:2FPfeYlrbSBR8PwCU0zaqq
99,spotify:track:47gFO4wiq9rLJo9vz0DP3q
100,spotify:track:47ohYW8e7dxCYn9qbUMBCI
101,spotify:track:2sFsvaMRe8PKo5AFdBE9qC
102,spotify:track:1DIXPcTDzTj8ZMHt3PDt8p
103,spotify:track:2ykBpMiRAKvii89MMclhp9
104,spotify:track:6sCvvleqKbeyOkQDieBYgp
105,spotify:track:64IFiUCsksRiHrUwfPKw6H
106,spotify:track:08mqF80M4AvAF0pGbR2ETA
107,spotify:track:2U9kDk5mlHYunC7PvbZ8KX
108,spotify:track:6BePGk3eCan4FqaW2X8Qy3
109,spotify:track:4gmYeeV53RzyXDxtlVa4jW
110,spotify:track:3R45ukT3eOP6QSIm4yyFEc
111,spotify:track:6RS6rcjnWrdfVuu2U2W2dj
112,spotify:track:4woTEX1wYOTGDqNXuavlRC
113,spotify:track:5odlY52u43F5BjByhxg7wg
114,spotify:track:3xWGA8pa0IKFI7IMPri4P0
115,spotify:track:3yfqSUWxFvZELEM4PmlwIR
116,spotify:track:09OojFvtrM9YRzRjnXqJjA
117,spotify:track:3iMRGDhn0ghHIUMmlKrJOh
118,spotify:track:1xK59OXxi2TAAAbmZK0kBL
119,spotify:track:2EriVX6pX9RcmMsgU8Hsir
120,spotify:track:4tHqQMWSqmL6YjXwsqthDI
121,spotify:track:4h4QlmocP3IuwYEj2j14p8
122,spotify:track:4HEOgBHRCExyYVeTyrXsnL
123,spotify:track:5Zlb01Jcn0Ld49zazzZJSB
124,spotify:track:2USlegnFJLrVLpoVfPimKB
125,spotify:track:2TdaxRL0VAKep3sbuM2O8L
126,spotify:track:5XeFesFbtLpXzIVDNQP22n
127,spotify:track:5TXDeTFVRVY7Cvt0Dw4vWW
128,spotify:track:5s1EwpwmgQJ8Ti3ltrJdO8
129,spotify:track:05Mp2UJulSttxQ4E6hQPH3
130,spotify:track:02FaKXXL7KUtRc7K0k54tL
131,spotify:track:2kx5sQgmjYug0GiDh1a4sU
132,spotify:track:0YJW8OXw8G1xDfkzaID3vv
133,spotify:track:5VGReJtwl1BHxAZTPHOaPs
134,spotify:track:0JM8LI4HxrQs2Reqr2naYo
135,spotify:track:6a1hzBiTkgqTsDA0Xgfh9z
136,spotify:track:7yq4Qj7cqayVTp3FF9CWbm
137,spotify:track:37F7E7BKEw2E4O2L7u0IEp
138,spotify:track:1DTVCRW8QPPteXXhBlohM2
139,spotify:track:4FXX4P3dxc1JMBx5wVRJ5N
140,spotify:track:2B4GHvToeLTOBB4QLzW3Ni
141,spotify:track:1v7L65Lzy0j0vdpRjJewt1
142,spotify:track:0n05ZqxWxoUXtEQitumiuH
143,spotify:track:5Q2P43CJra0uRAogjHyJDK
144,spotify:track:1mea3bSkSGXuIRvnydlB5b
145,spotify:track:1AmHFe9qiR4ydvHRMQgMnY
146,spotify:track:2CewvqbfMOcnvYE3yayAJV
147,spotify:track:6hw1Sy9wZ8UCxYGdpKrU6M
148,spotify:track:6Hh6pxNSScePI9zjKBIUg2
149,spotify:track:7DbdUf8aHSYoliSjO6LZv6
150,spotify:track:3iYjUEMXpxiXUzKsLFuSNi
151,spotify:track:2ptG9ihX35aWmz7EnsYXBe
152,spotify:track:3Oww84xrmgjyr5J1ilOmAf
153,spotify:track:3VTNVsTTu05dmTsVFrmGpK
154,spotify:track:0WtM2NBVQNNJLh6scP13H8
155,spotify:track:2H7jZg2HliuQhZjfBblLrZ
156,spotify:track:11BKm0j4eYoCPPpCONAVwA
157,spotify:track:2MYXbdNTkOmjOr9sVQ288m
158,spotify:track:6GomT970rCOkKAyyrwJeZi
159,spotify:track:5E2JcyolDstvqZ0PNpT3pS
160,spotify:track:6JIC3hbC28JZKZ8AlAqX8h
161,spotify:track:3BnDvpeuGOj21Ir2aVEtQo
162,spotify:track:0u2P5u6lvoDfwTYjAADbn4
163,spotify:track:038awuS65sn5GQxlpJGkqj
164,spotify:track:3F5CgOj3wFlRv51JsHbxhe
165,spotify:track:5PjdY0CKGZdEuoNab3yDmX
166,spotify:track:1xzi1Jcr7mEi9K2RfzLOqS
167,spotify:track:4xkOaSrkexMciUUogZKVTS
168,spotify:track:4YclYuXiEblBKcbnBdljec
169,spotify:track:18asYwWugKjjsihZ0YvRxO
170,spotify:track:3QIoEi8Enr9uHffwInGIsC
171,spotify:track:1yxcKrEcxt4O03IIC25yHk
172,spotify:track:3tAQNhm1o0kzldsI5QkrB1
173,spotify:track:41ZYUGtRGAi3SEx23AZXfB
174,spotify:track:6OyeVgnbpMs35c9B8nvxQk
175,spotify:track:1pKwwH7xRmxyeBiGX3n2RX
176,spotify:track:4PS1e8f2LvuTFgUs1Cn3ON
177,spotify:track:7xTDT7gyIrv0xWpwwXExxU
178,spotify:track:58HvfVOeJY7lUuCqF0m3ly
179,spotify:track:4k6Uh1HXdhtusDW5y8Gbvy
180,spotify:track:1Fb8gCHRkmNAaN8vytd5vg
181,spotify:track:2qqZ5fOGuNvYVzgPFDLQ4l
182,spotify:track:3AgiRs3oxc2dFh0CPUHXJs
183,spotify:track:4FyesJzVpA39hbYvcseO2d
184,spotify:track:5TJEBoTCDbJXiKMdCN9pd3
185,spotify:track:54UzTpjETcayBbZIqeXS2C
186,spotify:track:1V0qqWBbIWt8hlAjxTZedR
187,spotify:track:3CIyK1V4JEJkg02E4EJnDl
188,spotify:track:464F2a58LTaitVUFKvEm1J
189,spotify:track:5r43qanLhUCdBj8HN3fa6B
190,spotify:track:3gVhsZtseYtY1fMuyYq06F
191,spotify:track:3rWDp9tBPQR9z6U5YyRSK4
192,spotify:track:56SLMIzWKrEOWIQ5LCzKXV
193,spotify:track:2pnPe4pJtq7689i5ydzvJJ
194,spotify:track:0LY1fLBRWfdA1qXBFBy6iZ
195,spotify:track:2a1o6ZejUi8U3wzzOtCOYw
196,spotify:track:6Pk9SrYcNROzVANFESonWh
197,spotify:track:3eJH2nAjvNXdmPfBkALiPZ
198,spotify:track:5uSFGgIfHMT3osrAd9n9ym
199,spotify:track:6Ox1rvlwEpB49drasQm6RF
