,uri
0,spotify:track:6KHsTu4Ht4XYiWcZOOdwbW
1,spotify:track:4Dvkj6JhhA12EX05fT7y2e
2,spotify:track:75FEaRjZTKLhTrFGsfMUXR
3,spotify:track:4zN21mbAuaD0WqtmaTZZeP
4,spotify:track:6Qe7YCkIOc1iaw9HKqO3qV
5,spotify:track:3im90dPSC5z1PYJ305kgSy
6,spotify:track:7fZBQnc0zXwVybgCIrQQil
7,spotify:track:2DB4DdfCFMw1iaR6JaR03a
8,spotify:track:3BnDvpeuGOj21Ir2aVEtQo
9,spotify:track:02MWAaffLxlfxAUY7c5dvx
10,spotify:track:6xGruZOHLs39ZbVccQTuPZ
11,spotify:track:6OZwia8loN0aPS0vTvsBjR
12,spotify:track:181AxLRTyYh9WUxEjmJt1Y
13,spotify:track:3uUuGVFu1V7jTQL60S1r8z
14,spotify:track:4RVPmkIVvzcWF27zfn3sap
15,spotify:track:1PckUlxKqWQs3RlWXVBLw3
16,spotify:track:3sa06xVNmLLYIxdNNmVQN8
17,spotify:track:6JIC3hbC28JZKZ8AlAqX8h
18,spotify:track:63WuQOXohQIxOxIFA2K7bR
19,spotify:track:1ei3hzQmrgealgRKFxIcWn
20,spotify:track:48BdA5qBxXVoe59xvu0bwc
21,spotify:track:2KukL7UlQ8TdvpaA7bY3ZJ
22,spotify:track:58HvfVOeJY7lUuCqF0m3ly
23,spotify:track:7jtQIBanIiJOMS6RyCx6jZ
24,spotify:track:54ipXppHLA8U4yqpOFTUhr
25,spotify:track:2B4GHvToeLTOBB4QLzW3Ni
26,spotify:track:5PjdY0CKGZdEuoNab3yDmX
27,spotify:track:1WCEAGGRD066z2Q89ObXTq
28,spotify:track:63JrADDfrcjOaI6lyVkN3c
29,spotify:track:18asYwWugKjjsihZ0YvRxO
30,spotify:track:7AVHDeAjfn0zfMnYRhp0oI
31,spotify:track:1T3fp4AZDhBeQSESi6LO8k
32,spotify:track:7mgPjcjjGwGx5kRDMH7Kkz
33,spotify:track:2USlegnFJLrVLpoVfPimKB
34,spotify:track:5QJoojtfYodIvWSfpeCcHh
35,spotify:track:1qEmFfgcLObUfQm0j1W2CK
36,spotify:track:50nfwKoDiSYg8zOCREWAm5
37,spotify:track:1HhNoOuqm1a5MXYEgAFl8o
38,spotify:track:6Y46tOTRhkBamosyuWa6YX
39,spotify:track:2wXS2IXCyBX0WL76LLYT31
40,spotify:track:4ZpIuzx91EAPK3VimONbfB
41,spotify:track:1c2hJSwcCfoPEw1su83Sw0
42,spotify:track:0wHFktze2PHC5jDt3B17DC
43,spotify:track:3rmo8F54jFF8OgYsqTxm5d
44,spotify:track:4fouWK6XVHhzl78KzQ1UjL
45,spotify:track:3Oww84xrmgjyr5J1ilOmAf
46,spotify:track:20on25jryn53hWghthWWW3
47,spotify:track:4V2eYSKckdvIbb3t20K3ga
48,spotify:track:1CsuHmKOfCYxPoO4xjlAWV
49,spotify:track:1cgy2FSOQMbq7DHCVgMAUA
50,spotify:track:4VgSGm7CroAlCCt9GKQ75Z
51,spotify:track:4h9wh7iOZ0GGn8QVp4RAOB
52,spotify:track:7uQ7e7nzbtyX87eIYHpj6Z
53,spotify:track:6KNw3UKRp3QRsO7Cf4ASVE
54,spotify:track:1YR7VB3xx85Iad2n3soyMb
55,spotify:track:7ef4DlsgrMEH11cDZd32M6
56,spotify:track:5sUnlCbWGNNp5igjk3vwIY
57,spotify:track:6aZPMuJetqwKQCPClCNgd3
58,spotify:track:7l9IqDtVWJurTvkQHq1BGh
59,spotify:track:0oiv4E896TUTTeQU0cmIui
60,spotify:track:6lZ5p6VTbZ2ZvnsdTlLv7I
61,spotify:track:5VOBsfdn1wlCwuuw7pKgU3
62,spotify:track:1NFgyfNYN7ZlVeS0TUbCna
63,spotify:track:2DgdHcjWmO3qd50RzuBLgZ
64,spotify:track:7LQxyZwcn4Ryq4Z0qllQd3
65,spotify:track:0VjIjW4GlUZAMYd2vXMi3b
66,spotify:track:7eb7JIRN6HKpedFSDGd4yI
67,spotify:track:4N5s8lPTsjI9EGP7K4SXzB
68,spotify:track:0i9RysNKssk6syOrKDX3U2
69,spotify:track:75UUG6x5zQe0gCVOiQpa6X
70,spotify:track:46vfSYsDJZaNQcD4YvT8GD
71,spotify:track:2toEys3zZ8rRB242Na7FZh
72,spotify:track:4wn7cO2iHlWueXGDd4gH9g
73,spotify:track:6jcfITWcR5egvbD4fsGayr
74,spotify:track:6PrB4KpvuoYWtwjPC5a44S
75,spotify:track:4h4QlmocP3IuwYEj2j14p8
76,spotify:track:6UelLqGlWMcVH1E5c4H7lY
77,spotify:track:6kwmp0U8M1tPvgPHqvbwsr
78,spotify:track:5DhLsu431rudt8PENvUDao
79,spotify:track:3fgEIHsl6ecyAK1rpAxBIY
80,spotify:track:3yMC1KsTwh0ceXdIe4QQAQ
81,spotify:track:1bwhDrXcAtqePp8mNJ0pTe
82,spotify:track:22skzmqfdWrjJylampe0kt
83,spotify:track:6phZ9iQDWrB11ZPRjNDdNS
84,spotify:track:3F5CgOj3wFlRv51JsHbxhe
85,spotify:track:4hJhHbkhZFnxmWbAkZRoe0
86,spotify:track:5Z9KJZvQzH6PFmb8SNkxuk
87,spotify:track:5h9OvsTeNydBaZp7swQubV
88,spotify:track:2MuWTIM3b0YEAskbeeFE1i
89,spotify:track:717QGTmZdkemDaCo1vQHG0
90,spotify:track:3Wrjm47oTz2sjIgck11l5e
91,spotify:track:003vvx7Niy0yvhvHt4a68B
92,spotify:track:3D29kjUyWxsT3jUUTtARVQ
93,spotify:track:0e8nrvls4Qqv5Rfa2UhqmO
94,spotify:track:4ZtFanR9U6ndgddUvNcjcG
95,spotify:track:46IZ0fSY2mpAiktS3KOqds
96,spotify:track:6Uj1ctrBOjOas8xZXGqKk4
97,spotify:track:2Xr1dTzJee307rmrkt8c0g
98,spotify:track:0pqnGHJpmpxLKifKRmU6WP
99,spotify:track:4cG7HUWYHBV6R6tHn1gxrl
100,spotify:track:7fYRg3CEbk6rNCuzNzMT06
101,spotify:track:6HTJgY7iWWlVLSDHsfHePf
102,spotify:track:4GmRnc9J8GBBkVHUtihE3Z
103,spotify:track:5R7KyW1qVi1CHzZiB4ALFs
104,spotify:track:5QowMIujytktMDC8pktNXH
105,spotify:track:63Rv4Exb1rc43qYL9AOXsa
106,spotify:track:2VxeLyX666F8uXCJ0dZF8B
107,spotify:track:0mBP9X2gPCuapvpZ7TGDk3
108,spotify:track:1BkY0N8ChFk2mdLbAUu8ZK
109,spotify:track:0Fqpx84jq1cK3pDtPvTFyM
110,spotify:track:5cqLFudVQryezmVFmmyRJN
111,spotify:track:7qEHsqek33rTcFNT9PFqLf
112,spotify:track:79JuksO8bRLKojdLSArnvL
113,spotify:track:1DIXPcTDzTj8ZMHt3PDt8p
114,spotify:track:4NMkT5dgzOk7xhcNe9lsGs
115,spotify:track:4kLLWz7srcuLKA7Et40PQR
116,spotify:track:7yq4Qj7cqayVTp3FF9CWbm
117,spotify:track:44JSreJxvgl3CxLo5MoQL0
118,spotify:track:1bgKMxPQU7JIZEhNsM1vFs
119,spotify:track:2N8m6CYs74qQO4mjVcXO30
120,spotify:track:5r43qanLhUCdBj8HN3fa6B
121,spotify:track:6OufwUcCqo81guU2jAlDVP
122,spotify:track:3Z7CaxQkqbIs1rewKi6v4W
123,spotify:track:3gAEAmxdP1GIjgQ3Zud2mE
124,spotify:track:0nrRP2bk19rLc0orkWPQk2
125,spotify:track:6GomT970rCOkKAyyrwJeZi
126,spotify:track:1cgRpYVOkYnxomkDpYLyba
127,spotify:track:5S12Ds2RswM2ITC0u1J01f
128,spotify:track:0u2P5u6lvoDfwTYjAADbn4
129,spotify:track:0QPRDC97rIQB3Jh3hrVJoH
130,spotify:track:3nEHrvNNtgLv9rneTAYVr4
131,spotify:track:3wfQEIvOfeVkXgGZogK3gL
132,spotify:track:04zzaZmF7rn0AkvOTiYhHy
133,spotify:track:6A3SB2C4U6JtCavQOXLYNN
134,spotify:track:6fKYXAnTD96mFM9nAGaC7V
135,spotify:track:0sb8ClU3CLoNblxkpmOKzA
136,spotify:track:5wANPM4fQCJwkGd4rN57mH
137,spotify:track:4RVwu0g32PAqgUiJoXsdF8
138,spotify:track:0F51ZGp1APMEGmCgmG8Qwo
139,spotify:track:5s4nWxnucgO7YPfoPGxR1e
140,spotify:track:3ElGRG3DqSzzkh1b2wnbzf
141,spotify:track:4u7EnebtmKWzUH433cf5Qv
142,spotify:track:4pt5fDVTg5GhEvEtlz9dKk
143,spotify:track:2a1o6ZejUi8U3wzzOtCOYw
144,spotify:track:5LYMamLv12UPbemOaTPyeV
145,spotify:track:6uvh0In7u1Xn4HgxOfAn8O
146,spotify:track:2374M0fQpWi3dLnB54qaLX
147,spotify:track:6f3Slt0GbA2bPZlz0aIFXN
148,spotify:track:2fuWIFyY452wmNOoT32EB8
149,spotify:track:2QjOHCTQ1Jl3zawyYOpxh6
150,spotify:track:3aOzpOcVaAXCb2bkabANde
151,spotify:track:1SOClUWhOi8vHZYMz3GluK
152,spotify:track:3F1P0QzdXtBz0MXy7KIO5w
153,spotify:track:4vHy2IHzf3EabEa7oMpUZB
154,spotify:track:6I3mqTwhRpn34SLVafSH7G
155,spotify:track:5Vrrxddu2CDh1wfysRPZJZ
156,spotify:track:0gucTLf7trAf37Ua1uAyAu
157,spotify:track:2tnVG71enUj33Ic2nFN6kZ
158,spotify:track:5nujrmhLynf4yMoMtj8AQF
159,spotify:track:2ewjMyCbNv2X1dB2qIDCwD
160,spotify:track:3Mcxi78U3lCjt8DMKa6YY4
161,spotify:track:5qaEfEh1AtSdrdrByCP7qR
162,spotify:track:0JpEMzTHbt2zBIXrntrXzG
163,spotify:track:5YbPxJwPfrj7uswNwoF1pJ
164,spotify:track:0U1W2LZVUX7qTm7dDpqxh6
165,spotify:track:1SC5rEoYDGUK4NfG82494W
166,spotify:track:0O6u0VJ46W86TxN9wgyqDj
167,spotify:track:1v7L65Lzy0j0vdpRjJewt1
168,spotify:track:5T8EDUDqKcs6OSOwEsfqG7
169,spotify:track:5QO79kh1waicV47BqGRL3g
170,spotify:track:46HNZY1i7O6jwTA7Slo2PI
171,spotify:track:0w6lsLBvhtGcqMYA7MB7r6
172,spotify:track:2GYHyAoLWpkxLVa4oYTVko
173,spotify:track:1jDJFeK9x3OZboIAHsY9k2
174,spotify:track:0nLiqZ6A27jJri2VCalIUs
175,spotify:track:2tpWsVSb9UEmDRxAl1zhX1
176,spotify:track:1J14CdDAvBTE1AJYUOwl6C
177,spotify:track:3Ucr6hQQuY8cZ0UqXV8uO2
178,spotify:track:1mea3bSkSGXuIRvnydlB5b
179,spotify:track:3CRDbSIZ4r5MsZ0YwxuEkn
180,spotify:track:7lQ8MOhq6IN2w8EYcFNSUk
181,spotify:track:2glGP8kEfACgJdZ86kWxhN
182,spotify:track:6Dy1jexKYriXAVG6evyUTJ
183,spotify:track:6b37xrsNCWYIUphFBazqD6
184,spotify:track:2wGSgTmgSF3xjRrHkTc25R
185,spotify:track:37Tmv4NnfQeb0ZgUC4fOJj
186,spotify:track:2WfaOiMkCvy7F5fcp2zZ8L
187,spotify:track:0Jh6iWjna1wk5le0Ahn7No
188,spotify:track:1R0a2iXumgCiFb7HEZ7gUE
189,spotify:track:2uAgZ0PelSImQe3BME9CiT
190,spotify:track:1JSTJqkT5qHq8MDJnJbRE1
191,spotify:track:3yfqSUWxFvZELEM4PmlwIR
192,spotify:track:1oXn8nhl44cH6HXqGQnOgY
193,spotify:track:4IbDTrLxImTJfZePAX2nKB
194,spotify:track:503OTo2dSqe7qk76rgsbep
195,spotify:track:7qiZfU4dY1lWllzX7mPBI3
196,spotify:track:48UPSzbZjgc449aqz8bxox
197,spotify:track:4BuRrEwP1C4E8NkpUMe6mI
198,spotify:track:7lipUxEvDX7gvpVLOoqiau
199,spotify:track:2gMXnyrvIjhVBUZwvLZDMP
