,uri
0,spotify:track:6mmPpaltUZK7xjNlBPQQ0p
1,spotify:track:5Us3svqTvNAdnQfEYfoL5g
2,spotify:track:6LBpjWMfy1NUfyxAJbcMRs
3,spotify:track:5NMPnWUDvXr8Vnauv7I7YZ
4,spotify:track:2Gq636OOGgxCTqEuzCZhsa
5,spotify:track:1uK5rDY3BnikyG0sl3tPpc
6,spotify:track:4TGwERXRlyQtBdggYTHo6j
7,spotify:track:7JZ5mOTea5T4LH0UdwCsWx
8,spotify:track:0lJE8f0lx8mUSfMyxeYpiC
9,spotify:track:1ri9ZUkBJVFUdgwzCnfcYs
10,spotify:track:0ZLkb9lDDlTPwYZPvuGnHB
11,spotify:track:63GTuNSVLynH3n3PdqObgd
12,spotify:track:5gJuYaon5zaZahQyAd0LVx
13,spotify:track:5i82o3878xCPNCUK8VIeqX
14,spotify:track:2cR9cH9ta7MStHBKs0aOcz
15,spotify:track:6P096SaOzrgGxs8NWOfX7M
16,spotify:track:166qsYi2wR3u6qfg7wrh1r
17,spotify:track:3EcCc1U405tm8yKm1x6Y8W
18,spotify:track:0Bv7O6fmZk3GrNQFYJaXPn
19,spotify:track:7onMf0QvWgRba2MRxG27yj
20,spotify:track:13XxxfnZmFEkU90QN8bOjz
21,spotify:track:1p22yVi9e8DT6BEUvOZ0TL
22,spotify:track:1kjs5eR4DMzyB0gm1Z8waV
23,spotify:track:5j3wzSS6z80VEs71O0gysC
24,spotify:track:6lX6l7OuA3qrnIRfdsr0dw
25,spotify:track:6ylDpki1VpIsc525KC1ojF
26,spotify:track:4xv2A022v5A8nyewDkYOkQ
27,spotify:track:3sVuWmggRqfAK3qk7OIEAz
28,spotify:track:5TMLavqGRKNxgzMBrVpC9R
29,spotify:track:1GYJpuLq41vEVKXiHGEY9j
30,spotify:track:4WaopyDgvKQP6T852K9boe
31,spotify:track:23R68uWGdp07SwQdK8mWzI
32,spotify:track:75HnDKDqsmEzdOKFWe5FZS
33,spotify:track:1fKFxmSByZfjwVSbq0PHye
34,spotify:track:1wcE84DVQUF16xudVFzezL
35,spotify:track:1CpRJLarXSUho5AopXxNQj
36,spotify:track:0cOa970mzTWAxKtltpkpLc
37,spotify:track:1mSviQV9iQnGSRyvTIuxAj
38,spotify:track:3monFIRNCDt9we37DDvCCK
39,spotify:track:1PmKfNsHxPdMaHP496myD3
40,spotify:track:1Hv5uEwnI5UQEFvHWJaL3T
41,spotify:track:2qEoAz0i6yEz5dPggABcLH
42,spotify:track:4gzsuuZypVbxs0Af1LSZyB
43,spotify:track:5saUoeceT2zau6ScmU77e6
44,spotify:track:7iXJg4IUyrWont5YSQrbKP
45,spotify:track:4Yip3hds5IHyT7AqoNHfmX
46,spotify:track:4AKK4j6sYhOO1r6My2qqWO
47,spotify:track:2Qv0DF1us4LhzLj0Cx9cSn
48,spotify:track:2BEcap3xJtmiPaHKyfQi4e
49,spotify:track:2JPLbjOn0wPCngEot2STUS
50,spotify:track:7hiAGGyiLaLBTVroaE08hx
51,spotify:track:4adB36k21bp4VfOYFF8Hl8
52,spotify:track:6w8yBI2vthyN9UnwO4UBWb
53,spotify:track:6KGGhJoXrztLp8ZT91zizs
54,spotify:track:0XYZhJIcwKNjd0tjbSXwaQ
55,spotify:track:7iHHlCbsFou5DZSW5HCPfs
56,spotify:track:3rdAz1fbUfZxYgaCviYhRo
57,spotify:track:6aMgqUHmyLs5vnyaV98HID
58,spotify:track:4PDoCa5P0QK7KFhTsEKJB8
59,spotify:track:1rxX4SkYDqluMJcYSijMSH
60,spotify:track:5W1qmxHrMlQGGAiFA3ZQqP
61,spotify:track:7rglLriMNBPAyuJOMGwi39
62,spotify:track:2B4GHvToeLTOBB4QLzW3Ni
63,spotify:track:4kELKaXaNP4EQR8Q8xNIID
64,spotify:track:6D2TCm4nf5nxAcdGJ7w3QP
65,spotify:track:4HzqWEdAbzcVFDv0pvxV4w
66,spotify:track:3lGMtkONrZdJ8kTCg6KIFf
67,spotify:track:2ttUrgPFiyWOHxbauXSVRo
68,spotify:track:0G2zPzWqVjR68iNPmx2TBe
69,spotify:track:6BcLvFU6LKuupwRJbJ9cgn
70,spotify:track:4OwhwvKESFtuu06dTgct7i
71,spotify:track:4r9jkMEnArtWGH2rL2FZl0
72,spotify:track:5eyO0n1HiiSWdGaaSoK731
73,spotify:track:4it6vaFbkGRUaQlwWUMg3v
74,spotify:track:0KvtuCa8aGD8SR39aLLLj5
75,spotify:track:7COGuXyTr12KvdaYXMqheC
76,spotify:track:79pz16ngfYU2iZV0dvj3QU
77,spotify:track:1B7Wxx58QV4xrCjxI4Uu3i
78,spotify:track:1FlL8ycld6uVDDyhV7P5FA
79,spotify:track:4AM8g5OElpKpuHjMuH1PSk
80,spotify:track:2vmfvSoZBFAt9hhRoEByLi
81,spotify:track:3GaGWoU1KfVqgl7vnRHP55
82,spotify:track:03a359wbiUsjN9h6yzXvmS
83,spotify:track:2YZDh5CecWx0qlFiTvqVQ9
84,spotify:track:6dnDKVx1eLiYwc9tsy40ps
85,spotify:track:4MzXwWMhyBbmu6hOcLVD49
86,spotify:track:1HhNoOuqm1a5MXYEgAFl8o
87,spotify:track:1DFDbSWdESvzWHHAe6BCQ3
88,spotify:track:7zgz9kzWGXChcjU6krkPWi
89,spotify:track:3lCbsHaN1wCxyDzcNN2x4N
90,spotify:track:7gNClxHxDnazoQvgFhLMKr
91,spotify:track:7I8L3vYCLThw2FDrE6LuzE
92,spotify:track:7jaYm0oq552xugGmOeE6w5
93,spotify:track:6J8lLpZoRCmB5pTrnB5jpV
94,spotify:track:2qBirMakpTdz9ymxrZEyzg
95,spotify:track:2cTKuxpHcPzDFRbbhE2WxP
96,spotify:track:655JkvIwu2rDCaD1hPf04g
97,spotify:track:6bLvfGI2XeU5DTl8feuNrk
98,spotify:track:4knc1Fp3kbuq8bH2byOvLu
99,spotify:track:7FfQ2E4LqvwKKOyKXyC2L2
100,spotify:track:5A1vGSsqw0UQCBxHOyPOjG
101,spotify:track:2MxHuZWC99rsELX9SrCW7K
102,spotify:track:0ZAJ660VP57lLK4U7NlGOy
103,spotify:track:78QcVmzxS0wIwuC2rpAauI
104,spotify:track:42Gzfqnfpk7Pp1ydM60eNn
105,spotify:track:4Uvf83UnV1LryFvHqqhGpT
106,spotify:track:05bfbizlM5AX6Mf1RRyMho
107,spotify:track:5PjdY0CKGZdEuoNab3yDmX
108,spotify:track:1AhNxunSSizAllibrQ7jhu
109,spotify:track:4WkEH0PgystZUaN6QU6Z0B
110,spotify:track:1sZ39ZxvFo8FyMz4s7iVlf
111,spotify:track:10zSgbysU2KyVTrcRmtu62
112,spotify:track:6ySWtyMprBb1YX8WAAuFBs
113,spotify:track:1ePMFMnmmXSKwDHiI8hzBL
114,spotify:track:7zsgBOY20sX0Z8L4RTdU3Y
115,spotify:track:0HINQFSerZ6iMfSsaTO3G5
116,spotify:track:1Crj1zkRMpsEjb9NOR6Zof
117,spotify:track:4OrAAeefsDOdUSfE87C6WR
118,spotify:track:1O2pcBJGej0pmH2Y9XZMs6
119,spotify:track:0CgpCtEPvyDizcg2p47VrU
120,spotify:track:7ESKEiE8LRLrDwdS2ZgUiR
121,spotify:track:1zBnnZCmZJWGVkFGz37UFf
122,spotify:track:35wvL50xvKpCHEJPxLOLPI
123,spotify:track:0h1Cp5qtDPVzarqIsdWdCT
124,spotify:track:1GtBrm91qZLzAZ0OR8uSCk
125,spotify:track:704LUEih663hiE3CnyUrFW
126,spotify:track:4bF2y8rR7GUjrd5LNEvej3
127,spotify:track:1GzNajZtxF1eUczzec5Ax2
128,spotify:track:0bI7K9Becu2dtXK1Q3cZNB
129,spotify:track:6dT5W7zuEcUZHnZuVlSIJ5
130,spotify:track:0dOdaCeCmUYSqHWjnpLIa9
131,spotify:track:2BDJWePEkczB34ZoDliNSr
132,spotify:track:03wQrSM0nV1WyPIgWvapG4
133,spotify:track:6620Y9QwLGuz1cIM1XVibG
134,spotify:track:6UelLqGlWMcVH1E5c4H7lY
135,spotify:track:5Z9KJZvQzH6PFmb8SNkxuk
136,spotify:track:3PfIrDoz19wz7qK7tYeu62
137,spotify:track:1k4ldqe6XE6Q143GsBwhfc
138,spotify:track:5uHAzGa4d9j35DEbhUwGhi
139,spotify:track:6ED43xPAYPXD26yPFxUUuU
140,spotify:track:67Q93kXygxCskeQiIP0V0j
141,spotify:track:3nfICwo20uiFdEGzgNUSrG
142,spotify:track:5jW3rF4URMdK7tO2xjS5EI
143,spotify:track:1g4cZvi0nLeeIycd0Rkljj
144,spotify:track:1p7m9H4H8s0Y7SgRm7j3ED
145,spotify:track:3Oa9oxOLUYGQgzKXGIMpWy
146,spotify:track:4M4DTyLupKvbJKlE4I4EYq
147,spotify:track:7aPZrVHFSZrcWakHCNn9Fx
148,spotify:track:3JCaq3KDSROg3TXhdiDa9n
149,spotify:track:0obLPbz7uv02f5Z3BNIuIv
150,spotify:track:46IZ0fSY2mpAiktS3KOqds
151,spotify:track:59CfNbkERJ3NoTXDvoURjj
152,spotify:track:2uFNk4Yiwikx7uUvZtbm2F
153,spotify:track:42ahuAFlYGjIGBpVdHcLij
154,spotify:track:0HgkRcmGDiza3KTjM3Ifnu
155,spotify:track:0JzUsZUR6ZySpPNrWRvcL3
156,spotify:track:6J63gKDHJLjiKWQg2LYvm4
157,spotify:track:0HghA8NwsiFcgROYKFjX3W
158,spotify:track:7I8o4jSN5Xf7NLXIfjTuM4
159,spotify:track:0fea68AdmYNygeTGI4RC18
160,spotify:track:5usHLPkjh7WmJSEWqZHVSE
161,spotify:track:3oqWr0jDWNXxWufNogGREp
162,spotify:track:46HNZY1i7O6jwTA7Slo2PI
163,spotify:track:78kygHp1dvW1kncYjBgbe1
164,spotify:track:6c32C8T3KlXrbvWSoD5aON
165,spotify:track:3xv8JksRyqHa1lwkM9xvJf
166,spotify:track:4fouWK6XVHhzl78KzQ1UjL
167,spotify:track:0WuKq2LiraBFney78dzwoc
168,spotify:track:69vlMrzHwATKzupwNcUPyK
169,spotify:track:6y6EZKfsOZ7P3ALbnUuXik
170,spotify:track:0TUW9faHNaBmi89wsYGp9y
171,spotify:track:7upAH0ezzsThyvr33YKn4u
172,spotify:track:0vvuIsoJ101Hme1VIXBIEi
173,spotify:track:2rDZhKnPaPG054ExZ6nXUS
174,spotify:track:5oLWzTgq6WsZyMF16IiN7R
175,spotify:track:5GTZvGDv2rbhT1B3ttDQqz
176,spotify:track:6esPLhNIxICEhay8xDSuMM
177,spotify:track:0C9V5jMElp7laZZdsCHufD
178,spotify:track:1yoMvmasuxZfqHEipJhRbp
179,spotify:track:0IqCoZ168iRc9LqfrYgpZy
180,spotify:track:3uP1USIwwDpOA8uw0LjY2P
181,spotify:track:2J3oaXTqKjGGHCOQLeBnBA
182,spotify:track:6MuJUSYCqA4FpMogUHzb2R
183,spotify:track:6Uj1ctrBOjOas8xZXGqKk4
184,spotify:track:6b8ssfeNotmNKa9AzS734T
185,spotify:track:3rmo8F54jFF8OgYsqTxm5d
186,spotify:track:7iqOIHHEmu6Vhw25GgQ2eA
187,spotify:track:2XIc1pqjXV3Cr2BQUGNBck
188,spotify:track:66ggNhGinVQLTYJODy6P74
189,spotify:track:6ByFrNuzzj7rNiYnsc0eTd
190,spotify:track:6rg1MBZqggsQ5olFGTw0rr
191,spotify:track:5nujrmhLynf4yMoMtj8AQF
192,spotify:track:5QKk5N5xJQGsWMhPM80Kfv
193,spotify:track:0VjIjW4GlUZAMYd2vXMi3b
194,spotify:track:20on25jryn53hWghthWWW3
195,spotify:track:65DBZofI0b79kfHTcWWDuU
196,spotify:track:4HYDUMY0xSpeBr0AMY9cUz
197,spotify:track:37oaImGdDkQgIIUZDvFGdr
198,spotify:track:25YMD8Bf1CiQvAsYz5Bq0p
199,spotify:track:1Ig4pCPanhzXl7C86MmBUc
