,uri
0,spotify:track:0g2leZuI3jD5pRsrRIDvYe
1,spotify:track:5pUhMwmYr4gf6Lt3U5qsHz
2,spotify:track:5ucyKDPjLpYLGadsRO1wSB
3,spotify:track:2q7jpVfCtcuRwcur9nQeuC
4,spotify:track:2XRn6Qu0Wd1KvOND8JbaTx
5,spotify:track:4zN21mbAuaD0WqtmaTZZeP
6,spotify:track:4Dvkj6JhhA12EX05fT7y2e
7,spotify:track:7k6aVgrtJqNTMVqk5yMWKD
8,spotify:track:6weT0OACEb3e4KLQJInf4I
9,spotify:track:1W1N3usYjgI3XGQA0iX9Vq
10,spotify:track:35DkXhxqTMiQB582tfjowU
11,spotify:track:3LtpKP5abr2qqjunvjlX5i
12,spotify:track:76OGwb5RA9h4FxQPT33ekc
13,spotify:track:75FEaRjZTKLhTrFGsfMUXR
14,spotify:track:1LIvdWNdKmHvU0FJvw2diN
15,spotify:track:02MWAaffLxlfxAUY7c5dvx
16,spotify:track:4h9wh7iOZ0GGn8QVp4RAOB
17,spotify:track:3JXdzlvJJrKlmfBfoCLsOo
18,spotify:track:7fZBQnc0zXwVybgCIrQQil
19,spotify:track:6sS77FZh2eJfYBsFUW6hjI
20,spotify:track:2cg9zDi0rvj3HjKxvv2tvY
21,spotify:track:2DB4DdfCFMw1iaR6JaR03a
22,spotify:track:7jtQIBanIiJOMS6RyCx6jZ
23,spotify:track:5IgjP7X4th6nMNDh4akUHb
24,spotify:track:2B4GHvToeLTOBB4QLzW3Ni
25,spotify:track:4yNNFapUZM7aTElXE2JveQ
26,spotify:track:2Oi1IJ6JEUX1aya9VUAA1Z
27,spotify:track:3a0F2N6rXJSibQTp77xH4f
28,spotify:track:4FXX4P3dxc1JMBx5wVRJ5N
29,spotify:track:6JIC3hbC28JZKZ8AlAqX8h
30,spotify:track:2CewvqbfMOcnvYE3yayAJV
31,spotify:track:3uUuGVFu1V7jTQL60S1r8z
32,spotify:track:18asYwWugKjjsihZ0YvRxO
33,spotify:track:63WuQOXohQIxOxIFA2K7bR
34,spotify:track:53g6tgjn3Ex6o3Q8hcIxkG
35,spotify:track:6GomT970rCOkKAyyrwJeZi
36,spotify:track:6A3SB2C4U6JtCavQOXLYNN
37,spotify:track:50nfwKoDiSYg8zOCREWAm5
38,spotify:track:2DgdHcjWmO3qd50RzuBLgZ
39,spotify:track:72H4lwbSuX8xjyJseUC5Ux
40,spotify:track:4h4QlmocP3IuwYEj2j14p8
41,spotify:track:7KWwQ8SokgUDO7es6Q4ZGW
42,spotify:track:2H7jZg2HliuQhZjfBblLrZ
43,spotify:track:3Oww84xrmgjyr5J1ilOmAf
44,spotify:track:6xGruZOHLs39ZbVccQTuPZ
45,spotify:track:0y8lwLPXBsenbF5WAZhlbL
46,spotify:track:0g2Bbgy7P41pFjMWJuzsf4
47,spotify:track:5gRXyFtArVXYk8OOSWIXBO
48,spotify:track:5dj7Il9BkdU1gMfIveNrVH
49,spotify:track:3eJH2nAjvNXdmPfBkALiPZ
50,spotify:track:1dVlMBDEkmRUZYZUOjGyfM
51,spotify:track:2QjOHCTQ1Jl3zawyYOpxh6
52,spotify:track:3tjoq1CMR4YtSUegC5sbU8
53,spotify:track:4tRhRLBxIZ34Iw0eCuiC03
54,spotify:track:2L6hCTpUlR2p7Su3hiSB0s
55,spotify:track:7s3VxmIizcDgDTRCA4kDzd
56,spotify:track:5C3J3C5nzBclrE8xuW5UQ7
57,spotify:track:2hBkoDhuGk2AtSCprEFDFP
58,spotify:track:5PjdY0CKGZdEuoNab3yDmX
59,spotify:track:5r43qanLhUCdBj8HN3fa6B
60,spotify:track:7ef4DlsgrMEH11cDZd32M6
61,spotify:track:22skzmqfdWrjJylampe0kt
62,spotify:track:6xfjR5HmYHnabfSKvjoh0M
63,spotify:track:58HvfVOeJY7lUuCqF0m3ly
64,spotify:track:7yq4Qj7cqayVTp3FF9CWbm
65,spotify:track:6sDfeHgrQvvBFdg88Qq8TM
66,spotify:track:0r1kH7SIkkPP9W7mUknObF
67,spotify:track:3F5CgOj3wFlRv51JsHbxhe
68,spotify:track:1I4dwH7C0jBAEtz5DjlJgQ
69,spotify:track:3rmo8F54jFF8OgYsqTxm5d
70,spotify:track:0h14I7cPYi1RZG6GmVpMso
71,spotify:track:5UFbfXuj4TjirzmcvTFBBy
72,spotify:track:3gyRaifTaAoQrwtYiQu9ur
73,spotify:track:0FKw2vfEDxDuRisr4kU8Ok
74,spotify:track:2USlegnFJLrVLpoVfPimKB
75,spotify:track:5BiypsiapBLRQELkSFBby2
76,spotify:track:7LaVWcyzHTqoBFPolNiuyz
77,spotify:track:3CIyK1V4JEJkg02E4EJnDl
78,spotify:track:2sFsvaMRe8PKo5AFdBE9qC
79,spotify:track:2kx5sQgmjYug0GiDh1a4sU
80,spotify:track:7lQ8MOhq6IN2w8EYcFNSUk
81,spotify:track:5m0vz1gSNLohGVfEEAyQQb
82,spotify:track:1c2hJSwcCfoPEw1su83Sw0
83,spotify:track:3sa06xVNmLLYIxdNNmVQN8
84,spotify:track:5STeQZH1Ahz3h0X9Njaij7
85,spotify:track:05Mp2UJulSttxQ4E6hQPH3
86,spotify:track:4fouWK6XVHhzl78KzQ1UjL
87,spotify:track:5iRaaDJo5uz0ysY02Xedgz
88,spotify:track:7l9IqDtVWJurTvkQHq1BGh
89,spotify:track:0U1W2LZVUX7qTm7dDpqxh6
90,spotify:track:0wHFktze2PHC5jDt3B17DC
91,spotify:track:2MLIRLTx41VStC8Z5NJEG6
92,spotify:track:5pyoxDZ1PX0KxBxiRVxA4U
93,spotify:track:0otRX6Z89qKkHkQ9OqJpKt
94,spotify:track:0e8nrvls4Qqv5Rfa2UhqmO
95,spotify:track:4FOnYirKRbe6guJsosnHSL
96,spotify:track:3kcKlOkQQEPVwxwljbGJ5p
97,spotify:track:20on25jryn53hWghthWWW3
98,spotify:track:5Z9KJZvQzH6PFmb8SNkxuk
99,spotify:track:0xzI1KAr0Yd9tv8jlIk3sn
100,spotify:track:0uQbTk0GFM9PxE0rN1UWZb
101,spotify:track:3wOfTyr0VCDkWkTJlt8wPR
102,spotify:track:1WCEAGGRD066z2Q89ObXTq
103,spotify:track:1DIXPcTDzTj8ZMHt3PDt8p
104,spotify:track:1FEiijYPJtyswChfcpv3p0
105,spotify:track:5KTBaWu8IOczQ0sPWzZ7MY
106,spotify:track:2q5b453xA0WCxrpX20vBcU
107,spotify:track:2p9S2Xo9UxKjChh7OuApEy
108,spotify:track:3HUFn8YTBRAXIdvnBdWllJ
109,spotify:track:2pLeoBNJiGlbZkyf84z5hJ
110,spotify:track:6VcBDMF2ykm5HDcJMVLRZW
111,spotify:track:0VjIjW4GlUZAMYd2vXMi3b
112,spotify:track:6WVHfpzYW3HooQaCC80opC
113,spotify:track:4cG7HUWYHBV6R6tHn1gxrl
114,spotify:track:1RF02Cf80mTaeNXG2P2boR
115,spotify:track:4k6Uh1HXdhtusDW5y8Gbvy
116,spotify:track:24EDbIDzgg3R2KJU26hVX7
117,spotify:track:6UelLqGlWMcVH1E5c4H7lY
118,spotify:track:2a1o6ZejUi8U3wzzOtCOYw
119,spotify:track:1ei3hzQmrgealgRKFxIcWn
120,spotify:track:6XuiITnbtOxMbvSc2NmUM8
121,spotify:track:3T4DdPVqWeaC4U7vrIxlKz
122,spotify:track:3ZDXLSUZpKx8pspNBOdVr5
123,spotify:track:4ZtFanR9U6ndgddUvNcjcG
124,spotify:track:3RM5RpRDDdST1njqOMG141
125,spotify:track:3yfqSUWxFvZELEM4PmlwIR
126,spotify:track:5u8Y0lAUlBLwuhpXSDUGf4
127,spotify:track:6HMtHNpW6YPi1hrw9tgF8P
128,spotify:track:1qEmFfgcLObUfQm0j1W2CK
129,spotify:track:75UUG6x5zQe0gCVOiQpa6X
130,spotify:track:21szgNA72iLwvBxHQLgwBh
131,spotify:track:1R0a2iXumgCiFb7HEZ7gUE
132,spotify:track:27ZZdyTSQWI7Cug2d2PkqV
133,spotify:track:0nrRP2bk19rLc0orkWPQk2
134,spotify:track:6qyS9qBy0mEk3qYaH8mPss
135,spotify:track:4UOXo3xWnxYdTf3sFyRaUG
136,spotify:track:1CceISBSTQIqybOeTwc7dH
137,spotify:track:003vvx7Niy0yvhvHt4a68B
138,spotify:track:0sb8ClU3CLoNblxkpmOKzA
139,spotify:track:0hquQWY3xvYqN4qtiquniF
140,spotify:track:0sBJA2OCEECMs0HsdIQhvR
141,spotify:track:4kLLWz7srcuLKA7Et40PQR
142,spotify:track:7EHEVPIFS6mOq4BOhlVL3i
143,spotify:track:6Ql7rNuoP90aIdgwQkPYBP
144,spotify:track:2tpWsVSb9UEmDRxAl1zhX1
145,spotify:track:7DbdUf8aHSYoliSjO6LZv6
146,spotify:track:4IYNzoZ63Am2XYkxMFXsN7
147,spotify:track:1cKHdTo9u0ZymJdPGSh6nq
148,spotify:track:0zCgWGmDF0aih5qexATyBn
149,spotify:track:1SOClUWhOi8vHZYMz3GluK
150,spotify:track:3Z7CaxQkqbIs1rewKi6v4W
151,spotify:track:4bHsxqR3GMrXTxEPLuK5ue
152,spotify:track:6hw1Sy9wZ8UCxYGdpKrU6M
153,spotify:track:0u2P5u6lvoDfwTYjAADbn4
154,spotify:track:10xV5l9nhLvFpR8mqzs0bL
155,spotify:track:6di0ubrcWF1vkf441tnRLh
156,spotify:track:1v7L65Lzy0j0vdpRjJewt1
157,spotify:track:3nvJ6joO5XcYsfDR0GgGVh
158,spotify:track:3Wrjm47oTz2sjIgck11l5e
159,spotify:track:62ke5zFUJN6RvtXZgVH0F8
160,spotify:track:5Th2Rs48Gz3iqfcGMXG5PC
161,spotify:track:54ipXppHLA8U4yqpOFTUhr
162,spotify:track:2OqOrMmLZQxe9l1t7IQ00s
163,spotify:track:60a0Rd6pjrkxjPbaKzXjfq
164,spotify:track:4pt5fDVTg5GhEvEtlz9dKk
165,spotify:track:737gzPI5VAmgUGWiJ9yXuu
166,spotify:track:4xkOaSrkexMciUUogZKVTS
167,spotify:track:0gucTLf7trAf37Ua1uAyAu
168,spotify:track:5QO79kh1waicV47BqGRL3g
169,spotify:track:79lc69ZXfL4WmJIzVSDmWT
170,spotify:track:6fuO9uk9wbjCHvQJqk2Qpx
171,spotify:track:1vUOJpWc091SBYULNvz9mp
172,spotify:track:7rhfRaybfxTAjuzih3xWpc
173,spotify:track:6YUTL4dYpB9xZO5qExPf05
174,spotify:track:3I10tZ5MgEMo4WryCNJkZQ
175,spotify:track:6Dy1jexKYriXAVG6evyUTJ
176,spotify:track:0TBylB8tjwqp4YHSrwRJQQ
177,spotify:track:7z5G2LOdV8okZn4yWg3q5g
178,spotify:track:4N5s8lPTsjI9EGP7K4SXzB
179,spotify:track:1YcuhTZfBHeyo9wVdNRiRR
180,spotify:track:1F80MEkZA9yTlpMQp9dhht
181,spotify:track:2K7xn816oNHJZ0aVqdQsha
182,spotify:track:4u7EnebtmKWzUH433cf5Qv
183,spotify:track:3rb0tMq42WfggucPm0HHkA
184,spotify:track:5TXDeTFVRVY7Cvt0Dw4vWW
185,spotify:track:0Xh6R6XLoTDRBYriQRgkHj
186,spotify:track:3cHyrEgdyYRjgJKSOiOtcS
187,spotify:track:25FTMokYEbEWHEdss5JLZS
188,spotify:track:2uAgZ0PelSImQe3BME9CiT
189,spotify:track:0JpEMzTHbt2zBIXrntrXzG
190,spotify:track:5sQqRC6wFJ2KpVEbUAsDSG
191,spotify:track:0ct6r3EGTcMLPtrXHDvVjc
192,spotify:track:4kbj5MwxO1bq9wjT5g9HaA
193,spotify:track:5CqkgDH8QZjSqqI3HmYxDD
194,spotify:track:3iw6V4LH7yPj1ESORX9RIN
195,spotify:track:1kwHrBWAlucOE57lWugotk
196,spotify:track:6Uj1ctrBOjOas8xZXGqKk4
197,spotify:track:2xFMvrqk99biaLQavjufta
198,spotify:track:2SwQShWjZsxoGviEyaEMOX
199,spotify:track:3KbBc9AR8dAujGI5drSYRX
