,uri
0,spotify:track:4Dvkj6JhhA12EX05fT7y2e
1,spotify:track:3BnDvpeuGOj21Ir2aVEtQo
2,spotify:track:4zN21mbAuaD0WqtmaTZZeP
3,spotify:track:4ZpIuzx91EAPK3VimONbfB
4,spotify:track:3LtpKP5abr2qqjunvjlX5i
5,spotify:track:75FEaRjZTKLhTrFGsfMUXR
6,spotify:track:4V2eYSKckdvIbb3t20K3ga
7,spotify:track:6KHsTu4Ht4XYiWcZOOdwbW
8,spotify:track:0z3bi63SNZ5ylyHOzb81Uq
9,spotify:track:7fZBQnc0zXwVybgCIrQQil
10,spotify:track:2DB4DdfCFMw1iaR6JaR03a
11,spotify:track:76OGwb5RA9h4FxQPT33ekc
12,spotify:track:6Qe7YCkIOc1iaw9HKqO3qV
13,spotify:track:4h9wh7iOZ0GGn8QVp4RAOB
14,spotify:track:5pyoxDZ1PX0KxBxiRVxA4U
15,spotify:track:02MWAaffLxlfxAUY7c5dvx
16,spotify:track:7mgPjcjjGwGx5kRDMH7Kkz
17,spotify:track:7AVHDeAjfn0zfMnYRhp0oI
18,spotify:track:181AxLRTyYh9WUxEjmJt1Y
19,spotify:track:63WuQOXohQIxOxIFA2K7bR
20,spotify:track:3uUuGVFu1V7jTQL60S1r8z
21,spotify:track:1ei3hzQmrgealgRKFxIcWn
22,spotify:track:6OZwia8loN0aPS0vTvsBjR
23,spotify:track:6HMtHNpW6YPi1hrw9tgF8P
24,spotify:track:1WCEAGGRD066z2Q89ObXTq
25,spotify:track:6JIC3hbC28JZKZ8AlAqX8h
26,spotify:track:46HNZY1i7O6jwTA7Slo2PI
27,spotify:track:7jtQIBanIiJOMS6RyCx6jZ
28,spotify:track:3AJwUDP919kvQ9QcozQPxg
29,spotify:track:54ipXppHLA8U4yqpOFTUhr
30,spotify:track:4UyVCLbNG8yhrqbzeSmdho
31,spotify:track:6xGruZOHLs39ZbVccQTuPZ
32,spotify:track:58HvfVOeJY7lUuCqF0m3ly
33,spotify:track:3sa06xVNmLLYIxdNNmVQN8
34,spotify:track:5VOBsfdn1wlCwuuw7pKgU3
35,spotify:track:7MIhUdNJtaOnDmC5nBC1fb
36,spotify:track:1c2hJSwcCfoPEw1su83Sw0
37,spotify:track:6PrB4KpvuoYWtwjPC5a44S
38,spotify:track:1T3fp4AZDhBeQSESi6LO8k
39,spotify:track:4h4QlmocP3IuwYEj2j14p8
40,spotify:track:75JFxkI2RXiU7L9VXzMkle
41,spotify:track:50nfwKoDiSYg8zOCREWAm5
42,spotify:track:2B4GHvToeLTOBB4QLzW3Ni
43,spotify:track:1cgy2FSOQMbq7DHCVgMAUA
44,spotify:track:5PjdY0CKGZdEuoNab3yDmX
45,spotify:track:6RUKPb4LETWmmr3iAEQktW
46,spotify:track:1bgKMxPQU7JIZEhNsM1vFs
47,spotify:track:5QJoojtfYodIvWSfpeCcHh
48,spotify:track:1qEmFfgcLObUfQm0j1W2CK
49,spotify:track:65OR4ywy8Cgs3FDHK82Idl
50,spotify:track:1mea3bSkSGXuIRvnydlB5b
51,spotify:track:5YbPxJwPfrj7uswNwoF1pJ
52,spotify:track:7wBrglFVTNCcW6IhdgBkm1
53,spotify:track:18asYwWugKjjsihZ0YvRxO
54,spotify:track:3ElGRG3DqSzzkh1b2wnbzf
55,spotify:track:3rmo8F54jFF8OgYsqTxm5d
56,spotify:track:4N5s8lPTsjI9EGP7K4SXzB
57,spotify:track:5EWPzyWm0b9McPS5Qyaijp
58,spotify:track:20on25jryn53hWghthWWW3
59,spotify:track:40SBS57su9xLiE1WqkXOVr
60,spotify:track:63JrADDfrcjOaI6lyVkN3c
61,spotify:track:6Y46tOTRhkBamosyuWa6YX
62,spotify:track:7LVHVU3tWfcxj5aiPFEW4Q
63,spotify:track:5IgjP7X4th6nMNDh4akUHb
64,spotify:track:6aZPMuJetqwKQCPClCNgd3
65,spotify:track:2USlegnFJLrVLpoVfPimKB
66,spotify:track:3Oww84xrmgjyr5J1ilOmAf
67,spotify:track:7ef4DlsgrMEH11cDZd32M6
68,spotify:track:0VjIjW4GlUZAMYd2vXMi3b
69,spotify:track:48BdA5qBxXVoe59xvu0bwc
70,spotify:track:3fgEIHsl6ecyAK1rpAxBIY
71,spotify:track:7lJ7lEntxkNUrbDN9giLmB
72,spotify:track:5Af1VRUzcHNgl1EIdCV8ll
73,spotify:track:5h9OvsTeNydBaZp7swQubV
74,spotify:track:22skzmqfdWrjJylampe0kt
75,spotify:track:4GmRnc9J8GBBkVHUtihE3Z
76,spotify:track:1xzi1Jcr7mEi9K2RfzLOqS
77,spotify:track:3Z7CaxQkqbIs1rewKi6v4W
78,spotify:track:4fouWK6XVHhzl78KzQ1UjL
79,spotify:track:2wXS2IXCyBX0WL76LLYT31
80,spotify:track:7eb7JIRN6HKpedFSDGd4yI
81,spotify:track:0BCPKOYdS2jbQ8iyB56Zns
82,spotify:track:2toEys3zZ8rRB242Na7FZh
83,spotify:track:6kwmp0U8M1tPvgPHqvbwsr
84,spotify:track:3CIyK1V4JEJkg02E4EJnDl
85,spotify:track:3RiPr603aXAoi4GHyXx0uy
86,spotify:track:0FDzzruyVECATHXKHFs9eJ
87,spotify:track:1bwhDrXcAtqePp8mNJ0pTe
88,spotify:track:4RVPmkIVvzcWF27zfn3sap
89,spotify:track:2VxeLyX666F8uXCJ0dZF8B
90,spotify:track:4hJhHbkhZFnxmWbAkZRoe0
91,spotify:track:3im90dPSC5z1PYJ305kgSy
92,spotify:track:10xV5l9nhLvFpR8mqzs0bL
93,spotify:track:7yq4Qj7cqayVTp3FF9CWbm
94,spotify:track:0wHFktze2PHC5jDt3B17DC
95,spotify:track:6UelLqGlWMcVH1E5c4H7lY
96,spotify:track:5ildQOEKmJuWGl2vRkFdYc
97,spotify:track:1CsuHmKOfCYxPoO4xjlAWV
98,spotify:track:4wn7cO2iHlWueXGDd4gH9g
99,spotify:track:6lZ5p6VTbZ2ZvnsdTlLv7I
100,spotify:track:7D0RhFcb3CrfPuTJ0obrod
101,spotify:track:5KTBaWu8IOczQ0sPWzZ7MY
102,spotify:track:0e8nrvls4Qqv5Rfa2UhqmO
103,spotify:track:2QjOHCTQ1Jl3zawyYOpxh6
104,spotify:track:2bPGTMB5sFfFYQ2YvSmup0
105,spotify:track:0nrRP2bk19rLc0orkWPQk2
106,spotify:track:4cGqn0E8JCSY9gQllQj4Mf
107,spotify:track:46vfSYsDJZaNQcD4YvT8GD
108,spotify:track:0g2Bbgy7P41pFjMWJuzsf4
109,spotify:track:1Hohk6AufHZOrrhMXZppax
110,spotify:track:4NMkT5dgzOk7xhcNe9lsGs
111,spotify:track:5Z9KJZvQzH6PFmb8SNkxuk
112,spotify:track:2Xr1dTzJee307rmrkt8c0g
113,spotify:track:1GCE5VlXjguhtBwOOZ2dvI
114,spotify:track:717QGTmZdkemDaCo1vQHG0
115,spotify:track:0DTEFwaPFY812t6uUH5i7P
116,spotify:track:1xrNLqTt0HmrwdZhigBAim
117,spotify:track:6HTJgY7iWWlVLSDHsfHePf
118,spotify:track:1I4dwH7C0jBAEtz5DjlJgQ
119,spotify:track:46IZ0fSY2mpAiktS3KOqds
120,spotify:track:4kLLWz7srcuLKA7Et40PQR
121,spotify:track:4ZtFanR9U6ndgddUvNcjcG
122,spotify:track:6KNw3UKRp3QRsO7Cf4ASVE
123,spotify:track:7qEHsqek33rTcFNT9PFqLf
124,spotify:track:2L2mM3rEO3arNIMQnb3dou
125,spotify:track:6jcfITWcR5egvbD4fsGayr
126,spotify:track:1YR7VB3xx85Iad2n3soyMb
127,spotify:track:3Wrjm47oTz2sjIgck11l5e
128,spotify:track:5QowMIujytktMDC8pktNXH
129,spotify:track:1DIXPcTDzTj8ZMHt3PDt8p
130,spotify:track:3TVUW7bJJWDOonkVCZxfLV
131,spotify:track:6GomT970rCOkKAyyrwJeZi
132,spotify:track:6Uj1ctrBOjOas8xZXGqKk4
133,spotify:track:6phZ9iQDWrB11ZPRjNDdNS
134,spotify:track:0u2P5u6lvoDfwTYjAADbn4
135,spotify:track:4k6Uh1HXdhtusDW5y8Gbvy
136,spotify:track:0F51ZGp1APMEGmCgmG8Qwo
137,spotify:track:2uAgZ0PelSImQe3BME9CiT
138,spotify:track:4cG7HUWYHBV6R6tHn1gxrl
139,spotify:track:0oiv4E896TUTTeQU0cmIui
140,spotify:track:2N8m6CYs74qQO4mjVcXO30
141,spotify:track:0uUMIBAOPUSP9Nz6tNqTrz
142,spotify:track:79JuksO8bRLKojdLSArnvL
143,spotify:track:4ckhmqXl4Zpbhl7T6NgVPI
144,spotify:track:4u7EnebtmKWzUH433cf5Qv
145,spotify:track:2DgdHcjWmO3qd50RzuBLgZ
146,spotify:track:6clzeGvi1CFioMOolbAOlX
147,spotify:track:6OufwUcCqo81guU2jAlDVP
148,spotify:track:2374M0fQpWi3dLnB54qaLX
149,spotify:track:04zzaZmF7rn0AkvOTiYhHy
150,spotify:track:3nEHrvNNtgLv9rneTAYVr4
151,spotify:track:1LIvdWNdKmHvU0FJvw2diN
152,spotify:track:5awDvzxWfd53SSrsRZ8pXO
153,spotify:track:0pqnGHJpmpxLKifKRmU6WP
154,spotify:track:0i9RysNKssk6syOrKDX3U2
155,spotify:track:6f3Slt0GbA2bPZlz0aIFXN
156,spotify:track:003vvx7Niy0yvhvHt4a68B
157,spotify:track:75UUG6x5zQe0gCVOiQpa6X
158,spotify:track:5r43qanLhUCdBj8HN3fa6B
159,spotify:track:3F5CgOj3wFlRv51JsHbxhe
160,spotify:track:3gVhsZtseYtY1fMuyYq06F
161,spotify:track:5QO79kh1waicV47BqGRL3g
162,spotify:track:6I3mqTwhRpn34SLVafSH7G
163,spotify:track:1JSTJqkT5qHq8MDJnJbRE1
164,spotify:track:37Tmv4NnfQeb0ZgUC4fOJj
165,spotify:track:5wANPM4fQCJwkGd4rN57mH
166,spotify:track:0gucTLf7trAf37Ua1uAyAu
167,spotify:track:1RF02Cf80mTaeNXG2P2boR
168,spotify:track:0mBP9X2gPCuapvpZ7TGDk3
169,spotify:track:2MuWTIM3b0YEAskbeeFE1i
170,spotify:track:5S12Ds2RswM2ITC0u1J01f
171,spotify:track:2tnVG71enUj33Ic2nFN6kZ
172,spotify:track:2ewjMyCbNv2X1dB2qIDCwD
173,spotify:track:5DhLsu431rudt8PENvUDao
174,spotify:track:7qiZfU4dY1lWllzX7mPBI3
175,spotify:track:7l9IqDtVWJurTvkQHq1BGh
176,spotify:track:3D29kjUyWxsT3jUUTtARVQ
177,spotify:track:1v7L65Lzy0j0vdpRjJewt1
178,spotify:track:0ll8uFnc0nANY35E0Lfxvg
179,spotify:track:7vdmxftpUdeBzOf6NXjm83
180,spotify:track:3gAEAmxdP1GIjgQ3Zud2mE
181,spotify:track:2rurDawMfoKP4uHyb2kJBt
182,spotify:track:5cqLFudVQryezmVFmmyRJN
183,spotify:track:2glGP8kEfACgJdZ86kWxhN
184,spotify:track:7uQ7e7nzbtyX87eIYHpj6Z
185,spotify:track:0O6u0VJ46W86TxN9wgyqDj
186,spotify:track:0HaRLPnr887lcQM2YQzkff
187,spotify:track:3wfQEIvOfeVkXgGZogK3gL
188,spotify:track:5qqabIl2vWzo9ApSC317sa
189,spotify:track:0U1W2LZVUX7qTm7dDpqxh6
190,spotify:track:2WfaOiMkCvy7F5fcp2zZ8L
191,spotify:track:5QQKWOwPjG9vcDBTQ5Hv5Q
192,spotify:track:2tpWsVSb9UEmDRxAl1zhX1
193,spotify:track:2fuWIFyY452wmNOoT32EB8
194,spotify:track:23khhseCLQqVMCIT1WMAns
195,spotify:track:3F1P0QzdXtBz0MXy7KIO5w
196,spotify:track:1jDJFeK9x3OZboIAHsY9k2
197,spotify:track:5T8EDUDqKcs6OSOwEsfqG7
198,spotify:track:7sA2SKTo1QbTSSYn5YvJC4
199,spotify:track:7lQ8MOhq6IN2w8EYcFNSUk
