,uri
0,spotify:track:2XRn6Qu0Wd1KvOND8JbaTx
1,spotify:track:5IQvs70wHdurk63TnCV6ZP
2,spotify:track:4LRPiXqCikLlN15c3yImP7
3,spotify:track:1W1N3usYjgI3XGQA0iX9Vq
4,spotify:track:1rDQ4oMwGJI7B4tovsBOxc
5,spotify:track:02MWAaffLxlfxAUY7c5dvx
6,spotify:track:6icjOrzM57QrCAtBeWB5WF
7,spotify:track:2DB4DdfCFMw1iaR6JaR03a
8,spotify:track:2DgdHcjWmO3qd50RzuBLgZ
9,spotify:track:3uUuGVFu1V7jTQL60S1r8z
10,spotify:track:2Oi1IJ6JEUX1aya9VUAA1Z
11,spotify:track:5CJqhXiUiK2rVowtbeLjyd
12,spotify:track:4fouWK6XVHhzl78KzQ1UjL
13,spotify:track:0h14I7cPYi1RZG6GmVpMso
14,spotify:track:3Oww84xrmgjyr5J1ilOmAf
15,spotify:track:50nfwKoDiSYg8zOCREWAm5
16,spotify:track:7jtQIBanIiJOMS6RyCx6jZ
17,spotify:track:6JIC3hbC28JZKZ8AlAqX8h
18,spotify:track:1HhNoOuqm1a5MXYEgAFl8o
19,spotify:track:18asYwWugKjjsihZ0YvRxO
20,spotify:track:2B4GHvToeLTOBB4QLzW3Ni
21,spotify:track:2hBkoDhuGk2AtSCprEFDFP
22,spotify:track:2xSIcmvFQHs2CeS34Mgp62
23,spotify:track:0UuNO0yYvsMPlyLF7RfQlg
24,spotify:track:58HvfVOeJY7lUuCqF0m3ly
25,spotify:track:0e8nrvls4Qqv5Rfa2UhqmO
26,spotify:track:5STeQZH1Ahz3h0X9Njaij7
27,spotify:track:2KsHzM4L7ThhNJB6MHXkPx
28,spotify:track:2w7Ca8DNYXBCgA6Bht7o0N
29,spotify:track:5PjdY0CKGZdEuoNab3yDmX
30,spotify:track:3eJH2nAjvNXdmPfBkALiPZ
31,spotify:track:5Z9KJZvQzH6PFmb8SNkxuk
32,spotify:track:5KTBaWu8IOczQ0sPWzZ7MY
33,spotify:track:514GW1c9Jn21KgZmO6mZIE
34,spotify:track:4DEH8oNdeXs4Lg72Lrkz87
35,spotify:track:3Ye7vnZdrO2Gq5IyyH3cOp
36,spotify:track:6WVHfpzYW3HooQaCC80opC
37,spotify:track:5r43qanLhUCdBj8HN3fa6B
38,spotify:track:1SOClUWhOi8vHZYMz3GluK
39,spotify:track:3rmo8F54jFF8OgYsqTxm5d
40,spotify:track:2UK4qw712yzFh8vYYJGv2B
41,spotify:track:2H7jZg2HliuQhZjfBblLrZ
42,spotify:track:3ZDXLSUZpKx8pspNBOdVr5
43,spotify:track:0FKw2vfEDxDuRisr4kU8Ok
44,spotify:track:2MLIRLTx41VStC8Z5NJEG6
45,spotify:track:7z5G2LOdV8okZn4yWg3q5g
46,spotify:track:4ZtFanR9U6ndgddUvNcjcG
47,spotify:track:4BZuKo2NlQxjWkQlpQf3E2
48,spotify:track:6VcBDMF2ykm5HDcJMVLRZW
49,spotify:track:041yCPAEGPSIKv3p1P5NP0
50,spotify:track:6GomT970rCOkKAyyrwJeZi
51,spotify:track:2USlegnFJLrVLpoVfPimKB
52,spotify:track:1ei3hzQmrgealgRKFxIcWn
53,spotify:track:20on25jryn53hWghthWWW3
54,spotify:track:0qGZkkxnyfGrUBLflKwBQG
55,spotify:track:56SLMIzWKrEOWIQ5LCzKXV
56,spotify:track:1l0arEkM2grgUYMim5SggS
57,spotify:track:1LvyuaK3gMkd4MLxSEf9MO
58,spotify:track:2QjOHCTQ1Jl3zawyYOpxh6
59,spotify:track:1HvTxgCj0mTzQlEo0zLvFb
60,spotify:track:59CfNbkERJ3NoTXDvoURjj
61,spotify:track:1TM2i0pjWHpus4t3p6zs0V
62,spotify:track:7lQ8MOhq6IN2w8EYcFNSUk
63,spotify:track:22skzmqfdWrjJylampe0kt
64,spotify:track:2K7xn816oNHJZ0aVqdQsha
65,spotify:track:0IuVhCflrQPMGRrOyoY5RW
66,spotify:track:1r8ZCjfrQxoy2wVaBUbpwg
67,spotify:track:1h3d2lvISrSIV6fS89U51S
68,spotify:track:3EngNejou3x0co3Ed68X7U
69,spotify:track:0uQbTk0GFM9PxE0rN1UWZb
70,spotify:track:4FXX4P3dxc1JMBx5wVRJ5N
71,spotify:track:75UUG6x5zQe0gCVOiQpa6X
72,spotify:track:5a4BwnoE6D5bRmhMvITk0u
73,spotify:track:5UFbfXuj4TjirzmcvTFBBy
74,spotify:track:7s3VxmIizcDgDTRCA4kDzd
75,spotify:track:0TBylB8tjwqp4YHSrwRJQQ
76,spotify:track:0pLLkPMTi2LkTWTUE6rcIg
77,spotify:track:2xFMvrqk99biaLQavjufta
78,spotify:track:6Uj1ctrBOjOas8xZXGqKk4
79,spotify:track:59nOXPmaKlBfGMDeOVGrIK
80,spotify:track:01I8aPBUJIMzCtHsCVvmq5
81,spotify:track:40mI1rlWiHarvMDtBvPnhW
82,spotify:track:3AVXwaOGCEL8cmBecfcsFJ
83,spotify:track:2sFsvaMRe8PKo5AFdBE9qC
84,spotify:track:05Mp2UJulSttxQ4E6hQPH3
85,spotify:track:2L6hCTpUlR2p7Su3hiSB0s
86,spotify:track:7yq4Qj7cqayVTp3FF9CWbm
87,spotify:track:1Y2zqkMEu3mJPBBMBdkIsD
88,spotify:track:2UN0lp72LAusrXi8LLVomt
89,spotify:track:3sa06xVNmLLYIxdNNmVQN8
90,spotify:track:5iFQfP3AqVnHHS89LKQisL
91,spotify:track:5TXDeTFVRVY7Cvt0Dw4vWW
92,spotify:track:6ChnGkBwnq2HUJD24YhMhW
93,spotify:track:0JpEMzTHbt2zBIXrntrXzG
94,spotify:track:7EHEVPIFS6mOq4BOhlVL3i
95,spotify:track:4cG7HUWYHBV6R6tHn1gxrl
96,spotify:track:6fuO9uk9wbjCHvQJqk2Qpx
97,spotify:track:6UelLqGlWMcVH1E5c4H7lY
98,spotify:track:1DIXPcTDzTj8ZMHt3PDt8p
99,spotify:track:0y60itmpH0aPKsFiGxmtnh
100,spotify:track:6Jkm5kUldvIqxzI1Pa7nXH
101,spotify:track:0oA9wBGDY4uyILLg4GymWP
102,spotify:track:3yfqSUWxFvZELEM4PmlwIR
103,spotify:track:5gRXyFtArVXYk8OOSWIXBO
104,spotify:track:0PoorhuDSZ7hgvFT7C6fgf
105,spotify:track:0r1kH7SIkkPP9W7mUknObF
106,spotify:track:5Pp64isQvPVgptiOdS9Kcn
107,spotify:track:1PckUlxKqWQs3RlWXVBLw3
108,spotify:track:7EtfwHVS8FcciOBU1VnT8G
109,spotify:track:7fZBQnc0zXwVybgCIrQQil
110,spotify:track:46IZ0fSY2mpAiktS3KOqds
111,spotify:track:0VjIjW4GlUZAMYd2vXMi3b
112,spotify:track:1vUOJpWc091SBYULNvz9mp
113,spotify:track:2KdKh9vHbKW0tZLqtpxxI0
114,spotify:track:54Colxayes3tPJKcYRoO29
115,spotify:track:4kLLWz7srcuLKA7Et40PQR
116,spotify:track:2tpWsVSb9UEmDRxAl1zhX1
117,spotify:track:2gQPv5jvVPqU2a9HhMNO1v
118,spotify:track:3uwnnTQcHM1rDqSfA4gQNz
119,spotify:track:6I3mqTwhRpn34SLVafSH7G
120,spotify:track:1WCEAGGRD066z2Q89ObXTq
121,spotify:track:5QO79kh1waicV47BqGRL3g
122,spotify:track:2YDzzBkVJqV8tKS0G5PslR
123,spotify:track:46HNZY1i7O6jwTA7Slo2PI
124,spotify:track:3Wrjm47oTz2sjIgck11l5e
125,spotify:track:0fGpq9oAZNnEvkqvhnjz7K
126,spotify:track:4UOXo3xWnxYdTf3sFyRaUG
127,spotify:track:4xkOaSrkexMciUUogZKVTS
128,spotify:track:1v7L65Lzy0j0vdpRjJewt1
129,spotify:track:1MAqcAU0vwCpDosgRzoEHV
130,spotify:track:6Dy1jexKYriXAVG6evyUTJ
131,spotify:track:2eAvDnpXP5W0cVtiI0PUxV
132,spotify:track:3I10tZ5MgEMo4WryCNJkZQ
133,spotify:track:2Foc5Q5nqNiosCNqttzHof
134,spotify:track:7dDrR6vMK1JAwZZ5MIWgme
135,spotify:track:0h9o7htUBxQkrQFx6LXHcp
136,spotify:track:2a1o6ZejUi8U3wzzOtCOYw
137,spotify:track:003vvx7Niy0yvhvHt4a68B
138,spotify:track:503OTo2dSqe7qk76rgsbep
139,spotify:track:360Wr96ywrCQq4kTAJ8Pq6
140,spotify:track:2pLeoBNJiGlbZkyf84z5hJ
141,spotify:track:1SC5rEoYDGUK4NfG82494W
142,spotify:track:3RM5RpRDDdST1njqOMG141
143,spotify:track:4RHDWNlp4yrk54rQATSiQK
144,spotify:track:01kfSdF9zfcDLri5sSWEoL
145,spotify:track:4VINQO7QzZt4F45RWfz6aK
146,spotify:track:0iVkWge9ytV4Scgy2hQ2za
147,spotify:track:6hw1Sy9wZ8UCxYGdpKrU6M
148,spotify:track:6Z165JvPnS8PYvGW8oLGLc
149,spotify:track:3GZD6HmiNUhxXYf8Gch723
150,spotify:track:5oH4DQAuu1J1800RzUsBWa
151,spotify:track:4h4QlmocP3IuwYEj2j14p8
152,spotify:track:2FQRZLR31e3423Nmrgv0Pv
153,spotify:track:3iw6V4LH7yPj1ESORX9RIN
154,spotify:track:6OlK1W3yH6V3pr6e81hI0u
155,spotify:track:0nCgsAki7e7I243CUblGxU
156,spotify:track:0i4H0LC4AkrHVsQCpv3dB8
157,spotify:track:6K0zn6YFD9HxmriRCKLZZn
158,spotify:track:4bnutybG1itDcpyoQo2Uoc
159,spotify:track:0U1W2LZVUX7qTm7dDpqxh6
160,spotify:track:6di0ubrcWF1vkf441tnRLh
161,spotify:track:2OqOrMmLZQxe9l1t7IQ00s
162,spotify:track:5wANPM4fQCJwkGd4rN57mH
163,spotify:track:6OufwUcCqo81guU2jAlDVP
164,spotify:track:6KL88T4Ma4ABXqzgUoEwkd
165,spotify:track:531KGXtBroSrOX9LVmiIgc
166,spotify:track:0sBJA2OCEECMs0HsdIQhvR
167,spotify:track:4pt5fDVTg5GhEvEtlz9dKk
168,spotify:track:3cHyrEgdyYRjgJKSOiOtcS
169,spotify:track:27XMmSWSOXJ7eVb40tH93T
170,spotify:track:3PtuYF4T12cJZFkXrV0pRX
171,spotify:track:0nrRP2bk19rLc0orkWPQk2
172,spotify:track:6A3SB2C4U6JtCavQOXLYNN
173,spotify:track:5FsV0biZgb8tmQtau5LxKz
174,spotify:track:7rhfRaybfxTAjuzih3xWpc
175,spotify:track:6f3Slt0GbA2bPZlz0aIFXN
176,spotify:track:0lQ2obtzmAsJu9xk3D6FqH
177,spotify:track:1ZdhOMWyFR8Iv9eylMGYg2
178,spotify:track:4slSrbTK1sNK4I1mDYEthf
179,spotify:track:0gucTLf7trAf37Ua1uAyAu
180,spotify:track:6CfCeWvsy7TpO6Oo8pJ2qN
181,spotify:track:0HqZX76SFLDz2aW8aiqi7G
182,spotify:track:5CqkgDH8QZjSqqI3HmYxDD
183,spotify:track:6sS77FZh2eJfYBsFUW6hjI
184,spotify:track:0Xh6R6XLoTDRBYriQRgkHj
185,spotify:track:0ct6r3EGTcMLPtrXHDvVjc
186,spotify:track:7iL6o9tox1zgHpKUfh9vuC
187,spotify:track:5nujrmhLynf4yMoMtj8AQF
188,spotify:track:5ZRBKoqwnYnH2QfVlf4bWH
189,spotify:track:50mQStZYV5QFgyGK9GOVZg
190,spotify:track:1m0UFnuTktOkksvjbF9z0m
191,spotify:track:2CEgGE6aESpnmtfiZwYlbV
192,spotify:track:2J2Z1SkXYghSajLibnQHOa
193,spotify:track:3UmaczJpikHgJFyBTAJVoz
194,spotify:track:4XvcHTUfIlWfyJTRG0aqlo
195,spotify:track:1ID9Iour6yMUsUccV9JxyS
196,spotify:track:1XGmzt0PVuFgQYYnV2It7A
197,spotify:track:1F80MEkZA9yTlpMQp9dhht
198,spotify:track:0u2P5u6lvoDfwTYjAADbn4
199,spotify:track:2qpZjutAe3pstQsjwSXQb4
