,uri
0,spotify:track:5bYyQzaUSXpGGrJuGZfafd
1,spotify:track:02MWAaffLxlfxAUY7c5dvx
2,spotify:track:58HvfVOeJY7lUuCqF0m3ly
3,spotify:track:1HhNoOuqm1a5MXYEgAFl8o
4,spotify:track:59CfNbkERJ3NoTXDvoURjj
5,spotify:track:1GqYZbICcRToTshZUSz2q9
6,spotify:track:5Z9KJZvQzH6PFmb8SNkxuk
7,spotify:track:4qkggtykkzl6qfuScsNmJk
8,spotify:track:772ARvmnEjryug7ce0lRAF
9,spotify:track:2K7xn816oNHJZ0aVqdQsha
10,spotify:track:0yxnBa0bqbDE87o1wQswIs
11,spotify:track:3XOalgusokruzA5ZBA2Qcb
12,spotify:track:50nfwKoDiSYg8zOCREWAm5
13,spotify:track:5PjdY0CKGZdEuoNab3yDmX
14,spotify:track:6W6sXEc3fmlwuIidZPwKE6
15,spotify:track:6EtKlIQmGPB9SX8UjDJG5s
16,spotify:track:5d6gL8EcuaisGM9UWJN4gM
17,spotify:track:6Uj1ctrBOjOas8xZXGqKk4
18,spotify:track:3rmo8F54jFF8OgYsqTxm5d
19,spotify:track:1ZdhOMWyFR8Iv9eylMGYg2
20,spotify:track:18asYwWugKjjsihZ0YvRxO
21,spotify:track:2QjOHCTQ1Jl3zawyYOpxh6
22,spotify:track:7rglLriMNBPAyuJOMGwi39
23,spotify:track:4fouWK6XVHhzl78KzQ1UjL
24,spotify:track:3M0lSi5WW79CXQamgSBIjx
25,spotify:track:1SOClUWhOi8vHZYMz3GluK
26,spotify:track:2g0jnPzeSYh9wcYmWW6hGx
27,spotify:track:2gTyfm5jrmTx4IH9K0CJk3
28,spotify:track:589KeND3ebjbfhs5GfGGyx
29,spotify:track:2gpWyfu7eZ01zzncHpxOtA
30,spotify:track:76YSWx6L6FNsuaP6GWBb8P
31,spotify:track:2XmIhhtxgfZqPISZXmFFK7
32,spotify:track:0LFA5mrgC8ni2CGoDr8WDm
33,spotify:track:39MFfPxlelYKyxRjzO0yC9
34,spotify:track:3Wrjm47oTz2sjIgck11l5e
35,spotify:track:32vRPT2jNoRZRg22GxtY0l
36,spotify:track:04ojE1leP1BODeTr7EadIe
37,spotify:track:58ge6dfP91o9oXMzq3XkIS
38,spotify:track:6dmXZ9B5HdFAyzHeTneYBK
39,spotify:track:3U7LRoxDT1WvbliazYkmpV
40,spotify:track:3uUuGVFu1V7jTQL60S1r8z
41,spotify:track:0e8nrvls4Qqv5Rfa2UhqmO
42,spotify:track:2vXKRlJBXyOcvZYTdNeckS
43,spotify:track:7jn2HBxZQS1BX4sxMlF3R9
44,spotify:track:3Vi5XqYrmQgOYBajMWSvCi
45,spotify:track:2AD3faozZmU71dxlpPO4PJ
46,spotify:track:79s5XnCN4TJKTVMSmOx8Ep
47,spotify:track:20on25jryn53hWghthWWW3
48,spotify:track:5TXDeTFVRVY7Cvt0Dw4vWW
49,spotify:track:1SC5rEoYDGUK4NfG82494W
50,spotify:track:3yfqSUWxFvZELEM4PmlwIR
51,spotify:track:503OTo2dSqe7qk76rgsbep
52,spotify:track:0VjIjW4GlUZAMYd2vXMi3b
53,spotify:track:6lazMmzPhIzAzWBtjVSeeh
54,spotify:track:1rLpf280OicMHgkl6SfGHG
55,spotify:track:7lQ8MOhq6IN2w8EYcFNSUk
56,spotify:track:4a0oV0MjoURyHnW1gz8qcg
57,spotify:track:788fXILjvTnAoHw4rtIJCA
58,spotify:track:5E30LdtzQTGqRvNd7l6kG5
59,spotify:track:4ZtFanR9U6ndgddUvNcjcG
60,spotify:track:4vAqFxNqrY9M3tcMMTJmNg
61,spotify:track:7jtQIBanIiJOMS6RyCx6jZ
62,spotify:track:6PHB6mLa8HlK1m7I5wzmXD
63,spotify:track:6ChnGkBwnq2HUJD24YhMhW
64,spotify:track:48q0vSHcJdhK3IiXH8C5WJ
65,spotify:track:3rq5w4bQGigXOfdN30ATJt
66,spotify:track:0k1WUmIRnG3xU6fvvDVfRG
67,spotify:track:5gflgO9EPbIBf16n5TKnQS
68,spotify:track:46IZ0fSY2mpAiktS3KOqds
69,spotify:track:4SqWKzw0CbA05TGszDgMlc
70,spotify:track:5nujrmhLynf4yMoMtj8AQF
71,spotify:track:6LtHYDgYHRCHoKK3snfr2w
72,spotify:track:1nH2PkJL1XoUq8oE6tBZoU
73,spotify:track:4pt5fDVTg5GhEvEtlz9dKk
74,spotify:track:37BZB0z9T8Xu7U3e65qxFy
75,spotify:track:0k4d5YPDr1r7FX77VdqWez
76,spotify:track:2PHiwLEX0TfWfhbRgHIf3n
77,spotify:track:6YH2SZWaLNmDMCBYIqjx39
78,spotify:track:2gQPv5jvVPqU2a9HhMNO1v
79,spotify:track:776AftMmFFAWUIEAb3lHhw
80,spotify:track:7KpoCH5M4hSJSCTPdeKm2h
81,spotify:track:62Yo3FDddWY8ydu6PW2wyz
82,spotify:track:7iL6o9tox1zgHpKUfh9vuC
83,spotify:track:0Oqc0kKFsQ6MhFOLBNZIGX
84,spotify:track:4xkOaSrkexMciUUogZKVTS
85,spotify:track:56toqzf7aTsmiZcILHODtO
86,spotify:track:2B4GHvToeLTOBB4QLzW3Ni
87,spotify:track:1iIIsJlKQW7E4eLw7x5XOI
88,spotify:track:3DZMR7h7qm12wnPh7P4DqT
89,spotify:track:7BbaIYAdi3pg4MGl6PHwPv
90,spotify:track:6EyKgt8Ndw2aVb2x1DGjkm
91,spotify:track:7fBv7CLKzipRk6EC6TWHOB
92,spotify:track:2jQiSYrwJehQAcuaaQrXnS
93,spotify:track:58b4WUBJM3IVzIDT2HEGe3
94,spotify:track:37y7iDayfwm3WXn5BiAoRk
95,spotify:track:2swRdG3vAk5bYBR3oSf1cg
96,spotify:track:0lKiqlTA0kN0k2TrjG5daO
97,spotify:track:2HTL8rQMv4gBxljw4p0Y6P
98,spotify:track:0fv2KH6hac06J86hBUTcSf
99,spotify:track:5QO79kh1waicV47BqGRL3g
100,spotify:track:4GRFzKI7jTZ3kbMfouc7bn
101,spotify:track:29TPjc8wxfz4XMn21O7VsZ
102,spotify:track:2rFZhVHWOwDxAy59qLUzLy
103,spotify:track:1DIXPcTDzTj8ZMHt3PDt8p
104,spotify:track:7I4ibsZgwuf46g0xHuTC8s
105,spotify:track:5JuM3RrFBnSDFUtivSNCbI
106,spotify:track:6E90gq0KO6FYZVOXx8kCcC
107,spotify:track:1bwLTopYsL8A0j0fg7fi79
108,spotify:track:2oKwEm0SX58T6y22wvw3w0
109,spotify:track:6I3mqTwhRpn34SLVafSH7G
110,spotify:track:7hU3IHwjX150XLoTVmjD0q
111,spotify:track:6f3Slt0GbA2bPZlz0aIFXN
112,spotify:track:2Xr1dTzJee307rmrkt8c0g
113,spotify:track:0AFhDjWpKXSbllPDJhvx38
114,spotify:track:0sTlGEld0h8kIPZaKDYUf4
115,spotify:track:3AVXwaOGCEL8cmBecfcsFJ
116,spotify:track:2fgAjk7DbAHj7G7IbVIWiM
117,spotify:track:2rT6xyUhl3d1rGnvSjnWXz
118,spotify:track:792HwhrdO3ErRKL5yRe4Ge
119,spotify:track:3DarAbFujv6eYNliUTyqtz
120,spotify:track:1v7L65Lzy0j0vdpRjJewt1
121,spotify:track:7hxHWCCAIIxFLCzvDgnQHX
122,spotify:track:6gBFPUFcJLzWGx4lenP6h2
123,spotify:track:2BcMwX1MPV6ZHP4tUT9uq6
124,spotify:track:4P0r0yO7HNPvOra7BHGixH
125,spotify:track:6W2jsJG6MPPJ6xTWcNEeHr
126,spotify:track:7xeauW5oB0TRGNbK2kaxsl
127,spotify:track:6o1w1oqUMiJI1Kp0s0ksRK
128,spotify:track:60ynsPSSKe6O3sfwRnIBRf
129,spotify:track:2CLzpljGsOPW7GyWyPRRP9
130,spotify:track:3eekarcy7kvN4yt5ZFzltW
131,spotify:track:6N22FZs2ZhPBYi3b9XPajV
132,spotify:track:46w6RqZXx96cORKIbExvSu
133,spotify:track:0WSEq9Ko4kFPt8yo3ICd6T
134,spotify:track:7cgkuZeVnDQtDVvHvmZmEg
135,spotify:track:3zxwDnimgIhLRRpYoDSZnm
136,spotify:track:4cG7HUWYHBV6R6tHn1gxrl
137,spotify:track:0zCgWGmDF0aih5qexATyBn
138,spotify:track:7EkWXAI1wn8Ii883ecd9xr
139,spotify:track:3Kkjo3cT83cw09VJyrLNwX
140,spotify:track:7FIWs0pqAYbP91WWM0vlTQ
141,spotify:track:6potEImiklXkwD9qFzpu15
142,spotify:track:69zyifKelGUoEBEKfCX5ri
143,spotify:track:4ix0ntu244dcdAoSml7trs
144,spotify:track:5DDbBY763OCil7Joc4YS1m
145,spotify:track:5nEnCL8lNoBUsDzlpZzKeI
146,spotify:track:7gQSgOGCJpdnmkCjD1wziW
147,spotify:track:0Z2J91b2iTGLVTZC4fKgxf
148,spotify:track:5evJJmNenJJF04OBGEGgZc
149,spotify:track:7LyxyTBqwVoevFuByxeiJN
150,spotify:track:5lT5IZWW3JQErXELJpQgJ9
151,spotify:track:7a8GawTVgHZvBLQOh46he7
152,spotify:track:4P0FfsXHy77aIzR4HJCuZV
153,spotify:track:40iJIUlhi6renaREYGeIDS
154,spotify:track:7ycWLEP1GsNjVvcjawXz3z
155,spotify:track:7KZSo4wspWL0AyUZgr9S17
156,spotify:track:7zwn1eykZtZ5LODrf7c0tS
157,spotify:track:79nEEoEPY2w8EXj9hjn5oc
158,spotify:track:0PvFJmanyNQMseIFrU708S
159,spotify:track:3CLSHJv5aUROAN2vfOyCOh
160,spotify:track:0gucTLf7trAf37Ua1uAyAu
161,spotify:track:4HwDCXsMBC7SUdp2WT4MZP
162,spotify:track:2BfIkZJht4lBG73fqtsSxp
163,spotify:track:2t16D9V5FmmRAJjsSpwvZf
164,spotify:track:6k0X05danQOXSBTVek5DU1
165,spotify:track:7KCf3ikWKlkztDc92VL5ux
166,spotify:track:00Blm7zeNqgYLPtW6zg8cj
167,spotify:track:5GZr9UqQ7Uwf6kC1UEpNfa
168,spotify:track:3r3Z6VpkIPqQnc7XZyIWmr
169,spotify:track:0mL82sxCRjrs3br407IdJh
170,spotify:track:7kQUdVjev73xIuwu7W6YW9
171,spotify:track:11iIikXxC6NP0Ma8vMD27x
172,spotify:track:5uEYRdEIh9Bo4fpjDd4Na9
173,spotify:track:0dLjHWPtD8tOLw7Y3i5xJM
174,spotify:track:2r6OAV3WsYtXuXjvJ1lIDi
175,spotify:track:0IuVhCflrQPMGRrOyoY5RW
176,spotify:track:5vUnjhBzRJJIAOJPde6zDx
177,spotify:track:5KhisjtC9RpYuwpGs8eG60
178,spotify:track:4ySXllOjxOgOTXUrsi51CG
179,spotify:track:7rdIKBTAQm4nLlpA5E8DBI
180,spotify:track:46HNZY1i7O6jwTA7Slo2PI
181,spotify:track:0W6I02J9xcqK8MtSeosEXb
182,spotify:track:4RVwu0g32PAqgUiJoXsdF8
183,spotify:track:7MXVkk9YMctZqd1Srtv4MB
184,spotify:track:3vySEUpD0tc801F2WZDLYw
185,spotify:track:6UelLqGlWMcVH1E5c4H7lY
186,spotify:track:1Y5Jvi3eLi4Chwqch9GMem
187,spotify:track:5oE4QPgCrAs3itnmj2GmsM
188,spotify:track:6LpL3NUIJuJ3zyBfdMXD2O
189,spotify:track:35mvY5S1H3J2QZyna3TFe0
190,spotify:track:2WYs5LxOZfEyURXu7V0O1a
191,spotify:track:6Fz0IEZ0qHeu3cEbRDqSnU
192,spotify:track:3UmaczJpikHgJFyBTAJVoz
193,spotify:track:57BGVV6wcyhbn3hsjlqEZB
194,spotify:track:0u2P5u6lvoDfwTYjAADbn4
195,spotify:track:0RoJ4Ww6wiW0x7LdFScXnd
196,spotify:track:4xlIg0bL37hPewYftAwBEK
197,spotify:track:2eAvDnpXP5W0cVtiI0PUxV
198,spotify:track:3GZD6HmiNUhxXYf8Gch723
199,spotify:track:5nYuCvuoBfbxXlNy95iBch
