,uri
0,spotify:track:041yCPAEGPSIKv3p1P5NP0
1,spotify:track:1W1N3usYjgI3XGQA0iX9Vq
2,spotify:track:02MWAaffLxlfxAUY7c5dvx
3,spotify:track:0h14I7cPYi1RZG6GmVpMso
4,spotify:track:4fouWK6XVHhzl78KzQ1UjL
5,spotify:track:3Oww84xrmgjyr5J1ilOmAf
6,spotify:track:3uUuGVFu1V7jTQL60S1r8z
7,spotify:track:1HhNoOuqm1a5MXYEgAFl8o
8,spotify:track:2B4GHvToeLTOBB4QLzW3Ni
9,spotify:track:7jtQIBanIiJOMS6RyCx6jZ
10,spotify:track:0e8nrvls4Qqv5Rfa2UhqmO
11,spotify:track:7rglLriMNBPAyuJOMGwi39
12,spotify:track:50nfwKoDiSYg8zOCREWAm5
13,spotify:track:18asYwWugKjjsihZ0YvRxO
14,spotify:track:2hBkoDhuGk2AtSCprEFDFP
15,spotify:track:3eJH2nAjvNXdmPfBkALiPZ
16,spotify:track:5PjdY0CKGZdEuoNab3yDmX
17,spotify:track:2Oi1IJ6JEUX1aya9VUAA1Z
18,spotify:track:58HvfVOeJY7lUuCqF0m3ly
19,spotify:track:1SOClUWhOi8vHZYMz3GluK
20,spotify:track:0PoorhuDSZ7hgvFT7C6fgf
21,spotify:track:2xSIcmvFQHs2CeS34Mgp62
22,spotify:track:3uwnnTQcHM1rDqSfA4gQNz
23,spotify:track:5Z9KJZvQzH6PFmb8SNkxuk
24,spotify:track:3rmo8F54jFF8OgYsqTxm5d
25,spotify:track:20on25jryn53hWghthWWW3
26,spotify:track:6CfCeWvsy7TpO6Oo8pJ2qN
27,spotify:track:59CfNbkERJ3NoTXDvoURjj
28,spotify:track:6VcBDMF2ykm5HDcJMVLRZW
29,spotify:track:3PtuYF4T12cJZFkXrV0pRX
30,spotify:track:0QBzMgT7NIeoCYy3sJCof1
31,spotify:track:2xFMvrqk99biaLQavjufta
32,spotify:track:2H7jZg2HliuQhZjfBblLrZ
33,spotify:track:6WVHfpzYW3HooQaCC80opC
34,spotify:track:3ZDXLSUZpKx8pspNBOdVr5
35,spotify:track:6Y6bigioY2KkzFZESQQsOP
36,spotify:track:0oA9wBGDY4uyILLg4GymWP
37,spotify:track:2USlegnFJLrVLpoVfPimKB
38,spotify:track:7EtfwHVS8FcciOBU1VnT8G
39,spotify:track:0FKw2vfEDxDuRisr4kU8Ok
40,spotify:track:4ZtFanR9U6ndgddUvNcjcG
41,spotify:track:0RSZ8EmUPEN3ySfCgytPke
42,spotify:track:25wdC7CJmCJPgnKw9rYquJ
43,spotify:track:2K7xn816oNHJZ0aVqdQsha
44,spotify:track:7lQ8MOhq6IN2w8EYcFNSUk
45,spotify:track:1h3d2lvISrSIV6fS89U51S
46,spotify:track:2QjOHCTQ1Jl3zawyYOpxh6
47,spotify:track:1Y2zqkMEu3mJPBBMBdkIsD
48,spotify:track:0TBylB8tjwqp4YHSrwRJQQ
49,spotify:track:5TXDeTFVRVY7Cvt0Dw4vWW
50,spotify:track:7z5G2LOdV8okZn4yWg3q5g
51,spotify:track:22skzmqfdWrjJylampe0kt
52,spotify:track:5Th2Rs48Gz3iqfcGMXG5PC
53,spotify:track:6fuO9uk9wbjCHvQJqk2Qpx
54,spotify:track:0JpEMzTHbt2zBIXrntrXzG
55,spotify:track:6Uj1ctrBOjOas8xZXGqKk4
56,spotify:track:46IZ0fSY2mpAiktS3KOqds
57,spotify:track:5STeQZH1Ahz3h0X9Njaij7
58,spotify:track:50eJOxJiGmJ7PBZaTKpje1
59,spotify:track:6GomT970rCOkKAyyrwJeZi
60,spotify:track:4cG7HUWYHBV6R6tHn1gxrl
61,spotify:track:0uQbTk0GFM9PxE0rN1UWZb
62,spotify:track:5UFbfXuj4TjirzmcvTFBBy
63,spotify:track:7yq4Qj7cqayVTp3FF9CWbm
64,spotify:track:1vUOJpWc091SBYULNvz9mp
65,spotify:track:1ZdhOMWyFR8Iv9eylMGYg2
66,spotify:track:2Foc5Q5nqNiosCNqttzHof
67,spotify:track:2gQPv5jvVPqU2a9HhMNO1v
68,spotify:track:2vQ5HpRpn8S2qlrZbLsaFr
69,spotify:track:4RHDWNlp4yrk54rQATSiQK
70,spotify:track:3yfqSUWxFvZELEM4PmlwIR
71,spotify:track:3AVXwaOGCEL8cmBecfcsFJ
72,spotify:track:3GZD6HmiNUhxXYf8Gch723
73,spotify:track:7s3VxmIizcDgDTRCA4kDzd
74,spotify:track:46HNZY1i7O6jwTA7Slo2PI
75,spotify:track:5r43qanLhUCdBj8HN3fa6B
76,spotify:track:6xIhI4a3oTB6FKkIYQWBTs
77,spotify:track:6Jrdb6CFOJEGaHjaa6c4WR
78,spotify:track:05Mp2UJulSttxQ4E6hQPH3
79,spotify:track:3F1tMcAaJJh1enuFi1pS2Z
80,spotify:track:0VjIjW4GlUZAMYd2vXMi3b
81,spotify:track:4dQuL06qPM1rpaxAydjwQc
82,spotify:track:0HqZX76SFLDz2aW8aiqi7G
83,spotify:track:1DIXPcTDzTj8ZMHt3PDt8p
84,spotify:track:2bdqU7C4softKNcMYDFi96
85,spotify:track:0nCgsAki7e7I243CUblGxU
86,spotify:track:531KGXtBroSrOX9LVmiIgc
87,spotify:track:2FQRZLR31e3423Nmrgv0Pv
88,spotify:track:2L6hCTpUlR2p7Su3hiSB0s
89,spotify:track:75UUG6x5zQe0gCVOiQpa6X
90,spotify:track:3Wrjm47oTz2sjIgck11l5e
91,spotify:track:503OTo2dSqe7qk76rgsbep
92,spotify:track:4FXX4P3dxc1JMBx5wVRJ5N
93,spotify:track:5vUnjhBzRJJIAOJPde6zDx
94,spotify:track:0lQ2obtzmAsJu9xk3D6FqH
95,spotify:track:5iFQfP3AqVnHHS89LKQisL
96,spotify:track:6I3mqTwhRpn34SLVafSH7G
97,spotify:track:1SC5rEoYDGUK4NfG82494W
98,spotify:track:5QO79kh1waicV47BqGRL3g
99,spotify:track:7l4SCt0ebVQnbQNEXyH7F7
100,spotify:track:2gpWyfu7eZ01zzncHpxOtA
101,spotify:track:4kLLWz7srcuLKA7Et40PQR
102,spotify:track:1ID9Iour6yMUsUccV9JxyS
103,spotify:track:31gY9vKARLlpHlkYMsrGgt
104,spotify:track:5DqvoUR0STVl6qmXGTpYtK
105,spotify:track:1v7L65Lzy0j0vdpRjJewt1
106,spotify:track:4xkOaSrkexMciUUogZKVTS
107,spotify:track:6OufwUcCqo81guU2jAlDVP
108,spotify:track:0r1kH7SIkkPP9W7mUknObF
109,spotify:track:27XMmSWSOXJ7eVb40tH93T
110,spotify:track:6K0zn6YFD9HxmriRCKLZZn
111,spotify:track:6Dy1jexKYriXAVG6evyUTJ
112,spotify:track:3tBZ60j1jQ7NJm8IjelyQe
113,spotify:track:4UOXo3xWnxYdTf3sFyRaUG
114,spotify:track:7jQcjzl8yPQsmxpO5orx4Y
115,spotify:track:2eAvDnpXP5W0cVtiI0PUxV
116,spotify:track:4VINQO7QzZt4F45RWfz6aK
117,spotify:track:6f3Slt0GbA2bPZlz0aIFXN
118,spotify:track:2tpWsVSb9UEmDRxAl1zhX1
119,spotify:track:0BbYTaDH81up32xTKIGjbS
120,spotify:track:0IuVhCflrQPMGRrOyoY5RW
121,spotify:track:3iw6V4LH7yPj1ESORX9RIN
122,spotify:track:6hw1Sy9wZ8UCxYGdpKrU6M
123,spotify:track:0DGTcMqvVR7fmBXgiG6jz4
124,spotify:track:2a1o6ZejUi8U3wzzOtCOYw
125,spotify:track:4pt5fDVTg5GhEvEtlz9dKk
126,spotify:track:003vvx7Niy0yvhvHt4a68B
127,spotify:track:1oIzxvT61wXOtHjcL4Sybm
128,spotify:track:3UmaczJpikHgJFyBTAJVoz
129,spotify:track:3o9kpgkIcffx0iSwxhuNI2
130,spotify:track:3cHyrEgdyYRjgJKSOiOtcS
131,spotify:track:6QPSEohjcSqmbuICUkhD0K
132,spotify:track:3QN1kcUYlHrtyph4B0nzvz
133,spotify:track:5nujrmhLynf4yMoMtj8AQF
134,spotify:track:0nrRP2bk19rLc0orkWPQk2
135,spotify:track:1F80MEkZA9yTlpMQp9dhht
136,spotify:track:5wANPM4fQCJwkGd4rN57mH
137,spotify:track:1T4tQ4SSagbhAKpvcWg035
138,spotify:track:0Xh6R6XLoTDRBYriQRgkHj
139,spotify:track:6di0ubrcWF1vkf441tnRLh
140,spotify:track:7iL6o9tox1zgHpKUfh9vuC
141,spotify:track:4XvcHTUfIlWfyJTRG0aqlo
142,spotify:track:6SVXcrlT0nJ84TZsrhTTa1
143,spotify:track:0aR0Appf7lsVGExDPnbuVT
144,spotify:track:3v7VY6zmrXu2hzqmeCOd1Q
145,spotify:track:4bnutybG1itDcpyoQo2Uoc
146,spotify:track:3CQhud304mI5VmW6EjoTDg
147,spotify:track:2WL6GQzPuK9Nrpy9XwNEbz
148,spotify:track:5FsV0biZgb8tmQtau5LxKz
149,spotify:track:5ZRBKoqwnYnH2QfVlf4bWH
150,spotify:track:4jPy3l0RUwlUI9T5XHBW2m
151,spotify:track:5Z7J2Au61uO7K1ZPNG1eTv
152,spotify:track:3XOalgusokruzA5ZBA2Qcb
153,spotify:track:0ct6r3EGTcMLPtrXHDvVjc
154,spotify:track:0JNPCThIHsG8zphORbTR16
155,spotify:track:0iVkWge9ytV4Scgy2hQ2za
156,spotify:track:0gucTLf7trAf37Ua1uAyAu
157,spotify:track:1XGmzt0PVuFgQYYnV2It7A
158,spotify:track:6Q2cC3r8j2hasFAf1g00d3
159,spotify:track:0b18g3G5spr4ZCkz7Y6Q0Q
160,spotify:track:50mQStZYV5QFgyGK9GOVZg
161,spotify:track:2qpZjutAe3pstQsjwSXQb4
162,spotify:track:6ChnGkBwnq2HUJD24YhMhW
163,spotify:track:6EtKlIQmGPB9SX8UjDJG5s
164,spotify:track:5JBtWpLoGO62gb5vax505b
165,spotify:track:7FCHDXa579YivyHrsxixRp
166,spotify:track:6eOGjyegLDZqCvCZ3divgp
167,spotify:track:20pp47ZnD7H98mqAZhlS8Z
168,spotify:track:4SqWKzw0CbA05TGszDgMlc
169,spotify:track:6cx06DFPPHchuUAcTxznu9
170,spotify:track:77xNGtwVQMDfwOrVcazmGp
171,spotify:track:5gRXyFtArVXYk8OOSWIXBO
172,spotify:track:6IoasJFbjJffYYKQXTYXR6
173,spotify:track:7dDrR6vMK1JAwZZ5MIWgme
174,spotify:track:7DFNE7NO0raLIUbgzY2rzm
175,spotify:track:2CewvqbfMOcnvYE3yayAJV
176,spotify:track:0P88fVbvRQGgRQN1GulQNy
177,spotify:track:5CqkgDH8QZjSqqI3HmYxDD
178,spotify:track:2J2Z1SkXYghSajLibnQHOa
179,spotify:track:0FTVMlYywVcrndsxmzXz6L
180,spotify:track:7EHEVPIFS6mOq4BOhlVL3i
181,spotify:track:79nEEoEPY2w8EXj9hjn5oc
182,spotify:track:2OqOrMmLZQxe9l1t7IQ00s
183,spotify:track:01I8aPBUJIMzCtHsCVvmq5
184,spotify:track:5gflgO9EPbIBf16n5TKnQS
185,spotify:track:0XnJQn8RpMHeoaBOY5zR31
186,spotify:track:2KnLkZ3z7PO3kgVGHGqDpD
187,spotify:track:285pBltuF7vW8TeWk8hdRR
188,spotify:track:5A5bLKdL5I3k3FTEQlAUw7
189,spotify:track:6KL88T4Ma4ABXqzgUoEwkd
190,spotify:track:4btFHqumCO31GksfuBLLv3
191,spotify:track:2CEgGE6aESpnmtfiZwYlbV
192,spotify:track:5TWILNgPPsX8Vweesc88zH
193,spotify:track:3g62kHCCbNwhEKYywx5Xwz
194,spotify:track:0fGpq9oAZNnEvkqvhnjz7K
195,spotify:track:60a0Rd6pjrkxjPbaKzXjfq
196,spotify:track:6YUTL4dYpB9xZO5qExPf05
197,spotify:track:5Pp64isQvPVgptiOdS9Kcn
198,spotify:track:30bqVoKjX479ab90a8Pafp
199,spotify:track:6UelLqGlWMcVH1E5c4H7lY
