,uri
0,spotify:track:5PjdY0CKGZdEuoNab3yDmX
1,spotify:track:7rglLriMNBPAyuJOMGwi39
2,spotify:track:02MWAaffLxlfxAUY7c5dvx
3,spotify:track:5Z9KJZvQzH6PFmb8SNkxuk
4,spotify:track:4fouWK6XVHhzl78KzQ1UjL
5,spotify:track:4ZtFanR9U6ndgddUvNcjcG
6,spotify:track:20on25jryn53hWghthWWW3
7,spotify:track:7AVyve7cFYTd51ha5i9kE2
8,spotify:track:52xJxFP6TqMuO4Yt0eOkMz
9,spotify:track:50nfwKoDiSYg8zOCREWAm5
10,spotify:track:3uUuGVFu1V7jTQL60S1r8z
11,spotify:track:46IZ0fSY2mpAiktS3KOqds
12,spotify:track:3rmo8F54jFF8OgYsqTxm5d
13,spotify:track:3DarAbFujv6eYNliUTyqtz
14,spotify:track:6I3mqTwhRpn34SLVafSH7G
15,spotify:track:1RXSH93AvEfs2ck4nfTSRm
16,spotify:track:5S9Zs5g9lTWnLIboN1pdlU
17,spotify:track:0e8nrvls4Qqv5Rfa2UhqmO
18,spotify:track:1r9xUipOqoNwggBpENDsvJ
19,spotify:track:1BSMpVGWs3v5BZKnAQziAc
20,spotify:track:5rW7qTn83sCKtqBoneJs63
21,spotify:track:6K5ph5mq1qprHae3TrgTj5
22,spotify:track:1nH2PkJL1XoUq8oE6tBZoU
23,spotify:track:00Blm7zeNqgYLPtW6zg8cj
24,spotify:track:2ouFrmMwYik8nQX2n9SeZu
25,spotify:track:6Uj1ctrBOjOas8xZXGqKk4
26,spotify:track:6f5ExP43esnvdKPddwKXJH
27,spotify:track:1SC5rEoYDGUK4NfG82494W
28,spotify:track:5wANPM4fQCJwkGd4rN57mH
29,spotify:track:18asYwWugKjjsihZ0YvRxO
30,spotify:track:5YqdiryRmdAzYFlxo43hAJ
31,spotify:track:3XOalgusokruzA5ZBA2Qcb
32,spotify:track:0qOvlEzD7xU35GLFT8DF1t
33,spotify:track:4RVwu0g32PAqgUiJoXsdF8
34,spotify:track:5A8f466QhliXjJxJ7h6LFB
35,spotify:track:3Vi5XqYrmQgOYBajMWSvCi
36,spotify:track:5dXWFMwD7I7zXsInONVl0H
37,spotify:track:2gpWyfu7eZ01zzncHpxOtA
38,spotify:track:003vvx7Niy0yvhvHt4a68B
39,spotify:track:3Wrjm47oTz2sjIgck11l5e
40,spotify:track:5nujrmhLynf4yMoMtj8AQF
41,spotify:track:1bjhYUwKUHEg5fHknxFObO
42,spotify:track:46HNZY1i7O6jwTA7Slo2PI
43,spotify:track:3Kkjo3cT83cw09VJyrLNwX
44,spotify:track:3nOz1U41SZZ0N3fuUWr9nb
45,spotify:track:07MDkzWARZaLEdKxo6yArG
46,spotify:track:0ofHAoxe9vBkTCp2UQIavz
47,spotify:track:4wqzOaLxiCRy2Et8tRyNSX
48,spotify:track:0VjIjW4GlUZAMYd2vXMi3b
49,spotify:track:6Ab81Bs9fcOwaTYuBsUUpI
50,spotify:track:3eJH2nAjvNXdmPfBkALiPZ
51,spotify:track:6HU7h9RYOaPRFeh0R3UeAr
52,spotify:track:4b1yxSdlumA8N4fEk4UOZp
53,spotify:track:0frIZMaQwtdV4Ee8nhB1te
54,spotify:track:4btFHqumCO31GksfuBLLv3
55,spotify:track:0RiRZpuVRbi7oqRdSMwhQY
56,spotify:track:5th1bFGGaXLM7wDBJpcF06
57,spotify:track:4cG7HUWYHBV6R6tHn1gxrl
58,spotify:track:4XvcHTUfIlWfyJTRG0aqlo
59,spotify:track:6UelLqGlWMcVH1E5c4H7lY
60,spotify:track:4jPy3l0RUwlUI9T5XHBW2m
61,spotify:track:1SOClUWhOi8vHZYMz3GluK
62,spotify:track:5CZ40GBx1sQ9agT82CLQCT
63,spotify:track:7yq4Qj7cqayVTp3FF9CWbm
64,spotify:track:3XoYqtiWHhsk59frZupImG
65,spotify:track:7qEHsqek33rTcFNT9PFqLf
66,spotify:track:2pxxVkNhrRST8fpgA12ru8
67,spotify:track:1ZBAWvkQlpd87kCfHopEH4
68,spotify:track:6Amt2E3nanH9lhZnas9oOs
69,spotify:track:4qu63nuBpdn0qHUHuObEj1
70,spotify:track:2QjOHCTQ1Jl3zawyYOpxh6
71,spotify:track:4tFwRLlaNsozRmWXWqohT5
72,spotify:track:37BZB0z9T8Xu7U3e65qxFy
73,spotify:track:27OeeYzk6klgBh83TSvGMA
74,spotify:track:4SqWKzw0CbA05TGszDgMlc
75,spotify:track:1sx0XsWUusUoPstbvokZjP
76,spotify:track:0siYMEsGrzzzlWLXK5zJfS
77,spotify:track:2gQPv5jvVPqU2a9HhMNO1v
78,spotify:track:3Iba59sFmGhQ4kbCY5L8AX
79,spotify:track:6f3Slt0GbA2bPZlz0aIFXN
80,spotify:track:2wJ1eOCIBwoQiN7xQtrTAY
81,spotify:track:5pSvjjfsh34sLrkYSNGCl4
82,spotify:track:5enxwA8aAbwZbf5qCHORXi
83,spotify:track:6Dy1jexKYriXAVG6evyUTJ
84,spotify:track:6cx06DFPPHchuUAcTxznu9
85,spotify:track:7lQ8MOhq6IN2w8EYcFNSUk
86,spotify:track:0mL82sxCRjrs3br407IdJh
87,spotify:track:0W6I02J9xcqK8MtSeosEXb
88,spotify:track:6FE2iI43OZnszFLuLtvvmg
89,spotify:track:3E7dfMvvCLUddWissuqMwr
90,spotify:track:4iJyoBOLtHqaGxP12qzhQI
91,spotify:track:5uCax9HTNlzGybIStD3vDh
92,spotify:track:3PfIrDoz19wz7qK7tYeu62
93,spotify:track:2N8m6CYs74qQO4mjVcXO30
94,spotify:track:3YJJjQPAbDT7mGpX3WtQ9A
95,spotify:track:2K7xn816oNHJZ0aVqdQsha
96,spotify:track:7sMBvZCSUl99bJLXZaLa0b
97,spotify:track:68Dni7IE4VyPkTOH9mRWHr
98,spotify:track:0k4d5YPDr1r7FX77VdqWez
99,spotify:track:1GjbTNFImFrjFsNdleDe78
100,spotify:track:2SLwbpExuoBDZBpjfefCtV
101,spotify:track:2vXKRlJBXyOcvZYTdNeckS
102,spotify:track:3yfqSUWxFvZELEM4PmlwIR
103,spotify:track:5z6a02FGoVsXTrJ4GiVNxE
104,spotify:track:2Xr1dTzJee307rmrkt8c0g
105,spotify:track:6Hfu9sc7jvv6coyy2LlzBF
106,spotify:track:58UKC45GPNTflCN6nwCUeF
107,spotify:track:2VxeLyX666F8uXCJ0dZF8B
108,spotify:track:18vXApRmJSgQ6wG2ll9AOg
109,spotify:track:45bE4HXI0AwGZXfZtMp8JR
110,spotify:track:687i9z2ZCKNfzpmzs7HxOu
111,spotify:track:4A8cWXxKfIL3lAyUDzXbCF
112,spotify:track:21jGcNKet2qwijlDFuPiPb
113,spotify:track:4E2rXUbcF1zhZVzNzeVPGV
114,spotify:track:2BcMwX1MPV6ZHP4tUT9uq6
115,spotify:track:4nlvKIIetOWGIMyhjQXgOZ
116,spotify:track:3DZ8dbKg4OTSSqGARvecYd
117,spotify:track:6E90gq0KO6FYZVOXx8kCcC
118,spotify:track:37y7iDayfwm3WXn5BiAoRk
119,spotify:track:5qBmTXgCdtvCqKc9yrLoWg
120,spotify:track:2iUXsYOEPhVqEBwsqP70rE
121,spotify:track:5rF6YUIlgiat22OT1lWspJ
122,spotify:track:4bHsxqR3GMrXTxEPLuK5ue
123,spotify:track:1LPSkqVhWVRUkKE03YUkpB
124,spotify:track:6gPPoRYJwCsoB2VVdPJfmo
125,spotify:track:2BzAGK3lEZAQz5cU0Ae1wd
126,spotify:track:51pshtuYkgUQnt5huMPbKL
127,spotify:track:3oRW9ZGPRbLRMneQ5lwflt
128,spotify:track:1VLtjHwRWOVJiE5Py7JxoQ
129,spotify:track:2nCXuFS4Dt4BpHkxA9rhPL
130,spotify:track:2gMXnyrvIjhVBUZwvLZDMP
131,spotify:track:5qrSlOut2rNAWv3ubArkNy
132,spotify:track:2gam98EZKrF9XuOkU13ApN
133,spotify:track:4kbj5MwxO1bq9wjT5g9HaA
134,spotify:track:0ntQJM78wzOLVeCUAW7Y45
135,spotify:track:7ieCsfrxC9ssTGUzCL8BHv
136,spotify:track:2tpWsVSb9UEmDRxAl1zhX1
137,spotify:track:6N1EjQjnvhOjFrF6oUmGPa
138,spotify:track:4HlFJV71xXKIGcU3kRyttv
139,spotify:track:07GvNcU1WdyZJq3XxP0kZa
140,spotify:track:32BeYxKPrig1LefHsC0Xuo
141,spotify:track:0gucTLf7trAf37Ua1uAyAu
142,spotify:track:3OmEIZ6bYHqlReQ1YLaRHV
143,spotify:track:0nrRP2bk19rLc0orkWPQk2
144,spotify:track:3xRH6FPVtheDyNla3T1FE7
145,spotify:track:286TLtk120rnrmVeQClDTc
146,spotify:track:6oSmp7qnvAxUXeUKhl67a6
147,spotify:track:5qqabIl2vWzo9ApSC317sa
148,spotify:track:7aZiDdufBX2Ek8OUuxK0IQ
149,spotify:track:6K4t31amVTZDgR3sKmwUJJ
150,spotify:track:3yrSvpt2l1xhsV9Em88Pul
151,spotify:track:10hMM5nsZQf66ldBlgWBfG
152,spotify:track:2SiXAy7TuUkycRVbbWDEpo
153,spotify:track:2zBDKzqa6sdxeI0fC6OWIC
154,spotify:track:2BOqDYLOJBiMOXShCV1neZ
155,spotify:track:2WIxF9PM27nC3l1aNFkLMT
156,spotify:track:5QO79kh1waicV47BqGRL3g
157,spotify:track:0cqRj7pUJDkTCEsJkx8snD
158,spotify:track:4KZayGognbXUFNLYj4pPxH
159,spotify:track:7KwZNVEaqikRSBSpyhXK2j
160,spotify:track:0pqnGHJpmpxLKifKRmU6WP
161,spotify:track:37ZJ0p5Jm13JPevGcx4SkF
162,spotify:track:3U4isOIWM3VvDubwSI3y7a
163,spotify:track:7hxHWCCAIIxFLCzvDgnQHX
164,spotify:track:22skzmqfdWrjJylampe0kt
165,spotify:track:2eAvDnpXP5W0cVtiI0PUxV
166,spotify:track:285pBltuF7vW8TeWk8hdRR
167,spotify:track:1is8gU4RVcN4J8xItxWoOY
168,spotify:track:3AJwUDP919kvQ9QcozQPxg
169,spotify:track:0tgVpDi06FyKpA1z0VMD4v
170,spotify:track:1v7L65Lzy0j0vdpRjJewt1
171,spotify:track:3dFn762F5JW8Wr2DpWDMIv
172,spotify:track:48xq0DnfAKtsFjK1L7GZx9
173,spotify:track:0UKUfxIkDAMZz7hMdiVX3m
174,spotify:track:6Qyc6fS4DsZjB2mRW9DsQs
175,spotify:track:1qDrWA6lyx8cLECdZE7TV7
176,spotify:track:7BKLCZ1jbUBVqRi2FVlTVw
177,spotify:track:4kTLpAbhuEGHAAdDjOIWaa
178,spotify:track:40iJIUlhi6renaREYGeIDS
179,spotify:track:2BgEsaKNfHUdlh97KmvFyo
180,spotify:track:4xkOaSrkexMciUUogZKVTS
181,spotify:track:4cktbXiXOapiLBMprHFErI
182,spotify:track:7w87IxuO7BDcJ3YUqCyMTT
183,spotify:track:6myDPrp86x4Lhyp5aqU0EV
184,spotify:track:1zi7xx7UVEFkmKfv06H8x0
185,spotify:track:0u2P5u6lvoDfwTYjAADbn4
186,spotify:track:5WtfUKzXircvW8l5aaVZWT
187,spotify:track:2374M0fQpWi3dLnB54qaLX
188,spotify:track:4Li2WHPkuyCdtmokzW2007
189,spotify:track:7qiZfU4dY1lWllzX7mPBI3
190,spotify:track:1u8c2t2Cy7UBoG4ArRcF5g
191,spotify:track:3d9DChrdc6BOeFsbrZ3Is0
192,spotify:track:2KnLkZ3z7PO3kgVGHGqDpD
193,spotify:track:5uEYRdEIh9Bo4fpjDd4Na9
194,spotify:track:2zpZkOV7sD9C4Cv0cukoHV
195,spotify:track:721DwsHOeKf7zHRABCR2rh
196,spotify:track:4rPkN1FMzQyFNP9cLUGIIB
197,spotify:track:0uI7yAKUf52Cn7y3sYyjiX
198,spotify:track:0b18g3G5spr4ZCkz7Y6Q0Q
199,spotify:track:1DIXPcTDzTj8ZMHt3PDt8p
