,uri
0,spotify:track:02MWAaffLxlfxAUY7c5dvx
1,spotify:track:5PjdY0CKGZdEuoNab3yDmX
2,spotify:track:5Z9KJZvQzH6PFmb8SNkxuk
3,spotify:track:1r9xUipOqoNwggBpENDsvJ
4,spotify:track:4fouWK6XVHhzl78KzQ1UjL
5,spotify:track:46IZ0fSY2mpAiktS3KOqds
6,spotify:track:2Xr1dTzJee307rmrkt8c0g
7,spotify:track:7rglLriMNBPAyuJOMGwi39
8,spotify:track:1nH2PkJL1XoUq8oE6tBZoU
9,spotify:track:6Uj1ctrBOjOas8xZXGqKk4
10,spotify:track:50nfwKoDiSYg8zOCREWAm5
11,spotify:track:1SOClUWhOi8vHZYMz3GluK
12,spotify:track:6I3mqTwhRpn34SLVafSH7G
13,spotify:track:0mL82sxCRjrs3br407IdJh
14,spotify:track:46HNZY1i7O6jwTA7Slo2PI
15,spotify:track:3rmo8F54jFF8OgYsqTxm5d
16,spotify:track:52xJxFP6TqMuO4Yt0eOkMz
17,spotify:track:2SLwbpExuoBDZBpjfefCtV
18,spotify:track:20on25jryn53hWghthWWW3
19,spotify:track:2K7xn816oNHJZ0aVqdQsha
20,spotify:track:2gQPv5jvVPqU2a9HhMNO1v
21,spotify:track:3DarAbFujv6eYNliUTyqtz
22,spotify:track:2D4dV2KXDTszzJ3p3cFqhA
23,spotify:track:1SC5rEoYDGUK4NfG82494W
24,spotify:track:7hU3IHwjX150XLoTVmjD0q
25,spotify:track:00Blm7zeNqgYLPtW6zg8cj
26,spotify:track:2gpWyfu7eZ01zzncHpxOtA
27,spotify:track:4SqWKzw0CbA05TGszDgMlc
28,spotify:track:4ZtFanR9U6ndgddUvNcjcG
29,spotify:track:5nujrmhLynf4yMoMtj8AQF
30,spotify:track:09gysnJpfQ3ublBmJDfcEC
31,spotify:track:0VjIjW4GlUZAMYd2vXMi3b
32,spotify:track:2eAvDnpXP5W0cVtiI0PUxV
33,spotify:track:3Vi5XqYrmQgOYBajMWSvCi
34,spotify:track:2QjOHCTQ1Jl3zawyYOpxh6
35,spotify:track:3uUuGVFu1V7jTQL60S1r8z
36,spotify:track:5S9Zs5g9lTWnLIboN1pdlU
37,spotify:track:3Wrjm47oTz2sjIgck11l5e
38,spotify:track:0e8nrvls4Qqv5Rfa2UhqmO
39,spotify:track:0vNY7uNEG8El6doRdP21D5
40,spotify:track:3Kkjo3cT83cw09VJyrLNwX
41,spotify:track:2B4GHvToeLTOBB4QLzW3Ni
42,spotify:track:3LnpBazWpD31QMTn6LgVGv
43,spotify:track:0lEjxUUlKqjqXrVlIHFduD
44,spotify:track:5enxwA8aAbwZbf5qCHORXi
45,spotify:track:4hJhHbkhZFnxmWbAkZRoe0
46,spotify:track:37BZB0z9T8Xu7U3e65qxFy
47,spotify:track:4gvrJnKCKIPiacNsWVQwEU
48,spotify:track:18asYwWugKjjsihZ0YvRxO
49,spotify:track:6f5ExP43esnvdKPddwKXJH
50,spotify:track:4iJyoBOLtHqaGxP12qzhQI
51,spotify:track:6Ab81Bs9fcOwaTYuBsUUpI
52,spotify:track:2Ghp894n1laIf2w98VeAOJ
53,spotify:track:5QO79kh1waicV47BqGRL3g
54,spotify:track:5dXWFMwD7I7zXsInONVl0H
55,spotify:track:3KyKxJ4P3pVCgaZwaq2rUC
56,spotify:track:63bmIgH9sS6sX5Sc7MetGq
57,spotify:track:3M0lSi5WW79CXQamgSBIjx
58,spotify:track:7sMBvZCSUl99bJLXZaLa0b
59,spotify:track:1E5Xu8dur0fAjSP1VpVhAZ
60,spotify:track:2vXKRlJBXyOcvZYTdNeckS
61,spotify:track:2vgUijXOTRMnWXDtvgMp2b
62,spotify:track:5wANPM4fQCJwkGd4rN57mH
63,spotify:track:0k4d5YPDr1r7FX77VdqWez
64,spotify:track:08MFgEQeVLF37EyZ7jcwLc
65,spotify:track:37y7iDayfwm3WXn5BiAoRk
66,spotify:track:07MDkzWARZaLEdKxo6yArG
67,spotify:track:0eu4C55hL6x29mmeAjytzC
68,spotify:track:48QmG1dfvMuYLxMPt7KSRA
69,spotify:track:58HvfVOeJY7lUuCqF0m3ly
70,spotify:track:5CZ40GBx1sQ9agT82CLQCT
71,spotify:track:4RVwu0g32PAqgUiJoXsdF8
72,spotify:track:0RiRZpuVRbi7oqRdSMwhQY
73,spotify:track:760jhRscwGbIIe1m1IIQpU
74,spotify:track:1iZLpuGMr4tn1F5bZu32Kb
75,spotify:track:7qEHsqek33rTcFNT9PFqLf
76,spotify:track:68HocO7fx9z0MgDU0ZPHro
77,spotify:track:5QDLhrAOJJdNAmCTJ8xMyW
78,spotify:track:2KnLkZ3z7PO3kgVGHGqDpD
79,spotify:track:1mWdTewIgB3gtBM3TOSFhB
80,spotify:track:7jtQIBanIiJOMS6RyCx6jZ
81,spotify:track:1NhjYYcYTRywc0di98xHxf
82,spotify:track:6zzdyvVWjGrQBraSvuqJPY
83,spotify:track:40iJIUlhi6renaREYGeIDS
84,spotify:track:186NCtNk1tUYS7c2DxgJ7O
85,spotify:track:6UelLqGlWMcVH1E5c4H7lY
86,spotify:track:29m79w9xPMH4YCD6r8JSmV
87,spotify:track:0u2P5u6lvoDfwTYjAADbn4
88,spotify:track:3nOz1U41SZZ0N3fuUWr9nb
89,spotify:track:2LBqCSwhJGcFQeTHMVGwy3
90,spotify:track:1zi7xx7UVEFkmKfv06H8x0
91,spotify:track:2IAR0DziHCjSu16gR4ihvy
92,spotify:track:35mvY5S1H3J2QZyna3TFe0
93,spotify:track:3FAJ6O0NOHQV8Mc5Ri6ENp
94,spotify:track:29TPjc8wxfz4XMn21O7VsZ
95,spotify:track:4cktbXiXOapiLBMprHFErI
96,spotify:track:58ge6dfP91o9oXMzq3XkIS
97,spotify:track:5XbA7TAqsD0fj0dGBrbb0D
98,spotify:track:6E90gq0KO6FYZVOXx8kCcC
99,spotify:track:6IAZHEBUIGJ6NJKxxOBIEr
100,spotify:track:0k1WUmIRnG3xU6fvvDVfRG
101,spotify:track:4jPy3l0RUwlUI9T5XHBW2m
102,spotify:track:34YfLWuoxLEcvJQNxdI9P2
103,spotify:track:2MJz8BxxMsERULatmBikDH
104,spotify:track:45bE4HXI0AwGZXfZtMp8JR
105,spotify:track:2gMXnyrvIjhVBUZwvLZDMP
106,spotify:track:1LPSkqVhWVRUkKE03YUkpB
107,spotify:track:7AzlLxHn24DxjgQX73F9fU
108,spotify:track:3PfIrDoz19wz7qK7tYeu62
109,spotify:track:5uCax9HTNlzGybIStD3vDh
110,spotify:track:5E30LdtzQTGqRvNd7l6kG5
111,spotify:track:3UhmuWcFaLS3AO3kI9ynQ2
112,spotify:track:7MXVkk9YMctZqd1Srtv4MB
113,spotify:track:4qu63nuBpdn0qHUHuObEj1
114,spotify:track:4xqrdfXkTW4T0RauPLv3WA
115,spotify:track:47isJpIIO8m7BJEhiFhnaf
116,spotify:track:0sTlGEld0h8kIPZaKDYUf4
117,spotify:track:1bjhYUwKUHEg5fHknxFObO
118,spotify:track:7EkWXAI1wn8Ii883ecd9xr
119,spotify:track:7hxHWCCAIIxFLCzvDgnQHX
120,spotify:track:4xAYDw7NVSKkvMIE9vFTVu
121,spotify:track:2rOnSn2piaqLAlYjtfUBlY
122,spotify:track:5zFglKYiknIxks8geR8rcL
123,spotify:track:5pcmtf1lwrMqmAWWm248fY
124,spotify:track:6HU7h9RYOaPRFeh0R3UeAr
125,spotify:track:2qxmye6gAegTMjLKEBoR3d
126,spotify:track:5rW7qTn83sCKtqBoneJs63
127,spotify:track:1is8gU4RVcN4J8xItxWoOY
128,spotify:track:2BgEsaKNfHUdlh97KmvFyo
129,spotify:track:0tgVpDi06FyKpA1z0VMD4v
130,spotify:track:72zHuDxFQTjbL51qJQSA7j
131,spotify:track:6a4GH1gljLL7VvmO9u5O92
132,spotify:track:1J14CdDAvBTE1AJYUOwl6C
133,spotify:track:3eJH2nAjvNXdmPfBkALiPZ
134,spotify:track:21jGcNKet2qwijlDFuPiPb
135,spotify:track:1u8c2t2Cy7UBoG4ArRcF5g
136,spotify:track:4HBZA5flZLE435QTztThqH
137,spotify:track:6v3KW9xbzN5yKLt9YKDYA2
138,spotify:track:0WSEq9Ko4kFPt8yo3ICd6T
139,spotify:track:39LLxExYz6ewLAcYrzQQyP
140,spotify:track:2ZRo7axmMPeSVUvDbGkJah
141,spotify:track:7nc7mlSdWYeFom84zZ8Wr8
142,spotify:track:6FvSS3Goz7OC8oCC2eWqe8
143,spotify:track:2NTVtNcpC0i1R7LVGaCZCF
144,spotify:track:2tpWsVSb9UEmDRxAl1zhX1
145,spotify:track:2sHYMLUd4nVLxHPKY05Ein
146,spotify:track:4b1yxSdlumA8N4fEk4UOZp
147,spotify:track:32BeYxKPrig1LefHsC0Xuo
148,spotify:track:5elW2CKSoqjYoJ32AGDxf1
149,spotify:track:7BKLCZ1jbUBVqRi2FVlTVw
150,spotify:track:5Ts1DYOuouQLgzTaisxWYh
151,spotify:track:3U4isOIWM3VvDubwSI3y7a
152,spotify:track:2YmXGUx32C3CUEgcAyHcGf
153,spotify:track:0W6I02J9xcqK8MtSeosEXb
154,spotify:track:161DnLWsx1i3u1JT05lzqU
155,spotify:track:04S1pkp1VaIqjg8zZqknR5
156,spotify:track:2P91MQbaiQOfbiz9VqhqKQ
157,spotify:track:5Hm2MJQ4ECvQmH5QWCMQrR
158,spotify:track:285pBltuF7vW8TeWk8hdRR
159,spotify:track:55RMhrPQYA6vLu5YMgXxFD
160,spotify:track:7zwn1eykZtZ5LODrf7c0tS
161,spotify:track:5hiQSNo6jQbQ2m2gBZs7bU
162,spotify:track:0pqnGHJpmpxLKifKRmU6WP
163,spotify:track:1ZMiCix7XSAbfAJlEZWMCp
164,spotify:track:1qE8DOtw7zdXHMgZm20eLM
165,spotify:track:2BcMwX1MPV6ZHP4tUT9uq6
166,spotify:track:6krYS8KtmNAYyb5uTZiYW4
167,spotify:track:7H0ya83CMmgFcOhw0UB6ow
168,spotify:track:4XvcHTUfIlWfyJTRG0aqlo
169,spotify:track:3jjsRKEsF42ccXf8kWR3nu
170,spotify:track:3XYRV7ZSHqIRDG87DKTtry
171,spotify:track:6RUKPb4LETWmmr3iAEQktW
172,spotify:track:0So2sgVa8aJiARPl2P29u2
173,spotify:track:7ecbsiAQ6PNdiAq0hplVZo
174,spotify:track:4A8cWXxKfIL3lAyUDzXbCF
175,spotify:track:6ocbgoVGwYJhOv1GgI9NsF
176,spotify:track:2vWBUC9djv6BtiGlmKiQaH
177,spotify:track:7fBv7CLKzipRk6EC6TWHOB
178,spotify:track:4btFHqumCO31GksfuBLLv3
179,spotify:track:6Dy1jexKYriXAVG6evyUTJ
180,spotify:track:3AJwUDP919kvQ9QcozQPxg
181,spotify:track:3Uo7WG0vmLQ07WB4BDwy7D
182,spotify:track:6M47gaKejso9772SKTa3yH
183,spotify:track:0ct6r3EGTcMLPtrXHDvVjc
184,spotify:track:6Jzdxguk63s6CVVXHIrQ0x
185,spotify:track:4cG7HUWYHBV6R6tHn1gxrl
186,spotify:track:4j5ffIFh7bFT7GZciP1TCy
187,spotify:track:6RiiSy9GzSwiyDEJDiMuKe
188,spotify:track:7n2FZQsaLb7ZRfRPfEeIvr
189,spotify:track:6FZDfxM3a3UCqtzo5pxSLZ
190,spotify:track:1DIXPcTDzTj8ZMHt3PDt8p
191,spotify:track:16iRlyUMJVPqz62DlomMre
192,spotify:track:1BYZxKSf0aTxp8ZFoeyM3d
193,spotify:track:1nahzW3kfMuwReTka28tH5
194,spotify:track:3ee8Jmje8o58CHK66QrVC2
195,spotify:track:7BqBn9nzAq8spo5e7cZ0dJ
196,spotify:track:3AVrVz5rK8Hrqo9YGiVGN5
197,spotify:track:7qiZfU4dY1lWllzX7mPBI3
198,spotify:track:1EYeZGTMCjV7uVey5fNWXM
199,spotify:track:7JJmb5XwzOO8jgpou264Ml
