,uri
0,spotify:track:5ww2BF9slyYgNOk37BlC4u
1,spotify:track:0W3TCDzYM7xFrZSaXnQvs4
2,spotify:track:45dlaEXrXW47TVbrQ4gK7E
3,spotify:track:2tTmW7RDtMQtBk7m2rYeSw
4,spotify:track:4qXWX3OmEKp0YCnnxJqTMO
5,spotify:track:5w8dx6u3KGawHWZAJoqyKM
6,spotify:track:2AAiUwUnxOY0sZYRLGkW9H
7,spotify:track:2zUsObw2UB1AJv0CB3oYl8
8,spotify:track:60DHrnRAhNJMy4WeEf23NH
9,spotify:track:53tfEupEzQRtVFOeZvk7xq
10,spotify:track:6TsVhM8qIkWN5cJVDIVbbz
11,spotify:track:3Ne5uYDFzHEFYAPbaBMIck
12,spotify:track:5rGorQ0R06XveTJXMd3QRi
13,spotify:track:3WHBTuOibN5pPTiz9eyUpA
14,spotify:track:3N6rAKpPraBOZqn9RhSrz0
15,spotify:track:7iwJOi3hlMqZt6pj1sQOBj
16,spotify:track:2LhnFINENqZgFnLIlChHzw
17,spotify:track:12BLBKATlbWXPhuSNL8eAr
18,spotify:track:3fUZbg31mIJKIxuv8nUcGg
19,spotify:track:2GVahxIzxivfRZc8lR39Ms
20,spotify:track:1zsPaEkglFvxjAhrM8yhpr
21,spotify:track:6Sq7ltF9Qa7SNFBsV5Cogx
22,spotify:track:6Rsryyrp2tB4t0f8c60bGm
23,spotify:track:6G12ZafqofSq7YtrMqUm76
24,spotify:track:0mX32GS4uB6VgscfYL7QrL
25,spotify:track:2bbwjxA68m9PHZFWgF1fze
26,spotify:track:7MkylDYvKTSuWgrsBhHlsG
27,spotify:track:3PiVYS45zOYxpE37UDN1ZA
28,spotify:track:3k3NWokhRRkEPhCzPmV8TW
29,spotify:track:3fjN3y5x4hN53rykAN2LHQ
30,spotify:track:2mmYwg4OgThj9vHgwc1rgL
31,spotify:track:3eUtQSdde3wNmXOW2OESKi
32,spotify:track:1a1yKhVDTGjAenCIwqYoD6
33,spotify:track:2pR6bipXfJySBhje19SW02
34,spotify:track:7kYbxvrGXv8cmKjkqgqhrw
35,spotify:track:4IDRYddYWDSt4OTKOo6P0t
36,spotify:track:6i1g5ZRmJZAkDwBaUZ3f2i
37,spotify:track:1IHWl5LamUGEuP4ozKQSXZ
38,spotify:track:5Eax0qFko2dh7Rl2lYs3bx
39,spotify:track:3UytZp1xDkNkROyIwE7DbY
40,spotify:track:2x8oBuYaObjqHqgGuIUZ0b
41,spotify:track:1uGdRSOpObu3lp0jvrVREl
42,spotify:track:1gYtMKmICjH8KQG3MheNJt
43,spotify:track:58cEG7FsVoipRiRKUMgOjo
44,spotify:track:1IT2VUL1Nx6Y3AdCfm0wcO
45,spotify:track:2IzV2SPZQLadtA46ni3ICq
46,spotify:track:3AJwUDP919kvQ9QcozQPxg
47,spotify:track:6LBpjWMfy1NUfyxAJbcMRs
48,spotify:track:5i82o3878xCPNCUK8VIeqX
49,spotify:track:3EuhCgpwvuxzpVRKerf9UN
50,spotify:track:6Xom58OOXk2SoU711L2IXO
51,spotify:track:2X8AGLwb9F0JzJ9zT27a22
52,spotify:track:2LgxW2t2H6lAf7tJuOnxxj
53,spotify:track:2rurDawMfoKP4uHyb2kJBt
54,spotify:track:3EcCc1U405tm8yKm1x6Y8W
55,spotify:track:31i56LZnwE6uSu3exoHjtB
56,spotify:track:0kTMK4gNFfLXaTb62w1UaJ
57,spotify:track:7dSZ6zGTQx66c2GF91xCrb
58,spotify:track:6mmPpaltUZK7xjNlBPQQ0p
59,spotify:track:0cOa970mzTWAxKtltpkpLc
60,spotify:track:0B8yu7yLe1UsXv6gewHRv2
61,spotify:track:03a359wbiUsjN9h6yzXvmS
62,spotify:track:1uK5rDY3BnikyG0sl3tPpc
63,spotify:track:6nYyGlTP5L2R6SEd1xG8Xs
64,spotify:track:63OA8vSo2PhUkmQopR1l64
65,spotify:track:6TI490muJ6RgFsYJc626BZ
66,spotify:track:1fKFxmSByZfjwVSbq0PHye
67,spotify:track:5x17YrAwajDUCqB8zT9ElY
68,spotify:track:2CeKVsFFXG4QzA415QygGb
69,spotify:track:3AbNNvo2OmyeDMvRBgf9vk
70,spotify:track:7onMf0QvWgRba2MRxG27yj
71,spotify:track:3ZkUgtNi45G8qdmya5UTgV
72,spotify:track:6VAS7m73rDopQe7BdrFMpD
73,spotify:track:5aQtcr0PfEtk4FZCz5rLdV
74,spotify:track:4Dvkj6JhhA12EX05fT7y2e
75,spotify:track:67Wqby5IjOMMpIYwqmCYOG
76,spotify:track:1O2pcBJGej0pmH2Y9XZMs6
77,spotify:track:3ushwCdjpWNdSnZgRFU6Oc
78,spotify:track:1DFDbSWdESvzWHHAe6BCQ3
79,spotify:track:48H3BsuIXKMYRTuFtxkRhh
80,spotify:track:3KI4rfS7kRC58Dd4ToY7P3
81,spotify:track:1wY7YlavH2C0U1HfR07XvZ
82,spotify:track:2wK7D7i9bfVt3uLjFsZSEU
83,spotify:track:0lJE8f0lx8mUSfMyxeYpiC
84,spotify:track:6ojZtz3sZr6ynvejLOqgCj
85,spotify:track:41oY4WCTj5kccfesTVFnvN
86,spotify:track:7iXJg4IUyrWont5YSQrbKP
87,spotify:track:46HNZY1i7O6jwTA7Slo2PI
88,spotify:track:0oBtwScT4B4BR5kZitNWd5
89,spotify:track:4TGwERXRlyQtBdggYTHo6j
90,spotify:track:6DoL1yYIwEW7VZMRaJhoJI
91,spotify:track:75JFxkI2RXiU7L9VXzMkle
92,spotify:track:3eUR4NZa2hc8ZulyFYdCv8
93,spotify:track:6HXvazdtAr9hy0kThzxrE3
94,spotify:track:33cF8aTmGJ6TsEf23uqGIN
95,spotify:track:5lkgHMBFyhk6P3jinwsYo0
96,spotify:track:5jt25aFjW2kNoBqaEVaz5W
97,spotify:track:0CgpCtEPvyDizcg2p47VrU
98,spotify:track:0fea68AdmYNygeTGI4RC18
99,spotify:track:1ga4PztXOIw1yBbdUt2X8v
100,spotify:track:1v5QhGtlv2bkpUz2kAXTCq
101,spotify:track:7FlQk2gJ6TBrHHiidvdR2O
102,spotify:track:2QT316zZ7jBNQ74eUsIuI0
103,spotify:track:3MBNAfBXIq9fI2Sez8EcNX
104,spotify:track:2JPLbjOn0wPCngEot2STUS
105,spotify:track:3yeFTYLMz4nOtyPXWEMKsW
106,spotify:track:1797zYiX4cKosMH836X9Gt
107,spotify:track:6JIC3hbC28JZKZ8AlAqX8h
108,spotify:track:3nqQXoyQOWXiESFLlDF1hG
109,spotify:track:4tYFy8ALRjIZvnvSLw5lxN
110,spotify:track:4khWEpnaijN0G1x019Uzdr
111,spotify:track:2qBirMakpTdz9ymxrZEyzg
112,spotify:track:1Y62KpDaP5MEL43ZcI6IaG
113,spotify:track:6ylDpki1VpIsc525KC1ojF
114,spotify:track:4hceSKjrkDTO0nMKFcb3sj
115,spotify:track:6WZk0S0t6YP414VJz99mWT
116,spotify:track:0V3wPSX9ygBnCm8psDIegu
117,spotify:track:0T2pB7P1VdXPhLdQZ488uH
118,spotify:track:5GF0X7GdNmnouKcdhhRmtm
119,spotify:track:7wBrglFVTNCcW6IhdgBkm1
120,spotify:track:6RUKPb4LETWmmr3iAEQktW
121,spotify:track:6bLvfGI2XeU5DTl8feuNrk
122,spotify:track:4uUG5RXrOk84mYEfFvj3cK
123,spotify:track:4bF2y8rR7GUjrd5LNEvej3
124,spotify:track:34tHZJLk0adg5tW49iybbE
125,spotify:track:4NkJeL16uUJJJFuZPvR1DC
126,spotify:track:0FDTPGlLjF8SGWSsHyzNBe
127,spotify:track:0bhWW1Bve1Ng6kEm8WjiQA
128,spotify:track:7M0mBls29IohQIPGqegcyE
129,spotify:track:6zsvDXNgIPcnfXsAceGkLH
130,spotify:track:3rdAz1fbUfZxYgaCviYhRo
131,spotify:track:7LVHVU3tWfcxj5aiPFEW4Q
132,spotify:track:6ov7lvrF7h3EYbsg6NXNGb
133,spotify:track:3c0laaLc9hCQy8TB79noyh
134,spotify:track:63GTuNSVLynH3n3PdqObgd
135,spotify:track:0r5g8mAptDMwHbvRDJYIPW
136,spotify:track:79pz16ngfYU2iZV0dvj3QU
137,spotify:track:3RiPr603aXAoi4GHyXx0uy
138,spotify:track:5uHAzGa4d9j35DEbhUwGhi
139,spotify:track:5NxhMcHSVY3Z7ykWxZf3aj
140,spotify:track:7aPSMl8bmlHtbi9ZBYbPmq
141,spotify:track:4d4ZXH4dr5bYfgErHiZCX2
142,spotify:track:422Avi2VjqZKCVzstKmqog
143,spotify:track:1UdzJEpgJxtuXAlCOvD4S0
144,spotify:track:7gwT3HGL84vF7bgtwL1N88
145,spotify:track:3E4ZzO4ySupnYypDPXcc3D
146,spotify:track:3uFhqnai1dXX5eI29VJRPY
147,spotify:track:5XeFesFbtLpXzIVDNQP22n
148,spotify:track:2KxfFzjyd5mpJu66s66w2S
149,spotify:track:6y8z28epOv5FlaxDv1Lo5B
150,spotify:track:65DBZofI0b79kfHTcWWDuU
151,spotify:track:5OZ4ske7GzEE6fOy9qjWdh
152,spotify:track:6wtZPYBIXUvCpXwVjMCJBf
153,spotify:track:7ESKEiE8LRLrDwdS2ZgUiR
154,spotify:track:65OR4ywy8Cgs3FDHK82Idl
155,spotify:track:10zSgbysU2KyVTrcRmtu62
156,spotify:track:3Oa9oxOLUYGQgzKXGIMpWy
157,spotify:track:46xx1V1UK5085ekWgIntp8
158,spotify:track:3E8xyYdIPpiH2wNEozE68I
159,spotify:track:2WD9ggmpZE7Wodh3qVVCgg
160,spotify:track:5CzixCxDkRXX9mScCmah8O
161,spotify:track:49NZwle2I8qI9BPsiRNjre
162,spotify:track:0ZAJ660VP57lLK4U7NlGOy
163,spotify:track:1txrFHh4XUU3Kp8HcD2TFW
164,spotify:track:3PfIrDoz19wz7qK7tYeu62
165,spotify:track:2qEoAz0i6yEz5dPggABcLH
166,spotify:track:1b62AO1IzcVr5SOgoguc9o
167,spotify:track:5TMLavqGRKNxgzMBrVpC9R
168,spotify:track:6MuJUSYCqA4FpMogUHzb2R
169,spotify:track:2ksvWFIlW7QgXuvk2MA1FT
170,spotify:track:57kdZIOAaolxAjB67d2yU3
171,spotify:track:3oqWr0jDWNXxWufNogGREp
172,spotify:track:3ylhgzhvSICQcyv0U3Ozwv
173,spotify:track:0FDzzruyVECATHXKHFs9eJ
174,spotify:track:1p7m9H4H8s0Y7SgRm7j3ED
175,spotify:track:4MzXwWMhyBbmu6hOcLVD49
176,spotify:track:42Gzfqnfpk7Pp1ydM60eNn
177,spotify:track:25NPeIjHjQGvyp4D52Tji2
178,spotify:track:03wQrSM0nV1WyPIgWvapG4
179,spotify:track:4rW2KfMNxdyNsLlaOYWXh3
180,spotify:track:0BCPKOYdS2jbQ8iyB56Zns
181,spotify:track:4HYDUMY0xSpeBr0AMY9cUz
182,spotify:track:1mea3bSkSGXuIRvnydlB5b
183,spotify:track:6UelLqGlWMcVH1E5c4H7lY
184,spotify:track:1eIDsKCLwZF6CJK8pOgHX5
185,spotify:track:6KEb17S00Inf0v1qYDgUAj
186,spotify:track:6VrQTLzzuyGIYjUDe4kAZk
187,spotify:track:0cubEBmB9wjsdBwXNFmzFy
188,spotify:track:0R7DSnSibvuE4PEHqUayqf
189,spotify:track:6D2TCm4nf5nxAcdGJ7w3QP
190,spotify:track:67Q93kXygxCskeQiIP0V0j
191,spotify:track:0KvtuCa8aGD8SR39aLLLj5
192,spotify:track:3PpWCS95gDUDRPko3u1MZ9
193,spotify:track:5NtIprYDaflAuu3Pko0rjR
194,spotify:track:4XqXNU8MwPHwbgZmNXmAdc
195,spotify:track:7jtQIBanIiJOMS6RyCx6jZ
196,spotify:track:7JZ5mOTea5T4LH0UdwCsWx
197,spotify:track:35bxOftuO0ljnk35fJCbCY
198,spotify:track:0ccUrj1mliFnR8R8VxCmKO
199,spotify:track:2ONADYjJvqYVwjWavuY0H1
