,uri
0,spotify:track:5ww2BF9slyYgNOk37BlC4u
1,spotify:track:45dlaEXrXW47TVbrQ4gK7E
2,spotify:track:2tTmW7RDtMQtBk7m2rYeSw
3,spotify:track:3Ne5uYDFzHEFYAPbaBMIck
4,spotify:track:53tfEupEzQRtVFOeZvk7xq
5,spotify:track:5rGorQ0R06XveTJXMd3QRi
6,spotify:track:60DHrnRAhNJMy4WeEf23NH
7,spotify:track:12BLBKATlbWXPhuSNL8eAr
8,spotify:track:6G12ZafqofSq7YtrMqUm76
9,spotify:track:6TsVhM8qIkWN5cJVDIVbbz
10,spotify:track:2GVahxIzxivfRZc8lR39Ms
11,spotify:track:7iwJOi3hlMqZt6pj1sQOBj
12,spotify:track:3N6rAKpPraBOZqn9RhSrz0
13,spotify:track:6Sq7ltF9Qa7SNFBsV5Cogx
14,spotify:track:2pR6bipXfJySBhje19SW02
15,spotify:track:3fjN3y5x4hN53rykAN2LHQ
16,spotify:track:6i1g5ZRmJZAkDwBaUZ3f2i
17,spotify:track:3fUZbg31mIJKIxuv8nUcGg
18,spotify:track:3k3NWokhRRkEPhCzPmV8TW
19,spotify:track:2bbwjxA68m9PHZFWgF1fze
20,spotify:track:3UytZp1xDkNkROyIwE7DbY
21,spotify:track:1IHWl5LamUGEuP4ozKQSXZ
22,spotify:track:1uGdRSOpObu3lp0jvrVREl
23,spotify:track:7kYbxvrGXv8cmKjkqgqhrw
24,spotify:track:3AJwUDP919kvQ9QcozQPxg
25,spotify:track:1gYtMKmICjH8KQG3MheNJt
26,spotify:track:0kTMK4gNFfLXaTb62w1UaJ
27,spotify:track:5Eax0qFko2dh7Rl2lYs3bx
28,spotify:track:2IzV2SPZQLadtA46ni3ICq
29,spotify:track:1zsPaEkglFvxjAhrM8yhpr
30,spotify:track:1IT2VUL1Nx6Y3AdCfm0wcO
31,spotify:track:2TDyyEBasw10wu5Uh94bR1
32,spotify:track:2rurDawMfoKP4uHyb2kJBt
33,spotify:track:3EuhCgpwvuxzpVRKerf9UN
34,spotify:track:6Xom58OOXk2SoU711L2IXO
35,spotify:track:2LgxW2t2H6lAf7tJuOnxxj
36,spotify:track:6LBpjWMfy1NUfyxAJbcMRs
37,spotify:track:6mmPpaltUZK7xjNlBPQQ0p
38,spotify:track:5i82o3878xCPNCUK8VIeqX
39,spotify:track:2x8oBuYaObjqHqgGuIUZ0b
40,spotify:track:7dSZ6zGTQx66c2GF91xCrb
41,spotify:track:75JFxkI2RXiU7L9VXzMkle
42,spotify:track:46HNZY1i7O6jwTA7Slo2PI
43,spotify:track:2X8AGLwb9F0JzJ9zT27a22
44,spotify:track:1uK5rDY3BnikyG0sl3tPpc
45,spotify:track:31i56LZnwE6uSu3exoHjtB
46,spotify:track:3EcCc1U405tm8yKm1x6Y8W
47,spotify:track:6zsvDXNgIPcnfXsAceGkLH
48,spotify:track:03a359wbiUsjN9h6yzXvmS
49,spotify:track:0V3wPSX9ygBnCm8psDIegu
50,spotify:track:7wBrglFVTNCcW6IhdgBkm1
51,spotify:track:0cOa970mzTWAxKtltpkpLc
52,spotify:track:5eYVvHN75qLlpD0DC6R8Pl
53,spotify:track:5x17YrAwajDUCqB8zT9ElY
54,spotify:track:6nYyGlTP5L2R6SEd1xG8Xs
55,spotify:track:1O2pcBJGej0pmH2Y9XZMs6
56,spotify:track:3AbNNvo2OmyeDMvRBgf9vk
57,spotify:track:5aQtcr0PfEtk4FZCz5rLdV
58,spotify:track:6RUKPb4LETWmmr3iAEQktW
59,spotify:track:67Wqby5IjOMMpIYwqmCYOG
60,spotify:track:7onMf0QvWgRba2MRxG27yj
61,spotify:track:6ojZtz3sZr6ynvejLOqgCj
62,spotify:track:7LVHVU3tWfcxj5aiPFEW4Q
63,spotify:track:4Dvkj6JhhA12EX05fT7y2e
64,spotify:track:79HZAZNnOE97rb2hnI0XQr
65,spotify:track:3ushwCdjpWNdSnZgRFU6Oc
66,spotify:track:3RiPr603aXAoi4GHyXx0uy
67,spotify:track:6VAS7m73rDopQe7BdrFMpD
68,spotify:track:4TGwERXRlyQtBdggYTHo6j
69,spotify:track:6DoL1yYIwEW7VZMRaJhoJI
70,spotify:track:0lJE8f0lx8mUSfMyxeYpiC
71,spotify:track:41oY4WCTj5kccfesTVFnvN
72,spotify:track:65OR4ywy8Cgs3FDHK82Idl
73,spotify:track:1DFDbSWdESvzWHHAe6BCQ3
74,spotify:track:1fKFxmSByZfjwVSbq0PHye
75,spotify:track:6HXvazdtAr9hy0kThzxrE3
76,spotify:track:0BCPKOYdS2jbQ8iyB56Zns
77,spotify:track:2CeKVsFFXG4QzA415QygGb
78,spotify:track:7iXJg4IUyrWont5YSQrbKP
79,spotify:track:1ga4PztXOIw1yBbdUt2X8v
80,spotify:track:6WZk0S0t6YP414VJz99mWT
81,spotify:track:5lkgHMBFyhk6P3jinwsYo0
82,spotify:track:3nqQXoyQOWXiESFLlDF1hG
83,spotify:track:4qXWX3OmEKp0YCnnxJqTMO
84,spotify:track:7FlQk2gJ6TBrHHiidvdR2O
85,spotify:track:3eUR4NZa2hc8ZulyFYdCv8
86,spotify:track:5GF0X7GdNmnouKcdhhRmtm
87,spotify:track:1mea3bSkSGXuIRvnydlB5b
88,spotify:track:0B8yu7yLe1UsXv6gewHRv2
89,spotify:track:0FDzzruyVECATHXKHFs9eJ
90,spotify:track:7aPSMl8bmlHtbi9ZBYbPmq
91,spotify:track:4hceSKjrkDTO0nMKFcb3sj
92,spotify:track:1v5QhGtlv2bkpUz2kAXTCq
93,spotify:track:2QT316zZ7jBNQ74eUsIuI0
94,spotify:track:5jt25aFjW2kNoBqaEVaz5W
95,spotify:track:3MBNAfBXIq9fI2Sez8EcNX
96,spotify:track:1797zYiX4cKosMH836X9Gt
97,spotify:track:6JIC3hbC28JZKZ8AlAqX8h
98,spotify:track:1Y62KpDaP5MEL43ZcI6IaG
99,spotify:track:7D0RhFcb3CrfPuTJ0obrod
100,spotify:track:4tYFy8ALRjIZvnvSLw5lxN
101,spotify:track:0fea68AdmYNygeTGI4RC18
102,spotify:track:0h7QMc9ZRzA9QJrbEHytn2
103,spotify:track:4khWEpnaijN0G1x019Uzdr
104,spotify:track:2JPLbjOn0wPCngEot2STUS
105,spotify:track:0CgpCtEPvyDizcg2p47VrU
106,spotify:track:3eUtQSdde3wNmXOW2OESKi
107,spotify:track:6y8z28epOv5FlaxDv1Lo5B
108,spotify:track:48H3BsuIXKMYRTuFtxkRhh
109,spotify:track:3c0laaLc9hCQy8TB79noyh
110,spotify:track:2qBirMakpTdz9ymxrZEyzg
111,spotify:track:1wY7YlavH2C0U1HfR07XvZ
112,spotify:track:3yeFTYLMz4nOtyPXWEMKsW
113,spotify:track:5jQI2r1RdgtuT8S3iG8zFC
114,spotify:track:0T2pB7P1VdXPhLdQZ488uH
115,spotify:track:3rdAz1fbUfZxYgaCviYhRo
116,spotify:track:4NkJeL16uUJJJFuZPvR1DC
117,spotify:track:4uUG5RXrOk84mYEfFvj3cK
118,spotify:track:6ylDpki1VpIsc525KC1ojF
119,spotify:track:5cDyidxA6n2xI4iFsqzt6D
120,spotify:track:6TI490muJ6RgFsYJc626BZ
121,spotify:track:0bhWW1Bve1Ng6kEm8WjiQA
122,spotify:track:4cGqn0E8JCSY9gQllQj4Mf
123,spotify:track:6ov7lvrF7h3EYbsg6NXNGb
124,spotify:track:3E8xyYdIPpiH2wNEozE68I
125,spotify:track:5NxhMcHSVY3Z7ykWxZf3aj
126,spotify:track:2wK7D7i9bfVt3uLjFsZSEU
127,spotify:track:5uHAzGa4d9j35DEbhUwGhi
128,spotify:track:2KxfFzjyd5mpJu66s66w2S
129,spotify:track:7M0mBls29IohQIPGqegcyE
130,spotify:track:5OX1JvE7gTkOd1DSzlrtFw
131,spotify:track:4bF2y8rR7GUjrd5LNEvej3
132,spotify:track:63GTuNSVLynH3n3PdqObgd
133,spotify:track:4D7BCuvgdJlYvlX5WlN54t
134,spotify:track:79pz16ngfYU2iZV0dvj3QU
135,spotify:track:1UdzJEpgJxtuXAlCOvD4S0
136,spotify:track:3rWDp9tBPQR9z6U5YyRSK4
137,spotify:track:6bLvfGI2XeU5DTl8feuNrk
138,spotify:track:7gwT3HGL84vF7bgtwL1N88
139,spotify:track:4oytkdKzhEDBJOVvnQtX9y
140,spotify:track:7KokYm8cMIXCsGVmUvKtqf
141,spotify:track:3qoftcUZaUOncvIYjFSPdE
142,spotify:track:48mGOtVuxLr7sq8jZpWLxi
143,spotify:track:1txrFHh4XUU3Kp8HcD2TFW
144,spotify:track:6wtZPYBIXUvCpXwVjMCJBf
145,spotify:track:3ylhgzhvSICQcyv0U3Ozwv
146,spotify:track:1xwAWUI6Dj0WGC3KiUPN0O
147,spotify:track:2L2mM3rEO3arNIMQnb3dou
148,spotify:track:10zSgbysU2KyVTrcRmtu62
149,spotify:track:5OZ4ske7GzEE6fOy9qjWdh
150,spotify:track:2WD9ggmpZE7Wodh3qVVCgg
151,spotify:track:4d4ZXH4dr5bYfgErHiZCX2
152,spotify:track:0ZAJ660VP57lLK4U7NlGOy
153,spotify:track:1wtOxkiel43cVs0Yux5Q4h
154,spotify:track:5CzixCxDkRXX9mScCmah8O
155,spotify:track:5TMLavqGRKNxgzMBrVpC9R
156,spotify:track:42Gzfqnfpk7Pp1ydM60eNn
157,spotify:track:69uxyAqqPIsUyTO8txoP2M
158,spotify:track:3PfIrDoz19wz7qK7tYeu62
159,spotify:track:3Oa9oxOLUYGQgzKXGIMpWy
160,spotify:track:49NZwle2I8qI9BPsiRNjre
161,spotify:track:6MuJUSYCqA4FpMogUHzb2R
162,spotify:track:3uFhqnai1dXX5eI29VJRPY
163,spotify:track:0L9rn88q3YFfAhVLwjXo9g
164,spotify:track:0j15NSe9m6egjzJXXn1QXQ
165,spotify:track:3eX0NZfLtGzoLUxPNvRfqm
166,spotify:track:2ONADYjJvqYVwjWavuY0H1
167,spotify:track:25NPeIjHjQGvyp4D52Tji2
168,spotify:track:2qEoAz0i6yEz5dPggABcLH
169,spotify:track:3PpWCS95gDUDRPko3u1MZ9
170,spotify:track:0R7DSnSibvuE4PEHqUayqf
171,spotify:track:1p7m9H4H8s0Y7SgRm7j3ED
172,spotify:track:65DBZofI0b79kfHTcWWDuU
173,spotify:track:5XeFesFbtLpXzIVDNQP22n
174,spotify:track:4MzXwWMhyBbmu6hOcLVD49
175,spotify:track:3ehHqgYRzmeUi345MfHS2N
176,spotify:track:5Qw9OHZdAX40qw5hZCU0BS
177,spotify:track:3oqWr0jDWNXxWufNogGREp
178,spotify:track:2ksvWFIlW7QgXuvk2MA1FT
179,spotify:track:46GsFW8AFIvi8TUDlYRlXR
180,spotify:track:4XqXNU8MwPHwbgZmNXmAdc
181,spotify:track:2nvC4i2aMo4CzRjRflysah
182,spotify:track:4ewveBhsiWWexO614gPy9z
183,spotify:track:7IcdA7TnEtxAUvby7MukZY
184,spotify:track:0heeNYlwOGuUSe7TgUD27B
185,spotify:track:6D2TCm4nf5nxAcdGJ7w3QP
186,spotify:track:4HzqWEdAbzcVFDv0pvxV4w
187,spotify:track:5LazbgCsa2IskJbPMnI8Qd
188,spotify:track:422Avi2VjqZKCVzstKmqog
189,spotify:track:5NtIprYDaflAuu3Pko0rjR
190,spotify:track:0C9V5jMElp7laZZdsCHufD
191,spotify:track:7upAH0ezzsThyvr33YKn4u
192,spotify:track:67Q93kXygxCskeQiIP0V0j
193,spotify:track:1b62AO1IzcVr5SOgoguc9o
194,spotify:track:7jtQIBanIiJOMS6RyCx6jZ
195,spotify:track:4rW2KfMNxdyNsLlaOYWXh3
196,spotify:track:61qPUnazSdkvua4wgA4L8C
197,spotify:track:0U9OZFbn82oICL2jNbpNHy
198,spotify:track:6UelLqGlWMcVH1E5c4H7lY
199,spotify:track:4gzsuuZypVbxs0Af1LSZyB
