,uri
0,spotify:track:3nqQXoyQOWXiESFLlDF1hG
1,spotify:track:1bDbXMyjaUIooNwFE9wn0N
2,spotify:track:1Oxshg4204lRdcogzvdP4x
3,spotify:track:56dILgPraSNLKcd89hxXaq
4,spotify:track:4uUG5RXrOk84mYEfFvj3cK
5,spotify:track:561jH07mF1jHuk7KlaeF0s
6,spotify:track:5IgjP7X4th6nMNDh4akUHb
7,spotify:track:5qX0V96jKJ6zC8UImlXKmO
8,spotify:track:37F7E7BKEw2E4O2L7u0IEp
9,spotify:track:6UyMkM4523bYKwHIIrfuJu
10,spotify:track:2z0cwGTvP2Dqx5p2Ia0c9U
11,spotify:track:7oM90DTfJTMtSB3DEJq42p
12,spotify:track:6qyS9qBy0mEk3qYaH8mPss
13,spotify:track:23HAp6WM0phD5RqDyxtr6b
14,spotify:track:73vIOb4Q7YN6HeJTbscRx5
15,spotify:track:6eOG7lOgVEWKqhWFRL2O4j
16,spotify:track:2QjOHCTQ1Jl3zawyYOpxh6
17,spotify:track:3bEbRxixvEVlEVIgvepXcg
18,spotify:track:4h9wh7iOZ0GGn8QVp4RAOB
19,spotify:track:0V3wPSX9ygBnCm8psDIegu
20,spotify:track:6kN80cMcK1Gu1rJ82Xr6vt
21,spotify:track:5XeFesFbtLpXzIVDNQP22n
22,spotify:track:3FkA5BCzxB4SeQ7fSzUmJE
23,spotify:track:4sO11a54gXayms6GDyqKep
24,spotify:track:4mzILuYOfli6QWsPdc9iCS
25,spotify:track:4Dvkj6JhhA12EX05fT7y2e
26,spotify:track:2yjlYDiNiQkdxVqTlaSrlX
27,spotify:track:4B4f0Jno4VnQA2a7R1kWgX
28,spotify:track:04zqsdXIs6fCpvKgl0AYY7
29,spotify:track:7jtQIBanIiJOMS6RyCx6jZ
30,spotify:track:4woTEX1wYOTGDqNXuavlRC
31,spotify:track:2jkyPVk1nbpsZD0KAS98Zw
32,spotify:track:54ipXppHLA8U4yqpOFTUhr
33,spotify:track:1cKHdTo9u0ZymJdPGSh6nq
34,spotify:track:1fTNb11PK6Ode6hx4bC8pl
35,spotify:track:16rryuFZpdvWzKllkUw0ri
36,spotify:track:3tAQNhm1o0kzldsI5QkrB1
37,spotify:track:4zN21mbAuaD0WqtmaTZZeP
38,spotify:track:3F5CgOj3wFlRv51JsHbxhe
39,spotify:track:7MXVkk9YMctZqd1Srtv4MB
40,spotify:track:2LBqCSwhJGcFQeTHMVGwy3
41,spotify:track:5yXmtupoVp0GSM1ENKciOX
42,spotify:track:4NQK5RwcwoQCjsMONIiXEo
43,spotify:track:4AOUyrWRXMuSRG3eTWxizo
44,spotify:track:38T0tPVZHcPZyhtOcCP7pF
45,spotify:track:34tz0eDhGuFErIuW3q4mPX
46,spotify:track:5unjCay0kUjuej5ebn4nS4
47,spotify:track:3bkd2gMPwfjBD9tRSrn7dU
48,spotify:track:772ARvmnEjryug7ce0lRAF
49,spotify:track:46s57QULU02Voy0Kup6UEb
50,spotify:track:3LtpKP5abr2qqjunvjlX5i
51,spotify:track:1xK59OXxi2TAAAbmZK0kBL
52,spotify:track:7lQ8MOhq6IN2w8EYcFNSUk
53,spotify:track:4FyesJzVpA39hbYvcseO2d
54,spotify:track:7DbdUf8aHSYoliSjO6LZv6
55,spotify:track:58HvfVOeJY7lUuCqF0m3ly
56,spotify:track:09mEdoA6zrmBPgTEN5qXmN
57,spotify:track:7CW8Z1qou9zFwABZAv0Vui
58,spotify:track:3yfqSUWxFvZELEM4PmlwIR
59,spotify:track:0WtM2NBVQNNJLh6scP13H8
60,spotify:track:7sJNeWTXkZCEC7OnFMpGWL
61,spotify:track:58ge6dfP91o9oXMzq3XkIS
62,spotify:track:5bYyQzaUSXpGGrJuGZfafd
63,spotify:track:2vXKRlJBXyOcvZYTdNeckS
64,spotify:track:5FVd6KXrgO9B3JPmC8OPst
65,spotify:track:086myS9r57YsLbJpU0TgK9
66,spotify:track:5Zlb01Jcn0Ld49zazzZJSB
67,spotify:track:4vVjPTApwXZwB2H3mBq3ml
68,spotify:track:4cLi9bZRMvDITlmKdo6D2l
69,spotify:track:2ksyzVfU0WJoBpu8otr4pz
70,spotify:track:1qoRKC4dltaqIOAllaJC6m
71,spotify:track:4z7cTjQGpdJzzKy4wEdAEX
72,spotify:track:0u52MS7dNsEFTbAuwcgSKM
73,spotify:track:0bYg9bo50gSsH3LtXe2SQn
74,spotify:track:2KLwPaRDOB87XOYAT2fgxh
75,spotify:track:0hquQWY3xvYqN4qtiquniF
76,spotify:track:02MWAaffLxlfxAUY7c5dvx
77,spotify:track:5TXDeTFVRVY7Cvt0Dw4vWW
78,spotify:track:4DxgAA7IHwrmYDRzf0xvht
79,spotify:track:0QHEIqNKsMoOY5urbzN48u
80,spotify:track:2K7xn816oNHJZ0aVqdQsha
81,spotify:track:1jeH7hX7LylA16T7MosUO3
82,spotify:track:3rb0tMq42WfggucPm0HHkA
83,spotify:track:7fBv7CLKzipRk6EC6TWHOB
84,spotify:track:3Ya6AUGGni7HPC5P9gh2bj
85,spotify:track:1RDvyOk4WtPCtoqciJwVn8
86,spotify:track:5Sk39LuvdwuvL84jD01Dum
87,spotify:track:0JK0UF0VcZTNRkx5HhmQOV
88,spotify:track:5FkJHVudUByVjanCqFXRql
89,spotify:track:01kfSdF9zfcDLri5sSWEoL
90,spotify:track:0Emweh7Q5ErGXCoCNGBBlC
91,spotify:track:0unwwudnsmwECyhTncRAA8
92,spotify:track:0VjIjW4GlUZAMYd2vXMi3b
93,spotify:track:1DIXPcTDzTj8ZMHt3PDt8p
94,spotify:track:4Nkgkvf4AKvt6a3VXlyM0O
95,spotify:track:3AXZZgreuwWgYX2IL3oGkA
96,spotify:track:6o1w1oqUMiJI1Kp0s0ksRK
97,spotify:track:2BfIkZJht4lBG73fqtsSxp
98,spotify:track:13GRVUH2tL94b9yHCkLHRm
99,spotify:track:7KpoCH5M4hSJSCTPdeKm2h
100,spotify:track:0VO8gYVDSwM1Qdd2GsMoYK
101,spotify:track:1BcR6Hi28MIxGqeT3W71Cz
102,spotify:track:2ZL7WZcjuYKi1KUDtp4kCC
103,spotify:track:788fXILjvTnAoHw4rtIJCA
104,spotify:track:32vRPT2jNoRZRg22GxtY0l
105,spotify:track:3gVhsZtseYtY1fMuyYq06F
106,spotify:track:2FBlCQ6UYQu1KHMBnruVul
107,spotify:track:5evJJmNenJJF04OBGEGgZc
108,spotify:track:18asYwWugKjjsihZ0YvRxO
109,spotify:track:3CIyK1V4JEJkg02E4EJnDl
110,spotify:track:753VXlJyHa53nOwZQVIPeO
111,spotify:track:6sCvvleqKbeyOkQDieBYgp
112,spotify:track:1jmwXsqCLABS1RNUtcz7GC
113,spotify:track:4sFGNz4MYpGoz53ZGCwsiE
114,spotify:track:4k6Uh1HXdhtusDW5y8Gbvy
115,spotify:track:79s5XnCN4TJKTVMSmOx8Ep
116,spotify:track:1xzi1Jcr7mEi9K2RfzLOqS
117,spotify:track:3azJifCSqg9fRij2yKIbWz
118,spotify:track:4xkOaSrkexMciUUogZKVTS
119,spotify:track:5gDWsRxpJ2lZAffh5p7K0w
120,spotify:track:6LpL3NUIJuJ3zyBfdMXD2O
121,spotify:track:42sQ9jc3NRDpxRvppjEtmA
122,spotify:track:3uUuGVFu1V7jTQL60S1r8z
123,spotify:track:6bnF93Rx87YqUBLSgjiMU8
124,spotify:track:221ArihIDcOBJmelg0Aa3d
125,spotify:track:1v7L65Lzy0j0vdpRjJewt1
126,spotify:track:5E30LdtzQTGqRvNd7l6kG5
127,spotify:track:4NgherJDfCXWBZBYheM4jK
128,spotify:track:17ebbiVJ3iAtqJ5TxdVzWm
129,spotify:track:7twsd0lwXyy0ARdsTyzHoJ
130,spotify:track:7aO0KrTDSwWv2mBZwEgN8N
131,spotify:track:5jQI2r1RdgtuT8S3iG8zFC
132,spotify:track:6kl1QzJtnTgToGGxZWeTJw
133,spotify:track:17Heq7Mf4nXpj5qaND7txV
134,spotify:track:4qkggtykkzl6qfuScsNmJk
135,spotify:track:2lNcS2J5CD8Y8BNW9ENWnO
136,spotify:track:7gRFDGEzF9UkBV233yv2dc
137,spotify:track:4fsQ0K37TOXa3hEQfjEic1
138,spotify:track:3M0lSi5WW79CXQamgSBIjx
139,spotify:track:4BGRK42GfRCw2Hoolpu1G7
140,spotify:track:37vVp2sWHuuIBOSl1NswP6
141,spotify:track:3rWDp9tBPQR9z6U5YyRSK4
142,spotify:track:7iL6o9tox1zgHpKUfh9vuC
143,spotify:track:0yxnBa0bqbDE87o1wQswIs
144,spotify:track:0F4FejjWi3bf5vGOkuQwPS
145,spotify:track:5TJEBoTCDbJXiKMdCN9pd3
146,spotify:track:5JwxdYpoZPJasiOjpmeeB0
147,spotify:track:5whMzbUxj5DXoie9aiVb0O
148,spotify:track:2gTyfm5jrmTx4IH9K0CJk3
149,spotify:track:6huNf4dutXRjJyGn7f5BPS
150,spotify:track:45pUWUeEWGoSdH6UF162G8
151,spotify:track:2FRnf9qhLbvw8fu4IBXx78
152,spotify:track:1iIIsJlKQW7E4eLw7x5XOI
153,spotify:track:5QO79kh1waicV47BqGRL3g
154,spotify:track:4EWCNWgDS8707fNSZ1oaA5
155,spotify:track:2kx5sQgmjYug0GiDh1a4sU
156,spotify:track:2p8IUWQDrpjuFltbdgLOag
157,spotify:track:5thvwNPeyjFr3iKRGrxPuO
158,spotify:track:589KeND3ebjbfhs5GfGGyx
159,spotify:track:6PHB6mLa8HlK1m7I5wzmXD
160,spotify:track:27ZZdyTSQWI7Cug2d2PkqV
161,spotify:track:2tqDS3gLLAPh66bSm8I32D
162,spotify:track:5odlY52u43F5BjByhxg7wg
163,spotify:track:0iUrxveyNUBfj0cqjYEijt
164,spotify:track:5zwwW9Oq7ubSxoCGyW1nbY
165,spotify:track:18y7QMqWhkkd1akp6FmXgA
166,spotify:track:3xWGA8pa0IKFI7IMPri4P0
167,spotify:track:5Z9KJZvQzH6PFmb8SNkxuk
168,spotify:track:0u2P5u6lvoDfwTYjAADbn4
169,spotify:track:1Ame8XTX6QHY0l0ahqUhgv
170,spotify:track:6ARd0Qd8iunz6lNyYQZz4t
171,spotify:track:4JFBEg1MNSuzGgsJNgoyYG
172,spotify:track:6pcywuOeGGWeOQzdUyti6k
173,spotify:track:6EtKlIQmGPB9SX8UjDJG5s
174,spotify:track:6JIC3hbC28JZKZ8AlAqX8h
175,spotify:track:0lKiqlTA0kN0k2TrjG5daO
176,spotify:track:6SGm8eua5N2voJhxlHgIK5
177,spotify:track:3EaJDYHA0KnX88JvDhL9oa
178,spotify:track:5PjdY0CKGZdEuoNab3yDmX
179,spotify:track:58b4WUBJM3IVzIDT2HEGe3
180,spotify:track:1wtOxkiel43cVs0Yux5Q4h
181,spotify:track:2AD3faozZmU71dxlpPO4PJ
182,spotify:track:04ojE1leP1BODeTr7EadIe
183,spotify:track:7GeTsDIc5ykNB6lORO6Cee
184,spotify:track:78ctG4oXFeZOqrr7bcJFE2
185,spotify:track:22TFAU0e7WHAQFGzwneu1e
186,spotify:track:3AVrVz5rK8Hrqo9YGiVGN5
187,spotify:track:1P0Fu36ZP4Hg6zPvtwpyKt
188,spotify:track:0QkWikH5Z3U0f79T9iuF6c
189,spotify:track:6Uj1ctrBOjOas8xZXGqKk4
190,spotify:track:4a0oV0MjoURyHnW1gz8qcg
191,spotify:track:1FEiijYPJtyswChfcpv3p0
192,spotify:track:71wrEyCQBdBzQetMjc8omC
193,spotify:track:2WzAAerBvZvvFXgUpSwHZ9
194,spotify:track:7kDgO7iBtdBhrx0X0esUrB
195,spotify:track:7KokYm8cMIXCsGVmUvKtqf
196,spotify:track:6ex1Pz3pntgy4NPtxHXN2V
197,spotify:track:4ix0ntu244dcdAoSml7trs
198,spotify:track:6NnCWIWV740gP7DQ8kqdIE
199,spotify:track:3eX0NZfLtGzoLUxPNvRfqm
