,uri
0,spotify:track:1W1N3usYjgI3XGQA0iX9Vq
1,spotify:track:02MWAaffLxlfxAUY7c5dvx
2,spotify:track:0h14I7cPYi1RZG6GmVpMso
3,spotify:track:4fouWK6XVHhzl78KzQ1UjL
4,spotify:track:3Oww84xrmgjyr5J1ilOmAf
5,spotify:track:3uUuGVFu1V7jTQL60S1r8z
6,spotify:track:1HhNoOuqm1a5MXYEgAFl8o
7,spotify:track:1Y2zqkMEu3mJPBBMBdkIsD
8,spotify:track:7jtQIBanIiJOMS6RyCx6jZ
9,spotify:track:0e8nrvls4Qqv5Rfa2UhqmO
10,spotify:track:7rglLriMNBPAyuJOMGwi39
11,spotify:track:50nfwKoDiSYg8zOCREWAm5
12,spotify:track:6CfCeWvsy7TpO6Oo8pJ2qN
13,spotify:track:18asYwWugKjjsihZ0YvRxO
14,spotify:track:3eJH2nAjvNXdmPfBkALiPZ
15,spotify:track:5PjdY0CKGZdEuoNab3yDmX
16,spotify:track:2B4GHvToeLTOBB4QLzW3Ni
17,spotify:track:2hBkoDhuGk2AtSCprEFDFP
18,spotify:track:2Oi1IJ6JEUX1aya9VUAA1Z
19,spotify:track:1SOClUWhOi8vHZYMz3GluK
20,spotify:track:58HvfVOeJY7lUuCqF0m3ly
21,spotify:track:5Z9KJZvQzH6PFmb8SNkxuk
22,spotify:track:20on25jryn53hWghthWWW3
23,spotify:track:2xSIcmvFQHs2CeS34Mgp62
24,spotify:track:59CfNbkERJ3NoTXDvoURjj
25,spotify:track:3rmo8F54jFF8OgYsqTxm5d
26,spotify:track:7EtfwHVS8FcciOBU1VnT8G
27,spotify:track:1Al4Z4K76RCKj31mExavs7
28,spotify:track:6WVHfpzYW3HooQaCC80opC
29,spotify:track:2xFMvrqk99biaLQavjufta
30,spotify:track:0QBzMgT7NIeoCYy3sJCof1
31,spotify:track:3uwnnTQcHM1rDqSfA4gQNz
32,spotify:track:2USlegnFJLrVLpoVfPimKB
33,spotify:track:2K7xn816oNHJZ0aVqdQsha
34,spotify:track:6VcBDMF2ykm5HDcJMVLRZW
35,spotify:track:2H7jZg2HliuQhZjfBblLrZ
36,spotify:track:0oA9wBGDY4uyILLg4GymWP
37,spotify:track:0RSZ8EmUPEN3ySfCgytPke
38,spotify:track:7lQ8MOhq6IN2w8EYcFNSUk
39,spotify:track:4ZtFanR9U6ndgddUvNcjcG
40,spotify:track:6Jrdb6CFOJEGaHjaa6c4WR
41,spotify:track:0aR0Appf7lsVGExDPnbuVT
42,spotify:track:5Th2Rs48Gz3iqfcGMXG5PC
43,spotify:track:0TBylB8tjwqp4YHSrwRJQQ
44,spotify:track:3ZDXLSUZpKx8pspNBOdVr5
45,spotify:track:0FKw2vfEDxDuRisr4kU8Ok
46,spotify:track:2QjOHCTQ1Jl3zawyYOpxh6
47,spotify:track:6xIhI4a3oTB6FKkIYQWBTs
48,spotify:track:1h3d2lvISrSIV6fS89U51S
49,spotify:track:6fuO9uk9wbjCHvQJqk2Qpx
50,spotify:track:1ZdhOMWyFR8Iv9eylMGYg2
51,spotify:track:46IZ0fSY2mpAiktS3KOqds
52,spotify:track:2gQPv5jvVPqU2a9HhMNO1v
53,spotify:track:5STeQZH1Ahz3h0X9Njaij7
54,spotify:track:3tvDgQnMl75OUnkjertjXe
55,spotify:track:0uQbTk0GFM9PxE0rN1UWZb
56,spotify:track:22skzmqfdWrjJylampe0kt
57,spotify:track:6Uj1ctrBOjOas8xZXGqKk4
58,spotify:track:2Foc5Q5nqNiosCNqttzHof
59,spotify:track:5TXDeTFVRVY7Cvt0Dw4vWW
60,spotify:track:0JpEMzTHbt2zBIXrntrXzG
61,spotify:track:46HNZY1i7O6jwTA7Slo2PI
62,spotify:track:3GZD6HmiNUhxXYf8Gch723
63,spotify:track:1vUOJpWc091SBYULNvz9mp
64,spotify:track:4cG7HUWYHBV6R6tHn1gxrl
65,spotify:track:0HqZX76SFLDz2aW8aiqi7G
66,spotify:track:7z5G2LOdV8okZn4yWg3q5g
67,spotify:track:3yfqSUWxFvZELEM4PmlwIR
68,spotify:track:7yq4Qj7cqayVTp3FF9CWbm
69,spotify:track:5UFbfXuj4TjirzmcvTFBBy
70,spotify:track:6VJtTvxAxZMqS8PyA0pxCP
71,spotify:track:6GomT970rCOkKAyyrwJeZi
72,spotify:track:7jQcjzl8yPQsmxpO5orx4Y
73,spotify:track:3AVXwaOGCEL8cmBecfcsFJ
74,spotify:track:5vUnjhBzRJJIAOJPde6zDx
75,spotify:track:0nCgsAki7e7I243CUblGxU
76,spotify:track:05Mp2UJulSttxQ4E6hQPH3
77,spotify:track:0VjIjW4GlUZAMYd2vXMi3b
78,spotify:track:2FQRZLR31e3423Nmrgv0Pv
79,spotify:track:2gpWyfu7eZ01zzncHpxOtA
80,spotify:track:2vQ5HpRpn8S2qlrZbLsaFr
81,spotify:track:6eOGjyegLDZqCvCZ3divgp
82,spotify:track:7BDHDiidJ8WV349p3HTxTV
83,spotify:track:503OTo2dSqe7qk76rgsbep
84,spotify:track:1ID9Iour6yMUsUccV9JxyS
85,spotify:track:1DIXPcTDzTj8ZMHt3PDt8p
86,spotify:track:0BbYTaDH81up32xTKIGjbS
87,spotify:track:6Q2cC3r8j2hasFAf1g00d3
88,spotify:track:7s3VxmIizcDgDTRCA4kDzd
89,spotify:track:5r43qanLhUCdBj8HN3fa6B
90,spotify:track:6I3mqTwhRpn34SLVafSH7G
91,spotify:track:4kLLWz7srcuLKA7Et40PQR
92,spotify:track:3Wrjm47oTz2sjIgck11l5e
93,spotify:track:7l4SCt0ebVQnbQNEXyH7F7
94,spotify:track:1SC5rEoYDGUK4NfG82494W
95,spotify:track:1v7L65Lzy0j0vdpRjJewt1
96,spotify:track:0GoDjVEkqdXIYrGANjTNOW
97,spotify:track:27XMmSWSOXJ7eVb40tH93T
98,spotify:track:0lQ2obtzmAsJu9xk3D6FqH
99,spotify:track:4xkOaSrkexMciUUogZKVTS
100,spotify:track:3CQhud304mI5VmW6EjoTDg
101,spotify:track:2eAvDnpXP5W0cVtiI0PUxV
102,spotify:track:6OufwUcCqo81guU2jAlDVP
103,spotify:track:3XOalgusokruzA5ZBA2Qcb
104,spotify:track:6K0zn6YFD9HxmriRCKLZZn
105,spotify:track:5Pp64isQvPVgptiOdS9Kcn
106,spotify:track:2L6hCTpUlR2p7Su3hiSB0s
107,spotify:track:5QO79kh1waicV47BqGRL3g
108,spotify:track:3o9kpgkIcffx0iSwxhuNI2
109,spotify:track:531KGXtBroSrOX9LVmiIgc
110,spotify:track:0IuVhCflrQPMGRrOyoY5RW
111,spotify:track:4VINQO7QzZt4F45RWfz6aK
112,spotify:track:5iFQfP3AqVnHHS89LKQisL
113,spotify:track:6f3Slt0GbA2bPZlz0aIFXN
114,spotify:track:3iw6V4LH7yPj1ESORX9RIN
115,spotify:track:4UOXo3xWnxYdTf3sFyRaUG
116,spotify:track:0XUIMyoe2Y9BIVLAFmFxdy
117,spotify:track:2tpWsVSb9UEmDRxAl1zhX1
118,spotify:track:75UUG6x5zQe0gCVOiQpa6X
119,spotify:track:3i6sCTU7ENlnHpHvrHUitW
120,spotify:track:6hw1Sy9wZ8UCxYGdpKrU6M
121,spotify:track:5ZRBKoqwnYnH2QfVlf4bWH
122,spotify:track:67iP0tSPgIld3OqlzF9pec
123,spotify:track:0r1kH7SIkkPP9W7mUknObF
124,spotify:track:003vvx7Niy0yvhvHt4a68B
125,spotify:track:4pt5fDVTg5GhEvEtlz9dKk
126,spotify:track:3PtuYF4T12cJZFkXrV0pRX
127,spotify:track:6Dy1jexKYriXAVG6evyUTJ
128,spotify:track:7mFj0LlWtEJaEigguaWqYh
129,spotify:track:6EtKlIQmGPB9SX8UjDJG5s
130,spotify:track:4FXX4P3dxc1JMBx5wVRJ5N
131,spotify:track:2a1o6ZejUi8U3wzzOtCOYw
132,spotify:track:3v7VY6zmrXu2hzqmeCOd1Q
133,spotify:track:2KnLkZ3z7PO3kgVGHGqDpD
134,spotify:track:7iL6o9tox1zgHpKUfh9vuC
135,spotify:track:5nujrmhLynf4yMoMtj8AQF
136,spotify:track:3cHyrEgdyYRjgJKSOiOtcS
137,spotify:track:79nEEoEPY2w8EXj9hjn5oc
138,spotify:track:5FsV0biZgb8tmQtau5LxKz
139,spotify:track:5wANPM4fQCJwkGd4rN57mH
140,spotify:track:0Xh6R6XLoTDRBYriQRgkHj
141,spotify:track:4XvcHTUfIlWfyJTRG0aqlo
142,spotify:track:0aHVSPzc2fjN8iWXNCZhrg
143,spotify:track:50mQStZYV5QFgyGK9GOVZg
144,spotify:track:4SqWKzw0CbA05TGszDgMlc
145,spotify:track:1oIzxvT61wXOtHjcL4Sybm
146,spotify:track:5Z7J2Au61uO7K1ZPNG1eTv
147,spotify:track:01I8aPBUJIMzCtHsCVvmq5
148,spotify:track:4jPy3l0RUwlUI9T5XHBW2m
149,spotify:track:1H2rGO5zzjRTfFIgD7wNRj
150,spotify:track:0nrRP2bk19rLc0orkWPQk2
151,spotify:track:0b18g3G5spr4ZCkz7Y6Q0Q
152,spotify:track:1XGmzt0PVuFgQYYnV2It7A
153,spotify:track:4bnutybG1itDcpyoQo2Uoc
154,spotify:track:3UmaczJpikHgJFyBTAJVoz
155,spotify:track:2nw6FR19g1SQIvKg26flXr
156,spotify:track:1F80MEkZA9yTlpMQp9dhht
157,spotify:track:5JBtWpLoGO62gb5vax505b
158,spotify:track:0ct6r3EGTcMLPtrXHDvVjc
159,spotify:track:2qpZjutAe3pstQsjwSXQb4
160,spotify:track:2t16D9V5FmmRAJjsSpwvZf
161,spotify:track:6cx06DFPPHchuUAcTxznu9
162,spotify:track:02b5L9jExmkRTdUTqXFzmR
163,spotify:track:7FCHDXa579YivyHrsxixRp
164,spotify:track:5TWILNgPPsX8Vweesc88zH
165,spotify:track:285pBltuF7vW8TeWk8hdRR
166,spotify:track:0iVkWge9ytV4Scgy2hQ2za
167,spotify:track:4btFHqumCO31GksfuBLLv3
168,spotify:track:2WL6GQzPuK9Nrpy9XwNEbz
169,spotify:track:6KL88T4Ma4ABXqzgUoEwkd
170,spotify:track:7DFNE7NO0raLIUbgzY2rzm
171,spotify:track:0gucTLf7trAf37Ua1uAyAu
172,spotify:track:30bqVoKjX479ab90a8Pafp
173,spotify:track:2CEgGE6aESpnmtfiZwYlbV
174,spotify:track:0fGpq9oAZNnEvkqvhnjz7K
175,spotify:track:0XnJQn8RpMHeoaBOY5zR31
176,spotify:track:2z12ajrQWhMwEtLgZGZSzQ
177,spotify:track:79lc69ZXfL4WmJIzVSDmWT
178,spotify:track:2J2Z1SkXYghSajLibnQHOa
179,spotify:track:2vXKRlJBXyOcvZYTdNeckS
180,spotify:track:2Xr1dTzJee307rmrkt8c0g
181,spotify:track:25V3y1lVPuZ09ZcmliMAmQ
182,spotify:track:5CqkgDH8QZjSqqI3HmYxDD
183,spotify:track:5A5bLKdL5I3k3FTEQlAUw7
184,spotify:track:4bHsxqR3GMrXTxEPLuK5ue
185,spotify:track:3Iba59sFmGhQ4kbCY5L8AX
186,spotify:track:60a0Rd6pjrkxjPbaKzXjfq
187,spotify:track:0sTlGEld0h8kIPZaKDYUf4
188,spotify:track:2OqOrMmLZQxe9l1t7IQ00s
189,spotify:track:5pmL3RzOy3IvGFaSDi4hZL
190,spotify:track:2Lg1njXKvhgv72U9QkrwXi
191,spotify:track:0JNPCThIHsG8zphORbTR16
192,spotify:track:3g62kHCCbNwhEKYywx5Xwz
193,spotify:track:5gflgO9EPbIBf16n5TKnQS
194,spotify:track:5gRXyFtArVXYk8OOSWIXBO
195,spotify:track:5F3sqL2deoeV2kr8Vn9H4V
196,spotify:track:7FIWs0pqAYbP91WWM0vlTQ
197,spotify:track:6di0ubrcWF1vkf441tnRLh
198,spotify:track:52xJxFP6TqMuO4Yt0eOkMz
199,spotify:track:6ChnGkBwnq2HUJD24YhMhW
