,uri
0,spotify:track:02MWAaffLxlfxAUY7c5dvx
1,spotify:track:5PjdY0CKGZdEuoNab3yDmX
2,spotify:track:7rglLriMNBPAyuJOMGwi39
3,spotify:track:3uUuGVFu1V7jTQL60S1r8z
4,spotify:track:4fouWK6XVHhzl78KzQ1UjL
5,spotify:track:5Z9KJZvQzH6PFmb8SNkxuk
6,spotify:track:50nfwKoDiSYg8zOCREWAm5
7,spotify:track:0e8nrvls4Qqv5Rfa2UhqmO
8,spotify:track:3rmo8F54jFF8OgYsqTxm5d
9,spotify:track:6I3mqTwhRpn34SLVafSH7G
10,spotify:track:3Oww84xrmgjyr5J1ilOmAf
11,spotify:track:52xJxFP6TqMuO4Yt0eOkMz
12,spotify:track:59CfNbkERJ3NoTXDvoURjj
13,spotify:track:46IZ0fSY2mpAiktS3KOqds
14,spotify:track:1HhNoOuqm1a5MXYEgAFl8o
15,spotify:track:6LtHYDgYHRCHoKK3snfr2w
16,spotify:track:20on25jryn53hWghthWWW3
17,spotify:track:4ZtFanR9U6ndgddUvNcjcG
18,spotify:track:62Yo3FDddWY8ydu6PW2wyz
19,spotify:track:58HvfVOeJY7lUuCqF0m3ly
20,spotify:track:3GZD6HmiNUhxXYf8Gch723
21,spotify:track:3DarAbFujv6eYNliUTyqtz
22,spotify:track:6Uj1ctrBOjOas8xZXGqKk4
23,spotify:track:3vySEUpD0tc801F2WZDLYw
24,spotify:track:0QBzMgT7NIeoCYy3sJCof1
25,spotify:track:18asYwWugKjjsihZ0YvRxO
26,spotify:track:3o9kpgkIcffx0iSwxhuNI2
27,spotify:track:0IuVhCflrQPMGRrOyoY5RW
28,spotify:track:3yMC1KsTwh0ceXdIe4QQAQ
29,spotify:track:5vUnjhBzRJJIAOJPde6zDx
30,spotify:track:5A5bLKdL5I3k3FTEQlAUw7
31,spotify:track:3XOalgusokruzA5ZBA2Qcb
32,spotify:track:003vvx7Niy0yvhvHt4a68B
33,spotify:track:3AVXwaOGCEL8cmBecfcsFJ
34,spotify:track:531KGXtBroSrOX9LVmiIgc
35,spotify:track:00Blm7zeNqgYLPtW6zg8cj
36,spotify:track:5rW7qTn83sCKtqBoneJs63
37,spotify:track:6f5ExP43esnvdKPddwKXJH
38,spotify:track:1ZdhOMWyFR8Iv9eylMGYg2
39,spotify:track:4wqzOaLxiCRy2Et8tRyNSX
40,spotify:track:5nujrmhLynf4yMoMtj8AQF
41,spotify:track:1SOClUWhOi8vHZYMz3GluK
42,spotify:track:6K5ph5mq1qprHae3TrgTj5
43,spotify:track:424Uwmm1kNW07Ty1nOhSpl
44,spotify:track:0qOvlEzD7xU35GLFT8DF1t
45,spotify:track:46HNZY1i7O6jwTA7Slo2PI
46,spotify:track:0VjIjW4GlUZAMYd2vXMi3b
47,spotify:track:5YqdiryRmdAzYFlxo43hAJ
48,spotify:track:7lQ8MOhq6IN2w8EYcFNSUk
49,spotify:track:76YSWx6L6FNsuaP6GWBb8P
50,spotify:track:2WL6GQzPuK9Nrpy9XwNEbz
51,spotify:track:0ofHAoxe9vBkTCp2UQIavz
52,spotify:track:3Vi5XqYrmQgOYBajMWSvCi
53,spotify:track:3Kkjo3cT83cw09VJyrLNwX
54,spotify:track:5wANPM4fQCJwkGd4rN57mH
55,spotify:track:68Dni7IE4VyPkTOH9mRWHr
56,spotify:track:1SC5rEoYDGUK4NfG82494W
57,spotify:track:7yq4Qj7cqayVTp3FF9CWbm
58,spotify:track:2ouFrmMwYik8nQX2n9SeZu
59,spotify:track:503OTo2dSqe7qk76rgsbep
60,spotify:track:5CZ40GBx1sQ9agT82CLQCT
61,spotify:track:2QjOHCTQ1Jl3zawyYOpxh6
62,spotify:track:4XvcHTUfIlWfyJTRG0aqlo
63,spotify:track:7qEHsqek33rTcFNT9PFqLf
64,spotify:track:7JIIY2oDPFkURYMCLJuzhe
65,spotify:track:37BZB0z9T8Xu7U3e65qxFy
66,spotify:track:4SqWKzw0CbA05TGszDgMlc
67,spotify:track:3yfqSUWxFvZELEM4PmlwIR
68,spotify:track:2eAvDnpXP5W0cVtiI0PUxV
69,spotify:track:0RiRZpuVRbi7oqRdSMwhQY
70,spotify:track:1v7L65Lzy0j0vdpRjJewt1
71,spotify:track:2gbRKKSyW7e7vAkyvrJkte
72,spotify:track:6EtKlIQmGPB9SX8UjDJG5s
73,spotify:track:4b1yxSdlumA8N4fEk4UOZp
74,spotify:track:6UelLqGlWMcVH1E5c4H7lY
75,spotify:track:5uCax9HTNlzGybIStD3vDh
76,spotify:track:3FMedgGsLUNwx8NciePFEK
77,spotify:track:2K7xn816oNHJZ0aVqdQsha
78,spotify:track:4jPy3l0RUwlUI9T5XHBW2m
79,spotify:track:0uI7yAKUf52Cn7y3sYyjiX
80,spotify:track:2gpWyfu7eZ01zzncHpxOtA
81,spotify:track:39ZVkOVxjG8ypNdUSVNkxU
82,spotify:track:4RVwu0g32PAqgUiJoXsdF8
83,spotify:track:3Wrjm47oTz2sjIgck11l5e
84,spotify:track:3PfIrDoz19wz7qK7tYeu62
85,spotify:track:5dXWFMwD7I7zXsInONVl0H
86,spotify:track:6cx06DFPPHchuUAcTxznu9
87,spotify:track:7iL6o9tox1zgHpKUfh9vuC
88,spotify:track:6FE2iI43OZnszFLuLtvvmg
89,spotify:track:0sTlGEld0h8kIPZaKDYUf4
90,spotify:track:4Li2WHPkuyCdtmokzW2007
91,spotify:track:7jtQIBanIiJOMS6RyCx6jZ
92,spotify:track:4cG7HUWYHBV6R6tHn1gxrl
93,spotify:track:5th1bFGGaXLM7wDBJpcF06
94,spotify:track:1nH2PkJL1XoUq8oE6tBZoU
95,spotify:track:2BcMwX1MPV6ZHP4tUT9uq6
96,spotify:track:6HU7h9RYOaPRFeh0R3UeAr
97,spotify:track:07MDkzWARZaLEdKxo6yArG
98,spotify:track:3E7dfMvvCLUddWissuqMwr
99,spotify:track:37y7iDayfwm3WXn5BiAoRk
100,spotify:track:5TXDeTFVRVY7Cvt0Dw4vWW
101,spotify:track:3eJH2nAjvNXdmPfBkALiPZ
102,spotify:track:7KwZNVEaqikRSBSpyhXK2j
103,spotify:track:4xkOaSrkexMciUUogZKVTS
104,spotify:track:5qrSlOut2rNAWv3ubArkNy
105,spotify:track:0siYMEsGrzzzlWLXK5zJfS
106,spotify:track:1VLtjHwRWOVJiE5Py7JxoQ
107,spotify:track:2gam98EZKrF9XuOkU13ApN
108,spotify:track:0frIZMaQwtdV4Ee8nhB1te
109,spotify:track:4tFwRLlaNsozRmWXWqohT5
110,spotify:track:6f3Slt0GbA2bPZlz0aIFXN
111,spotify:track:18vXApRmJSgQ6wG2ll9AOg
112,spotify:track:45bE4HXI0AwGZXfZtMp8JR
113,spotify:track:0ntQJM78wzOLVeCUAW7Y45
114,spotify:track:27OeeYzk6klgBh83TSvGMA
115,spotify:track:3t4KHjd8uQpJJ2fa0fRIpR
116,spotify:track:21jGcNKet2qwijlDFuPiPb
117,spotify:track:51pshtuYkgUQnt5huMPbKL
118,spotify:track:5QO79kh1waicV47BqGRL3g
119,spotify:track:2N8m6CYs74qQO4mjVcXO30
120,spotify:track:4iJyoBOLtHqaGxP12qzhQI
121,spotify:track:5WtfUKzXircvW8l5aaVZWT
122,spotify:track:2VxeLyX666F8uXCJ0dZF8B
123,spotify:track:2gMXnyrvIjhVBUZwvLZDMP
124,spotify:track:0gucTLf7trAf37Ua1uAyAu
125,spotify:track:6Dy1jexKYriXAVG6evyUTJ
126,spotify:track:7FIWs0pqAYbP91WWM0vlTQ
127,spotify:track:4huBDGP4I3S0pYI0EaRN1c
128,spotify:track:0Z2J91b2iTGLVTZC4fKgxf
129,spotify:track:3UmaczJpikHgJFyBTAJVoz
130,spotify:track:4kTLpAbhuEGHAAdDjOIWaa
131,spotify:track:2pxxVkNhrRST8fpgA12ru8
132,spotify:track:4bHsxqR3GMrXTxEPLuK5ue
133,spotify:track:2iUXsYOEPhVqEBwsqP70rE
134,spotify:track:2tpWsVSb9UEmDRxAl1zhX1
135,spotify:track:2t16D9V5FmmRAJjsSpwvZf
136,spotify:track:4HlFJV71xXKIGcU3kRyttv
137,spotify:track:3AJwUDP919kvQ9QcozQPxg
138,spotify:track:1zi7xx7UVEFkmKfv06H8x0
139,spotify:track:22skzmqfdWrjJylampe0kt
140,spotify:track:2BOqDYLOJBiMOXShCV1neZ
141,spotify:track:0u2P5u6lvoDfwTYjAADbn4
142,spotify:track:285pBltuF7vW8TeWk8hdRR
143,spotify:track:0W6I02J9xcqK8MtSeosEXb
144,spotify:track:58ge6dfP91o9oXMzq3XkIS
145,spotify:track:6potEImiklXkwD9qFzpu15
146,spotify:track:1Y5Jvi3eLi4Chwqch9GMem
147,spotify:track:4kbj5MwxO1bq9wjT5g9HaA
148,spotify:track:2vXKRlJBXyOcvZYTdNeckS
149,spotify:track:6Qyc6fS4DsZjB2mRW9DsQs
150,spotify:track:2wJ1eOCIBwoQiN7xQtrTAY
151,spotify:track:0nrRP2bk19rLc0orkWPQk2
152,spotify:track:3XoYqtiWHhsk59frZupImG
153,spotify:track:7DFNE7NO0raLIUbgzY2rzm
154,spotify:track:3dYD57lRAUcMHufyqn9GcI
155,spotify:track:3U4isOIWM3VvDubwSI3y7a
156,spotify:track:1DIXPcTDzTj8ZMHt3PDt8p
157,spotify:track:6E90gq0KO6FYZVOXx8kCcC
158,spotify:track:0k4d5YPDr1r7FX77VdqWez
159,spotify:track:286TLtk120rnrmVeQClDTc
160,spotify:track:5UWwZ5lm5PKu6eKsHAGxOk
161,spotify:track:4qu63nuBpdn0qHUHuObEj1
162,spotify:track:5enxwA8aAbwZbf5qCHORXi
163,spotify:track:6N1EjQjnvhOjFrF6oUmGPa
164,spotify:track:6N22FZs2ZhPBYi3b9XPajV
165,spotify:track:07GvNcU1WdyZJq3XxP0kZa
166,spotify:track:374EllG6WyKdKvklfanNZT
167,spotify:track:5qqabIl2vWzo9ApSC317sa
168,spotify:track:3nOz1U41SZZ0N3fuUWr9nb
169,spotify:track:0W7brFokN6QtGRNp32RCQP
170,spotify:track:0I3q5fE6wg7LIfHGngUTnV
171,spotify:track:0pqnGHJpmpxLKifKRmU6WP
172,spotify:track:5rb9QrpfcKFHM1EUbSIurX
173,spotify:track:0tgVpDi06FyKpA1z0VMD4v
174,spotify:track:40iJIUlhi6renaREYGeIDS
175,spotify:track:4nlvKIIetOWGIMyhjQXgOZ
176,spotify:track:58UKC45GPNTflCN6nwCUeF
177,spotify:track:7qiZfU4dY1lWllzX7mPBI3
178,spotify:track:7m9OqQk4RVRkw9JJdeAw96
179,spotify:track:0wXuerDYiBnERgIpbb3JBR
180,spotify:track:79s5XnCN4TJKTVMSmOx8Ep
181,spotify:track:0cqRj7pUJDkTCEsJkx8snD
182,spotify:track:4LwU4Vp6od3Sb08CsP99GC
183,spotify:track:4btFHqumCO31GksfuBLLv3
184,spotify:track:6gPPoRYJwCsoB2VVdPJfmo
185,spotify:track:7BKLCZ1jbUBVqRi2FVlTVw
186,spotify:track:7aZiDdufBX2Ek8OUuxK0IQ
187,spotify:track:1qDrWA6lyx8cLECdZE7TV7
188,spotify:track:2gQPv5jvVPqU2a9HhMNO1v
189,spotify:track:6Amt2E3nanH9lhZnas9oOs
190,spotify:track:2PpruBYCo4H7WOBJ7Q2EwM
191,spotify:track:7BqBn9nzAq8spo5e7cZ0dJ
192,spotify:track:3YJJjQPAbDT7mGpX3WtQ9A
193,spotify:track:7hxHWCCAIIxFLCzvDgnQHX
194,spotify:track:6Zu3aw7FfjAF9WA0fA81Oq
195,spotify:track:3yrSvpt2l1xhsV9Em88Pul
196,spotify:track:3sNVsP50132BTNlImLx70i
197,spotify:track:1u8c2t2Cy7UBoG4ArRcF5g
198,spotify:track:2hKdd3qO7cWr2Jo0Bcs0MA
199,spotify:track:7w87IxuO7BDcJ3YUqCyMTT
