,uri
0,spotify:track:5PjdY0CKGZdEuoNab3yDmX
1,spotify:track:02MWAaffLxlfxAUY7c5dvx
2,spotify:track:7rglLriMNBPAyuJOMGwi39
3,spotify:track:4fouWK6XVHhzl78KzQ1UjL
4,spotify:track:52xJxFP6TqMuO4Yt0eOkMz
5,spotify:track:50nfwKoDiSYg8zOCREWAm5
6,spotify:track:5Z9KJZvQzH6PFmb8SNkxuk
7,spotify:track:3uUuGVFu1V7jTQL60S1r8z
8,spotify:track:3Oww84xrmgjyr5J1ilOmAf
9,spotify:track:46IZ0fSY2mpAiktS3KOqds
10,spotify:track:0e8nrvls4Qqv5Rfa2UhqmO
11,spotify:track:3rmo8F54jFF8OgYsqTxm5d
12,spotify:track:20on25jryn53hWghthWWW3
13,spotify:track:6I3mqTwhRpn34SLVafSH7G
14,spotify:track:4ZtFanR9U6ndgddUvNcjcG
15,spotify:track:3XOalgusokruzA5ZBA2Qcb
16,spotify:track:3yMC1KsTwh0ceXdIe4QQAQ
17,spotify:track:1HhNoOuqm1a5MXYEgAFl8o
18,spotify:track:3DarAbFujv6eYNliUTyqtz
19,spotify:track:3AVXwaOGCEL8cmBecfcsFJ
20,spotify:track:424Uwmm1kNW07Ty1nOhSpl
21,spotify:track:6K5ph5mq1qprHae3TrgTj5
22,spotify:track:1bjhYUwKUHEg5fHknxFObO
23,spotify:track:5rW7qTn83sCKtqBoneJs63
24,spotify:track:18asYwWugKjjsihZ0YvRxO
25,spotify:track:6Uj1ctrBOjOas8xZXGqKk4
26,spotify:track:00Blm7zeNqgYLPtW6zg8cj
27,spotify:track:6f5ExP43esnvdKPddwKXJH
28,spotify:track:0IuVhCflrQPMGRrOyoY5RW
29,spotify:track:5vUnjhBzRJJIAOJPde6zDx
30,spotify:track:42Xba467wgGvYrR2EE6s0i
31,spotify:track:0qOvlEzD7xU35GLFT8DF1t
32,spotify:track:3Kkjo3cT83cw09VJyrLNwX
33,spotify:track:5dXWFMwD7I7zXsInONVl0H
34,spotify:track:5YqdiryRmdAzYFlxo43hAJ
35,spotify:track:003vvx7Niy0yvhvHt4a68B
36,spotify:track:1nH2PkJL1XoUq8oE6tBZoU
37,spotify:track:2ouFrmMwYik8nQX2n9SeZu
38,spotify:track:46HNZY1i7O6jwTA7Slo2PI
39,spotify:track:5nujrmhLynf4yMoMtj8AQF
40,spotify:track:3Vi5XqYrmQgOYBajMWSvCi
41,spotify:track:0ofHAoxe9vBkTCp2UQIavz
42,spotify:track:1SC5rEoYDGUK4NfG82494W
43,spotify:track:4wqzOaLxiCRy2Et8tRyNSX
44,spotify:track:3Wrjm47oTz2sjIgck11l5e
45,spotify:track:07MDkzWARZaLEdKxo6yArG
46,spotify:track:5wANPM4fQCJwkGd4rN57mH
47,spotify:track:4b1yxSdlumA8N4fEk4UOZp
48,spotify:track:2gpWyfu7eZ01zzncHpxOtA
49,spotify:track:0VjIjW4GlUZAMYd2vXMi3b
50,spotify:track:3o9kpgkIcffx0iSwxhuNI2
51,spotify:track:4RVwu0g32PAqgUiJoXsdF8
52,spotify:track:3nOz1U41SZZ0N3fuUWr9nb
53,spotify:track:1SOClUWhOi8vHZYMz3GluK
54,spotify:track:5CZ40GBx1sQ9agT82CLQCT
55,spotify:track:4XvcHTUfIlWfyJTRG0aqlo
56,spotify:track:3t4KHjd8uQpJJ2fa0fRIpR
57,spotify:track:7qEHsqek33rTcFNT9PFqLf
58,spotify:track:0RiRZpuVRbi7oqRdSMwhQY
59,spotify:track:68Dni7IE4VyPkTOH9mRWHr
60,spotify:track:10hMM5nsZQf66ldBlgWBfG
61,spotify:track:7yq4Qj7cqayVTp3FF9CWbm
62,spotify:track:3XoYqtiWHhsk59frZupImG
63,spotify:track:4SqWKzw0CbA05TGszDgMlc
64,spotify:track:6UelLqGlWMcVH1E5c4H7lY
65,spotify:track:4cqj8FIWkyR5A2XBtcqRMU
66,spotify:track:3eJH2nAjvNXdmPfBkALiPZ
67,spotify:track:5th1bFGGaXLM7wDBJpcF06
68,spotify:track:37BZB0z9T8Xu7U3e65qxFy
69,spotify:track:4jPy3l0RUwlUI9T5XHBW2m
70,spotify:track:2QjOHCTQ1Jl3zawyYOpxh6
71,spotify:track:4qu63nuBpdn0qHUHuObEj1
72,spotify:track:6cx06DFPPHchuUAcTxznu9
73,spotify:track:79nEEoEPY2w8EXj9hjn5oc
74,spotify:track:7lQ8MOhq6IN2w8EYcFNSUk
75,spotify:track:4nlvKIIetOWGIMyhjQXgOZ
76,spotify:track:0siYMEsGrzzzlWLXK5zJfS
77,spotify:track:4tFwRLlaNsozRmWXWqohT5
78,spotify:track:4cG7HUWYHBV6R6tHn1gxrl
79,spotify:track:6Dy1jexKYriXAVG6evyUTJ
80,spotify:track:5uCax9HTNlzGybIStD3vDh
81,spotify:track:6HU7h9RYOaPRFeh0R3UeAr
82,spotify:track:2K7xn816oNHJZ0aVqdQsha
83,spotify:track:6FE2iI43OZnszFLuLtvvmg
84,spotify:track:27OeeYzk6klgBh83TSvGMA
85,spotify:track:2gQPv5jvVPqU2a9HhMNO1v
86,spotify:track:6EtKlIQmGPB9SX8UjDJG5s
87,spotify:track:5A8f466QhliXjJxJ7h6LFB
88,spotify:track:6f3Slt0GbA2bPZlz0aIFXN
89,spotify:track:3PfIrDoz19wz7qK7tYeu62
90,spotify:track:3yfqSUWxFvZELEM4PmlwIR
91,spotify:track:0frIZMaQwtdV4Ee8nhB1te
92,spotify:track:2wJ1eOCIBwoQiN7xQtrTAY
93,spotify:track:4iJyoBOLtHqaGxP12qzhQI
94,spotify:track:3Iba59sFmGhQ4kbCY5L8AX
95,spotify:track:1sx0XsWUusUoPstbvokZjP
96,spotify:track:2bBClS4zzrRd4Aj59NaKSv
97,spotify:track:0sTlGEld0h8kIPZaKDYUf4
98,spotify:track:18vXApRmJSgQ6wG2ll9AOg
99,spotify:track:45bE4HXI0AwGZXfZtMp8JR
100,spotify:track:7sMBvZCSUl99bJLXZaLa0b
101,spotify:track:3E7dfMvvCLUddWissuqMwr
102,spotify:track:2AAyBZmMVZSZfgzXRYJOWQ
103,spotify:track:2pxxVkNhrRST8fpgA12ru8
104,spotify:track:0W6I02J9xcqK8MtSeosEXb
105,spotify:track:5enxwA8aAbwZbf5qCHORXi
106,spotify:track:2BcMwX1MPV6ZHP4tUT9uq6
107,spotify:track:2N8m6CYs74qQO4mjVcXO30
108,spotify:track:1PNs0uGru3TcrA94kpyGnc
109,spotify:track:1VLtjHwRWOVJiE5Py7JxoQ
110,spotify:track:2VxeLyX666F8uXCJ0dZF8B
111,spotify:track:2Xr1dTzJee307rmrkt8c0g
112,spotify:track:51pshtuYkgUQnt5huMPbKL
113,spotify:track:2eAvDnpXP5W0cVtiI0PUxV
114,spotify:track:5WtfUKzXircvW8l5aaVZWT
115,spotify:track:21jGcNKet2qwijlDFuPiPb
116,spotify:track:3zpGLSQ8QbbUnNjweWPLMD
117,spotify:track:5qrSlOut2rNAWv3ubArkNy
118,spotify:track:37y7iDayfwm3WXn5BiAoRk
119,spotify:track:0k4d5YPDr1r7FX77VdqWez
120,spotify:track:2gMXnyrvIjhVBUZwvLZDMP
121,spotify:track:58UKC45GPNTflCN6nwCUeF
122,spotify:track:4btFHqumCO31GksfuBLLv3
123,spotify:track:0uI7yAKUf52Cn7y3sYyjiX
124,spotify:track:2gam98EZKrF9XuOkU13ApN
125,spotify:track:4E2rXUbcF1zhZVzNzeVPGV
126,spotify:track:3oRW9ZGPRbLRMneQ5lwflt
127,spotify:track:2vXKRlJBXyOcvZYTdNeckS
128,spotify:track:4bHsxqR3GMrXTxEPLuK5ue
129,spotify:track:2iUXsYOEPhVqEBwsqP70rE
130,spotify:track:286TLtk120rnrmVeQClDTc
131,spotify:track:07GvNcU1WdyZJq3XxP0kZa
132,spotify:track:7KwZNVEaqikRSBSpyhXK2j
133,spotify:track:3YJJjQPAbDT7mGpX3WtQ9A
134,spotify:track:32BeYxKPrig1LefHsC0Xuo
135,spotify:track:2BzAGK3lEZAQz5cU0Ae1wd
136,spotify:track:4HlFJV71xXKIGcU3kRyttv
137,spotify:track:4kbj5MwxO1bq9wjT5g9HaA
138,spotify:track:3M0lSi5WW79CXQamgSBIjx
139,spotify:track:2tpWsVSb9UEmDRxAl1zhX1
140,spotify:track:3xRH6FPVtheDyNla3T1FE7
141,spotify:track:4kTLpAbhuEGHAAdDjOIWaa
142,spotify:track:2BOqDYLOJBiMOXShCV1neZ
143,spotify:track:3a94TbZOxhkI9xuNwYL53b
144,spotify:track:0ntQJM78wzOLVeCUAW7Y45
145,spotify:track:6N1EjQjnvhOjFrF6oUmGPa
146,spotify:track:4xkOaSrkexMciUUogZKVTS
147,spotify:track:3U4isOIWM3VvDubwSI3y7a
148,spotify:track:285pBltuF7vW8TeWk8hdRR
149,spotify:track:6E90gq0KO6FYZVOXx8kCcC
150,spotify:track:1GjbTNFImFrjFsNdleDe78
151,spotify:track:0gucTLf7trAf37Ua1uAyAu
152,spotify:track:22skzmqfdWrjJylampe0kt
153,spotify:track:5QO79kh1waicV47BqGRL3g
154,spotify:track:0nrRP2bk19rLc0orkWPQk2
155,spotify:track:1is8gU4RVcN4J8xItxWoOY
156,spotify:track:6K4t31amVTZDgR3sKmwUJJ
157,spotify:track:40iJIUlhi6renaREYGeIDS
158,spotify:track:5qqabIl2vWzo9ApSC317sa
159,spotify:track:0u2P5u6lvoDfwTYjAADbn4
160,spotify:track:1zi7xx7UVEFkmKfv06H8x0
161,spotify:track:2zBDKzqa6sdxeI0fC6OWIC
162,spotify:track:4Li2WHPkuyCdtmokzW2007
163,spotify:track:6Amt2E3nanH9lhZnas9oOs
164,spotify:track:7hxHWCCAIIxFLCzvDgnQHX
165,spotify:track:1v7L65Lzy0j0vdpRjJewt1
166,spotify:track:6Qyc6fS4DsZjB2mRW9DsQs
167,spotify:track:6gPPoRYJwCsoB2VVdPJfmo
168,spotify:track:7DFNE7NO0raLIUbgzY2rzm
169,spotify:track:3DZ8dbKg4OTSSqGARvecYd
170,spotify:track:3yrSvpt2l1xhsV9Em88Pul
171,spotify:track:0cqRj7pUJDkTCEsJkx8snD
172,spotify:track:3AJwUDP919kvQ9QcozQPxg
173,spotify:track:7BKLCZ1jbUBVqRi2FVlTVw
174,spotify:track:3dYD57lRAUcMHufyqn9GcI
175,spotify:track:1RXSH93AvEfs2ck4nfTSRm
176,spotify:track:7aZiDdufBX2Ek8OUuxK0IQ
177,spotify:track:0tgVpDi06FyKpA1z0VMD4v
178,spotify:track:7FIWs0pqAYbP91WWM0vlTQ
179,spotify:track:0pqnGHJpmpxLKifKRmU6WP
180,spotify:track:2BgEsaKNfHUdlh97KmvFyo
181,spotify:track:6oSmp7qnvAxUXeUKhl67a6
182,spotify:track:4cktbXiXOapiLBMprHFErI
183,spotify:track:1u8c2t2Cy7UBoG4ArRcF5g
184,spotify:track:2KnLkZ3z7PO3kgVGHGqDpD
185,spotify:track:0UKUfxIkDAMZz7hMdiVX3m
186,spotify:track:11iIikXxC6NP0Ma8vMD27x
187,spotify:track:6potEImiklXkwD9qFzpu15
188,spotify:track:79s5XnCN4TJKTVMSmOx8Ep
189,spotify:track:6N22FZs2ZhPBYi3b9XPajV
190,spotify:track:1Slwb6dOYkBlWal1PGtnNg
191,spotify:track:0wXuerDYiBnERgIpbb3JBR
192,spotify:track:1LPSkqVhWVRUkKE03YUkpB
193,spotify:track:1tkg4EHVoqnhR6iFEXb60y
194,spotify:track:3ZBeHiRJUj1vdiU8zzGPgb
195,spotify:track:49KTdYsWNtkvOslTpgZuM1
196,spotify:track:0zLCBJZSiELJf02ucPP9wb
197,spotify:track:3d9DChrdc6BOeFsbrZ3Is0
198,spotify:track:5rb9QrpfcKFHM1EUbSIurX
199,spotify:track:2PpruBYCo4H7WOBJ7Q2EwM
