,uri
0,spotify:track:6lgIi3ixBsr4cMt3r19yX9
1,spotify:track:4fouWK6XVHhzl78KzQ1UjL
2,spotify:track:02MWAaffLxlfxAUY7c5dvx
3,spotify:track:7bp3zmEvpHLa0h32nhDUkB
4,spotify:track:2USlegnFJLrVLpoVfPimKB
5,spotify:track:3uUuGVFu1V7jTQL60S1r8z
6,spotify:track:1YR7VB3xx85Iad2n3soyMb
7,spotify:track:1HhNoOuqm1a5MXYEgAFl8o
8,spotify:track:2B4GHvToeLTOBB4QLzW3Ni
9,spotify:track:50nfwKoDiSYg8zOCREWAm5
10,spotify:track:20on25jryn53hWghthWWW3
11,spotify:track:18asYwWugKjjsihZ0YvRxO
12,spotify:track:46IZ0fSY2mpAiktS3KOqds
13,spotify:track:5PjdY0CKGZdEuoNab3yDmX
14,spotify:track:7rglLriMNBPAyuJOMGwi39
15,spotify:track:1SOClUWhOi8vHZYMz3GluK
16,spotify:track:63JrADDfrcjOaI6lyVkN3c
17,spotify:track:0e8nrvls4Qqv5Rfa2UhqmO
18,spotify:track:0iqk44gA8PaId0Fwa6eesN
19,spotify:track:5Z9KJZvQzH6PFmb8SNkxuk
20,spotify:track:3gAEAmxdP1GIjgQ3Zud2mE
21,spotify:track:3yMC1KsTwh0ceXdIe4QQAQ
22,spotify:track:6HTJgY7iWWlVLSDHsfHePf
23,spotify:track:3rmo8F54jFF8OgYsqTxm5d
24,spotify:track:2gpWyfu7eZ01zzncHpxOtA
25,spotify:track:5vUnjhBzRJJIAOJPde6zDx
26,spotify:track:3vXnuFnC5RhPGwsFi0ORcI
27,spotify:track:6Uj1ctrBOjOas8xZXGqKk4
28,spotify:track:1UQFu4cgJDIcE7zoBPHwY4
29,spotify:track:46HNZY1i7O6jwTA7Slo2PI
30,spotify:track:2Xr1dTzJee307rmrkt8c0g
31,spotify:track:0vNY7uNEG8El6doRdP21D5
32,spotify:track:7lP1zUASWfS5TLBdQDj3DA
33,spotify:track:6I3mqTwhRpn34SLVafSH7G
34,spotify:track:2KnLkZ3z7PO3kgVGHGqDpD
35,spotify:track:52xJxFP6TqMuO4Yt0eOkMz
36,spotify:track:4ZtFanR9U6ndgddUvNcjcG
37,spotify:track:135Lf4Q0CzlMNfOxbEUsLH
38,spotify:track:1nH2PkJL1XoUq8oE6tBZoU
39,spotify:track:7jtQIBanIiJOMS6RyCx6jZ
40,spotify:track:3Oww84xrmgjyr5J1ilOmAf
41,spotify:track:3Kkjo3cT83cw09VJyrLNwX
42,spotify:track:0IuVhCflrQPMGRrOyoY5RW
43,spotify:track:4NMkT5dgzOk7xhcNe9lsGs
44,spotify:track:4UODKxJsed18nmaqfw6LAC
45,spotify:track:79JuksO8bRLKojdLSArnvL
46,spotify:track:5S12Ds2RswM2ITC0u1J01f
47,spotify:track:5QJoojtfYodIvWSfpeCcHh
48,spotify:track:6OufwUcCqo81guU2jAlDVP
49,spotify:track:46vfSYsDJZaNQcD4YvT8GD
50,spotify:track:1bwhDrXcAtqePp8mNJ0pTe
51,spotify:track:0VjIjW4GlUZAMYd2vXMi3b
52,spotify:track:59CfNbkERJ3NoTXDvoURjj
53,spotify:track:3mafhqH8nGsvyZTN86IEOc
54,spotify:track:6VOUfCrjmxH62oijWgbC6O
55,spotify:track:58HvfVOeJY7lUuCqF0m3ly
56,spotify:track:3Wrjm47oTz2sjIgck11l5e
57,spotify:track:6GCre1ICOJlP3AQNuOS3oe
58,spotify:track:2VxeLyX666F8uXCJ0dZF8B
59,spotify:track:0xfMlIW8lS40qvpsUw1l0X
60,spotify:track:0iVkWge9ytV4Scgy2hQ2za
61,spotify:track:4GmRnc9J8GBBkVHUtihE3Z
62,spotify:track:4cG7HUWYHBV6R6tHn1gxrl
63,spotify:track:0w6lsLBvhtGcqMYA7MB7r6
64,spotify:track:503OTo2dSqe7qk76rgsbep
65,spotify:track:22skzmqfdWrjJylampe0kt
66,spotify:track:3eJH2nAjvNXdmPfBkALiPZ
67,spotify:track:6Emw7N6BUeyLQOB9E4GeMn
68,spotify:track:4btFHqumCO31GksfuBLLv3
69,spotify:track:1SC5rEoYDGUK4NfG82494W
70,spotify:track:79nEEoEPY2w8EXj9hjn5oc
71,spotify:track:6N1K5OVVCopBjGViHs2IvP
72,spotify:track:5wANPM4fQCJwkGd4rN57mH
73,spotify:track:7fWotHT92my4vLN713vFTa
74,spotify:track:3XOalgusokruzA5ZBA2Qcb
75,spotify:track:5jHfomwwBzN6rD2ByERafC
76,spotify:track:6f3Slt0GbA2bPZlz0aIFXN
77,spotify:track:62UFeHhvgSjvEJ12Kwjc4p
78,spotify:track:7qEHsqek33rTcFNT9PFqLf
79,spotify:track:04zzaZmF7rn0AkvOTiYhHy
80,spotify:track:6dmXZ9B5HdFAyzHeTneYBK
81,spotify:track:0Kvkx0NcqsdYOhQzYfDuDZ
82,spotify:track:6feiJqgHqeSvkGUzf11AYs
83,spotify:track:3nOz1U41SZZ0N3fuUWr9nb
84,spotify:track:2QjOHCTQ1Jl3zawyYOpxh6
85,spotify:track:0u2P5u6lvoDfwTYjAADbn4
86,spotify:track:1v7L65Lzy0j0vdpRjJewt1
87,spotify:track:3U4isOIWM3VvDubwSI3y7a
88,spotify:track:6tDA5289CCJ4S4wiZPMLuN
89,spotify:track:6EtKlIQmGPB9SX8UjDJG5s
90,spotify:track:1F80MEkZA9yTlpMQp9dhht
91,spotify:track:2gQPv5jvVPqU2a9HhMNO1v
92,spotify:track:1bjhYUwKUHEg5fHknxFObO
93,spotify:track:50xUHMCmsbBOp6aaihNYyg
94,spotify:track:7lQ8MOhq6IN2w8EYcFNSUk
95,spotify:track:3yfqSUWxFvZELEM4PmlwIR
96,spotify:track:2K7xn816oNHJZ0aVqdQsha
97,spotify:track:5ioieZofgvXQK70RFhVohl
98,spotify:track:1ZdhOMWyFR8Iv9eylMGYg2
99,spotify:track:1DIXPcTDzTj8ZMHt3PDt8p
100,spotify:track:1qVRInFwjQbipJdZeA7Kbn
101,spotify:track:5YoDQgB4j7oBHWXH3DcwFD
102,spotify:track:4RVwu0g32PAqgUiJoXsdF8
103,spotify:track:6sutxiq0dIw77z0rCB3Ekk
104,spotify:track:66dGbMxzOVbhv2CwnfA3MJ
105,spotify:track:5UlnuulVAVmmesw4VzqHdG
106,spotify:track:0JpEMzTHbt2zBIXrntrXzG
107,spotify:track:6Dy1jexKYriXAVG6evyUTJ
108,spotify:track:10hMM5nsZQf66ldBlgWBfG
109,spotify:track:2t16D9V5FmmRAJjsSpwvZf
110,spotify:track:3iabh1D7hKB9a81EfvxBat
111,spotify:track:3AVXwaOGCEL8cmBecfcsFJ
112,spotify:track:0gLFuoDun2yzBp67btvQU3
113,spotify:track:1O1EqgvgRyj1ejZPUxI0UX
114,spotify:track:3F1P0QzdXtBz0MXy7KIO5w
115,spotify:track:7yq4Qj7cqayVTp3FF9CWbm
116,spotify:track:1xN6sq9RPSakAs4FlSsnhM
117,spotify:track:2N8m6CYs74qQO4mjVcXO30
118,spotify:track:5nujrmhLynf4yMoMtj8AQF
119,spotify:track:4PYfFHKfjYz6dwAtZhBy1z
120,spotify:track:07MDkzWARZaLEdKxo6yArG
121,spotify:track:2eAvDnpXP5W0cVtiI0PUxV
122,spotify:track:1pz6PTEHHrXWvkm6ktNUhm
123,spotify:track:5CZ40GBx1sQ9agT82CLQCT
124,spotify:track:6cx06DFPPHchuUAcTxznu9
125,spotify:track:717QGTmZdkemDaCo1vQHG0
126,spotify:track:2ewjMyCbNv2X1dB2qIDCwD
127,spotify:track:1J14CdDAvBTE1AJYUOwl6C
128,spotify:track:4pt5fDVTg5GhEvEtlz9dKk
129,spotify:track:4kLLWz7srcuLKA7Et40PQR
130,spotify:track:4IbDTrLxImTJfZePAX2nKB
131,spotify:track:2gMXnyrvIjhVBUZwvLZDMP
132,spotify:track:5QO79kh1waicV47BqGRL3g
133,spotify:track:2GYHyAoLWpkxLVa4oYTVko
134,spotify:track:13UfB1tm7QYrhtW8FhPYmW
135,spotify:track:0pqnGHJpmpxLKifKRmU6WP
136,spotify:track:34dx8DACTJsc3rsJdaEIQw
137,spotify:track:4hJhHbkhZFnxmWbAkZRoe0
138,spotify:track:6IAZHEBUIGJ6NJKxxOBIEr
139,spotify:track:4SqWKzw0CbA05TGszDgMlc
140,spotify:track:4jPy3l0RUwlUI9T5XHBW2m
141,spotify:track:0gucTLf7trAf37Ua1uAyAu
142,spotify:track:6potEImiklXkwD9qFzpu15
143,spotify:track:6MHeQfndkEfQvEoHOpkjgl
144,spotify:track:3UmaczJpikHgJFyBTAJVoz
145,spotify:track:0nrRP2bk19rLc0orkWPQk2
146,spotify:track:6UelLqGlWMcVH1E5c4H7lY
147,spotify:track:1cgRpYVOkYnxomkDpYLyba
148,spotify:track:6KL88T4Ma4ABXqzgUoEwkd
149,spotify:track:003vvx7Niy0yvhvHt4a68B
150,spotify:track:3DarAbFujv6eYNliUTyqtz
151,spotify:track:7DFNE7NO0raLIUbgzY2rzm
152,spotify:track:1MkN8pZzDBf1b2uzfYVOQp
153,spotify:track:45bE4HXI0AwGZXfZtMp8JR
154,spotify:track:7iL6o9tox1zgHpKUfh9vuC
155,spotify:track:4xkOaSrkexMciUUogZKVTS
156,spotify:track:6K5ph5mq1qprHae3TrgTj5
157,spotify:track:4u7EnebtmKWzUH433cf5Qv
158,spotify:track:37BZB0z9T8Xu7U3e65qxFy
159,spotify:track:2tpWsVSb9UEmDRxAl1zhX1
160,spotify:track:3Vi5XqYrmQgOYBajMWSvCi
161,spotify:track:2374M0fQpWi3dLnB54qaLX
162,spotify:track:2rbDhOo9Fh61Bbu23T2qCk
163,spotify:track:6UlSVbJrj3wsyxjGM4KPAv
164,spotify:track:0V5cvmTKsYmF5FmGGEAfmS
165,spotify:track:5lkpeJwmQKgY3bX2zChjxX
166,spotify:track:79s5XnCN4TJKTVMSmOx8Ep
167,spotify:track:5qqabIl2vWzo9ApSC317sa
168,spotify:track:6CyIkPh5mRkJg7T5xXynQ8
169,spotify:track:4c3TC1eWvz6BgOqSlOAKdT
170,spotify:track:7qiZfU4dY1lWllzX7mPBI3
171,spotify:track:3dYD57lRAUcMHufyqn9GcI
172,spotify:track:194U52vElkbmFe8QTefrgw
173,spotify:track:7i63PuecZRJa91i7wolaMa
174,spotify:track:5Z8Dj3LtbyCMiwE86rhg2f
175,spotify:track:2igwFfvr1OAGX9SKDCPBwO
176,spotify:track:3Iba59sFmGhQ4kbCY5L8AX
177,spotify:track:37Tmv4NnfQeb0ZgUC4fOJj
178,spotify:track:7wBrglFVTNCcW6IhdgBkm1
179,spotify:track:60a0Rd6pjrkxjPbaKzXjfq
180,spotify:track:0ofHAoxe9vBkTCp2UQIavz
181,spotify:track:2f0pn9DkEJwAzXApnFh5cr
182,spotify:track:3hRV0jL3vUpRrcy398teAU
183,spotify:track:4XvcHTUfIlWfyJTRG0aqlo
184,spotify:track:3t4KHjd8uQpJJ2fa0fRIpR
185,spotify:track:5YaskwnGDZFDRipaqzbwQx
186,spotify:track:0b18g3G5spr4ZCkz7Y6Q0Q
187,spotify:track:4rPkN1FMzQyFNP9cLUGIIB
188,spotify:track:4huBDGP4I3S0pYI0EaRN1c
189,spotify:track:2EmplM04euxfybSukRlobV
190,spotify:track:1mea3bSkSGXuIRvnydlB5b
191,spotify:track:0Jh6iWjna1wk5le0Ahn7No
192,spotify:track:5g7sDjBhZ4I3gcFIpkrLuI
193,spotify:track:0tgVpDi06FyKpA1z0VMD4v
194,spotify:track:3u2NGFCIe5Ynxv8djbpVP8
195,spotify:track:0UKUfxIkDAMZz7hMdiVX3m
196,spotify:track:1jDJFeK9x3OZboIAHsY9k2
197,spotify:track:03y045SZqaC94yfXl1cU4E
198,spotify:track:5T8EDUDqKcs6OSOwEsfqG7
199,spotify:track:6M3PsepEj5gyJoIi7Xvr7u
