,uri
0,spotify:track:6yeZM8gyykjaf8w0GqRfK4
1,spotify:track:1dLYHdJhQ0LlZyyJmn3FLu
2,spotify:track:0g2leZuI3jD5pRsrRIDvYe
3,spotify:track:4uUG5RXrOk84mYEfFvj3cK
4,spotify:track:6ZjuBJah2xFEl4z3X20di3
5,spotify:track:6gtsw6Mg7z6bMD0l2PtyCb
6,spotify:track:4zN21mbAuaD0WqtmaTZZeP
7,spotify:track:2XRn6Qu0Wd1KvOND8JbaTx
8,spotify:track:4Dvkj6JhhA12EX05fT7y2e
9,spotify:track:5pUhMwmYr4gf6Lt3U5qsHz
10,spotify:track:2q7jpVfCtcuRwcur9nQeuC
11,spotify:track:5ucyKDPjLpYLGadsRO1wSB
12,spotify:track:4h9wh7iOZ0GGn8QVp4RAOB
13,spotify:track:5IgjP7X4th6nMNDh4akUHb
14,spotify:track:7jtQIBanIiJOMS6RyCx6jZ
15,spotify:track:3LtpKP5abr2qqjunvjlX5i
16,spotify:track:76OGwb5RA9h4FxQPT33ekc
17,spotify:track:1W1N3usYjgI3XGQA0iX9Vq
18,spotify:track:35DkXhxqTMiQB582tfjowU
19,spotify:track:7k6aVgrtJqNTMVqk5yMWKD
20,spotify:track:7fZBQnc0zXwVybgCIrQQil
21,spotify:track:50nfwKoDiSYg8zOCREWAm5
22,spotify:track:1LIvdWNdKmHvU0FJvw2diN
23,spotify:track:4tRhRLBxIZ34Iw0eCuiC03
24,spotify:track:02MWAaffLxlfxAUY7c5dvx
25,spotify:track:2HZLXBOnaSRhXStMLrq9fD
26,spotify:track:4k6yZRw7M04gZE2uW12Cw6
27,spotify:track:2Oi1IJ6JEUX1aya9VUAA1Z
28,spotify:track:6weT0OACEb3e4KLQJInf4I
29,spotify:track:2DB4DdfCFMw1iaR6JaR03a
30,spotify:track:3JXdzlvJJrKlmfBfoCLsOo
31,spotify:track:75FEaRjZTKLhTrFGsfMUXR
32,spotify:track:1DTVCRW8QPPteXXhBlohM2
33,spotify:track:2CewvqbfMOcnvYE3yayAJV
34,spotify:track:3rmo8F54jFF8OgYsqTxm5d
35,spotify:track:4FXX4P3dxc1JMBx5wVRJ5N
36,spotify:track:2B4GHvToeLTOBB4QLzW3Ni
37,spotify:track:6GomT970rCOkKAyyrwJeZi
38,spotify:track:4UyVCLbNG8yhrqbzeSmdho
39,spotify:track:3uUuGVFu1V7jTQL60S1r8z
40,spotify:track:6A3SB2C4U6JtCavQOXLYNN
41,spotify:track:2kx5sQgmjYug0GiDh1a4sU
42,spotify:track:63WuQOXohQIxOxIFA2K7bR
43,spotify:track:2yjlYDiNiQkdxVqTlaSrlX
44,spotify:track:18asYwWugKjjsihZ0YvRxO
45,spotify:track:27ZZdyTSQWI7Cug2d2PkqV
46,spotify:track:72Mp1A8UUrYqNPi7GNTusj
47,spotify:track:4h4QlmocP3IuwYEj2j14p8
48,spotify:track:5gRXyFtArVXYk8OOSWIXBO
49,spotify:track:6JIC3hbC28JZKZ8AlAqX8h
50,spotify:track:3a0F2N6rXJSibQTp77xH4f
51,spotify:track:76SBSmc38qQQSpkgBenb8U
52,spotify:track:2QjOHCTQ1Jl3zawyYOpxh6
53,spotify:track:6sS77FZh2eJfYBsFUW6hjI
54,spotify:track:2sFsvaMRe8PKo5AFdBE9qC
55,spotify:track:54ipXppHLA8U4yqpOFTUhr
56,spotify:track:22skzmqfdWrjJylampe0kt
57,spotify:track:2H7jZg2HliuQhZjfBblLrZ
58,spotify:track:3F5CgOj3wFlRv51JsHbxhe
59,spotify:track:0SHHJc5BFL4pVmxm32Bb8Q
60,spotify:track:3Oww84xrmgjyr5J1ilOmAf
61,spotify:track:5TJEBoTCDbJXiKMdCN9pd3
62,spotify:track:4KoSb4nqOjLMptbDaTbOJv
63,spotify:track:4yNNFapUZM7aTElXE2JveQ
64,spotify:track:2DgdHcjWmO3qd50RzuBLgZ
65,spotify:track:3eJH2nAjvNXdmPfBkALiPZ
66,spotify:track:6WebNoyy2Z4EvmCCPr7vPM
67,spotify:track:5PjdY0CKGZdEuoNab3yDmX
68,spotify:track:5C3J3C5nzBclrE8xuW5UQ7
69,spotify:track:7DbdUf8aHSYoliSjO6LZv6
70,spotify:track:7yq4Qj7cqayVTp3FF9CWbm
71,spotify:track:2hBkoDhuGk2AtSCprEFDFP
72,spotify:track:5r43qanLhUCdBj8HN3fa6B
73,spotify:track:2USlegnFJLrVLpoVfPimKB
74,spotify:track:7lQ8MOhq6IN2w8EYcFNSUk
75,spotify:track:58HvfVOeJY7lUuCqF0m3ly
76,spotify:track:0FKw2vfEDxDuRisr4kU8Ok
77,spotify:track:6xGruZOHLs39ZbVccQTuPZ
78,spotify:track:1Fid2jjqsHViMX6xNH70hE
79,spotify:track:0skgJbXMM4sPRwSKXvO2id
80,spotify:track:05Mp2UJulSttxQ4E6hQPH3
81,spotify:track:2L6hCTpUlR2p7Su3hiSB0s
82,spotify:track:3kcKlOkQQEPVwxwljbGJ5p
83,spotify:track:6qyS9qBy0mEk3qYaH8mPss
84,spotify:track:3x1QAjweRjtfcLewe6XpRJ
85,spotify:track:7s3VxmIizcDgDTRCA4kDzd
86,spotify:track:1qEmFfgcLObUfQm0j1W2CK
87,spotify:track:3rb0tMq42WfggucPm0HHkA
88,spotify:track:0h14I7cPYi1RZG6GmVpMso
89,spotify:track:0skYUMpS0AcbpjcGsAbRGj
90,spotify:track:1FEiijYPJtyswChfcpv3p0
91,spotify:track:1c2hJSwcCfoPEw1su83Sw0
92,spotify:track:0tgVpDi06FyKpA1z0VMD4v
93,spotify:track:7ef4DlsgrMEH11cDZd32M6
94,spotify:track:7qiZfU4dY1lWllzX7mPBI3
95,spotify:track:5hnGrTBaEsdukpDF6aZg8a
96,spotify:track:6sDfeHgrQvvBFdg88Qq8TM
97,spotify:track:3CIyK1V4JEJkg02E4EJnDl
98,spotify:track:7KWwQ8SokgUDO7es6Q4ZGW
99,spotify:track:3gyRaifTaAoQrwtYiQu9ur
100,spotify:track:1DIXPcTDzTj8ZMHt3PDt8p
101,spotify:track:0r1kH7SIkkPP9W7mUknObF
102,spotify:track:4N5s8lPTsjI9EGP7K4SXzB
103,spotify:track:3sa06xVNmLLYIxdNNmVQN8
104,spotify:track:3tjoq1CMR4YtSUegC5sbU8
105,spotify:track:4btFHqumCO31GksfuBLLv3
106,spotify:track:5UFbfXuj4TjirzmcvTFBBy
107,spotify:track:7wBHOv8RAS6Womug1T0b4J
108,spotify:track:0y8lwLPXBsenbF5WAZhlbL
109,spotify:track:3ZDXLSUZpKx8pspNBOdVr5
110,spotify:track:4k6Uh1HXdhtusDW5y8Gbvy
111,spotify:track:3yfqSUWxFvZELEM4PmlwIR
112,spotify:track:5STeQZH1Ahz3h0X9Njaij7
113,spotify:track:4fouWK6XVHhzl78KzQ1UjL
114,spotify:track:0U1W2LZVUX7qTm7dDpqxh6
115,spotify:track:0sb8ClU3CLoNblxkpmOKzA
116,spotify:track:7y2CanQNBGTd7EVJy80hLC
117,spotify:track:1cKHdTo9u0ZymJdPGSh6nq
118,spotify:track:53g6tgjn3Ex6o3Q8hcIxkG
119,spotify:track:5KTBaWu8IOczQ0sPWzZ7MY
120,spotify:track:1WCEAGGRD066z2Q89ObXTq
121,spotify:track:6oGnFxltTet4MD3yuT5WvX
122,spotify:track:6HMtHNpW6YPi1hrw9tgF8P
123,spotify:track:5TXDeTFVRVY7Cvt0Dw4vWW
124,spotify:track:4UOXo3xWnxYdTf3sFyRaUG
125,spotify:track:5dj7Il9BkdU1gMfIveNrVH
126,spotify:track:6UelLqGlWMcVH1E5c4H7lY
127,spotify:track:0uQbTk0GFM9PxE0rN1UWZb
128,spotify:track:6fxVffaTuwjgEk5h9QyRjy
129,spotify:track:6hw1Sy9wZ8UCxYGdpKrU6M
130,spotify:track:20on25jryn53hWghthWWW3
131,spotify:track:5Z9KJZvQzH6PFmb8SNkxuk
132,spotify:track:0VjIjW4GlUZAMYd2vXMi3b
133,spotify:track:68UUvouqmZQk002KIUq5O6
134,spotify:track:3Z7CaxQkqbIs1rewKi6v4W
135,spotify:track:0e8nrvls4Qqv5Rfa2UhqmO
136,spotify:track:1OwzZra7aCm5OkvCZMxaYT
137,spotify:track:5iRaaDJo5uz0ysY02Xedgz
138,spotify:track:7MXVkk9YMctZqd1Srtv4MB
139,spotify:track:4cG7HUWYHBV6R6tHn1gxrl
140,spotify:track:39JofJHEtg8I4fSyo7Imft
141,spotify:track:3RM5RpRDDdST1njqOMG141
142,spotify:track:1Slwb6dOYkBlWal1PGtnNg
143,spotify:track:0wHFktze2PHC5jDt3B17DC
144,spotify:track:25FTMokYEbEWHEdss5JLZS
145,spotify:track:285pBltuF7vW8TeWk8hdRR
146,spotify:track:1RF02Cf80mTaeNXG2P2boR
147,spotify:track:6VcBDMF2ykm5HDcJMVLRZW
148,spotify:track:5u8Y0lAUlBLwuhpXSDUGf4
149,spotify:track:1v7L65Lzy0j0vdpRjJewt1
150,spotify:track:0WtM2NBVQNNJLh6scP13H8
151,spotify:track:3BnDvpeuGOj21Ir2aVEtQo
152,spotify:track:0otRX6Z89qKkHkQ9OqJpKt
153,spotify:track:02AnxXaXzxredcMjjb26U0
154,spotify:track:2pLeoBNJiGlbZkyf84z5hJ
155,spotify:track:5BiypsiapBLRQELkSFBby2
156,spotify:track:01kfSdF9zfcDLri5sSWEoL
157,spotify:track:0zCgWGmDF0aih5qexATyBn
158,spotify:track:4xkOaSrkexMciUUogZKVTS
159,spotify:track:24EDbIDzgg3R2KJU26hVX7
160,spotify:track:0nrRP2bk19rLc0orkWPQk2
161,spotify:track:5QM0SsyzmBM0pbFY52Xj1X
162,spotify:track:4bHsxqR3GMrXTxEPLuK5ue
163,spotify:track:2tpWsVSb9UEmDRxAl1zhX1
164,spotify:track:1R0a2iXumgCiFb7HEZ7gUE
165,spotify:track:2a1o6ZejUi8U3wzzOtCOYw
166,spotify:track:003vvx7Niy0yvhvHt4a68B
167,spotify:track:1mea3bSkSGXuIRvnydlB5b
168,spotify:track:6PCUP3dWmTjcTtXY02oFdT
169,spotify:track:7qEHsqek33rTcFNT9PFqLf
170,spotify:track:0u2P5u6lvoDfwTYjAADbn4
171,spotify:track:0hquQWY3xvYqN4qtiquniF
172,spotify:track:2e9GFQn2nNXTbnTl02U7YJ
173,spotify:track:4kLLWz7srcuLKA7Et40PQR
174,spotify:track:10xV5l9nhLvFpR8mqzs0bL
175,spotify:track:75UUG6x5zQe0gCVOiQpa6X
176,spotify:track:2tTmW7RDtMQtBk7m2rYeSw
177,spotify:track:1vUOJpWc091SBYULNvz9mp
178,spotify:track:3AJwUDP919kvQ9QcozQPxg
179,spotify:track:6fuO9uk9wbjCHvQJqk2Qpx
180,spotify:track:62ke5zFUJN6RvtXZgVH0F8
181,spotify:track:79lc69ZXfL4WmJIzVSDmWT
182,spotify:track:7l9IqDtVWJurTvkQHq1BGh
183,spotify:track:6Ql7rNuoP90aIdgwQkPYBP
184,spotify:track:4ZtFanR9U6ndgddUvNcjcG
185,spotify:track:1SOClUWhOi8vHZYMz3GluK
186,spotify:track:0TBylB8tjwqp4YHSrwRJQQ
187,spotify:track:60a0Rd6pjrkxjPbaKzXjfq
188,spotify:track:7iL6o9tox1zgHpKUfh9vuC
189,spotify:track:2K7xn816oNHJZ0aVqdQsha
190,spotify:track:0sBJA2OCEECMs0HsdIQhvR
191,spotify:track:78QR3Wp35dqAhFEc2qAGjE
192,spotify:track:0gucTLf7trAf37Ua1uAyAu
193,spotify:track:3UmaczJpikHgJFyBTAJVoz
194,spotify:track:1kwHrBWAlucOE57lWugotk
195,spotify:track:5ZduaRci3iNUiDfJbBfAaf
196,spotify:track:1VdZ0vKfR5jneCmWIUAMxK
197,spotify:track:2MLIRLTx41VStC8Z5NJEG6
198,spotify:track:09mEdoA6zrmBPgTEN5qXmN
199,spotify:track:6GD1eomgaGT1Epto6Q5eAo
