,uri
0,spotify:track:4h9wh7iOZ0GGn8QVp4RAOB
1,spotify:track:4uUG5RXrOk84mYEfFvj3cK
2,spotify:track:2yjlYDiNiQkdxVqTlaSrlX
3,spotify:track:4Dvkj6JhhA12EX05fT7y2e
4,spotify:track:4k6Uh1HXdhtusDW5y8Gbvy
5,spotify:track:02MWAaffLxlfxAUY7c5dvx
6,spotify:track:5IgjP7X4th6nMNDh4akUHb
7,spotify:track:4h4QlmocP3IuwYEj2j14p8
8,spotify:track:0O6u0VJ46W86TxN9wgyqDj
9,spotify:track:75FEaRjZTKLhTrFGsfMUXR
10,spotify:track:39JofJHEtg8I4fSyo7Imft
11,spotify:track:3LtpKP5abr2qqjunvjlX5i
12,spotify:track:5TJEBoTCDbJXiKMdCN9pd3
13,spotify:track:6HMtHNpW6YPi1hrw9tgF8P
14,spotify:track:6xGruZOHLs39ZbVccQTuPZ
15,spotify:track:0hquQWY3xvYqN4qtiquniF
16,spotify:track:5PjdY0CKGZdEuoNab3yDmX
17,spotify:track:0wHFktze2PHC5jDt3B17DC
18,spotify:track:76OGwb5RA9h4FxQPT33ekc
19,spotify:track:1qEmFfgcLObUfQm0j1W2CK
20,spotify:track:40SBS57su9xLiE1WqkXOVr
21,spotify:track:6JIC3hbC28JZKZ8AlAqX8h
22,spotify:track:50nfwKoDiSYg8zOCREWAm5
23,spotify:track:48UKTR66uUOT9LaUvooTNx
24,spotify:track:0N9C80kcgL0xXGduKnYKWi
25,spotify:track:6I3mqTwhRpn34SLVafSH7G
26,spotify:track:3uUuGVFu1V7jTQL60S1r8z
27,spotify:track:0skYUMpS0AcbpjcGsAbRGj
28,spotify:track:2QjOHCTQ1Jl3zawyYOpxh6
29,spotify:track:5pyoxDZ1PX0KxBxiRVxA4U
30,spotify:track:5uSFGgIfHMT3osrAd9n9ym
31,spotify:track:7jtQIBanIiJOMS6RyCx6jZ
32,spotify:track:003vvx7Niy0yvhvHt4a68B
33,spotify:track:4cacyP5c3PMlfnyjpg13xW
34,spotify:track:3F5CgOj3wFlRv51JsHbxhe
35,spotify:track:3sNVsP50132BTNlImLx70i
36,spotify:track:10xV5l9nhLvFpR8mqzs0bL
37,spotify:track:2LBqCSwhJGcFQeTHMVGwy3
38,spotify:track:3WMj8moIAXJhHsyLaqIIHI
39,spotify:track:59nOXPmaKlBfGMDeOVGrIK
40,spotify:track:3rmo8F54jFF8OgYsqTxm5d
41,spotify:track:1r8ZCjfrQxoy2wVaBUbpwg
42,spotify:track:1xzi1Jcr7mEi9K2RfzLOqS
43,spotify:track:4KGNI037I8ZA6n3h6LYuey
44,spotify:track:6GD1eomgaGT1Epto6Q5eAo
45,spotify:track:68Dni7IE4VyPkTOH9mRWHr
46,spotify:track:1mMLMZYXkMueg65jRRWG1l
47,spotify:track:0mBP9X2gPCuapvpZ7TGDk3
48,spotify:track:0e8nrvls4Qqv5Rfa2UhqmO
49,spotify:track:7yq4Qj7cqayVTp3FF9CWbm
50,spotify:track:13Irp51zj01BZu2XtDrnAg
51,spotify:track:1xK59OXxi2TAAAbmZK0kBL
52,spotify:track:2DB4DdfCFMw1iaR6JaR03a
53,spotify:track:64dLd6rVqDLtkXFYrEUHIU
54,spotify:track:7qEHsqek33rTcFNT9PFqLf
55,spotify:track:2rxQMGVafnNaRaXlRMWPde
56,spotify:track:7l9IqDtVWJurTvkQHq1BGh
57,spotify:track:27ZZdyTSQWI7Cug2d2PkqV
58,spotify:track:21DuXS5wpeO1z0dp445bop
59,spotify:track:4RVwu0g32PAqgUiJoXsdF8
60,spotify:track:5A5bLKdL5I3k3FTEQlAUw7
61,spotify:track:3sa06xVNmLLYIxdNNmVQN8
62,spotify:track:6IBcOGPsniK3Pso1wHIhew
63,spotify:track:4ZtFanR9U6ndgddUvNcjcG
64,spotify:track:7MXVkk9YMctZqd1Srtv4MB
65,spotify:track:1cKHdTo9u0ZymJdPGSh6nq
66,spotify:track:0VjIjW4GlUZAMYd2vXMi3b
67,spotify:track:7lQ8MOhq6IN2w8EYcFNSUk
68,spotify:track:7DbdUf8aHSYoliSjO6LZv6
69,spotify:track:4pi1G1x8tl9VfdD9bL3maT
70,spotify:track:6UelLqGlWMcVH1E5c4H7lY
71,spotify:track:3GZD6HmiNUhxXYf8Gch723
72,spotify:track:7aEtlGHoiPAfRB084NiDmx
73,spotify:track:5hnGrTBaEsdukpDF6aZg8a
74,spotify:track:6Qyc6fS4DsZjB2mRW9DsQs
75,spotify:track:0u2P5u6lvoDfwTYjAADbn4
76,spotify:track:0ofHAoxe9vBkTCp2UQIavz
77,spotify:track:5Z9KJZvQzH6PFmb8SNkxuk
78,spotify:track:3yfqSUWxFvZELEM4PmlwIR
79,spotify:track:4OmfWzukSVD140NiAIEjem
80,spotify:track:5nujrmhLynf4yMoMtj8AQF
81,spotify:track:4EWCNWgDS8707fNSZ1oaA5
82,spotify:track:7Ddk8FhoYKdsVoX9AOCPMm
83,spotify:track:6VhuP99TE6gYNQRJIlAWFD
84,spotify:track:37y7iDayfwm3WXn5BiAoRk
85,spotify:track:3E7dfMvvCLUddWissuqMwr
86,spotify:track:46IZ0fSY2mpAiktS3KOqds
87,spotify:track:4RvWPyQ5RL0ao9LPZeSouE
88,spotify:track:22skzmqfdWrjJylampe0kt
89,spotify:track:09mEdoA6zrmBPgTEN5qXmN
90,spotify:track:4zN21mbAuaD0WqtmaTZZeP
91,spotify:track:5wANPM4fQCJwkGd4rN57mH
92,spotify:track:58ge6dfP91o9oXMzq3XkIS
93,spotify:track:6Uj1ctrBOjOas8xZXGqKk4
94,spotify:track:3AJwUDP919kvQ9QcozQPxg
95,spotify:track:7wdwIaXUuzlu1grzWMFRJm
96,spotify:track:4Li2WHPkuyCdtmokzW2007
97,spotify:track:3Oww84xrmgjyr5J1ilOmAf
98,spotify:track:0ntQJM78wzOLVeCUAW7Y45
99,spotify:track:3azJifCSqg9fRij2yKIbWz
100,spotify:track:2wGSgTmgSF3xjRrHkTc25R
101,spotify:track:7fBv7CLKzipRk6EC6TWHOB
102,spotify:track:3CIyK1V4JEJkg02E4EJnDl
103,spotify:track:2eAvDnpXP5W0cVtiI0PUxV
104,spotify:track:4tqcoej1zPvwePZCzuAjJd
105,spotify:track:1mea3bSkSGXuIRvnydlB5b
106,spotify:track:7a8GawTVgHZvBLQOh46he7
107,spotify:track:4bHsxqR3GMrXTxEPLuK5ue
108,spotify:track:1FEiijYPJtyswChfcpv3p0
109,spotify:track:7iL6o9tox1zgHpKUfh9vuC
110,spotify:track:5UWwZ5lm5PKu6eKsHAGxOk
111,spotify:track:3ZCTVFBt2Brf31RLEnCkWJ
112,spotify:track:1v7L65Lzy0j0vdpRjJewt1
113,spotify:track:7ef4DlsgrMEH11cDZd32M6
114,spotify:track:0RiRZpuVRbi7oqRdSMwhQY
115,spotify:track:21jGcNKet2qwijlDFuPiPb
116,spotify:track:4svaKoxMMP7ImmKrD5hfQu
117,spotify:track:3DarAbFujv6eYNliUTyqtz
118,spotify:track:2HbKqm4o0w5wEeEFXm2sD4
119,spotify:track:5uCax9HTNlzGybIStD3vDh
120,spotify:track:6xHI9KjUjYT0FPtGO8Mxa1
121,spotify:track:54ipXppHLA8U4yqpOFTUhr
122,spotify:track:3rq5w4bQGigXOfdN30ATJt
123,spotify:track:1R0a2iXumgCiFb7HEZ7gUE
124,spotify:track:6feiJqgHqeSvkGUzf11AYs
125,spotify:track:58HvfVOeJY7lUuCqF0m3ly
126,spotify:track:2VxeLyX666F8uXCJ0dZF8B
127,spotify:track:2gam98EZKrF9XuOkU13ApN
128,spotify:track:0gucTLf7trAf37Ua1uAyAu
129,spotify:track:5qrSlOut2rNAWv3ubArkNy
130,spotify:track:0nrRP2bk19rLc0orkWPQk2
131,spotify:track:0cqRj7pUJDkTCEsJkx8snD
132,spotify:track:5CZ40GBx1sQ9agT82CLQCT
133,spotify:track:698eQRku24PIYPQPHItKlA
134,spotify:track:5YbPxJwPfrj7uswNwoF1pJ
135,spotify:track:4qu63nuBpdn0qHUHuObEj1
136,spotify:track:4XvcHTUfIlWfyJTRG0aqlo
137,spotify:track:1DIXPcTDzTj8ZMHt3PDt8p
138,spotify:track:1u8c2t2Cy7UBoG4ArRcF5g
139,spotify:track:5TXDeTFVRVY7Cvt0Dw4vWW
140,spotify:track:0y60itmpH0aPKsFiGxmtnh
141,spotify:track:5BgeAX4HuZdcuCqmu4pIMM
142,spotify:track:0wXuerDYiBnERgIpbb3JBR
143,spotify:track:7KwZNVEaqikRSBSpyhXK2j
144,spotify:track:1Fid2jjqsHViMX6xNH70hE
145,spotify:track:4kbj5MwxO1bq9wjT5g9HaA
146,spotify:track:3UmaczJpikHgJFyBTAJVoz
147,spotify:track:62ke5zFUJN6RvtXZgVH0F8
148,spotify:track:2tpWsVSb9UEmDRxAl1zhX1
149,spotify:track:6HU7h9RYOaPRFeh0R3UeAr
150,spotify:track:0GONea6G2XdnHWjNZd6zt3
151,spotify:track:4u7EnebtmKWzUH433cf5Qv
152,spotify:track:531KGXtBroSrOX9LVmiIgc
153,spotify:track:6TpyujRefwsflWFXbmjVpj
154,spotify:track:6clzeGvi1CFioMOolbAOlX
155,spotify:track:7FGq80cy8juXBCD2nrqdWU
156,spotify:track:3dYD57lRAUcMHufyqn9GcI
157,spotify:track:2gMXnyrvIjhVBUZwvLZDMP
158,spotify:track:4xkOaSrkexMciUUogZKVTS
159,spotify:track:5QM0SsyzmBM0pbFY52Xj1X
160,spotify:track:6FE2iI43OZnszFLuLtvvmg
161,spotify:track:7DFNE7NO0raLIUbgzY2rzm
162,spotify:track:7o2CTH4ctstm8TNelqjb51
163,spotify:track:07GvNcU1WdyZJq3XxP0kZa
164,spotify:track:0d28khcov6AiegSCpG5TuT
165,spotify:track:51pshtuYkgUQnt5huMPbKL
166,spotify:track:1zi7xx7UVEFkmKfv06H8x0
167,spotify:track:68EkhVWIeULhHxcbi1QhzK
168,spotify:track:6f5ExP43esnvdKPddwKXJH
169,spotify:track:5th1bFGGaXLM7wDBJpcF06
170,spotify:track:0pqnGHJpmpxLKifKRmU6WP
171,spotify:track:5rb9QrpfcKFHM1EUbSIurX
172,spotify:track:2374M0fQpWi3dLnB54qaLX
173,spotify:track:1oFAF1hdPOickyHgbuRjyX
174,spotify:track:37ZJ0p5Jm13JPevGcx4SkF
175,spotify:track:1KGi9sZVMeszgZOWivFpxs
176,spotify:track:48q0vSHcJdhK3IiXH8C5WJ
177,spotify:track:5gDWsRxpJ2lZAffh5p7K0w
178,spotify:track:4686eQ81DEswHa90bcdlC9
179,spotify:track:3Fzlg5r1IjhLk2qRw667od
180,spotify:track:4HlFJV71xXKIGcU3kRyttv
181,spotify:track:43zdsphuZLzwA9k4DJhU0I
182,spotify:track:1LIvdWNdKmHvU0FJvw2diN
183,spotify:track:3yrSvpt2l1xhsV9Em88Pul
184,spotify:track:25FTMokYEbEWHEdss5JLZS
185,spotify:track:5MxWTfmlmRDx6VZHvB9xV8
186,spotify:track:2N8m6CYs74qQO4mjVcXO30
187,spotify:track:1XGmzt0PVuFgQYYnV2It7A
188,spotify:track:5QO79kh1waicV47BqGRL3g
189,spotify:track:0WtM2NBVQNNJLh6scP13H8
190,spotify:track:7BqBn9nzAq8spo5e7cZ0dJ
191,spotify:track:2SiXAy7TuUkycRVbbWDEpo
192,spotify:track:5TRPicyLGbAF2LGBFbHGvO
193,spotify:track:6HJizCbaqaEQG1eLjn341Z
194,spotify:track:0I3q5fE6wg7LIfHGngUTnV
195,spotify:track:6uvh0In7u1Xn4HgxOfAn8O
196,spotify:track:6K4t31amVTZDgR3sKmwUJJ
197,spotify:track:6gdLyYNuhWBzqwlOFSsXC7
198,spotify:track:3PfIrDoz19wz7qK7tYeu62
199,spotify:track:7aZiDdufBX2Ek8OUuxK0IQ
