,uri
0,spotify:track:5bYyQzaUSXpGGrJuGZfafd
1,spotify:track:0mL82sxCRjrs3br407IdJh
2,spotify:track:1nH2PkJL1XoUq8oE6tBZoU
3,spotify:track:1E5Xu8dur0fAjSP1VpVhAZ
4,spotify:track:2Ghp894n1laIf2w98VeAOJ
5,spotify:track:772ARvmnEjryug7ce0lRAF
6,spotify:track:1r9xUipOqoNwggBpENDsvJ
7,spotify:track:3KyKxJ4P3pVCgaZwaq2rUC
8,spotify:track:2SLwbpExuoBDZBpjfefCtV
9,spotify:track:6zzdyvVWjGrQBraSvuqJPY
10,spotify:track:2vgUijXOTRMnWXDtvgMp2b
11,spotify:track:5Z9KJZvQzH6PFmb8SNkxuk
12,spotify:track:5XbA7TAqsD0fj0dGBrbb0D
13,spotify:track:02MWAaffLxlfxAUY7c5dvx
14,spotify:track:2D4dV2KXDTszzJ3p3cFqhA
15,spotify:track:1NhjYYcYTRywc0di98xHxf
16,spotify:track:6krYS8KtmNAYyb5uTZiYW4
17,spotify:track:6a4GH1gljLL7VvmO9u5O92
18,spotify:track:2XmIhhtxgfZqPISZXmFFK7
19,spotify:track:5PjdY0CKGZdEuoNab3yDmX
20,spotify:track:39MFfPxlelYKyxRjzO0yC9
21,spotify:track:50nfwKoDiSYg8zOCREWAm5
22,spotify:track:4fouWK6XVHhzl78KzQ1UjL
23,spotify:track:3vJcz8exedHCjQ9ed95NqU
24,spotify:track:58HvfVOeJY7lUuCqF0m3ly
25,spotify:track:759ndr57jb0URg4j9YSWml
26,spotify:track:2gpWyfu7eZ01zzncHpxOtA
27,spotify:track:6Uj1ctrBOjOas8xZXGqKk4
28,spotify:track:6dmXZ9B5HdFAyzHeTneYBK
29,spotify:track:3rmo8F54jFF8OgYsqTxm5d
30,spotify:track:7rglLriMNBPAyuJOMGwi39
31,spotify:track:2K7xn816oNHJZ0aVqdQsha
32,spotify:track:2QjOHCTQ1Jl3zawyYOpxh6
33,spotify:track:2gTyfm5jrmTx4IH9K0CJk3
34,spotify:track:04ojE1leP1BODeTr7EadIe
35,spotify:track:20on25jryn53hWghthWWW3
36,spotify:track:1SOClUWhOi8vHZYMz3GluK
37,spotify:track:46IZ0fSY2mpAiktS3KOqds
38,spotify:track:3U7LRoxDT1WvbliazYkmpV
39,spotify:track:2vXKRlJBXyOcvZYTdNeckS
40,spotify:track:3Vi5XqYrmQgOYBajMWSvCi
41,spotify:track:18asYwWugKjjsihZ0YvRxO
42,spotify:track:7jn2HBxZQS1BX4sxMlF3R9
43,spotify:track:1NlK2NtpuUazpziLhnJwEV
44,spotify:track:3Wrjm47oTz2sjIgck11l5e
45,spotify:track:1SC5rEoYDGUK4NfG82494W
46,spotify:track:32vRPT2jNoRZRg22GxtY0l
47,spotify:track:2AD3faozZmU71dxlpPO4PJ
48,spotify:track:0VjIjW4GlUZAMYd2vXMi3b
49,spotify:track:3M0lSi5WW79CXQamgSBIjx
50,spotify:track:0k4d5YPDr1r7FX77VdqWez
51,spotify:track:589KeND3ebjbfhs5GfGGyx
52,spotify:track:6lazMmzPhIzAzWBtjVSeeh
53,spotify:track:7hU3IHwjX150XLoTVmjD0q
54,spotify:track:79s5XnCN4TJKTVMSmOx8Ep
55,spotify:track:29TPjc8wxfz4XMn21O7VsZ
56,spotify:track:5nYuCvuoBfbxXlNy95iBch
57,spotify:track:3uUuGVFu1V7jTQL60S1r8z
58,spotify:track:2gQPv5jvVPqU2a9HhMNO1v
59,spotify:track:48q0vSHcJdhK3IiXH8C5WJ
60,spotify:track:4ZtFanR9U6ndgddUvNcjcG
61,spotify:track:2Xr1dTzJee307rmrkt8c0g
62,spotify:track:6PHB6mLa8HlK1m7I5wzmXD
63,spotify:track:0k1WUmIRnG3xU6fvvDVfRG
64,spotify:track:0AMzLFPOmCJWWNgmNkPbFA
65,spotify:track:4a0oV0MjoURyHnW1gz8qcg
66,spotify:track:37BZB0z9T8Xu7U3e65qxFy
67,spotify:track:5JuM3RrFBnSDFUtivSNCbI
68,spotify:track:3LnpBazWpD31QMTn6LgVGv
69,spotify:track:2swRdG3vAk5bYBR3oSf1cg
70,spotify:track:3DarAbFujv6eYNliUTyqtz
71,spotify:track:5E30LdtzQTGqRvNd7l6kG5
72,spotify:track:6EyKgt8Ndw2aVb2x1DGjkm
73,spotify:track:7fBv7CLKzipRk6EC6TWHOB
74,spotify:track:3rq5w4bQGigXOfdN30ATJt
75,spotify:track:788fXILjvTnAoHw4rtIJCA
76,spotify:track:00Blm7zeNqgYLPtW6zg8cj
77,spotify:track:5nujrmhLynf4yMoMtj8AQF
78,spotify:track:2HTL8rQMv4gBxljw4p0Y6P
79,spotify:track:4pt5fDVTg5GhEvEtlz9dKk
80,spotify:track:2jQiSYrwJehQAcuaaQrXnS
81,spotify:track:7xeauW5oB0TRGNbK2kaxsl
82,spotify:track:01od2Sgr1MUaspmEN0ewde
83,spotify:track:2BcMwX1MPV6ZHP4tUT9uq6
84,spotify:track:1YvcmMouIWbvUi9S2IR5rl
85,spotify:track:3XLbDUB5BX2WqL2qoAsvtb
86,spotify:track:0AFhDjWpKXSbllPDJhvx38
87,spotify:track:37y7iDayfwm3WXn5BiAoRk
88,spotify:track:3DZMR7h7qm12wnPh7P4DqT
89,spotify:track:2PHiwLEX0TfWfhbRgHIf3n
90,spotify:track:58ge6dfP91o9oXMzq3XkIS
91,spotify:track:52xJxFP6TqMuO4Yt0eOkMz
92,spotify:track:6E90gq0KO6FYZVOXx8kCcC
93,spotify:track:5S9Zs5g9lTWnLIboN1pdlU
94,spotify:track:56toqzf7aTsmiZcILHODtO
95,spotify:track:09gysnJpfQ3ublBmJDfcEC
96,spotify:track:3Kkjo3cT83cw09VJyrLNwX
97,spotify:track:1bwLTopYsL8A0j0fg7fi79
98,spotify:track:3yfqSUWxFvZELEM4PmlwIR
99,spotify:track:5QO79kh1waicV47BqGRL3g
100,spotify:track:2rFZhVHWOwDxAy59qLUzLy
101,spotify:track:776AftMmFFAWUIEAb3lHhw
102,spotify:track:60ynsPSSKe6O3sfwRnIBRf
103,spotify:track:0WSEq9Ko4kFPt8yo3ICd6T
104,spotify:track:4bJygwUKrRgq1stlNXcgMg
105,spotify:track:7gQSgOGCJpdnmkCjD1wziW
106,spotify:track:0RYHqnmtNRfbYxP6Dn8Vse
107,spotify:track:0e8nrvls4Qqv5Rfa2UhqmO
108,spotify:track:46w6RqZXx96cORKIbExvSu
109,spotify:track:7lQ8MOhq6IN2w8EYcFNSUk
110,spotify:track:3zxwDnimgIhLRRpYoDSZnm
111,spotify:track:7KZSo4wspWL0AyUZgr9S17
112,spotify:track:6M3PsepEj5gyJoIi7Xvr7u
113,spotify:track:6f3Slt0GbA2bPZlz0aIFXN
114,spotify:track:2B4GHvToeLTOBB4QLzW3Ni
115,spotify:track:792HwhrdO3ErRKL5yRe4Ge
116,spotify:track:4SqWKzw0CbA05TGszDgMlc
117,spotify:track:4cG7HUWYHBV6R6tHn1gxrl
118,spotify:track:6EtKlIQmGPB9SX8UjDJG5s
119,spotify:track:7hxHWCCAIIxFLCzvDgnQHX
120,spotify:track:6gBFPUFcJLzWGx4lenP6h2
121,spotify:track:7jtQIBanIiJOMS6RyCx6jZ
122,spotify:track:3eekarcy7kvN4yt5ZFzltW
123,spotify:track:40iJIUlhi6renaREYGeIDS
124,spotify:track:1iIIsJlKQW7E4eLw7x5XOI
125,spotify:track:46HNZY1i7O6jwTA7Slo2PI
126,spotify:track:5DDbBY763OCil7Joc4YS1m
127,spotify:track:7MXVkk9YMctZqd1Srtv4MB
128,spotify:track:4RVwu0g32PAqgUiJoXsdF8
129,spotify:track:6W2jsJG6MPPJ6xTWcNEeHr
130,spotify:track:0zCgWGmDF0aih5qexATyBn
131,spotify:track:58b4WUBJM3IVzIDT2HEGe3
132,spotify:track:5lT5IZWW3JQErXELJpQgJ9
133,spotify:track:0PvFJmanyNQMseIFrU708S
134,spotify:track:0KCSJzsQVxkloxoT7dyrqV
135,spotify:track:69zyifKelGUoEBEKfCX5ri
136,spotify:track:0W6I02J9xcqK8MtSeosEXb
137,spotify:track:7EkWXAI1wn8Ii883ecd9xr
138,spotify:track:4xkOaSrkexMciUUogZKVTS
139,spotify:track:6M47gaKejso9772SKTa3yH
140,spotify:track:4R67rQNSbbsR4TdUVOIdez
141,spotify:track:3r3Z6VpkIPqQnc7XZyIWmr
142,spotify:track:1DIXPcTDzTj8ZMHt3PDt8p
143,spotify:track:4HwDCXsMBC7SUdp2WT4MZP
144,spotify:track:3zvOhLPf8JIi5cmEdkVJWx
145,spotify:track:2WYs5LxOZfEyURXu7V0O1a
146,spotify:track:6zwJBnhNnugUuhMP7NUOfT
147,spotify:track:7a8GawTVgHZvBLQOh46he7
148,spotify:track:0lKiqlTA0kN0k2TrjG5daO
149,spotify:track:51lAzRlFCdsAseqzcdzZ7j
150,spotify:track:4ix0ntu244dcdAoSml7trs
151,spotify:track:2VLkqMSEuj10HushVQ93jD
152,spotify:track:5nEnCL8lNoBUsDzlpZzKeI
153,spotify:track:2LBqCSwhJGcFQeTHMVGwy3
154,spotify:track:6LpL3NUIJuJ3zyBfdMXD2O
155,spotify:track:7kQUdVjev73xIuwu7W6YW9
156,spotify:track:2rT6xyUhl3d1rGnvSjnWXz
157,spotify:track:1vux5TJpXtc7tbjA1YODpp
158,spotify:track:2fgAjk7DbAHj7G7IbVIWiM
159,spotify:track:1rLpf280OicMHgkl6SfGHG
160,spotify:track:4qkggtykkzl6qfuScsNmJk
161,spotify:track:6I9VzXrHxO9rA9A5euc8Ak
162,spotify:track:5UlnuulVAVmmesw4VzqHdG
163,spotify:track:0gucTLf7trAf37Ua1uAyAu
164,spotify:track:5evJJmNenJJF04OBGEGgZc
165,spotify:track:2ZGEjmwyeZ3rpEezkZwqOP
166,spotify:track:3CLSHJv5aUROAN2vfOyCOh
167,spotify:track:1FiSf9NokOLwSs2BdaLgKH
168,spotify:track:0dLjHWPtD8tOLw7Y3i5xJM
169,spotify:track:6RUTdEozIHJNxcD8CmpbDA
170,spotify:track:2oKwEm0SX58T6y22wvw3w0
171,spotify:track:7ycWLEP1GsNjVvcjawXz3z
172,spotify:track:7kq0YKDNo8UY86AQeGy75l
173,spotify:track:1qwno7xb5mJe71xtMS6jl2
174,spotify:track:2r6OAV3WsYtXuXjvJ1lIDi
175,spotify:track:4G3K2v23DSGvyKvEo5uE9C
176,spotify:track:7zwn1eykZtZ5LODrf7c0tS
177,spotify:track:5oE4QPgCrAs3itnmj2GmsM
178,spotify:track:0fv2KH6hac06J86hBUTcSf
179,spotify:track:6fcPuGEcPN6oq7DCLocYU0
180,spotify:track:0WAJMHi3i8cGl7nj5jaIc0
181,spotify:track:0cqFRCAO5mEJh7KXSYOZdN
182,spotify:track:5uEYRdEIh9Bo4fpjDd4Na9
183,spotify:track:6UelLqGlWMcVH1E5c4H7lY
184,spotify:track:3f8UE3sDLcCwMC6fIrFlZO
185,spotify:track:6Dy1jexKYriXAVG6evyUTJ
186,spotify:track:3jjsRKEsF42ccXf8kWR3nu
187,spotify:track:6I3mqTwhRpn34SLVafSH7G
188,spotify:track:6o1w1oqUMiJI1Kp0s0ksRK
189,spotify:track:5KhisjtC9RpYuwpGs8eG60
190,spotify:track:4A8cWXxKfIL3lAyUDzXbCF
191,spotify:track:5pyKdbCmLGZ7SyQ5eIpM2Q
192,spotify:track:35mvY5S1H3J2QZyna3TFe0
193,spotify:track:5wANPM4fQCJwkGd4rN57mH
194,spotify:track:1NXDDexJAupRgVjkEdaGP8
195,spotify:track:0u2P5u6lvoDfwTYjAADbn4
196,spotify:track:1t9WgS8FN0534tLBRwbaxO
197,spotify:track:2sHYMLUd4nVLxHPKY05Ein
198,spotify:track:57BGVV6wcyhbn3hsjlqEZB
199,spotify:track:0boodYr1uIpSVmGSP65Fmk
