,uri
0,spotify:track:7sJNeWTXkZCEC7OnFMpGWL
1,spotify:track:3nqQXoyQOWXiESFLlDF1hG
2,spotify:track:4uUG5RXrOk84mYEfFvj3cK
3,spotify:track:4YxZQd3I4rj1nqkXgvpCk4
4,spotify:track:0V3wPSX9ygBnCm8psDIegu
5,spotify:track:6yeZM8gyykjaf8w0GqRfK4
6,spotify:track:7jtQIBanIiJOMS6RyCx6jZ
7,spotify:track:4tRhRLBxIZ34Iw0eCuiC03
8,spotify:track:561jH07mF1jHuk7KlaeF0s
9,spotify:track:6ZjuBJah2xFEl4z3X20di3
10,spotify:track:4h9wh7iOZ0GGn8QVp4RAOB
11,spotify:track:0g2leZuI3jD5pRsrRIDvYe
12,spotify:track:73vIOb4Q7YN6HeJTbscRx5
13,spotify:track:76OGwb5RA9h4FxQPT33ekc
14,spotify:track:35ovElsgyAtQwYPYnZJECg
15,spotify:track:5xX2LYdXyx0Boa61rZOjq5
16,spotify:track:4zN21mbAuaD0WqtmaTZZeP
17,spotify:track:1kKvfCmzXzRcfszwQrXFPM
18,spotify:track:0QHEIqNKsMoOY5urbzN48u
19,spotify:track:5hnGrTBaEsdukpDF6aZg8a
20,spotify:track:5IgjP7X4th6nMNDh4akUHb
21,spotify:track:4Dvkj6JhhA12EX05fT7y2e
22,spotify:track:3w0JTTlgoxPBLq7AauhY02
23,spotify:track:1W1N3usYjgI3XGQA0iX9Vq
24,spotify:track:5CGPOGyyF3XvyQwyqlJH0P
25,spotify:track:1wtOxkiel43cVs0Yux5Q4h
26,spotify:track:70Xfh3baxA4xusCiV5B5jg
27,spotify:track:5jQI2r1RdgtuT8S3iG8zFC
28,spotify:track:2q7jpVfCtcuRwcur9nQeuC
29,spotify:track:3rWDp9tBPQR9z6U5YyRSK4
30,spotify:track:4pnk9Mhzcv3oHxFyARlNNP
31,spotify:track:35DkXhxqTMiQB582tfjowU
32,spotify:track:7fZBQnc0zXwVybgCIrQQil
33,spotify:track:3WlettL8B0oET6VdXJMHU0
34,spotify:track:5ucyKDPjLpYLGadsRO1wSB
35,spotify:track:1AS1KQWbJpkyZHo8SZ8SBj
36,spotify:track:3eX0NZfLtGzoLUxPNvRfqm
37,spotify:track:7dq9QIXx5eIz6w2MNzTan4
38,spotify:track:2QjOHCTQ1Jl3zawyYOpxh6
39,spotify:track:4D7BCuvgdJlYvlX5WlN54t
40,spotify:track:2Oi1IJ6JEUX1aya9VUAA1Z
41,spotify:track:2MYXbdNTkOmjOr9sVQ288m
42,spotify:track:54ipXppHLA8U4yqpOFTUhr
43,spotify:track:08mqF80M4AvAF0pGbR2ETA
44,spotify:track:3LtpKP5abr2qqjunvjlX5i
45,spotify:track:2RJAKIw6nIkgZVsAIKhmqz
46,spotify:track:7KokYm8cMIXCsGVmUvKtqf
47,spotify:track:1xwAWUI6Dj0WGC3KiUPN0O
48,spotify:track:47gFO4wiq9rLJo9vz0DP3q
49,spotify:track:02MWAaffLxlfxAUY7c5dvx
50,spotify:track:3qoftcUZaUOncvIYjFSPdE
51,spotify:track:1LIvdWNdKmHvU0FJvw2diN
52,spotify:track:22skzmqfdWrjJylampe0kt
53,spotify:track:4UyVCLbNG8yhrqbzeSmdho
54,spotify:track:1Fb8gCHRkmNAaN8vytd5vg
55,spotify:track:1DIXPcTDzTj8ZMHt3PDt8p
56,spotify:track:5reUV4Jv5GBY1W15E4J9w9
57,spotify:track:2EriVX6pX9RcmMsgU8Hsir
58,spotify:track:0heeNYlwOGuUSe7TgUD27B
59,spotify:track:3rb0tMq42WfggucPm0HHkA
60,spotify:track:4h4QlmocP3IuwYEj2j14p8
61,spotify:track:7lQ8MOhq6IN2w8EYcFNSUk
62,spotify:track:6qyS9qBy0mEk3qYaH8mPss
63,spotify:track:3iBU3w9MbrqFdB9mOa2JeK
64,spotify:track:36z650GeYG064RQZGkaxuz
65,spotify:track:5E2JcyolDstvqZ0PNpT3pS
66,spotify:track:3uUuGVFu1V7jTQL60S1r8z
67,spotify:track:6hw1Sy9wZ8UCxYGdpKrU6M
68,spotify:track:038awuS65sn5GQxlpJGkqj
69,spotify:track:5ZduaRci3iNUiDfJbBfAaf
70,spotify:track:5YdnOm5990Kfq1Jodws98B
71,spotify:track:1xzi1Jcr7mEi9K2RfzLOqS
72,spotify:track:7FmYn9e7KHMXcxqGSj9LjH
73,spotify:track:5odlY52u43F5BjByhxg7wg
74,spotify:track:6Hh6pxNSScePI9zjKBIUg2
75,spotify:track:38T0tPVZHcPZyhtOcCP7pF
76,spotify:track:3xWGA8pa0IKFI7IMPri4P0
77,spotify:track:27ZZdyTSQWI7Cug2d2PkqV
78,spotify:track:2CewvqbfMOcnvYE3yayAJV
79,spotify:track:7DbdUf8aHSYoliSjO6LZv6
80,spotify:track:2B4GHvToeLTOBB4QLzW3Ni
81,spotify:track:4FXX4P3dxc1JMBx5wVRJ5N
82,spotify:track:1Ame8XTX6QHY0l0ahqUhgv
83,spotify:track:2kx5sQgmjYug0GiDh1a4sU
84,spotify:track:6Pk9SrYcNROzVANFESonWh
85,spotify:track:3yfqSUWxFvZELEM4PmlwIR
86,spotify:track:4RyN9ul6C39NdpjDE9XuK9
87,spotify:track:4Q664IuqC4LoEwmXeXB5EK
88,spotify:track:21MlfDYRjL0DuBbiCS9wlB
89,spotify:track:1DTVCRW8QPPteXXhBlohM2
90,spotify:track:7wdwIaXUuzlu1grzWMFRJm
91,spotify:track:2ptG9ihX35aWmz7EnsYXBe
92,spotify:track:41ZYUGtRGAi3SEx23AZXfB
93,spotify:track:2yjlYDiNiQkdxVqTlaSrlX
94,spotify:track:5hqxBvQJ3XJDSbxT9vyyqA
95,spotify:track:464F2a58LTaitVUFKvEm1J
96,spotify:track:3JXdzlvJJrKlmfBfoCLsOo
97,spotify:track:5XeFesFbtLpXzIVDNQP22n
98,spotify:track:1xK59OXxi2TAAAbmZK0kBL
99,spotify:track:3iYjUEMXpxiXUzKsLFuSNi
100,spotify:track:3kcKlOkQQEPVwxwljbGJ5p
101,spotify:track:0A1JLUlkZkp2EFrosoNQi0
102,spotify:track:5AcVJGTTLGM78ncDcFsNuf
103,spotify:track:1KKdLVAi0Z4YKrdiyQS3vF
104,spotify:track:2USlegnFJLrVLpoVfPimKB
105,spotify:track:6GomT970rCOkKAyyrwJeZi
106,spotify:track:2DB4DdfCFMw1iaR6JaR03a
107,spotify:track:7yq4Qj7cqayVTp3FF9CWbm
108,spotify:track:5TJEBoTCDbJXiKMdCN9pd3
109,spotify:track:4k6Uh1HXdhtusDW5y8Gbvy
110,spotify:track:2H7jZg2HliuQhZjfBblLrZ
111,spotify:track:0WtM2NBVQNNJLh6scP13H8
112,spotify:track:74loibzxXRL875X20kenvk
113,spotify:track:0FKw2vfEDxDuRisr4kU8Ok
114,spotify:track:6JIC3hbC28JZKZ8AlAqX8h
115,spotify:track:2sFsvaMRe8PKo5AFdBE9qC
116,spotify:track:75FEaRjZTKLhTrFGsfMUXR
117,spotify:track:4woTEX1wYOTGDqNXuavlRC
118,spotify:track:0wavGRldH0AWyu2zvTz8zb
119,spotify:track:0skgJbXMM4sPRwSKXvO2id
120,spotify:track:05Mp2UJulSttxQ4E6hQPH3
121,spotify:track:5TXDeTFVRVY7Cvt0Dw4vWW
122,spotify:track:5r43qanLhUCdBj8HN3fa6B
123,spotify:track:1v7L65Lzy0j0vdpRjJewt1
124,spotify:track:5PjdY0CKGZdEuoNab3yDmX
125,spotify:track:5gRXyFtArVXYk8OOSWIXBO
126,spotify:track:1Fid2jjqsHViMX6xNH70hE
127,spotify:track:3F5CgOj3wFlRv51JsHbxhe
128,spotify:track:24EDbIDzgg3R2KJU26hVX7
129,spotify:track:18asYwWugKjjsihZ0YvRxO
130,spotify:track:0QltWldlWMsdcxCgmJss3k
131,spotify:track:3eJH2nAjvNXdmPfBkALiPZ
132,spotify:track:6A3SB2C4U6JtCavQOXLYNN
133,spotify:track:3Oww84xrmgjyr5J1ilOmAf
134,spotify:track:0VjIjW4GlUZAMYd2vXMi3b
135,spotify:track:6weT0OACEb3e4KLQJInf4I
136,spotify:track:3BnDvpeuGOj21Ir2aVEtQo
137,spotify:track:2wGSgTmgSF3xjRrHkTc25R
138,spotify:track:1mea3bSkSGXuIRvnydlB5b
139,spotify:track:58HvfVOeJY7lUuCqF0m3ly
140,spotify:track:0u2P5u6lvoDfwTYjAADbn4
141,spotify:track:2DgdHcjWmO3qd50RzuBLgZ
142,spotify:track:5uSFGgIfHMT3osrAd9n9ym
143,spotify:track:4xkOaSrkexMciUUogZKVTS
144,spotify:track:2a1o6ZejUi8U3wzzOtCOYw
145,spotify:track:39JofJHEtg8I4fSyo7Imft
146,spotify:track:0C3shWEOObGT5IxApC7Mkg
147,spotify:track:3CIyK1V4JEJkg02E4EJnDl
148,spotify:track:2XXpLFPZGxgtohTd79DjZO
149,spotify:track:5J8dExRYBLUfvOSwfcuVD4
150,spotify:track:1FEiijYPJtyswChfcpv3p0
151,spotify:track:2LtD83L2gaZxvAqTaNw7EO
152,spotify:track:4N5s8lPTsjI9EGP7K4SXzB
153,spotify:track:2hBkoDhuGk2AtSCprEFDFP
154,spotify:track:7y2CanQNBGTd7EVJy80hLC
155,spotify:track:2tpWsVSb9UEmDRxAl1zhX1
156,spotify:track:3RM5RpRDDdST1njqOMG141
157,spotify:track:0JTz8ZeBJtnjRIWiJnHFdO
158,spotify:track:1jDJFeK9x3OZboIAHsY9k2
159,spotify:track:1cKHdTo9u0ZymJdPGSh6nq
160,spotify:track:3bfoE6deRVfiq1VBJcftti
161,spotify:track:34ZAzO78a5DAVNrYIGWcPm
162,spotify:track:5C3J3C5nzBclrE8xuW5UQ7
163,spotify:track:6ex1Pz3pntgy4NPtxHXN2V
164,spotify:track:7iL6o9tox1zgHpKUfh9vuC
165,spotify:track:63WuQOXohQIxOxIFA2K7bR
166,spotify:track:2jExme1T0ORJ0tL3pq5dhs
167,spotify:track:2L6hCTpUlR2p7Su3hiSB0s
168,spotify:track:6sS77FZh2eJfYBsFUW6hjI
169,spotify:track:6kvW6EI5UuqCmlp7L7HD9O
170,spotify:track:4jbmgIyjGoXjY01XxatOx6
171,spotify:track:3UmaczJpikHgJFyBTAJVoz
172,spotify:track:285pBltuF7vW8TeWk8hdRR
173,spotify:track:4kLLWz7srcuLKA7Et40PQR
174,spotify:track:0bYg9bo50gSsH3LtXe2SQn
175,spotify:track:7vmxzqidBt7y4FxRtsJBVV
176,spotify:track:6VhuP99TE6gYNQRJIlAWFD
177,spotify:track:3ZDXLSUZpKx8pspNBOdVr5
178,spotify:track:7qEHsqek33rTcFNT9PFqLf
179,spotify:track:7xTDT7gyIrv0xWpwwXExxU
180,spotify:track:4fouWK6XVHhzl78KzQ1UjL
181,spotify:track:52LJ3hyknOijCrE5gCD0rE
182,spotify:track:4pH8cIlMI9NrTWcDiQbuRe
183,spotify:track:1c2hJSwcCfoPEw1su83Sw0
184,spotify:track:5Zlb01Jcn0Ld49zazzZJSB
185,spotify:track:0uQbTk0GFM9PxE0rN1UWZb
186,spotify:track:3a0F2N6rXJSibQTp77xH4f
187,spotify:track:0j1whACQqbHlGzSZaUh6uR
188,spotify:track:4bHsxqR3GMrXTxEPLuK5ue
189,spotify:track:0ll8uFnc0nANY35E0Lfxvg
190,spotify:track:1R0a2iXumgCiFb7HEZ7gUE
191,spotify:track:5FkJHVudUByVjanCqFXRql
192,spotify:track:3pUa0ZxdSeaJXm0EIydD3F
193,spotify:track:0U1W2LZVUX7qTm7dDpqxh6
194,spotify:track:4UOXo3xWnxYdTf3sFyRaUG
195,spotify:track:6xGruZOHLs39ZbVccQTuPZ
196,spotify:track:0h14I7cPYi1RZG6GmVpMso
197,spotify:track:003vvx7Niy0yvhvHt4a68B
198,spotify:track:2FRnf9qhLbvw8fu4IBXx78
199,spotify:track:1zGmf1eHm0gYzhpGnUtnLC
