,uri
0,spotify:track:2dHHgzDwk4BJdRwy9uXhTO
1,spotify:track:3nqQXoyQOWXiESFLlDF1hG
2,spotify:track:0WtM2NBVQNNJLh6scP13H8
3,spotify:track:5IgjP7X4th6nMNDh4akUHb
4,spotify:track:1RDvyOk4WtPCtoqciJwVn8
5,spotify:track:4Dvkj6JhhA12EX05fT7y2e
6,spotify:track:1bDbXMyjaUIooNwFE9wn0N
7,spotify:track:0V3wPSX9ygBnCm8psDIegu
8,spotify:track:0vjeOZ3Ft5jvAi9SBFJm1j
9,spotify:track:0QHEIqNKsMoOY5urbzN48u
10,spotify:track:4WuOWVnAqvEQxgSRrspBgt
11,spotify:track:4uUG5RXrOk84mYEfFvj3cK
12,spotify:track:0bYg9bo50gSsH3LtXe2SQn
13,spotify:track:4h9wh7iOZ0GGn8QVp4RAOB
14,spotify:track:2LBqCSwhJGcFQeTHMVGwy3
15,spotify:track:2Hh3ETdQKrmSI3QS0hme7g
16,spotify:track:5WxVXxCMRnvxUKFq40ELwq
17,spotify:track:2FRnf9qhLbvw8fu4IBXx78
18,spotify:track:561jH07mF1jHuk7KlaeF0s
19,spotify:track:1pacwLXyRO47ka0v6LTIiY
20,spotify:track:4k6Uh1HXdhtusDW5y8Gbvy
21,spotify:track:1xK59OXxi2TAAAbmZK0kBL
22,spotify:track:5Odq8ohlgIbQKMZivbWkEo
23,spotify:track:5odlY52u43F5BjByhxg7wg
24,spotify:track:78Sw5GDo6AlGwTwanjXbGh
25,spotify:track:5p8ThxM2OhJ0igfxkz0Z1q
26,spotify:track:5XeFesFbtLpXzIVDNQP22n
27,spotify:track:7jtQIBanIiJOMS6RyCx6jZ
28,spotify:track:7MXVkk9YMctZqd1Srtv4MB
29,spotify:track:02MWAaffLxlfxAUY7c5dvx
30,spotify:track:5PjdY0CKGZdEuoNab3yDmX
31,spotify:track:2EjXfH91m7f8HiJN1yQg97
32,spotify:track:2Yt4SXIgmoaPZHGdRafp4P
33,spotify:track:3azJifCSqg9fRij2yKIbWz
34,spotify:track:0YFqKxV9uNu6LUeYkLOKRS
35,spotify:track:2QjOHCTQ1Jl3zawyYOpxh6
36,spotify:track:0lLdorYw7lVrJydTINhWdI
37,spotify:track:0O6u0VJ46W86TxN9wgyqDj
38,spotify:track:6VhuP99TE6gYNQRJIlAWFD
39,spotify:track:0lizgQ7Qw35od7CYaoMBZb
40,spotify:track:3NanY0K4okhIQzL33U5Ad8
41,spotify:track:5wG3HvLhF6Y5KTGlK0IW3J
42,spotify:track:221qmpQeBNV87sUjQeUTVH
43,spotify:track:1xzi1Jcr7mEi9K2RfzLOqS
44,spotify:track:3Hb9kUdm4yf839Fle4RIdT
45,spotify:track:7vQbuQcyTflfCIOu3Uzzya
46,spotify:track:1cKHdTo9u0ZymJdPGSh6nq
47,spotify:track:4ewazQLXFTDC8XvCbhvtXs
48,spotify:track:73vIOb4Q7YN6HeJTbscRx5
49,spotify:track:6I3mqTwhRpn34SLVafSH7G
50,spotify:track:4UMIv5jd9gK98a39BQRD9X
51,spotify:track:0o9zmvc5f3EFApU52PPIyW
52,spotify:track:1UsQe17Ef7tV1ahFqHEFR3
53,spotify:track:3rWDp9tBPQR9z6U5YyRSK4
54,spotify:track:2VtgzixdB967bHDNu5A1nh
55,spotify:track:2eAvDnpXP5W0cVtiI0PUxV
56,spotify:track:3BnDvpeuGOj21Ir2aVEtQo
57,spotify:track:11BKm0j4eYoCPPpCONAVwA
58,spotify:track:3LtpKP5abr2qqjunvjlX5i
59,spotify:track:0VjIjW4GlUZAMYd2vXMi3b
60,spotify:track:3F5CgOj3wFlRv51JsHbxhe
61,spotify:track:76OGwb5RA9h4FxQPT33ekc
62,spotify:track:6JIC3hbC28JZKZ8AlAqX8h
63,spotify:track:54ipXppHLA8U4yqpOFTUhr
64,spotify:track:4xqrdfXkTW4T0RauPLv3WA
65,spotify:track:2N9LEu6Pf8nDcp3GjWJT1Z
66,spotify:track:5QO79kh1waicV47BqGRL3g
67,spotify:track:5jQI2r1RdgtuT8S3iG8zFC
68,spotify:track:4h4QlmocP3IuwYEj2j14p8
69,spotify:track:7twsd0lwXyy0ARdsTyzHoJ
70,spotify:track:4FyesJzVpA39hbYvcseO2d
71,spotify:track:2WigMwGJysIh9fRnSJvpjn
72,spotify:track:7lvDsmTRXFE3dK4OjvRiWB
73,spotify:track:3AVrVz5rK8Hrqo9YGiVGN5
74,spotify:track:7uoFMmxln0GPXQ0AcCBXRq
75,spotify:track:26hOm7dTtBi0TdpDGl141t
76,spotify:track:7gRFDGEzF9UkBV233yv2dc
77,spotify:track:09mEdoA6zrmBPgTEN5qXmN
78,spotify:track:1Y3LN4zO1Edc2EluIoSPJN
79,spotify:track:0OoNzMdPSgbkM5MkcuEZfm
80,spotify:track:2uFaJJtFpPDc5Pa95XzTvg
81,spotify:track:22TFAU0e7WHAQFGzwneu1e
82,spotify:track:6sCvvleqKbeyOkQDieBYgp
83,spotify:track:21jGcNKet2qwijlDFuPiPb
84,spotify:track:5O2P9iiztwhomNh8xkR9lJ
85,spotify:track:6tjituizSxwSmBB5vtgHZE
86,spotify:track:3nAp4IvdMPPWEH9uuXFFV5
87,spotify:track:1IcR6RlgvDczfvoWJSSY2A
88,spotify:track:0RiRZpuVRbi7oqRdSMwhQY
89,spotify:track:5zwwW9Oq7ubSxoCGyW1nbY
90,spotify:track:2J2Z1SkXYghSajLibnQHOa
91,spotify:track:2Xr1dTzJee307rmrkt8c0g
92,spotify:track:58HvfVOeJY7lUuCqF0m3ly
93,spotify:track:5YbPxJwPfrj7uswNwoF1pJ
94,spotify:track:1wtOxkiel43cVs0Yux5Q4h
95,spotify:track:6qyS9qBy0mEk3qYaH8mPss
96,spotify:track:5nujrmhLynf4yMoMtj8AQF
97,spotify:track:3xWGA8pa0IKFI7IMPri4P0
98,spotify:track:0u2P5u6lvoDfwTYjAADbn4
99,spotify:track:3uUuGVFu1V7jTQL60S1r8z
100,spotify:track:0AoBY2Y3qs6dtGgOD6c91N
101,spotify:track:3SsJ17EnPIu1B4GZshqjIS
102,spotify:track:46IZ0fSY2mpAiktS3KOqds
103,spotify:track:7DbdUf8aHSYoliSjO6LZv6
104,spotify:track:59nOXPmaKlBfGMDeOVGrIK
105,spotify:track:58ge6dfP91o9oXMzq3XkIS
106,spotify:track:1oFAF1hdPOickyHgbuRjyX
107,spotify:track:34ZAzO78a5DAVNrYIGWcPm
108,spotify:track:2KLwPaRDOB87XOYAT2fgxh
109,spotify:track:2yjlYDiNiQkdxVqTlaSrlX
110,spotify:track:2m6Ko3CY1qXNNja8AlugNc
111,spotify:track:4fsQ0K37TOXa3hEQfjEic1
112,spotify:track:4qu63nuBpdn0qHUHuObEj1
113,spotify:track:6bNB5gxFX6Q87DbQWb8OWZ
114,spotify:track:6UelLqGlWMcVH1E5c4H7lY
115,spotify:track:46HNZY1i7O6jwTA7Slo2PI
116,spotify:track:7xapw9Oy21WpfEcib2ErSA
117,spotify:track:7ef4DlsgrMEH11cDZd32M6
118,spotify:track:6ex1Pz3pntgy4NPtxHXN2V
119,spotify:track:0VO8gYVDSwM1Qdd2GsMoYK
120,spotify:track:1qEmFfgcLObUfQm0j1W2CK
121,spotify:track:4a1fh9vJMMoRjNrBmEWoM0
122,spotify:track:3qCeq0rWK67SoBDgFd2sId
123,spotify:track:6HMtHNpW6YPi1hrw9tgF8P
124,spotify:track:3eX0NZfLtGzoLUxPNvRfqm
125,spotify:track:4D7BCuvgdJlYvlX5WlN54t
126,spotify:track:2DB4DdfCFMw1iaR6JaR03a
127,spotify:track:3EaJDYHA0KnX88JvDhL9oa
128,spotify:track:6Uj1ctrBOjOas8xZXGqKk4
129,spotify:track:12hD59WtTU92K1VcCXqLlw
130,spotify:track:2p8IUWQDrpjuFltbdgLOag
131,spotify:track:3CIyK1V4JEJkg02E4EJnDl
132,spotify:track:08Isz2ETWSBhvIl8UpKYsp
133,spotify:track:5Z9KJZvQzH6PFmb8SNkxuk
134,spotify:track:7qEHsqek33rTcFNT9PFqLf
135,spotify:track:37F7E7BKEw2E4O2L7u0IEp
136,spotify:track:3qoftcUZaUOncvIYjFSPdE
137,spotify:track:0mL82sxCRjrs3br407IdJh
138,spotify:track:0h7QMc9ZRzA9QJrbEHytn2
139,spotify:track:69xohKu8C1fsflYAiSNbwM
140,spotify:track:38T0tPVZHcPZyhtOcCP7pF
141,spotify:track:4woTEX1wYOTGDqNXuavlRC
142,spotify:track:68Dni7IE4VyPkTOH9mRWHr
143,spotify:track:1aL9518P5G72N92b48tuKw
144,spotify:track:2ksyzVfU0WJoBpu8otr4pz
145,spotify:track:0tgVpDi06FyKpA1z0VMD4v
146,spotify:track:0e7ipj03S05BNilyu5bRzt
147,spotify:track:0HaRLPnr887lcQM2YQzkff
148,spotify:track:2tTmW7RDtMQtBk7m2rYeSw
149,spotify:track:1jEBSDN5vYViJQr78W7jr2
150,spotify:track:3GYlZ7tbxLOxe6ewMNVTkw
151,spotify:track:2vXKRlJBXyOcvZYTdNeckS
152,spotify:track:40xpKrnumGPEvHcw1kuL9R
153,spotify:track:139nCjBRQCLgnWNRxBKAC7
154,spotify:track:27ZZdyTSQWI7Cug2d2PkqV
155,spotify:track:5ww2BF9slyYgNOk37BlC4u
156,spotify:track:1zi7xx7UVEFkmKfv06H8x0
157,spotify:track:5AmBIWCnsLscPSYsfCApBy
158,spotify:track:1u8c2t2Cy7UBoG4ArRcF5g
159,spotify:track:3hxIUxnT27p5WcmjGUXNwx
160,spotify:track:2TE4xW3ImvpltVU0cPcKUn
161,spotify:track:2K7xn816oNHJZ0aVqdQsha
162,spotify:track:0QzuaeCEEOV40Pn7IvKEny
163,spotify:track:7yBEKiv1LmO7GM4rOejhcW
164,spotify:track:5uCax9HTNlzGybIStD3vDh
165,spotify:track:2L0PRavRIQIjVcZK4Qgfgi
166,spotify:track:5TXDeTFVRVY7Cvt0Dw4vWW
167,spotify:track:0yCWDaAgOtg6TKlNCg9rwA
168,spotify:track:4zN21mbAuaD0WqtmaTZZeP
169,spotify:track:5gDWsRxpJ2lZAffh5p7K0w
170,spotify:track:7fUYUcWy853HS8YJn0b3Sr
171,spotify:track:6BePGk3eCan4FqaW2X8Qy3
172,spotify:track:7H0ya83CMmgFcOhw0UB6ow
173,spotify:track:34tz0eDhGuFErIuW3q4mPX
174,spotify:track:7KokYm8cMIXCsGVmUvKtqf
175,spotify:track:7fBv7CLKzipRk6EC6TWHOB
176,spotify:track:1Fid2jjqsHViMX6xNH70hE
177,spotify:track:4rPJSqrov3zqGwXlemLBMw
178,spotify:track:40SuiVcQ5NyDk48nZSADK3
179,spotify:track:50y0OQgar3BnwTt1pXdYsM
180,spotify:track:1IHWl5LamUGEuP4ozKQSXZ
181,spotify:track:1nltpRhEiXikwDlVn4UADk
182,spotify:track:4cktbXiXOapiLBMprHFErI
183,spotify:track:1FEiijYPJtyswChfcpv3p0
184,spotify:track:1Nr46gjiP50uPsz30gYhAd
185,spotify:track:5FkJHVudUByVjanCqFXRql
186,spotify:track:6pcywuOeGGWeOQzdUyti6k
187,spotify:track:4Yg2w0P29BBBMixyeNjDtj
188,spotify:track:2qxmye6gAegTMjLKEBoR3d
189,spotify:track:37vVp2sWHuuIBOSl1NswP6
190,spotify:track:1mea3bSkSGXuIRvnydlB5b
191,spotify:track:7vPMugKcYwnX9Dh7SrLFHF
192,spotify:track:4iJyoBOLtHqaGxP12qzhQI
193,spotify:track:2BgEsaKNfHUdlh97KmvFyo
194,spotify:track:1XGmzt0PVuFgQYYnV2It7A
195,spotify:track:4SqWKzw0CbA05TGszDgMlc
196,spotify:track:29m79w9xPMH4YCD6r8JSmV
197,spotify:track:47sq83n5WN22ZzYnGn8aTy
198,spotify:track:1418IuVKQPTYqt7QNJ9RXN
199,spotify:track:0pqnGHJpmpxLKifKRmU6WP
