,uri
0,spotify:track:02MWAaffLxlfxAUY7c5dvx
1,spotify:track:4fouWK6XVHhzl78KzQ1UjL
2,spotify:track:6lgIi3ixBsr4cMt3r19yX9
3,spotify:track:2USlegnFJLrVLpoVfPimKB
4,spotify:track:63JrADDfrcjOaI6lyVkN3c
5,spotify:track:18asYwWugKjjsihZ0YvRxO
6,spotify:track:1CsuHmKOfCYxPoO4xjlAWV
7,spotify:track:3uUuGVFu1V7jTQL60S1r8z
8,spotify:track:1HhNoOuqm1a5MXYEgAFl8o
9,spotify:track:1YR7VB3xx85Iad2n3soyMb
10,spotify:track:5PjdY0CKGZdEuoNab3yDmX
11,spotify:track:3Oww84xrmgjyr5J1ilOmAf
12,spotify:track:2B4GHvToeLTOBB4QLzW3Ni
13,spotify:track:7rglLriMNBPAyuJOMGwi39
14,spotify:track:20on25jryn53hWghthWWW3
15,spotify:track:2toEys3zZ8rRB242Na7FZh
16,spotify:track:50nfwKoDiSYg8zOCREWAm5
17,spotify:track:5QJoojtfYodIvWSfpeCcHh
18,spotify:track:0QBzMgT7NIeoCYy3sJCof1
19,spotify:track:7jtQIBanIiJOMS6RyCx6jZ
20,spotify:track:1SOClUWhOi8vHZYMz3GluK
21,spotify:track:0e8nrvls4Qqv5Rfa2UhqmO
22,spotify:track:46IZ0fSY2mpAiktS3KOqds
23,spotify:track:3Mcxi78U3lCjt8DMKa6YY4
24,spotify:track:5vUnjhBzRJJIAOJPde6zDx
25,spotify:track:6phZ9iQDWrB11ZPRjNDdNS
26,spotify:track:4NMkT5dgzOk7xhcNe9lsGs
27,spotify:track:6Y46tOTRhkBamosyuWa6YX
28,spotify:track:58HvfVOeJY7lUuCqF0m3ly
29,spotify:track:3rmo8F54jFF8OgYsqTxm5d
30,spotify:track:3yMC1KsTwh0ceXdIe4QQAQ
31,spotify:track:6w2jx3gzQAtoKP22czcANv
32,spotify:track:5cqLFudVQryezmVFmmyRJN
33,spotify:track:0IuVhCflrQPMGRrOyoY5RW
34,spotify:track:5Z9KJZvQzH6PFmb8SNkxuk
35,spotify:track:4KHXk0rTD80mEf7bbdK29j
36,spotify:track:6lZ5p6VTbZ2ZvnsdTlLv7I
37,spotify:track:6HTJgY7iWWlVLSDHsfHePf
38,spotify:track:3gAEAmxdP1GIjgQ3Zud2mE
39,spotify:track:4abfmTMCQDA1VPamAm3c3j
40,spotify:track:2Xr1dTzJee307rmrkt8c0g
41,spotify:track:4ZtFanR9U6ndgddUvNcjcG
42,spotify:track:0iqk44gA8PaId0Fwa6eesN
43,spotify:track:6Uj1ctrBOjOas8xZXGqKk4
44,spotify:track:59CfNbkERJ3NoTXDvoURjj
45,spotify:track:5Vrrxddu2CDh1wfysRPZJZ
46,spotify:track:6I3mqTwhRpn34SLVafSH7G
47,spotify:track:6sutxiq0dIw77z0rCB3Ekk
48,spotify:track:2gpWyfu7eZ01zzncHpxOtA
49,spotify:track:531KGXtBroSrOX9LVmiIgc
50,spotify:track:135Lf4Q0CzlMNfOxbEUsLH
51,spotify:track:0w6lsLBvhtGcqMYA7MB7r6
52,spotify:track:3Kkjo3cT83cw09VJyrLNwX
53,spotify:track:1nH2PkJL1XoUq8oE6tBZoU
54,spotify:track:0VjIjW4GlUZAMYd2vXMi3b
55,spotify:track:0JpEMzTHbt2zBIXrntrXzG
56,spotify:track:7lP1zUASWfS5TLBdQDj3DA
57,spotify:track:46vfSYsDJZaNQcD4YvT8GD
58,spotify:track:22skzmqfdWrjJylampe0kt
59,spotify:track:3sa06xVNmLLYIxdNNmVQN8
60,spotify:track:1T3fp4AZDhBeQSESi6LO8k
61,spotify:track:46HNZY1i7O6jwTA7Slo2PI
62,spotify:track:6GomT970rCOkKAyyrwJeZi
63,spotify:track:2HuKldpsM7am5Hd8uSh7T1
64,spotify:track:4VgSGm7CroAlCCt9GKQ75Z
65,spotify:track:04zzaZmF7rn0AkvOTiYhHy
66,spotify:track:1bwhDrXcAtqePp8mNJ0pTe
67,spotify:track:5S12Ds2RswM2ITC0u1J01f
68,spotify:track:2KnLkZ3z7PO3kgVGHGqDpD
69,spotify:track:3AVXwaOGCEL8cmBecfcsFJ
70,spotify:track:75UUG6x5zQe0gCVOiQpa6X
71,spotify:track:5ioieZofgvXQK70RFhVohl
72,spotify:track:6OufwUcCqo81guU2jAlDVP
73,spotify:track:4cG7HUWYHBV6R6tHn1gxrl
74,spotify:track:3Wrjm47oTz2sjIgck11l5e
75,spotify:track:62UFeHhvgSjvEJ12Kwjc4p
76,spotify:track:5iFQfP3AqVnHHS89LKQisL
77,spotify:track:0P88fVbvRQGgRQN1GulQNy
78,spotify:track:3eJH2nAjvNXdmPfBkALiPZ
79,spotify:track:79JuksO8bRLKojdLSArnvL
80,spotify:track:5wANPM4fQCJwkGd4rN57mH
81,spotify:track:3uwnnTQcHM1rDqSfA4gQNz
82,spotify:track:4btFHqumCO31GksfuBLLv3
83,spotify:track:6VOUfCrjmxH62oijWgbC6O
84,spotify:track:4hJhHbkhZFnxmWbAkZRoe0
85,spotify:track:1SC5rEoYDGUK4NfG82494W
86,spotify:track:0iVkWge9ytV4Scgy2hQ2za
87,spotify:track:4kLLWz7srcuLKA7Et40PQR
88,spotify:track:2bdqU7C4softKNcMYDFi96
89,spotify:track:1UQFu4cgJDIcE7zoBPHwY4
90,spotify:track:2VxeLyX666F8uXCJ0dZF8B
91,spotify:track:7fWotHT92my4vLN713vFTa
92,spotify:track:6f3Slt0GbA2bPZlz0aIFXN
93,spotify:track:6aZPMuJetqwKQCPClCNgd3
94,spotify:track:503OTo2dSqe7qk76rgsbep
95,spotify:track:4GmRnc9J8GBBkVHUtihE3Z
96,spotify:track:1F80MEkZA9yTlpMQp9dhht
97,spotify:track:1DIXPcTDzTj8ZMHt3PDt8p
98,spotify:track:2QjOHCTQ1Jl3zawyYOpxh6
99,spotify:track:7yq4Qj7cqayVTp3FF9CWbm
100,spotify:track:0HqZX76SFLDz2aW8aiqi7G
101,spotify:track:5jHfomwwBzN6rD2ByERafC
102,spotify:track:7qEHsqek33rTcFNT9PFqLf
103,spotify:track:1ZdhOMWyFR8Iv9eylMGYg2
104,spotify:track:1cgRpYVOkYnxomkDpYLyba
105,spotify:track:2fuWIFyY452wmNOoT32EB8
106,spotify:track:1J14CdDAvBTE1AJYUOwl6C
107,spotify:track:7lQ8MOhq6IN2w8EYcFNSUk
108,spotify:track:1v7L65Lzy0j0vdpRjJewt1
109,spotify:track:0u2P5u6lvoDfwTYjAADbn4
110,spotify:track:2N8m6CYs74qQO4mjVcXO30
111,spotify:track:3yfqSUWxFvZELEM4PmlwIR
112,spotify:track:5r43qanLhUCdBj8HN3fa6B
113,spotify:track:2ewjMyCbNv2X1dB2qIDCwD
114,spotify:track:4vHy2IHzf3EabEa7oMpUZB
115,spotify:track:6Dy1jexKYriXAVG6evyUTJ
116,spotify:track:0nrRP2bk19rLc0orkWPQk2
117,spotify:track:5902W4uHWzhtOff1UK7the
118,spotify:track:5QO79kh1waicV47BqGRL3g
119,spotify:track:1pz6PTEHHrXWvkm6ktNUhm
120,spotify:track:5nujrmhLynf4yMoMtj8AQF
121,spotify:track:2tpWsVSb9UEmDRxAl1zhX1
122,spotify:track:3Z1S7uxHbrgohpZPLEL02w
123,spotify:track:09IE6tsb0tL0VLGH4GxCOO
124,spotify:track:717QGTmZdkemDaCo1vQHG0
125,spotify:track:52xJxFP6TqMuO4Yt0eOkMz
126,spotify:track:0gucTLf7trAf37Ua1uAyAu
127,spotify:track:3UmaczJpikHgJFyBTAJVoz
128,spotify:track:0pqnGHJpmpxLKifKRmU6WP
129,spotify:track:3F1P0QzdXtBz0MXy7KIO5w
130,spotify:track:3Iba59sFmGhQ4kbCY5L8AX
131,spotify:track:6UelLqGlWMcVH1E5c4H7lY
132,spotify:track:2GiZ3sC2p1Cc2t2gbdMKsN
133,spotify:track:2GYHyAoLWpkxLVa4oYTVko
134,spotify:track:0Kvkx0NcqsdYOhQzYfDuDZ
135,spotify:track:13UfB1tm7QYrhtW8FhPYmW
136,spotify:track:01F3XjTDNiB5v3hfAPi7qT
137,spotify:track:2Foc5Q5nqNiosCNqttzHof
138,spotify:track:2eAvDnpXP5W0cVtiI0PUxV
139,spotify:track:3IAfUEeaXRX9s9UdKOJrFI
140,spotify:track:7DFNE7NO0raLIUbgzY2rzm
141,spotify:track:5UlnuulVAVmmesw4VzqHdG
142,spotify:track:0bBd6K5X4W7t9GyXcaVOA7
143,spotify:track:3U4isOIWM3VvDubwSI3y7a
144,spotify:track:4u7EnebtmKWzUH433cf5Qv
145,spotify:track:2K7xn816oNHJZ0aVqdQsha
146,spotify:track:4RVwu0g32PAqgUiJoXsdF8
147,spotify:track:5YoDQgB4j7oBHWXH3DcwFD
148,spotify:track:1xN6sq9RPSakAs4FlSsnhM
149,spotify:track:5CZ40GBx1sQ9agT82CLQCT
150,spotify:track:4oxGI8yyghLuMV7ybRG3kg
151,spotify:track:0i0ESj6M9eV8ck3LP07QzD
152,spotify:track:4jPy3l0RUwlUI9T5XHBW2m
153,spotify:track:34dx8DACTJsc3rsJdaEIQw
154,spotify:track:4pt5fDVTg5GhEvEtlz9dKk
155,spotify:track:4SsSjoHtxj70UG5W88i0Dy
156,spotify:track:0ct6r3EGTcMLPtrXHDvVjc
157,spotify:track:7dDrR6vMK1JAwZZ5MIWgme
158,spotify:track:1mea3bSkSGXuIRvnydlB5b
159,spotify:track:5TXDeTFVRVY7Cvt0Dw4vWW
160,spotify:track:0DGTcMqvVR7fmBXgiG6jz4
161,spotify:track:2gMXnyrvIjhVBUZwvLZDMP
162,spotify:track:003vvx7Niy0yvhvHt4a68B
163,spotify:track:3dYD57lRAUcMHufyqn9GcI
164,spotify:track:3nOz1U41SZZ0N3fuUWr9nb
165,spotify:track:6cx06DFPPHchuUAcTxznu9
166,spotify:track:6tDA5289CCJ4S4wiZPMLuN
167,spotify:track:2374M0fQpWi3dLnB54qaLX
168,spotify:track:6feiJqgHqeSvkGUzf11AYs
169,spotify:track:7iL6o9tox1zgHpKUfh9vuC
170,spotify:track:5gflgO9EPbIBf16n5TKnQS
171,spotify:track:4SqWKzw0CbA05TGszDgMlc
172,spotify:track:1XGmzt0PVuFgQYYnV2It7A
173,spotify:track:2a1o6ZejUi8U3wzzOtCOYw
174,spotify:track:1O1EqgvgRyj1ejZPUxI0UX
175,spotify:track:4UODKxJsed18nmaqfw6LAC
176,spotify:track:4IbDTrLxImTJfZePAX2nKB
177,spotify:track:1jDJFeK9x3OZboIAHsY9k2
178,spotify:track:3DarAbFujv6eYNliUTyqtz
179,spotify:track:5T8EDUDqKcs6OSOwEsfqG7
180,spotify:track:0Jh6iWjna1wk5le0Ahn7No
181,spotify:track:6IAZHEBUIGJ6NJKxxOBIEr
182,spotify:track:7qiZfU4dY1lWllzX7mPBI3
183,spotify:track:2gQPv5jvVPqU2a9HhMNO1v
184,spotify:track:3GZD6HmiNUhxXYf8Gch723
185,spotify:track:5qqabIl2vWzo9ApSC317sa
186,spotify:track:0V5cvmTKsYmF5FmGGEAfmS
187,spotify:track:5g7sDjBhZ4I3gcFIpkrLuI
188,spotify:track:6lknMmJZALXxx7emwwZWLX
189,spotify:track:0oA9wBGDY4uyILLg4GymWP
190,spotify:track:0fukO3WYYUHaXOrvEohpEG
191,spotify:track:3gbBpTdY8lnQwqxNCcf795
192,spotify:track:45bE4HXI0AwGZXfZtMp8JR
193,spotify:track:5YaskwnGDZFDRipaqzbwQx
194,spotify:track:2tnVG71enUj33Ic2nFN6kZ
195,spotify:track:6N1K5OVVCopBjGViHs2IvP
196,spotify:track:2igwFfvr1OAGX9SKDCPBwO
197,spotify:track:37Tmv4NnfQeb0ZgUC4fOJj
198,spotify:track:5Z8Dj3LtbyCMiwE86rhg2f
199,spotify:track:3tBZ60j1jQ7NJm8IjelyQe
