﻿rank,uri,artist_names,track_name,source,peak_rank,previous_rank,weeks_on_chart,streams
1,"spotify:track:4Dvkj6JhhA12EX05fT7y2e","Harry Styles","As It Was","Columbia",1,2,11,"52664030"
2,"spotify:track:75FEaRjZTKLhTrFGsfMUXR","Kate Bush","Running Up That Hill (A Deal With God)","Fish People",1,1,3,"48454109"
3,"spotify:track:6Sq7ltF9Qa7SNFBsV5Cogx","Bad Bunny, Chencho Corleone","Me Porto Bonito","Rimas Entertainment LLC",2,3,6,"39250562"
4,"spotify:track:6xGruZOHLs39ZbVccQTuPZ","Joji","Glimpse of Us","88rising Music/Warner Records",4,-1,1,"36890599"
5,"spotify:track:3k3NWokhRRkEPhCzPmV8TW","Bad Bunny, Bomba Estéreo","Ojitos Lindos","Rimas Entertainment LLC",3,4,6,"35698157"
6,"spotify:track:1IHWl5LamUGEuP4ozKQSXZ","Bad Bunny","Tití Me Preguntó","Rimas Entertainment LLC",5,5,6,"33246446"
7,"spotify:track:10SRMwb9EuVS1K9rYsBfHQ","BTS","Yet To Come","BIGHIT MUSIC",7,-1,1,"31936642"
8,"spotify:track:6Xom58OOXk2SoU711L2IXO","Bad Bunny","Moscow Mule","Rimas Entertainment LLC",2,6,6,"26468494"
9,"spotify:track:5Eax0qFko2dh7Rl2lYs3bx","Bad Bunny","Efecto","Rimas Entertainment LLC",7,7,6,"26181330"
10,"spotify:track:7dSZ6zGTQx66c2GF91xCrb","KAROL G","PROVENZA","UMLE - Latino",6,9,8,"24369831"
11,"spotify:track:69xohKu8C1fsflYAiSNbwM","BTS","Run BTS","BIGHIT MUSIC",11,-1,1,"23885529"
12,"spotify:track:1PckUlxKqWQs3RlWXVBLw3","Lizzo","About Damn Time","Nice Life/Atlantic",9,12,7,"23057684"
13,"spotify:track:02MWAaffLxlfxAUY7c5dvx","Glass Animals","Heat Waves","Polydor Records",1,13,77,"22959921"
14,"spotify:track:2rurDawMfoKP4uHyb2kJBt","Shakira, Rauw Alejandro","Te Felicito","Sony Music Latin",14,15,8,"22642420"
15,"spotify:track:4tYFy8ALRjIZvnvSLw5lxN","Bad Bunny, Rauw Alejandro","Party","Rimas Entertainment LLC",6,11,6,"22475693"
16,"spotify:track:1qEmFfgcLObUfQm0j1W2CK","Harry Styles","Late Night Talking","Columbia",2,8,4,"21830469"
17,"spotify:track:0wHFktze2PHC5jDt3B17DC","Jack Harlow","First Class","Generation Now/Atlantic",2,14,10,"20258576"
18,"spotify:track:5PjdY0CKGZdEuoNab3yDmX","The Kid LAROI, Justin Bieber","STAY (with Justin Bieber)","Columbia",1,16,49,"18854209"
19,"spotify:track:2DB4DdfCFMw1iaR6JaR03a","Camila Cabello, Ed Sheeran","Bam Bam (feat. Ed Sheeran)","Epic",5,17,15,"18645803"
20,"spotify:track:0O6u0VJ46W86TxN9wgyqDj","Post Malone, Doja Cat","I Like You (A Happier Song) (with Doja Cat)","Mercury Records/Republic Records",10,10,2,"18615102"
21,"spotify:track:41oY4WCTj5kccfesTVFnvN","Bad Bunny, JhayCo","Tarot","Rimas Entertainment LLC",9,19,6,"18203495"
22,"spotify:track:6JIC3hbC28JZKZ8AlAqX8h","Elton John, Dua Lipa, PNAU","Cold Heart - PNAU Remix","EMI",4,21,44,"16721006"
23,"spotify:track:1dm6z1fWB0cErMszU25dy2","Bad Bunny","Después de la Playa","Rimas Entertainment LLC",7,20,6,"16406414"
24,"spotify:track:58HvfVOeJY7lUuCqF0m3ly","Elley Duhé","MIDDLE OF THE NIGHT","Not Fit For Society/RCA Records",11,22,25,"15715843"
25,"spotify:track:7FlQk2gJ6TBrHHiidvdR2O","Becky G, KAROL G","MAMIII","Kemosabe Records/RCA Records",5,27,18,"14668869"
26,"spotify:track:1O2pcBJGej0pmH2Y9XZMs6","Cris Mj","Una Noche en Medellín","Nabru Records LLC",9,28,16,"14327327"
27,"spotify:track:6I3mqTwhRpn34SLVafSH7G","Justin Bieber","Ghost","RBMG/Def Jam",11,23,39,"14313620"
28,"spotify:track:1HhNoOuqm1a5MXYEgAFl8o","Imagine Dragons, JID, Arcane, League of Legends","Enemy (with JID) - from the series Arcane League of Legends","Kid Ina Korner / Interscope",3,25,33,"13884842"
29,"spotify:track:5CzixCxDkRXX9mScCmah8O","Bad Bunny","Un Ratito","Rimas Entertainment LLC",10,24,6,"13840925"
30,"spotify:track:4JzCFEc3O2UEdjKzevvFH5","BTS","For Youth","BIGHIT MUSIC",30,-1,1,"13820366"
31,"spotify:track:0T5iIrXA4p5GsubkhuBIKV","Stephen Sanchez","Until I Found You","Republic Records",30,30,6,"13618629"
32,"spotify:track:32vE1nuG8T9c8bhmZdRY6d","Post Malone, Roddy Ricch","Cooped Up (with Roddy Ricch)","Mercury Records/Republic Records",18,18,5,"13584966"
33,"spotify:track:5Z9KJZvQzH6PFmb8SNkxuk","Lil Nas X, Jack Harlow","INDUSTRY BABY (feat. Jack Harlow)","Columbia",2,32,47,"13539430"
34,"spotify:track:7ef4DlsgrMEH11cDZd32M6","Calvin Harris, Dua Lipa","One Kiss (with Dua Lipa)","Sony Music UK",2,36,75,"13452553"
35,"spotify:track:6Uj1ctrBOjOas8xZXGqKk4","Doja Cat","Woman","Kemosabe Records/RCA Records",6,31,49,"13230547"
36,"spotify:track:50nfwKoDiSYg8zOCREWAm5","Ed Sheeran","Shivers","Atlantic Records UK",4,34,40,"12883447"
37,"spotify:track:3uUuGVFu1V7jTQL60S1r8z","Lost Frequencies, Calum Scott","Where Are You Now","Epic Amsterdam",18,38,41,"12725564"
38,"spotify:track:59nOXPmaKlBfGMDeOVGrIK","Future, Drake, Tems","WAIT FOR U (feat. Drake & Tems)","Epic/Freebandz",10,35,7,"12627490"
39,"spotify:track:5LYMamLv12UPbemOaTPyeV","Harry Styles","Music For a Sushi Restaurant","Columbia",6,29,4,"12621986"
40,"spotify:track:6mmPpaltUZK7xjNlBPQQ0p","Rauw Alejandro, Chencho Corleone","Desesperados","Sony Music Latin/Duars Entertainment",8,37,27,"12607725"
41,"spotify:track:1797zYiX4cKosMH836X9Gt","Bad Bunny, Tony Dize","La Corriente","Rimas Entertainment LLC",17,45,6,"12473318"
42,"spotify:track:0OTNHGKcqQbk51bOYe462Y","Polimá Westcoast, Pailita","ULTRA SOLO","Sony Music Entertainment Chile S.A",42,44,8,"12300861"
43,"spotify:track:1IthE5GNiRzFN5CVaCa445","BTS","Born Singer","BIGHIT MUSIC",43,-1,1,"12201544"
44,"spotify:track:6uvh0In7u1Xn4HgxOfAn8O","Harry Styles","Matilda","Columbia",5,26,4,"12118796"
45,"spotify:track:31i56LZnwE6uSu3exoHjtB","Bad Bunny","Neverita","Rimas Entertainment LLC",15,43,6,"11780986"
46,"spotify:track:5kVZxyMY1gfdCLiChsfjn1","Bad Bunny","Yo No Soy Celoso","Rimas Entertainment LLC",11,40,6,"11649041"
47,"spotify:track:2QjOHCTQ1Jl3zawyYOpxh6","The Neighbourhood","Sweater Weather","Columbia",29,52,94,"11629225"
48,"spotify:track:0VjIjW4GlUZAMYd2vXMi3b","The Weeknd","Blinding Lights","Republic Records",1,58,133,"11494478"
49,"spotify:track:51Zw1cKDgkad0CXv23HCMU","Harry Styles","Daylight","Columbia",10,33,4,"11178207"
50,"spotify:track:3FkeNbs9Zeiqkr3WkbOiGp","Anitta","Envolver","Warner Records",2,39,15,"11156430"
51,"spotify:track:4h9wh7iOZ0GGn8QVp4RAOB","OneRepublic","I Ain't Worried","Interscope Records",51,139,2,"10991400"
52,"spotify:track:44XjoNvtwevktFKjvVe1vH","Bad Bunny, Buscabulla","Andrea","Rimas Entertainment LLC",21,53,6,"10875554"
53,"spotify:track:3S68RFe1lsdCdTMPIMJM3X","Pharrell Williams, 21 Savage, Tyler, The Creator","Cash In Cash Out","Columbia",53,-1,1,"10861075"
54,"spotify:track:7jtQIBanIiJOMS6RyCx6jZ","Tom Odell","Another Love","ITNO/Columbia",29,56,62,"10849689"
55,"spotify:track:2eAvDnpXP5W0cVtiI0PUxV","Ruth B.","Dandelions","Columbia",34,59,44,"10735745"
56,"spotify:track:2uflssWlCaJ6CbTMOsUpNI","Bad Bunny","Aguacero","Rimas Entertainment LLC",22,48,6,"10701631"
57,"spotify:track:4ZtFanR9U6ndgddUvNcjcG","Olivia Rodrigo","good 4 u","Olivia Rodrigo PS",1,51,57,"10701527"
58,"spotify:track:6UelLqGlWMcVH1E5c4H7lY","Harry Styles","Watermelon Sugar","Columbia",4,60,135,"10678545"
59,"spotify:track:3rmo8F54jFF8OgYsqTxm5d","Ed Sheeran","Bad Habits","Atlantic Records UK",3,49,51,"10655534"
60,"spotify:track:7fYRg3CEbk6rNCuzNzMT06","Calvin Harris, Dua Lipa, Young Thug","Potion (with Dua Lipa & Young Thug)","Columbia",26,41,3,"10606987"
61,"spotify:track:2B4GHvToeLTOBB4QLzW3Ni","Farruko","Pepas","Sony Music Latin",4,65,49,"10552629"
62,"spotify:track:46IZ0fSY2mpAiktS3KOqds","Adele","Easy On Me","Columbia",1,57,35,"10454626"
63,"spotify:track:28GCbKgjlVD9eDmasGbe0T","Bad Bunny","Me Fui de Vacaciones","Rimas Entertainment LLC",14,50,6,"10391200"
64,"spotify:track:6y8z28epOv5FlaxDv1Lo5B","Ryan Castro","Jordan","King Records",33,46,16,"10292718"
65,"spotify:track:0e8nrvls4Qqv5Rfa2UhqmO","Lil Nas X","THATS WHAT I WANT","Columbia",3,62,39,"10201641"
66,"spotify:track:18asYwWugKjjsihZ0YvRxO","Tiësto, Ava Max","The Motto","Atlantic Records",22,63,32,"10179135"
67,"spotify:track:4h4QlmocP3IuwYEj2j14p8","Nicky Youre, dazy","Sunroof","Thirty Knots/Columbia",67,78,6,"10003869"
68,"spotify:track:0hquQWY3xvYqN4qtiquniF","Doja Cat","Vegas (From the Original Motion Picture Soundtrack ELVIS)","Kemosabe Records/RCA Records",68,124,2,"9927266"
69,"spotify:track:4fouWK6XVHhzl78KzQ1UjL","GAYLE","abcdefu","Atlantic/Arthouse Records",1,54,31,"9761414"
70,"spotify:track:0y60itmpH0aPKsFiGxmtnh","WILLOW","Wait a Minute!","Roc Nation W Smith P&D",28,66,13,"9722930"
71,"spotify:track:5nujrmhLynf4yMoMtj8AQF","Dua Lipa, DaBaby","Levitating (feat. DaBaby)","Warner Records",4,77,89,"9537608"
72,"spotify:track:46HNZY1i7O6jwTA7Slo2PI","Coldplay, BTS","My Universe","Parlophone UK",3,68,38,"9536732"
73,"spotify:track:6DoL1yYIwEW7VZMRaJhoJI","Chris Jedi, Anuel AA, Chencho Corleone, Ñengo Flow","La Llevo Al Cielo (Ft. Ñengo Flow)","UMLE - Latino",72,72,4,"9499747"
74,"spotify:track:4d4ZXH4dr5bYfgErHiZCX2","Bad Bunny","Dos Mil 16","Rimas Entertainment LLC",19,82,6,"9407306"
75,"spotify:track:6VrQTLzzuyGIYjUDe4kAZk","Bad Bunny","Un Coco","Rimas Entertainment LLC",25,70,6,"9345514"
76,"spotify:track:1UdzJEpgJxtuXAlCOvD4S0","Danny Ocean","Fuera del mercado","Atlantic Records",22,76,13,"9292382"
77,"spotify:track:3i058E8uxTsYqJ5NWZzqSj","Harry Styles","Little Freak","Columbia",8,47,4,"9253874"
78,"spotify:track:06JvOZ39sK8D8SqiqfaxDU","Kanye West, XXXTENTACION","True Love","Columbia",24,42,3,"9234280"
79,"spotify:track:5QDLhrAOJJdNAmCTJ8xMyW","BTS","Dynamite","BIGHIT MUSIC",2,126,95,"9204048"
80,"spotify:track:1R0a2iXumgCiFb7HEZ7gUE","Taylor Swift","Don’t Blame Me","Big Machine Records, LLC",80,87,5,"9196143"
81,"spotify:track:5CZ40GBx1sQ9agT82CLQCT","Olivia Rodrigo","traitor","Olivia Rodrigo PS",7,79,56,"9185610"
82,"spotify:track:2DgdHcjWmO3qd50RzuBLgZ","Panic! At The Disco","House of Memories","Decaydance/Fueled By Ramen",64,81,8,"8893144"
83,"spotify:track:3DarAbFujv6eYNliUTyqtz","Doja Cat, SZA","Kiss Me More (feat. SZA)","Kemosabe Records/RCA Records",3,88,62,"8823098"
84,"spotify:track:3AVXwaOGCEL8cmBecfcsFJ","Charlie Puth","Light Switch","Atlantic Records",19,83,21,"8810787"
85,"spotify:track:1BkY0N8ChFk2mdLbAUu8ZK","Musical Youth","Pass The Dutchie","Geffen",85,100,2,"8759142"
86,"spotify:track:0E0DRHf5PfMeor0ZCwB3oT","Bad Bunny, The Marías","Otro Atardecer","Rimas Entertainment LLC",24,80,6,"8757802"
87,"spotify:track:58ge6dfP91o9oXMzq3XkIS","Arctic Monkeys","505","Domino Recording Co",53,95,24,"8746855"
88,"spotify:track:0rzaRSujxA0bKyjJl6vHYq","Harry Styles","Satellite","Columbia",14,64,4,"8727696"
89,"spotify:track:5wANPM4fQCJwkGd4rN57mH","Olivia Rodrigo","drivers license","Olivia Rodrigo PS",1,92,75,"8617562"
90,"spotify:track:6jjYDGxVJsWS0a5wlVF5vS","BTS","Butter","BIGHIT MUSIC",2,138,56,"8551455"
91,"spotify:track:0fX4oNGBWO3dSGUZcVdVV2","Kendrick Lamar","N95","pgLang/Top Dawg Entertainment/Aftermath/Interscope Records",3,61,5,"8491133"
92,"spotify:track:5QO79kh1waicV47BqGRL3g","The Weeknd","Save Your Tears","Republic Records",2,101,80,"8469453"
93,"spotify:track:59CfNbkERJ3NoTXDvoURjj","Dove Cameron","Boyfriend","Disruptor Records/Columbia",11,85,18,"8429512"
94,"spotify:track:4SqWKzw0CbA05TGszDgMlc","The Walters","I Love You So","Warner Records",21,96,36,"8282209"
95,"spotify:track:6kxaaIeowajN7w21PfMLbu","Halsey","So Good","Capitol Records",95,-1,1,"8234388"
96,"spotify:track:1mw0RgNXIpYRyyCdBQbLgA","Harry Styles","Love Of My Life","Columbia",15,73,4,"8150910"
97,"spotify:track:6HU7h9RYOaPRFeh0R3UeAr","Olivia Rodrigo","deja vu","Olivia Rodrigo PS",3,103,63,"8144362"
98,"spotify:track:4hceSKjrkDTO0nMKFcb3sj","Bizarrap, Villano Antillano","Villano Antillano: Bzrp Music Sessions, Vol. 51","DALE PLAY Records",98,-1,1,"8128711"
99,"spotify:track:4j6kId9QIqhoXvqHKgSKa0","Harry Styles","Grapejuice","Columbia",11,67,4,"8073657"
100,"spotify:track:71wFwRo8xGc4lrcyKwsvba","Bad Bunny, Tainy","Callaita","Rimas Entertainment LLC",7,102,59,"8064962"
101,"spotify:track:2NMjggapJcXXM7WccGEBUO","Bad Bunny","Enséñame a Bailar","Rimas Entertainment LLC",27,94,6,"8027674"
102,"spotify:track:1ei3hzQmrgealgRKFxIcWn","Benson Boone","In The Stars","Warner Records",54,105,7,"8027580"
103,"spotify:track:18HOjcvTVV7W8YzBuOsAPS","Bad Bunny","Un Verano Sin Ti","Rimas Entertainment LLC",20,99,6,"7944531"
104,"spotify:track:48AJSd42lXpicsGqcgopof","Daddy Yankee, Bad Bunny","X ÚLTIMA VEZ","Republic Records",18,98,12,"7874104"
105,"spotify:track:2JPLbjOn0wPCngEot2STUS","Bad Bunny","Yonaguni","Rimas Entertainment LLC",3,110,54,"7866397"
106,"spotify:track:68Dni7IE4VyPkTOH9mRWHr","J. Cole","No Role Modelz","Roc Nation Records LLC",76,108,47,"7861933"
107,"spotify:track:1SOClUWhOi8vHZYMz3GluK","Jaymes Young","Infinity","Atlantic Records",11,93,33,"7803580"
108,"spotify:track:4RVwu0g32PAqgUiJoXsdF8","Billie Eilish","Happier Than Ever","Darkroom/Interscope Records",6,116,46,"7783942"
109,"spotify:track:3Vi5XqYrmQgOYBajMWSvCi","Doja Cat","Need to Know","Kemosabe Records/RCA Records",6,114,53,"7730707"
110,"spotify:track:3sa06xVNmLLYIxdNNmVQN8","Jax Jones, MNEK","Where Did You Go? (feat. MNEK)","Polydor Records",110,120,9,"7696382"
111,"spotify:track:4gzsuuZypVbxs0Af1LSZyB","Tainy, Bad Bunny, Julieta Venegas","Lo Siento BB:/ (with Bad Bunny & Julieta Venegas)","Neon16",12,109,37,"7676987"
112,"spotify:track:1oFAF1hdPOickyHgbuRjyX","The Weeknd, Ariana Grande","Save Your Tears (Remix) (with Ariana Grande) - Bonus Track","XO / Republic Records",5,113,60,"7661449"
113,"spotify:track:7lQ8MOhq6IN2w8EYcFNSUk","Eminem","Without Me","Aftermath",31,117,38,"7654157"
114,"spotify:track:7fZBQnc0zXwVybgCIrQQil","Imanbek, BYOR","Belly Dancer","Musical Freedom",114,146,3,"7593620"
115,"spotify:track:1nltpRhEiXikwDlVn4UADk","Post Malone, The Weeknd","One Right Now (with The Weeknd)","Mercury Records/Republic Records",9,55,32,"7574914"
116,"spotify:track:0pqnGHJpmpxLKifKRmU6WP","Imagine Dragons","Believer","Kid Ina Korner / Interscope",16,119,280,"7548560"
117,"spotify:track:7mFj0LlWtEJaEigguaWqYh","Megan Thee Stallion, Dua Lipa","Sweetest Pie","300 Entertainment",17,112,14,"7519495"
118,"spotify:track:2m6Ko3CY1qXNNja8AlugNc","Troye Sivan","Angel Baby","EMI Recorded Music Australia Pty Ltd",59,106,11,"7503817"
119,"spotify:track:0HqZX76SFLDz2aW8aiqi7G","Imagine Dragons","Bones","KIDinaKORNER/Interscope Records",56,125,14,"7475416"
120,"spotify:track:0u2P5u6lvoDfwTYjAADbn4","Billie Eilish, Khalid","lovely (with Khalid)","Darkroom",24,131,217,"7427079"
121,"spotify:track:2LBqCSwhJGcFQeTHMVGwy3","The Weeknd","Die For You","Universal Republic Records",121,128,18,"7397351"
122,"spotify:track:0zCgWGmDF0aih5qexATyBn","Mr.Kitty","After Dark","Juggernaut Music Group",122,134,9,"7393809"
123,"spotify:track:7l9IqDtVWJurTvkQHq1BGh","Tate McRae","she's all i wanna be","RCA Records Label",38,111,19,"7383569"
124,"spotify:track:1SC5rEoYDGUK4NfG82494W","Lil Nas X","MONTERO (Call Me By Your Name)","Columbia",1,123,64,"7358779"
125,"spotify:track:2NcQic8JxdjAlAHuNbOIRE","Harry Styles","Keep Driving","Columbia",19,90,4,"7355206"
126,"spotify:track:35TyJIMR3xRouUuo2sjS6v","Harry Styles","Cinema","Columbia",13,84,4,"7346554"
127,"spotify:track:1r8ZCjfrQxoy2wVaBUbpwg","The Kid LAROI","Thousand Miles","Columbia",18,104,8,"7320652"
128,"spotify:track:63WuQOXohQIxOxIFA2K7bR","Måneskin","SUPERMODEL","Epic",89,107,5,"7312173"
129,"spotify:track:3AJwUDP919kvQ9QcozQPxg","Coldplay","Yellow","Parlophone UK",58,129,78,"7231488"
130,"spotify:track:3PfIrDoz19wz7qK7tYeu62","Dua Lipa","Don't Start Now","Warner Records",2,127,137,"7226105"
131,"spotify:track:2g6tReTlM2Akp41g0HaeXN","Kendrick Lamar, Blxst, Amanda Reifer","Die Hard","pgLang/Top Dawg Entertainment/Aftermath/Interscope Records",8,89,5,"7212010"
132,"spotify:track:10xV5l9nhLvFpR8mqzs0bL","Marshmello, Khalid","Numb","Joytime Collective/RCA Records",132,-1,1,"7180713"
133,"spotify:track:6EbVuwU7EnKeF2hdpViXCH","Sleepy Hallow, 347aidan","Die Young (feat. 347aidan)","Winners Circle/RCA Records",97,118,3,"7137982"
134,"spotify:track:5gflgO9EPbIBf16n5TKnQS","Zion & Lennox","Yo Voy (feat. Daddy Yankee)","Baby Records Inc",59,132,17,"7120966"
135,"spotify:track:4iJyoBOLtHqaGxP12qzhQI","Justin Bieber, Daniel Caesar, Giveon","Peaches (feat. Daniel Caesar & Giveon)","RBMG/Def Jam",1,130,65,"7117690"
136,"spotify:track:69w5X6uTrOaWM32IetSzvO","Harry Styles","Daydreaming","Columbia",16,91,4,"7009266"
137,"spotify:track:1c2hJSwcCfoPEw1su83Sw0","Lady Gaga","Hold My Hand","Interscope Records",137,165,3,"6971878"
138,"spotify:track:0UvZcEfpzVyx47QsRbjyBz","Bad Bunny","El Apagón","Rimas Entertainment LLC",28,122,6,"6875172"
139,"spotify:track:5O2P9iiztwhomNh8xkR9lJ","One Direction","Night Changes","Syco Music",139,156,3,"6839155"
140,"spotify:track:6ojZtz3sZr6ynvejLOqgCj","Tiago PZK, Ozuna","Nos Comemos (feat. Ozuna)","WEA Latina",140,179,2,"6802985"
141,"spotify:track:3Wrjm47oTz2sjIgck11l5e","Måneskin","Beggin'","RCA Records Label",1,136,54,"6797088"
142,"spotify:track:7qEHsqek33rTcFNT9PFqLf","Lewis Capaldi","Someone You Loved","Vertigo Berlin",4,140,180,"6775355"
143,"spotify:track:4zN21mbAuaD0WqtmaTZZeP","James Hype, Miggy Dela Rosa","Ferrari","Universal-Island Records Ltd.",143,185,2,"6733327"
144,"spotify:track:62ke5zFUJN6RvtXZgVH0F8","Paloma Faith","Only Love Can Hurt Like This","RCA Records Label",144,170,4,"6722275"
145,"spotify:track:2K7xn816oNHJZ0aVqdQsha","The Neighbourhood","Softcore","Columbia",35,144,23,"6651129"
146,"spotify:track:2tpWsVSb9UEmDRxAl1zhX1","OneRepublic","Counting Stars","Mosley / Interscope",101,143,66,"6649507"
147,"spotify:track:20on25jryn53hWghthWWW3","ACRAZE, Cherish","Do It To It","Thrive Music, LLC",9,145,33,"6631528"
148,"spotify:track:0wihfILRNOwE2156Shezc8","Bad Bunny","Agosto","Rimas Entertainment LLC",30,133,6,"6603954"
149,"spotify:track:3yfqSUWxFvZELEM4PmlwIR","Eminem","The Real Slim Shady","Interscope",51,148,54,"6598508"
150,"spotify:track:0RiRZpuVRbi7oqRdSMwhQY","Post Malone, Swae Lee","Sunflower - Spider-Man: Into the Spider-Verse","Republic Records",1,137,191,"6597146"
151,"spotify:track:1XGmzt0PVuFgQYYnV2It7A","Maroon 5, Wiz Khalifa","Payphone","Interscope Records*",70,147,26,"6551712"
152,"spotify:track:4u7EnebtmKWzUH433cf5Qv","Queen","Bohemian Rhapsody - Remastered 2011","EMI",11,149,194,"6545987"
153,"spotify:track:5g7sDjBhZ4I3gcFIpkrLuI","Bruno Mars","Locked out of Heaven","Atlantic Records",106,152,24,"6485027"
154,"spotify:track:1u8c2t2Cy7UBoG4ArRcF5g","Taylor Swift","Blank Space","Big Machine Records, LLC",113,151,32,"6443217"
155,"spotify:track:0gucTLf7trAf37Ua1uAyAu","Nirvana","Smells Like Teen Spirit","Geffen",103,153,75,"6432435"
156,"spotify:track:2J2Z1SkXYghSajLibnQHOa","Sia","Unstoppable","Monkey Puzzle Records/RCA Records",107,154,18,"6425974"
157,"spotify:track:4srcMdbm2qzVG98tJajHxp","Alejo, Feid, ROBI","Pantysito","UMLE - Latino",55,150,13,"6412139"
158,"spotify:track:31tf1qEai5o5f4r66Kd0pU","Childish Gambino","Me and Your Mama","Glassnote Entertainment Group LLC",158,161,2,"6395358"
159,"spotify:track:003vvx7Niy0yvhvHt4a68B","The Killers","Mr. Brightside","Island Records",98,172,99,"6376542"
160,"spotify:track:7qiZfU4dY1lWllzX7mPBI3","Ed Sheeran","Shape of You","Atlantic Records UK",1,160,281,"6372990"
161,"spotify:track:7yq4Qj7cqayVTp3FF9CWbm","Vance Joy","Riptide","F-Stop Records/Atlantic",122,168,76,"6372821"
162,"spotify:track:4MzXwWMhyBbmu6hOcLVD49","Bad Bunny, JhayCo","DÁKITI","Rimas Entertainment LLC",1,162,85,"6335121"
163,"spotify:track:6Qyc6fS4DsZjB2mRW9DsQs","The Goo Goo Dolls","Iris","Warner Records",124,157,7,"6289200"
164,"spotify:track:7lvDsmTRXFE3dK4OjvRiWB","Shae Gill, Ali Sethi","Pasoori","Giraffe Pakistan",109,183,8,"6274045"
165,"spotify:track:7MXVkk9YMctZqd1Srtv4MB","The Weeknd, Daft Punk","Starboy","Universal Republic Records",1,174,89,"6270736"
166,"spotify:track:1WCEAGGRD066z2Q89ObXTq","David Guetta, Becky Hill, Ella Henderson","Crazy What Love Can Do","Parlophone UK",166,198,6,"6267969"
167,"spotify:track:3rdAz1fbUfZxYgaCviYhRo","Rauw Alejandro","Todo De Ti","Sony Music Latin/Duars Entertainment",2,155,56,"6266595"
168,"spotify:track:1DIXPcTDzTj8ZMHt3PDt8p","Coolio, L.V.","Gangsta's Paradise","Tommy Boy Music, LLC",116,167,34,"6215940"
169,"spotify:track:21jGcNKet2qwijlDFuPiPb","Post Malone","Circles","Republic Records",1,159,146,"6166018"
170,"spotify:track:4RvWPyQ5RL0ao9LPZeSouE","Tears For Fears","Everybody Wants To Rule The World","UMC (Universal Music Catalogue)",158,158,2,"6134097"
171,"spotify:track:1JSTJqkT5qHq8MDJnJbRE1","The Police","Every Breath You Take","Polydor Records",144,164,53,"6131362"
172,"spotify:track:1v7L65Lzy0j0vdpRjJewt1","Eminem","Lose Yourself - From ""8 Mile"" Soundtrack","Aftermath",44,173,78,"6119189"
173,"spotify:track:4RtPruLRZbyirtJGqYHPQm","Duki","Antes de Perderte","DALE PLAY Records / SSJ Records",173,-1,1,"6108095"
174,"spotify:track:0ct6r3EGTcMLPtrXHDvVjc","Avicii","The Nights","Universal Music AB",44,180,66,"6107010"
175,"spotify:track:37y7iDayfwm3WXn5BiAoRk","Steve Lacy","Dark Red","Three Quarter",66,176,45,"6100014"
176,"spotify:track:1zi7xx7UVEFkmKfv06H8x0","Drake, Wizkid, Kyla","One Dance","Cash Money Records/Young Money Ent./Universal Rec.",12,184,132,"6074862"
177,"spotify:track:2NWaWZZLFMcr5P4uI2KvWy","Victor Cibrian","En El Radio Un Cochinero","Rancho Humilde",148,166,3,"6035862"
178,"spotify:track:3jjujdWJ72nww5eGnfs2E7","Harry Styles","Adore You","Columbia",6,181,106,"6021888"
179,"spotify:track:5W7DOVGQLTigu09afW7QMT","Sidhu Moose Wala","295","Sidhu Moose Wala",141,141,2,"6008781"
180,"spotify:track:0tgVpDi06FyKpA1z0VMD4v","Ed Sheeran","Perfect","Atlantic Records UK",4,182,274,"5990791"
181,"spotify:track:4xqrdfXkTW4T0RauPLv3WA","Conan Gray","Heather","Republic Records",12,178,99,"5981918"
182,"spotify:track:2Xr1dTzJee307rmrkt8c0g","CKay","love nwantiti (ah ah ah)","Chocolate City Music",9,175,40,"5930676"
183,"spotify:track:6ylDpki1VpIsc525KC1ojF","Sebastian Yatra","Tacones Rojos","UMLE - Latino",45,169,30,"5930327"
184,"spotify:track:4a9tbd947vo9K8Vti9JwcI","BTS, Halsey","Boy With Luv (feat. Halsey)","BIGHIT MUSIC",3,-1,46,"5883315"
185,"spotify:track:5TXDeTFVRVY7Cvt0Dw4vWW","XXXTENTACION","Revenge","Bad Vibes Forever / EMPIRE",63,187,24,"5862863"
186,"spotify:track:5E30LdtzQTGqRvNd7l6kG5","The Neighbourhood","Daddy Issues","Columbia",99,192,88,"5859078"
187,"spotify:track:3rq5w4bQGigXOfdN30ATJt","Arctic Monkeys","Do I Wanna Know?","Domino Recording Co",117,-1,41,"5846719"
188,"spotify:track:0nrRP2bk19rLc0orkWPQk2","Avicii","Wake Me Up","Universal Music AB",13,193,80,"5775473"
189,"spotify:track:0k4d5YPDr1r7FX77VdqWez","Doja Cat, The Weeknd","You Right","Kemosabe Records/RCA Records",15,190,51,"5749594"
190,"spotify:track:22skzmqfdWrjJylampe0kt","Macklemore & Ryan Lewis, Macklemore, Ryan Lewis, Ray Dalton","Can't Hold Us (feat. Ray Dalton)","Macklemore",149,195,32,"5737857"
191,"spotify:track:6hFwju6M40CKovKBPu5IpY","Jovem Dionisio","ACORDA PEDRINHO","Jovem Dionisio",77,142,4,"5737745"
192,"spotify:track:2tGvwE8GcFKwNdAXMnlbfl","Olivia Rodrigo","happier","Olivia Rodrigo PS",12,188,56,"5708623"
193,"spotify:track:0rKtyWc8bvkriBthvHKY8d","Joji","SLOW DANCING IN THE DARK","88rising Music/Warner Records",75,-1,36,"5706710"
194,"spotify:track:2N8m6CYs74qQO4mjVcXO30","Tones And I","Dance Monkey","Elektra (NEK)",1,-1,149,"5692856"
195,"spotify:track:6qj02zSeEJGWZ4c0dn5QzJ","Harry Styles","Boyfriends","Columbia",22,135,4,"5680456"
196,"spotify:track:4xkOaSrkexMciUUogZKVTS","Eminem, Nate Dogg","Till I Collapse","Aftermath",81,199,51,"5672492"
197,"spotify:track:2qmG7dokbGpDGD0T5wORWt","Matheus Fernandes, Xand Avião","Balanço da Rede","Som Livre",171,-1,3,"5625333"
198,"spotify:track:7o2CTH4ctstm8TNelqjb51","Guns N' Roses","Sweet Child O' Mine","Guns N Roses P&D",172,-1,3,"5609601"
199,"spotify:track:3dYD57lRAUcMHufyqn9GcI","Hozier","Take Me To Church","Universal-Island Records Ltd.",108,-1,84,"5606060"
200,"spotify:track:7EkWXAI1wn8Ii883ecd9xr","Surf Curse","Freaks","Surf Curse",55,-1,58,"5575996"
