﻿rank,uri,artist_names,track_name,source,peak_rank,previous_rank,weeks_on_chart,streams
1,"spotify:track:4LRPiXqCikLlN15c3yImP7","Harry Styles","As It Was","Columbia",1,1,4,"65611902"
2,"spotify:track:1rDQ4oMwGJI7B4tovsBOxc","Jack Harlow","First Class","Generation Now/Atlantic",2,2,3,"35611513"
3,"spotify:track:02MWAaffLxlfxAUY7c5dvx","Glass Animals","Heat Waves","Polydor Records",1,3,70,"28123419"
4,"spotify:track:5PjdY0CKGZdEuoNab3yDmX","The Kid LAROI, Justin Bieber","STAY (with Justin Bieber)","Columbia",1,4,42,"22710916"
5,"spotify:track:2DB4DdfCFMw1iaR6JaR03a","Camila Cabello, Ed Sheeran","Bam Bam (feat. Ed Sheeran)","Epic",5,6,8,"20841307"
6,"spotify:track:1HhNoOuqm1a5MXYEgAFl8o","Imagine Dragons, JID, Arcane, League of Legends","Enemy (with JID) - from the series Arcane League of Legends","Kid Ina Korner / Interscope",3,5,26,"19670058"
7,"spotify:track:6JIC3hbC28JZKZ8AlAqX8h","Elton John, Dua Lipa, PNAU","Cold Heart - PNAU Remix","EMI",4,7,37,"18940792"
8,"spotify:track:5Z9KJZvQzH6PFmb8SNkxuk","Lil Nas X, Jack Harlow","INDUSTRY BABY (feat. Jack Harlow)","Columbia",2,9,40,"18211959"
9,"spotify:track:3FkeNbs9Zeiqkr3WkbOiGp","Anitta","Envolver","Warner Records",2,8,8,"17888791"
10,"spotify:track:1O2pcBJGej0pmH2Y9XZMs6","Cris Mj","Una Noche en Medellín","Nabru Records LLC",10,10,9,"17665307"
11,"spotify:track:58HvfVOeJY7lUuCqF0m3ly","Elley Duhé","MIDDLE OF THE NIGHT","Not Fit For Society/RCA Records",11,13,18,"17602635"
12,"spotify:track:1ri9ZUkBJVFUdgwzCnfcYs","Becky G, KAROL G","MAMIII","Kemosabe Records/RCA Records",5,14,11,"17403534"
13,"spotify:track:6I3mqTwhRpn34SLVafSH7G","Justin Bieber","Ghost","RBMG/Def Jam",11,12,32,"16914109"
14,"spotify:track:4fouWK6XVHhzl78KzQ1UjL","GAYLE","abcdefu","Atlantic/Arthouse Records",1,11,24,"16251101"
15,"spotify:track:6Uj1ctrBOjOas8xZXGqKk4","Doja Cat","Woman","Kemosabe Records/RCA Records",6,15,42,"16006367"
16,"spotify:track:50nfwKoDiSYg8zOCREWAm5","Ed Sheeran","Shivers","Atlantic Records UK",4,16,33,"15653391"
17,"spotify:track:6mmPpaltUZK7xjNlBPQQ0p","Rauw Alejandro, Chencho Corleone","Desesperados","Sony Music Latin/Duars Entertainment",8,17,20,"15422896"
18,"spotify:track:1r8ZCjfrQxoy2wVaBUbpwg","The Kid LAROI","Thousand Miles","Columbia",18,-1,1,"14937157"
19,"spotify:track:2uky0VCI2EZni0nArOPznM","Bizarrap, Paulo Londra","Paulo Londra: Bzrp Music Sessions, Vol. 23","DALE PLAY Records",19,-1,1,"14610050"
20,"spotify:track:48AJSd42lXpicsGqcgopof","Daddy Yankee, Bad Bunny","X ÚLTIMA VEZ","Republic Records",18,18,5,"14423132"
21,"spotify:track:4ZtFanR9U6ndgddUvNcjcG","Olivia Rodrigo","good 4 u","Olivia Rodrigo PS",1,20,50,"13989980"
22,"spotify:track:46IZ0fSY2mpAiktS3KOqds","Adele","Easy On Me","Columbia",1,19,28,"13961204"
23,"spotify:track:3uUuGVFu1V7jTQL60S1r8z","Lost Frequencies, Calum Scott","Where Are You Now","Epic Amsterdam",18,22,34,"13712539"
24,"spotify:track:1UdzJEpgJxtuXAlCOvD4S0","Danny Ocean","Fuera del mercado","Atlantic Records",22,23,6,"13691108"
25,"spotify:track:0e8nrvls4Qqv5Rfa2UhqmO","Lil Nas X","THATS WHAT I WANT","Columbia",3,21,32,"13646374"
26,"spotify:track:18asYwWugKjjsihZ0YvRxO","Tiësto, Ava Max","The Motto","Atlantic Records",22,26,25,"13233889"
27,"spotify:track:3rmo8F54jFF8OgYsqTxm5d","Ed Sheeran","Bad Habits","Atlantic Records UK",3,24,44,"13104736"
28,"spotify:track:7dSZ6zGTQx66c2GF91xCrb","KAROL G","PROVENZA","UMLE - Latino",28,-1,1,"12837015"
29,"spotify:track:2B4GHvToeLTOBB4QLzW3Ni","Farruko","Pepas","Sony Music Latin",4,25,42,"12596108"
30,"spotify:track:0y60itmpH0aPKsFiGxmtnh","WILLOW","Wait a Minute!","Roc Nation W Smith P&D",30,38,6,"12314941"
31,"spotify:track:6UelLqGlWMcVH1E5c4H7lY","Harry Styles","Watermelon Sugar","Columbia",4,32,128,"12292801"
32,"spotify:track:2gzhQaCTeNgxpeB2TPllyY","Jimin, HA SUNG WOON","With you","Genie Music Corporation, Stone Music Entertainment",32,-1,1,"12209358"
33,"spotify:track:7jtQIBanIiJOMS6RyCx6jZ","Tom Odell","Another Love","ITNO/Columbia",29,33,55,"12055349"
34,"spotify:track:2rDZhKnPaPG054ExZ6nXUS","Ryan Castro","Jordan","King Records",34,40,9,"12004718"
35,"spotify:track:0VjIjW4GlUZAMYd2vXMi3b","The Weeknd","Blinding Lights","Republic Records",1,29,126,"11987739"
36,"spotify:track:46HNZY1i7O6jwTA7Slo2PI","Coldplay, BTS","My Universe","Parlophone UK",3,31,31,"11941142"
37,"spotify:track:59CfNbkERJ3NoTXDvoURjj","Dove Cameron","Boyfriend","Disruptor Records/Columbia",11,28,11,"11921566"
38,"spotify:track:3AVXwaOGCEL8cmBecfcsFJ","Charlie Puth","Light Switch","Atlantic Records",19,30,14,"11840362"
39,"spotify:track:2QjOHCTQ1Jl3zawyYOpxh6","The Neighbourhood","Sweater Weather","Columbia",29,34,87,"11295569"
40,"spotify:track:2gpQi3hbcUAcEG8m2dlgfB","Paulo Londra","Plan A","WEA Latina",4,27,6,"11208805"
41,"spotify:track:2eAvDnpXP5W0cVtiI0PUxV","Ruth B.","Dandelions","Columbia",34,37,37,"11128052"
42,"spotify:track:5CZ40GBx1sQ9agT82CLQCT","Olivia Rodrigo","traitor","Olivia Rodrigo PS",7,35,49,"11106343"
43,"spotify:track:1SOClUWhOi8vHZYMz3GluK","Jaymes Young","Infinity","Atlantic Records",11,36,26,"10822958"
44,"spotify:track:3Vi5XqYrmQgOYBajMWSvCi","Doja Cat","Need to Know","Kemosabe Records/RCA Records",6,43,46,"10772455"
45,"spotify:track:3DarAbFujv6eYNliUTyqtz","Doja Cat, SZA","Kiss Me More (feat. SZA)","Kemosabe Records/RCA Records",3,39,55,"10743916"
46,"spotify:track:4gzsuuZypVbxs0Af1LSZyB","Tainy, Bad Bunny, Julieta Venegas","Lo Siento BB:/ (with Bad Bunny & Julieta Venegas)","Neon16",12,42,30,"10671591"
47,"spotify:track:5wANPM4fQCJwkGd4rN57mH","Olivia Rodrigo","drivers license","Olivia Rodrigo PS",1,45,68,"10116296"
48,"spotify:track:4SqWKzw0CbA05TGszDgMlc","The Walters","I Love You So","Warner Records",21,44,29,"10100758"
49,"spotify:track:2JPLbjOn0wPCngEot2STUS","Bad Bunny","Yonaguni","Rimas Entertainment LLC",3,46,47,"9913914"
50,"spotify:track:5QO79kh1waicV47BqGRL3g","The Weeknd","Save Your Tears","Republic Records",2,50,73,"9854621"
51,"spotify:track:5nujrmhLynf4yMoMtj8AQF","Dua Lipa, DaBaby","Levitating (feat. DaBaby)","Warner Records",4,47,82,"9725715"
52,"spotify:track:4RVwu0g32PAqgUiJoXsdF8","Billie Eilish","Happier Than Ever","Darkroom/Interscope Records",6,49,39,"9540164"
53,"spotify:track:0U1W2LZVUX7qTm7dDpqxh6","Shawn Mendes","When You're Gone","Shawn Mendes LP4-5 PS/ Island",21,41,4,"9396600"
54,"spotify:track:1oFAF1hdPOickyHgbuRjyX","The Weeknd, Ariana Grande","Save Your Tears (Remix) (with Ariana Grande) - Bonus Track","XO / Republic Records",5,51,53,"9132935"
55,"spotify:track:58ge6dfP91o9oXMzq3XkIS","Arctic Monkeys","505","Domino Recording Co",53,53,17,"8987505"
56,"spotify:track:6HU7h9RYOaPRFeh0R3UeAr","Olivia Rodrigo","deja vu","Olivia Rodrigo PS",3,54,56,"8829419"
57,"spotify:track:0HqZX76SFLDz2aW8aiqi7G","Imagine Dragons","Bones","KIDinaKORNER/Interscope Records",56,56,7,"8784924"
58,"spotify:track:4srcMdbm2qzVG98tJajHxp","Alejo, Feid, ROBI","Pantysito","UMLE - Latino",55,57,6,"8687439"
59,"spotify:track:2m6Ko3CY1qXNNja8AlugNc","Troye Sivan","Angel Baby","EMI Recorded Music Australia Pty Ltd",59,62,4,"8449976"
60,"spotify:track:1HvTxgCj0mTzQlEo0zLvFb","Lil Tjay","In My Head","Columbia",30,48,4,"8398725"
61,"spotify:track:1SC5rEoYDGUK4NfG82494W","Lil Nas X","MONTERO (Call Me By Your Name)","Columbia",1,58,57,"8367831"
62,"spotify:track:0Q5VnK2DYzRyfqQRJuUtvi","IVE","LOVE DIVE","STARSHIP Entertainment",51,52,3,"8357471"
63,"spotify:track:7lQ8MOhq6IN2w8EYcFNSUk","Eminem","Without Me","Aftermath",31,61,31,"8211058"
64,"spotify:track:20on25jryn53hWghthWWW3","ACRAZE, Cherish","Do It To It","Thrive Music, LLC",9,55,26,"8191761"
65,"spotify:track:3AJwUDP919kvQ9QcozQPxg","Coldplay","Yellow","Parlophone UK",58,60,71,"8102763"
66,"spotify:track:5gflgO9EPbIBf16n5TKnQS","Zion & Lennox","Yo Voy (feat. Daddy Yankee)","Baby Records Inc",59,59,10,"8062275"
67,"spotify:track:6bQ5823aHmFVKLZW8E7rRo","Duki, De La Ghetto, Quevedo","Si Quieren Frontear","DALE PLAY Records / SSJ Records",67,78,4,"7990603"
68,"spotify:track:6lX6l7OuA3qrnIRfdsr0dw","Blessd, Justin Quiles, Lenny Tavárez","Medallo","WEA Latina",48,65,23,"7981426"
69,"spotify:track:3uwnnTQcHM1rDqSfA4gQNz","Demi Lovato","Cool for the Summer","Hollywood Records",42,63,6,"7962517"
70,"spotify:track:0IuVhCflrQPMGRrOyoY5RW","Tate McRae","she's all i wanna be","RCA Records Label",38,69,12,"7932065"
71,"spotify:track:4iJyoBOLtHqaGxP12qzhQI","Justin Bieber, Daniel Caesar, Giveon","Peaches (feat. Daniel Caesar & Giveon)","RBMG/Def Jam",1,68,58,"7907494"
72,"spotify:track:6Z165JvPnS8PYvGW8oLGLc","Lauren Spencer Smith","Flowers","Three Name Productions, Inc./ Island Records & Republic Records",72,72,2,"7904348"
73,"spotify:track:3GaGWoU1KfVqgl7vnRHP55","C. Tangana","Demasiadas Mujeres","Sony Music Entertainment",71,71,8,"7820189"
74,"spotify:track:2K7xn816oNHJZ0aVqdQsha","The Neighbourhood","Softcore","Columbia",35,64,16,"7820166"
75,"spotify:track:4MzXwWMhyBbmu6hOcLVD49","Bad Bunny, JhayCo","DÁKITI","Rimas Entertainment LLC",1,67,78,"7771271"
76,"spotify:track:68Dni7IE4VyPkTOH9mRWHr","J. Cole","No Role Modelz","Roc Nation Records LLC",76,87,40,"7574035"
77,"spotify:track:0u2P5u6lvoDfwTYjAADbn4","Billie Eilish, Khalid","lovely (with Khalid)","Darkroom",24,81,210,"7570820"
78,"spotify:track:1mWdTewIgB3gtBM3TOSFhB","BTS","Butter","BIGHIT MUSIC",2,76,49,"7569440"
79,"spotify:track:1XGmzt0PVuFgQYYnV2It7A","Maroon 5, Wiz Khalifa","Payphone","Interscope Records*",70,70,19,"7464045"
80,"spotify:track:0pqnGHJpmpxLKifKRmU6WP","Imagine Dragons","Believer","Kid Ina Korner / Interscope",16,75,273,"7445540"
81,"spotify:track:5QDLhrAOJJdNAmCTJ8xMyW","BTS","Dynamite","BIGHIT MUSIC",2,83,88,"7419056"
82,"spotify:track:2WL6GQzPuK9Nrpy9XwNEbz","Nirvana","Something In The Way","Geffen",19,90,8,"7385354"
83,"spotify:track:3Wrjm47oTz2sjIgck11l5e","Måneskin","Beggin'","RCA Records Label",1,77,47,"7323538"
84,"spotify:track:00Blm7zeNqgYLPtW6zg8cj","Post Malone, The Weeknd","One Right Now (with The Weeknd)","Republic Records",9,91,25,"7290094"
85,"spotify:track:531KGXtBroSrOX9LVmiIgc","Dave","Starlight","Dave / Neighbourhood Recordings",44,66,8,"7286066"
86,"spotify:track:6ylDpki1VpIsc525KC1ojF","Sebastian Yatra","Tacones Rojos","UMLE - Latino",45,74,23,"7269084"
87,"spotify:track:3PfIrDoz19wz7qK7tYeu62","Dua Lipa","Don't Start Now","Warner Records",2,85,130,"7265715"
88,"spotify:track:3yfqSUWxFvZELEM4PmlwIR","Eminem","The Real Slim Shady","Interscope",51,84,47,"7211093"
89,"spotify:track:2gQPv5jvVPqU2a9HhMNO1v","BoyWithUke","Toxic","Republic Records",23,82,28,"7158260"
90,"spotify:track:3jjujdWJ72nww5eGnfs2E7","Harry Styles","Adore You","Columbia",6,103,99,"7149514"
91,"spotify:track:4r9jkMEnArtWGH2rL2FZl0","Bad Bunny","A Tu Merced","Rimas Entertainment LLC",52,92,24,"7048683"
92,"spotify:track:5TMLavqGRKNxgzMBrVpC9R","zzoilo, Aitana","Mon Amour - Remix","Universal Music Spain S.L.",34,88,34,"7031476"
93,"spotify:track:3rdAz1fbUfZxYgaCviYhRo","Rauw Alejandro","Todo De Ti","Sony Music Latin/Duars Entertainment",2,98,49,"7030459"
94,"spotify:track:3GZD6HmiNUhxXYf8Gch723","Frank Ocean","Lost","Red Zone Entertainment / IDJ",50,97,15,"6882718"
95,"spotify:track:0RiRZpuVRbi7oqRdSMwhQY","Post Malone, Swae Lee","Sunflower - Spider-Man: Into the Spider-Verse","Republic Records",1,94,184,"6882198"
96,"spotify:track:37y7iDayfwm3WXn5BiAoRk","Steve Lacy","Dark Red","Three Quarter",66,95,38,"6859930"
97,"spotify:track:123hB20IVD2yw1NMIgrqb3","cakal","İmdat","Perros Blancos",97,-1,1,"6855775"
98,"spotify:track:2Xr1dTzJee307rmrkt8c0g","CKay","love nwantiti (ah ah ah)","Chocolate City Music",9,80,33,"6841678"
99,"spotify:track:5IQvs70wHdurk63TnCV6ZP","t-low, Miksu / Macloud","We Made It","t-low",99,-1,1,"6841626"
100,"spotify:track:7qEHsqek33rTcFNT9PFqLf","Lewis Capaldi","Someone You Loved","Vertigo Berlin",4,104,173,"6822533"
101,"spotify:track:2tpWsVSb9UEmDRxAl1zhX1","OneRepublic","Counting Stars","Mosley / Interscope",101,107,59,"6745242"
102,"spotify:track:52xJxFP6TqMuO4Yt0eOkMz","Carolina Gaitán - La Gaita, Mauro Castillo, Adassa, Rhenzy Feliz, Diane Guerrero, Stephanie Beatriz, Encanto - Cast","We Don't Talk About Bruno","Walt Disney Records",8,73,18,"6739826"
103,"spotify:track:0gucTLf7trAf37Ua1uAyAu","Nirvana","Smells Like Teen Spirit","Geffen",103,105,68,"6723694"
104,"spotify:track:7mFj0LlWtEJaEigguaWqYh","Megan Thee Stallion, Dua Lipa","Sweetest Pie","300 Entertainment",17,100,7,"6715530"
105,"spotify:track:0fea68AdmYNygeTGI4RC18","J Balvin, Bad Bunny","LA CANCIÓN","Universal Music Latino / Rimas",17,106,69,"6702705"
106,"spotify:track:5g7sDjBhZ4I3gcFIpkrLuI","Bruno Mars","Locked out of Heaven","Atlantic Records",106,109,17,"6685442"
107,"spotify:track:2J2Z1SkXYghSajLibnQHOa","Sia","Unstoppable","Monkey Puzzle Records/RCA Records",107,111,11,"6655688"
108,"spotify:track:0oA9wBGDY4uyILLg4GymWP","AnnenMayKantereit, Giant Rooks","Tom's Diner","Vertigo Berlin",65,86,6,"6648702"
109,"spotify:track:3Kkjo3cT83cw09VJyrLNwX","Adele","Oh My God","Columbia",3,108,23,"6636640"
110,"spotify:track:02VBYrHfVwfEWXk5DXyf0T","Bruno Mars, Anderson .Paak, Silk Sonic","Leave The Door Open","Aftermath Entertainment/Atlantic",5,93,60,"6627438"
111,"spotify:track:1v7L65Lzy0j0vdpRjJewt1","Eminem","Lose Yourself - From ""8 Mile"" Soundtrack","Aftermath",44,114,71,"6593824"
112,"spotify:track:0Bv7O6fmZk3GrNQFYJaXPn","La Pantera, Quevedo, Juseph, Abhir Hathi, Bejo, Cruz Cafuné, EL IMA","Cayó La Noche (feat. Cruz Cafuné, Abhir Hathi, Bejo, EL IMA) [Remix]","La Pantera",58,89,13,"6549508"
113,"spotify:track:1u8c2t2Cy7UBoG4ArRcF5g","Taylor Swift","Blank Space","Big Machine Records, LLC",113,122,25,"6537742"
114,"spotify:track:2DgdHcjWmO3qd50RzuBLgZ","Panic! At The Disco","House of Memories","Decaydance/Fueled By Ramen",114,-1,1,"6517658"
115,"spotify:track:1ZMiCix7XSAbfAJlEZWMCp","Harry Styles","Falling","Columbia",29,121,84,"6507623"
116,"spotify:track:0k4d5YPDr1r7FX77VdqWez","Doja Cat, The Weeknd","You Right","Kemosabe Records/RCA Records",15,116,44,"6500825"
117,"spotify:track:2Gq636OOGgxCTqEuzCZhsa","Bizarrap, Tiago PZK","Tiago PZK: Bzrp Music Sessions, Vol. 48","DALE PLAY Records",37,151,17,"6465601"
118,"spotify:track:30W8VKHrAZmHzObnwAoc1u","Mora, Sech","TUS LÁGRIMAS","Rimas Entertainment LLC",118,-1,1,"6463049"
119,"spotify:track:3o9kpgkIcffx0iSwxhuNI2","Em Beihold","Numb Little Bug","Republic Records/Moon Projects, LLC.",69,113,13,"6446670"
120,"spotify:track:3sd2p4kE7xQmFH3lPnFl6h","Davi Kneip, Mc Frog, Dj Gabriel do Borel, Luísa Sonza","sentaDONA (Remix) s2","Davi Kneip",48,102,6,"6403310"
121,"spotify:track:7qiZfU4dY1lWllzX7mPBI3","Ed Sheeran","Shape of You","Atlantic Records UK",1,123,274,"6366838"
122,"spotify:track:5TXDeTFVRVY7Cvt0Dw4vWW","XXXTENTACION","Revenge","Bad Vibes Forever / EMPIRE",63,117,17,"6357087"
123,"spotify:track:0VO8gYVDSwM1Qdd2GsMoYK","Swedish House Mafia, The Weeknd","Moth To A Flame (with The Weeknd)","Republic Records",7,79,27,"6331833"
124,"spotify:track:503OTo2dSqe7qk76rgsbep","Dr. Dre, Snoop Dogg","Still D.R.E.","Aftermath",29,115,11,"6308209"
125,"spotify:track:4u7EnebtmKWzUH433cf5Qv","Queen","Bohemian Rhapsody - Remastered 2011","EMI",11,118,187,"6258232"
126,"spotify:track:5zNxUkUW9WiV5oyg6gh2wB","PEDRO SAMPAIO, Mc Pedrinho","DANÇARINA","WM Brazil",32,101,10,"6247748"
127,"spotify:track:74WROFXsox6wkeUrEK2DS6","Eden Muñoz","Chale","Lizos Music",75,112,8,"6245976"
128,"spotify:track:45S5WTQEGOB1VHr1Q4FuPl","Harry Styles","Golden","Columbia",44,140,37,"6244095"
129,"spotify:track:2tGvwE8GcFKwNdAXMnlbfl","Olivia Rodrigo","happier","Olivia Rodrigo PS",12,119,49,"6239326"
130,"spotify:track:0ct6r3EGTcMLPtrXHDvVjc","Avicii","The Nights","Universal Music AB",44,127,59,"6226434"
131,"spotify:track:2UN0lp72LAusrXi8LLVomt","Ed Sheeran, Lil Baby","2step (feat. Lil Baby)","Atlantic Records UK",131,-1,1,"6225892"
132,"spotify:track:62Yo3FDddWY8ydu6PW2wyz","Jack Harlow","Nail Tech","Generation Now/Atlantic",36,99,10,"6215056"
133,"spotify:track:1ZdhOMWyFR8Iv9eylMGYg2","Labrinth","Mount Everest","Syco Music",36,138,12,"6192393"
134,"spotify:track:003vvx7Niy0yvhvHt4a68B","The Killers","Mr. Brightside","Island Records",98,132,92,"6158877"
135,"spotify:track:4QWumyD2uwiePBBha9XBHI","Felipe Amorim","No Ouvidinho","One Play",135,142,3,"6103163"
136,"spotify:track:6bTdZ7xfKp3NqqADJ8HLyj","Matuê, WIU, Teto","Vampiro","Sony Music Entertainment",82,110,3,"6096287"
137,"spotify:track:69vlMrzHwATKzupwNcUPyK","Bad Bunny, Daddy Yankee","La Santa","Rimas Entertainment LLC",14,126,28,"6094276"
138,"spotify:track:4xqrdfXkTW4T0RauPLv3WA","Conan Gray","Heather","Republic Records",12,139,92,"6081772"
139,"spotify:track:2vmfvSoZBFAt9hhRoEByLi","Aventura, Bad Bunny","Volví","Rimas Entertainment LLC",10,130,39,"6067654"
140,"spotify:track:5E30LdtzQTGqRvNd7l6kG5","The Neighbourhood","Daddy Issues","Columbia",99,137,81,"6066389"
141,"spotify:track:2rurDawMfoKP4uHyb2kJBt","Shakira, Rauw Alejandro","Te Felicito","Sony Music Latin",141,-1,1,"6033698"
142,"spotify:track:5JCoSi02qi3jJeHdZXMmR8","Olivia Rodrigo","favorite crime","Olivia Rodrigo PS",11,135,44,"6027770"
143,"spotify:track:0tgVpDi06FyKpA1z0VMD4v","Ed Sheeran","Perfect","Atlantic Records UK",4,144,267,"6027005"
144,"spotify:track:3XjN0mvFkQp1FMVM9Ro5hm","Daddy Yankee","RUMBATÓN","Republic Records",58,125,5,"5992161"
145,"spotify:track:7yq4Qj7cqayVTp3FF9CWbm","Vance Joy","Riptide","F-Stop Records/Atlantic",122,128,69,"5990700"
146,"spotify:track:7JJmb5XwzOO8jgpou264Ml","Shawn Mendes","There's Nothing Holdin' Me Back","Island Records",5,154,62,"5983398"
147,"spotify:track:1DIXPcTDzTj8ZMHt3PDt8p","Coolio, L.V.","Gangsta's Paradise","Tommy Boy Music, LLC",116,141,27,"5952662"
148,"spotify:track:0sTlGEld0h8kIPZaKDYUf4","The Rare Occasions","Notion","Elektra (NEK)",67,124,16,"5949514"
149,"spotify:track:7EkWXAI1wn8Ii883ecd9xr","Surf Curse","Freaks","Surf Curse",55,133,52,"5894777"
150,"spotify:track:0MMyJUC3WNnFS1lit5pTjk","Olivia Rodrigo","jealousy, jealousy","Olivia Rodrigo PS",17,134,33,"5894764"
151,"spotify:track:4IaxDf2FixiQXq0mW7key9","Jessi","ZOOM","P NATION",151,-1,1,"5891811"
152,"spotify:track:0nrRP2bk19rLc0orkWPQk2","Avicii","Wake Me Up","Universal Music AB",13,146,73,"5883930"
153,"spotify:track:21jGcNKet2qwijlDFuPiPb","Post Malone","Circles","Republic Records",1,150,139,"5866153"
154,"spotify:track:1zi7xx7UVEFkmKfv06H8x0","Drake, Wizkid, Kyla","One Dance","Cash Money Records/Young Money Ent./Universal Rec.",12,148,125,"5865764"
155,"spotify:track:3dYD57lRAUcMHufyqn9GcI","Hozier","Take Me To Church","Universal-Island Records Ltd.",108,149,80,"5855082"
156,"spotify:track:2BcMwX1MPV6ZHP4tUT9uq6","Drake, 21 Savage, Project Pat","Knife Talk (with 21 Savage ft. Project Pat)","OVO",10,145,34,"5844250"
157,"spotify:track:4xkOaSrkexMciUUogZKVTS","Eminem, Nate Dogg","Till I Collapse","Aftermath",81,155,44,"5823003"
158,"spotify:track:2SJZdZ5DLtlRosJ2xHJJJa","Paulo Londra","Chance","WEA Latina",56,129,3,"5809442"
159,"spotify:track:6f5ExP43esnvdKPddwKXJH","NEIKED, Mae Muller, Polo G","Better Days (NEIKED x Mae Muller x Polo G)","Capitol Records UK / EMI",32,143,28,"5809322"
160,"spotify:track:6RUKPb4LETWmmr3iAEQktW","The Chainsmokers, Coldplay","Something Just Like This","Disruptor Records/Columbia",2,147,177,"5788271"
161,"spotify:track:2LBqCSwhJGcFQeTHMVGwy3","The Weeknd","Die For You","Universal Republic Records",152,167,11,"5735724"
162,"spotify:track:3sa06xVNmLLYIxdNNmVQN8","Jax Jones, MNEK","Where Did You Go? (feat. MNEK)","Polydor Records",162,164,2,"5688047"
163,"spotify:track:7KA4W4McWYRpgf0fWsJZWB","Tyler, The Creator, Kali Uchis","See You Again (feat. Kali Uchis)","Columbia",144,172,5,"5686693"
164,"spotify:track:2N8m6CYs74qQO4mjVcXO30","Tones And I","Dance Monkey","Elektra (NEK)",1,153,145,"5674049"
165,"spotify:track:7hU3IHwjX150XLoTVmjD0q","LISA","MONEY","YG Entertainment/Interscope Records",5,136,33,"5672743"
166,"spotify:track:0zCgWGmDF0aih5qexATyBn","Mr.Kitty","After Dark","Juggernaut Music Group",166,178,2,"5602001"
167,"spotify:track:22skzmqfdWrjJylampe0kt","Macklemore & Ryan Lewis, Macklemore, Ryan Lewis, Ray Dalton","Can't Hold Us (feat. Ray Dalton)","Macklemore",149,157,27,"5601716"
168,"spotify:track:6v3KW9xbzN5yKLt9YKDYA2","Shawn Mendes, Camila Cabello","Señorita","Island Records",1,163,143,"5569938"
169,"spotify:track:0OTNHGKcqQbk51bOYe462Y","Polimá Westcoast, Pailita","ULTRA SOLO","Sony Music Entertainment Chile S.A",169,-1,1,"5552237"
170,"spotify:track:7lvDsmTRXFE3dK4OjvRiWB","Shae Gill, Ali Sethi","Pasoori","Giraffe Pakistan",170,-1,1,"5517985"
171,"spotify:track:7BqBn9nzAq8spo5e7cZ0dJ","Bruno Mars","Just the Way You Are","Elektra (NEK)",133,169,26,"5501794"
172,"spotify:track:7o2CTH4ctstm8TNelqjb51","Guns N' Roses","Sweet Child O' Mine","Guns N Roses P&D",172,175,2,"5497260"
173,"spotify:track:5Ohxk2dO5COHF1krpoPigN","Harry Styles","Sign of the Times","Columbia",14,186,41,"5479693"
174,"spotify:track:6Jkm5kUldvIqxzI1Pa7nXH","Leah Kate","10 Things I Hate About You","Leah Kate, under exclusive license to 10K Projects / MDDN",174,-1,1,"5474564"
175,"spotify:track:3yMC1KsTwh0ceXdIe4QQAQ","Lauren Spencer Smith","Fingers Crossed","Three Name Productions, Inc./ Island Records & Republic Records",17,120,16,"5474315"
176,"spotify:track:1Y5Jvi3eLi4Chwqch9GMem","Kodak Black","Super Gremlin","Atlantic Records",45,160,20,"5465314"
177,"spotify:track:6Y46tOTRhkBamosyuWa6YX","ROSALÍA, The Weeknd","LA FAMA","Columbia",32,131,20,"5454339"
178,"spotify:track:78kygHp1dvW1kncYjBgbe1","Ryan Castro","Mujeriego","Sony Music Entertainment",92,159,13,"5454000"
179,"spotify:track:4jPy3l0RUwlUI9T5XHBW2m","24kGoldn, iann dior","Mood (feat. iann dior)","Records/Columbia",1,158,90,"5450616"
180,"spotify:track:48q0vSHcJdhK3IiXH8C5WJ","Arctic Monkeys","Why'd You Only Call Me When You're High?","Domino Recording Co",104,173,38,"5449609"
181,"spotify:track:0bI7K9Becu2dtXK1Q3cZNB","Tiësto, KAROL G","Don't Be Shy","Atlantic Records",38,166,37,"5444735"
182,"spotify:track:50kpGaPAhYJ3sGmk6vplg0","Justin Bieber","Love Yourself","RBMG/Def Jam",62,195,53,"5441465"
183,"spotify:track:3rq5w4bQGigXOfdN30ATJt","Arctic Monkeys","Do I Wanna Know?","Domino Recording Co",117,188,39,"5438834"
184,"spotify:track:1dp8aQANyTRKssDeAYPiZe","Pusha T, Lil Uzi Vert, Don Toliver","Scrape It Off (feat. Lil Uzi Vert & Don Toliver)","Getting Out Our Dreams Inc. (G.O.O.D.) Music / IDJ",184,-1,1,"5431948"
185,"spotify:track:161DnLWsx1i3u1JT05lzqU","Bruno Mars","Talking to the Moon","Elektra (NEK)",45,165,55,"5423561"
186,"spotify:track:7MXVkk9YMctZqd1Srtv4MB","The Weeknd, Daft Punk","Starboy","Universal Republic Records",1,190,85,"5422586"
187,"spotify:track:48QmG1dfvMuYLxMPt7KSRA","Sean Paul, Dua Lipa","No Lie","Universal-Island Records Ltd.",80,182,39,"5416168"
188,"spotify:track:35mvY5S1H3J2QZyna3TFe0","Ariana Grande","positions","Republic Records",1,179,79,"5397709"
189,"spotify:track:0B7wvvmu9EISAwZnOpjhNI","Bruno Mars","When I Was Your Man","Atlantic Records",181,192,5,"5381827"
190,"spotify:track:0G2zPzWqVjR68iNPmx2TBe","Mora, Bad Bunny, Sech","Volando - Remix","Rimas Entertainment LLC",19,180,42,"5372426"
191,"spotify:track:6fxVffaTuwjgEk5h9QyRjy","Ed Sheeran","Photograph","Atlantic Records UK",41,-1,154,"5369902"
192,"spotify:track:5lAnYvAIkSDNXqfo7DyFUm","Doja Cat","Ain't Shit","Kemosabe Records/RCA Records",22,170,26,"5365674"
193,"spotify:track:2Foc5Q5nqNiosCNqttzHof","Daft Punk, Pharrell Williams, Nile Rodgers","Get Lucky (feat. Pharrell Williams & Nile Rodgers) - Radio Edit","Columbia",156,156,3,"5348438"
194,"spotify:track:04sN26COy28wTXYj3dMoiZ","Billie Eilish","Bored","Darkroom",51,198,22,"5340713"
195,"spotify:track:7fBv7CLKzipRk6EC6TWHOB","The Weeknd","The Hills","Universal Republic Records",52,187,43,"5338910"
196,"spotify:track:6OrTKLtcF7EBayOV2QqkSK","Southside, Future, Travis Scott","Hold That Heat (feat. Travis Scott)","Epic",196,-1,1,"5338777"
197,"spotify:track:3U4isOIWM3VvDubwSI3y7a","John Legend","All of Me","G.O.O.D. Music/Columbia",110,184,157,"5333920"
198,"spotify:track:7iL6o9tox1zgHpKUfh9vuC","50 Cent","In Da Club","Shady Records",77,183,11,"5333159"
199,"spotify:track:2VxeLyX666F8uXCJ0dZF8B","Lady Gaga, Bradley Cooper","Shallow","A Star is Born OST",3,191,179,"5331009"
200,"spotify:track:75UMtPC77vqKRwfSuYuNPO","Kevin Kaarl","San Lucas","Kevin Kaarl",200,-1,1,"5330605"
