﻿rank,uri,artist_names,track_name,source,peak_rank,previous_rank,weeks_on_chart,streams
1,"spotify:track:0bYg9bo50gSsH3LtXe2SQn","Mariah Carey","All I Want for Christmas Is You","Columbia",1,1,47,"41921397"
2,"spotify:track:2FRnf9qhLbvw8fu4IBXx78","Wham!","Last Christmas","Epic",2,4,40,"36598697"
3,"spotify:track:1Qrg8KqiBpW07V7PNxwwwL","SZA","Kill Bill","Top Dawg Entertainment/RCA Records",3,-1,1,"35511837"
4,"spotify:track:2EjXfH91m7f8HiJN1yQg97","Brenda Lee","Rockin' Around The Christmas Tree","MCA Nashville",4,7,35,"34725307"
5,"spotify:track:3nqQXoyQOWXiESFLlDF1hG","Sam Smith, Kim Petras","Unholy (feat. Kim Petras)","Capitol Records UK / EMI",1,2,12,"34294170"
6,"spotify:track:2dHHgzDwk4BJdRwy9uXhTO","Metro Boomin, The Weeknd, 21 Savage","Creepin' (with The Weeknd & 21 Savage)","Republic Records",3,3,2,"32050031"
7,"spotify:track:7vQbuQcyTflfCIOu3Uzzya","Bobby Helms","Jingle Bell Rock","Geffen",6,12,34,"29842872"
8,"spotify:track:4Dvkj6JhhA12EX05fT7y2e","Harry Styles","As It Was","Columbia",1,5,37,"28470436"
9,"spotify:track:1rv46mRwDqMEhOBZ7vODg3","Michael Bublé","It's Beginning to Look a Lot like Christmas","Reprise",6,14,34,"27389287"
10,"spotify:track:5ww2BF9slyYgNOk37BlC4u","Manuel Turizo","La Bachata","Sony Music Latin/La Industria",4,8,24,"26976360"
11,"spotify:track:0V3wPSX9ygBnCm8psDIegu","Taylor Swift","Anti-Hero","Taylor Swift",1,6,8,"26782674"
12,"spotify:track:5Y35SjAfXjjG0sFQ3KOxmm","SZA","Nobody Gets Me","Top Dawg Entertainment/RCA Records",12,-1,1,"26444929"
13,"spotify:track:0lizgQ7Qw35od7CYaoMBZb","Ariana Grande","Santa Tell Me","Universal Records",3,17,35,"24641305"
14,"spotify:track:2mnXxnrX5vCGolNkaFvVeM","Arcángel, Bad Bunny","La Jumpa","Rimas Entertainment LLC.",9,9,2,"24540889"
15,"spotify:track:4uUG5RXrOk84mYEfFvj3cK","David Guetta, Bebe Rexha","I'm Good (Blue)","Parlophone UK",2,10,16,"24429252"
16,"spotify:track:2tTmW7RDtMQtBk7m2rYeSw","Bizarrap, Quevedo","Quevedo: Bzrp Music Sessions, Vol. 52","DALE PLAY Records",1,11,23,"23651868"
17,"spotify:track:1IcR6RlgvDczfvoWJSSY2A","Andy Williams","It's the Most Wonderful Time of the Year","Columbia/Legacy",8,23,33,"23338217"
18,"spotify:track:1bDbXMyjaUIooNwFE9wn0N","Drake, 21 Savage","Rich Flex","OVO / Republic Records",2,13,6,"21667114"
19,"spotify:track:2uFaJJtFpPDc5Pa95XzTvg","Dean Martin","Let It Snow! Let It Snow! Let It Snow!","Capitol Records",11,27,23,"21461000"
20,"spotify:track:6Sq7ltF9Qa7SNFBsV5Cogx","Bad Bunny, Chencho Corleone","Me Porto Bonito","Rimas Entertainment LLC",2,16,32,"20801348"
21,"spotify:track:2wSTnntOPRi7aQneobFtU4","SZA","Shirt","Top Dawg Entertainment/RCA Records",21,110,7,"20410336"
22,"spotify:track:0QHEIqNKsMoOY5urbzN48u","Meghan Trainor","Made You Look","Epic",8,19,8,"20339744"
23,"spotify:track:3qCeq0rWK67SoBDgFd2sId","José Feliciano","Feliz Navidad","RCA Records Label",14,39,27,"20281372"
24,"spotify:track:2CSRrnOEELmhpq8iaAi9cd","SZA","Blind","Top Dawg Entertainment/RCA Records",24,-1,1,"19906708"
25,"spotify:track:1IHWl5LamUGEuP4ozKQSXZ","Bad Bunny","Tití Me Preguntó","Rimas Entertainment LLC",4,18,32,"19593080"
26,"spotify:track:7jtQIBanIiJOMS6RyCx6jZ","Tom Odell","Another Love","ITNO/Columbia",15,21,88,"19477516"
27,"spotify:track:1zsPaEkglFvxjAhrM8yhpr","Ozuna, Feid","Hey Mor","Aura Music Corp.",14,22,9,"19218547"
28,"spotify:track:5IgjP7X4th6nMNDh4akUHb","Chris Brown","Under The Influence","Chris Brown Entertainment/RCA Records",6,20,21,"18992709"
29,"spotify:track:2GAhgAjOhEmItWLfgisyOn","SZA","Low","Top Dawg Entertainment/RCA Records",29,-1,1,"18756469"
30,"spotify:track:3nAp4IvdMPPWEH9uuXFFV5","Kelly Clarkson","Underneath the Tree","RCA Records Label",9,38,25,"18666703"
31,"spotify:track:7uoFMmxln0GPXQ0AcCBXRq","Sia","Snowman","Monkey Puzzle/Atlantic",12,44,24,"18652177"
32,"spotify:track:6tjituizSxwSmBB5vtgHZE","Michael Bublé","Holly Jolly Christmas","Reprise",21,45,29,"18437855"
33,"spotify:track:11BKm0j4eYoCPPpCONAVwA","Lady Gaga","Bloody Mary","Interscope",31,31,3,"18338550"
34,"spotify:track:0vjeOZ3Ft5jvAi9SBFJm1j","Metro Boomin, Future, Chris Brown","Superhero (Heroes & Villains) [with Future & Chris Brown]","Republic Records",15,15,2,"18011717"
35,"spotify:track:2LBqCSwhJGcFQeTHMVGwy3","The Weeknd","Die For You","Universal Republic Records",25,25,44,"17908567"
36,"spotify:track:4h9wh7iOZ0GGn8QVp4RAOB","OneRepublic","I Ain't Worried","Interscope Records",7,26,28,"17669598"
37,"spotify:track:0WtM2NBVQNNJLh6scP13H8","Rema, Selena Gomez","Calm Down (with Selena Gomez)","Mavin Records / Jonzing World",23,41,16,"17336906"
38,"spotify:track:73vIOb4Q7YN6HeJTbscRx5","Oliver Tree, Robin Schulz","Miss You","Atlantic Records",11,28,10,"17109458"
39,"spotify:track:6eT2V7nKXyMf47TwPbtgAD","SZA","Seek & Destroy","Top Dawg Entertainment/RCA Records",39,-1,1,"17025862"
40,"spotify:track:5odlY52u43F5BjByhxg7wg","JVKE","golden hour","JVKE",30,46,16,"16874836"
41,"spotify:track:561jH07mF1jHuk7KlaeF0s","Eminem","Mockingbird","Aftermath",24,37,9,"16828470"
42,"spotify:track:5Eax0qFko2dh7Rl2lYs3bx","Bad Bunny","Efecto","Rimas Entertainment LLC",6,30,32,"16597716"
43,"spotify:track:1eIXYZWEfJO3Na2LCCnIJE","SZA","Love Language","Top Dawg Entertainment/RCA Records",43,-1,1,"16497665"
44,"spotify:track:53tfEupEzQRtVFOeZvk7xq","ROSALÍA","DESPECHÁ","Columbia",5,32,20,"16297504"
45,"spotify:track:7xapw9Oy21WpfEcib2ErSA","Justin Bieber","Mistletoe","RBMG/Def Jam",15,54,32,"16154827"
46,"spotify:track:5XeFesFbtLpXzIVDNQP22n","Arctic Monkeys","I Wanna Be Yours","Domino Recording Co",27,40,23,"16136204"
47,"spotify:track:3k3NWokhRRkEPhCzPmV8TW","Bad Bunny, Bomba Estéreo","Ojitos Lindos","Rimas Entertainment LLC",3,34,32,"16133920"
48,"spotify:track:4k6Uh1HXdhtusDW5y8Gbvy","Steve Lacy","Bad Habit","L-M Records/RCA Records",10,29,23,"15825641"
49,"spotify:track:7fUYUcWy853HS8YJn0b3Sr","The Ronettes","Sleigh Ride","Legacy Recordings",16,59,24,"15811537"
50,"spotify:track:4NqkE7kRUvMDEdcqD96EDO","SZA, Don Toliver","Used (feat. Don Toliver)","Top Dawg Entertainment/RCA Records",50,-1,1,"15648228"
51,"spotify:track:1Y3LN4zO1Edc2EluIoSPJN","Stephen Sanchez, Em Beihold","Until I Found You (with Em Beihold) - Em Beihold Version","Republic Records",51,86,2,"15593927"
52,"spotify:track:5WxVXxCMRnvxUKFq40ELwq","RAYE, 070 Shake","Escapism.","Human Re Sources",52,56,3,"15461761"
53,"spotify:track:1xK59OXxi2TAAAbmZK0kBL","d4vd","Romantic Homicide","Darkroom/Interscope Records",17,47,15,"15222000"
54,"spotify:track:78Sw5GDo6AlGwTwanjXbGh","d4vd","Here With Me","Darkroom/Interscope Records",49,51,7,"15221521"
55,"spotify:track:2QjOHCTQ1Jl3zawyYOpxh6","The Neighbourhood","Sweater Weather","Columbia",19,43,120,"15088286"
56,"spotify:track:5xMw6qCcpd2gBXPGTegC4W","SZA","SOS","Top Dawg Entertainment/RCA Records",56,-1,1,"14944982"
57,"spotify:track:4iZ4pt7kvcaH6Yo8UoZ4s2","SZA","Snooze","Top Dawg Entertainment/RCA Records",57,-1,1,"14501654"
58,"spotify:track:4h5x3XHLVYFJaItKuO2rhy","SZA, Phoebe Bridgers","Ghost in the Machine (feat. Phoebe Bridgers)","Top Dawg Entertainment/RCA Records",58,-1,1,"14137765"
59,"spotify:track:1RDvyOk4WtPCtoqciJwVn8","Jung Kook, BTS, FIFA Sound","Dreamers [Music from the FIFA World Cup Qatar 2022 Official Soundtrack]","Katara Studios | 2101 Records under exclusive license to UnitedMasters LLC",14,36,4,"14092838"
60,"spotify:track:76OGwb5RA9h4FxQPT33ekc","Rosa Linn","SNAP","Columbia",16,53,23,"13980164"
61,"spotify:track:77khP2fIVhSW23NwxrRluh","Burl Ives","A Holly Jolly Christmas","Geffen",37,77,25,"13958610"
62,"spotify:track:27RYrbL6S02LNVhDWVl38b","John Lennon, Yoko Ono","Happy Xmas (War Is Over) - Remastered 2010","EMI Catalogue",13,78,27,"13926119"
63,"spotify:track:6RQ5IwG7uADz9LDWliJGjU","SZA","Special","Top Dawg Entertainment/RCA Records",63,-1,1,"13737191"
64,"spotify:track:1xzi1Jcr7mEi9K2RfzLOqS","Beyoncé","CUFF IT","Parkwood Entertainment/Columbia",13,52,17,"13643606"
65,"spotify:track:02MWAaffLxlfxAUY7c5dvx","Glass Animals","Heat Waves","Polydor Records",1,49,103,"13543828"
66,"spotify:track:4ewazQLXFTDC8XvCbhvtXs","Joji","Glimpse of Us","88rising Music/Warner Records",1,50,27,"13344648"
67,"spotify:track:31i56LZnwE6uSu3exoHjtB","Bad Bunny","Neverita","Rimas Entertainment LLC",15,57,32,"13253766"
68,"spotify:track:5PjdY0CKGZdEuoNab3yDmX","The Kid LAROI, Justin Bieber","STAY (with Justin Bieber)","Columbia",1,55,75,"13056717"
69,"spotify:track:4PS1e8f2LvuTFgUs1Cn3ON","Nat King Cole","The Christmas Song (Merry Christmas To You)","CAPITOL CATALOG MKT (C92)",30,93,26,"13008139"
70,"spotify:track:1418IuVKQPTYqt7QNJ9RXN","King","Maan Meri Jaan","Warner Music India",55,67,4,"12909634"
71,"spotify:track:4Yg2w0P29BBBMixyeNjDtj","Band Aid","Do They Know It's Christmas? - 1984 Version","EMI",12,82,29,"12848755"
72,"spotify:track:2CeKVsFFXG4QzA415QygGb","Feid","Feliz Cumpleaños Ferxxo","UMLE - Latino",38,58,17,"12839588"
73,"spotify:track:54ipXppHLA8U4yqpOFTUhr","Imagine Dragons","Bones","Kid Ina Korner / Interscope",26,62,40,"12666081"
74,"spotify:track:2TE4xW3ImvpltVU0cPcKUn","Shakin' Stevens","Merry Christmas Everyone","Sony Music CG",34,71,26,"12624041"
75,"spotify:track:1SV1fxF65n9NhRHp3KlBuu","Paul McCartney","Wonderful Christmastime - Edited Version / Remastered 2011","Paul McCartney Catalog",15,95,28,"12562002"
76,"spotify:track:33cF8aTmGJ6TsEf23uqGIN","Rauw Alejandro, Lyanno, Brray","LOKERA","Sony Music Latin/Duars Entertainment",38,75,18,"12510870"
77,"spotify:track:4kKdvXD0ez7jp1296JmAts","Frank Sinatra, B. Swanson Quartet","Let It Snow! Let It Snow! Let It Snow! (with The B. Swanson Quartet)","Columbia/Legacy",19,94,29,"12442988"
78,"spotify:track:4fnNBPN9W6AoOYSQS3FJxT","SZA","Notice Me","Top Dawg Entertainment/RCA Records",78,-1,1,"12169328"
79,"spotify:track:2Sjx8DWZO5zaTyTAmgo2gY","SZA","Gone Girl","Top Dawg Entertainment/RCA Records",79,-1,1,"12135149"
80,"spotify:track:6VhuP99TE6gYNQRJIlAWFD","Stephen Sanchez","Until I Found You","Republic Records",20,66,32,"11975723"
81,"spotify:track:4PMqSO5qyjpvzhlLI5GnID","SZA","Good Days","Top Dawg Entertainment/RCA Records",5,-1,33,"11919118"
82,"spotify:track:6koKhrBBcExADvWuOgceNZ","SZA, Travis Scott","Open Arms (feat. Travis Scott)","Top Dawg Entertainment/RCA Records",82,-1,1,"11916187"
83,"spotify:track:7MXVkk9YMctZqd1Srtv4MB","The Weeknd, Daft Punk","Starboy","Universal Republic Records",1,70,115,"11912125"
84,"spotify:track:6Xom58OOXk2SoU711L2IXO","Bad Bunny","Moscow Mule","Rimas Entertainment LLC",2,64,32,"11906930"
85,"spotify:track:4FyesJzVpA39hbYvcseO2d","Lil Uzi Vert","Just Wanna Rock","Generation Now/Atlantic",50,76,8,"11873010"
86,"spotify:track:2e2AXpIiJpet5b4qg85Gh6","SZA","F2F","Top Dawg Entertainment/RCA Records",86,-1,1,"11791864"
87,"spotify:track:6G12ZafqofSq7YtrMqUm76","Shakira, Ozuna","Monotonía","Sony Music Latin",21,60,8,"11775307"
88,"spotify:track:4WuOWVnAqvEQxgSRrspBgt","Metro Boomin, Travis Scott, 21 Savage","Niagara Falls (Foot or 2) [with Travis Scott & 21 Savage]","Republic Records",24,24,2,"11766296"
89,"spotify:track:0VjIjW4GlUZAMYd2vXMi3b","The Weeknd","Blinding Lights","Republic Records",1,72,159,"11592558"
90,"spotify:track:4so0Wek9Ig1p6CRCHuINwW","Bing Crosby, Ken Darby Singers, John Scott Trotter & His Orchestra","White Christmas","Geffen",26,96,27,"11523726"
91,"spotify:track:27qAMKrDdKEs8HDXcvR24R","Chris Rea","Driving Home for Christmas - 2019 Remaster","Rhino",21,83,26,"11450337"
92,"spotify:track:3rWDp9tBPQR9z6U5YyRSK4","Taylor Swift","Midnight Rain","Taylor Swift",4,68,8,"10983548"
93,"spotify:track:47ohYW8e7dxCYn9qbUMBCI","Darlene Love","Christmas (Baby Please Come Home)","Legacy Recordings",50,122,14,"10965641"
94,"spotify:track:2Hh3ETdQKrmSI3QS0hme7g","Metro Boomin, Future, Don Toliver","Too Many Nights (feat. Don Toliver & with Future)","Republic Records",33,33,2,"10961645"
95,"spotify:track:25Jf61edvM78rQHYaWRiIL","Bellakath","Gatita","La Mafia del Perreo",95,138,3,"10957090"
96,"spotify:track:4jTs7ny5eSRnKTzxdrFv5I","SZA","Smoking on my Ex Pack","Top Dawg Entertainment/RCA Records",96,-1,1,"10834231"
97,"spotify:track:0oBtwScT4B4BR5kZitNWd5","Quevedo","PUNTO G","Quevedo",84,89,6,"10773883"
98,"spotify:track:5jQI2r1RdgtuT8S3iG8zFC","Taylor Swift","Lavender Haze","Taylor Swift",2,69,8,"10552239"
99,"spotify:track:6JIC3hbC28JZKZ8AlAqX8h","Elton John, Dua Lipa, PNAU","Cold Heart - PNAU Remix","EMI",4,80,70,"10528068"
100,"spotify:track:1cKHdTo9u0ZymJdPGSh6nq","The Weeknd, Gesaffelstein","I Was Never There","Universal Republic Records",17,84,28,"10516556"
101,"spotify:track:4hTej08FutmriOs7S1hWWy","SZA","Conceited","Top Dawg Entertainment/RCA Records",101,-1,1,"10422042"
102,"spotify:track:2eAvDnpXP5W0cVtiI0PUxV","Ruth B.","Dandelions","Columbia",34,85,70,"10368138"
103,"spotify:track:0o9zmvc5f3EFApU52PPIyW","Fujii Kaze","Shinunoga E-Wa","Universal Music LLC",66,98,15,"10310145"
104,"spotify:track:7dSZ6zGTQx66c2GF91xCrb","KAROL G","PROVENZA","UMLE - Latino",6,88,34,"10256580"
105,"spotify:track:1597vvneWf0zoQrg2D8yH6","MC MENOR HR, MC MENOR SG, DJ ESCOBAR","Evoque Prata","GUETTO RECORDS",69,108,5,"10096557"
106,"spotify:track:2aJnyNu4PQxQ2lyj5boiMG","SZA","I Hate U","Top Dawg Entertainment/RCA Records",19,-1,16,"10096234"
107,"spotify:track:5JhUm1v5AbI5Yu6jLKCPRO","Grupo Frontera","No Se Va - En Vivo","Grupo Frontera",36,104,12,"10040986"
108,"spotify:track:2pXpURmn6zC5ZYDMms6fwa","Perry Como, The Fontane Sisters, Mitchell Ayres & His Orchestra","It's Beginning to Look a Lot Like Christmas (with Mitchell Ayres & His Orchestra)","RCA Records Label",51,117,23,"9955766"
109,"spotify:track:58ge6dfP91o9oXMzq3XkIS","Arctic Monkeys","505","Domino Recording Co",43,100,50,"9944699"
110,"spotify:track:0rHToGels2lt8Y0mCYoF90","Nat King Cole","Deck The Halls","CAPITOL CATALOG MKT (C92)",110,-1,1,"9837559"
111,"spotify:track:58cEG7FsVoipRiRKUMgOjo","Rauw Alejandro, Baby Rasta","PUNTO 40","Sony Music Latin/Duars Entertainment",48,87,10,"9806836"
112,"spotify:track:5Odq8ohlgIbQKMZivbWkEo","Charlie Puth, Jung Kook, BTS","Left and Right (Feat. Jung Kook of BTS)","Atlantic Records",7,90,25,"9740042"
113,"spotify:track:3F5CgOj3wFlRv51JsHbxhe","Drake, 21 Savage","Jimmy Cooks (feat. 21 Savage)","OVO",7,81,26,"9731788"
114,"spotify:track:4Mteyd60tfstDuzfkGqXx1","SZA","Too Late","Top Dawg Entertainment/RCA Records",114,-1,1,"9634104"
115,"spotify:track:6TsVhM8qIkWN5cJVDIVbbz","Wisin & Yandel, ROSALÍA","Besos Moja2","Sony Music Latin",64,99,11,"9629724"
116,"spotify:track:26hOm7dTtBi0TdpDGl141t","Joji","Die For You","88rising Music/Warner Records",21,101,6,"9593202"
117,"spotify:track:0aoUM0zcu0kCX7Cv7O939I","Ed Sheeran, Elton John","Merry Christmas","Atlantic Records UK",23,137,6,"9578581"
118,"spotify:track:5QO79kh1waicV47BqGRL3g","The Weeknd","Save Your Tears","Republic Records",2,105,106,"9554124"
119,"spotify:track:6sCvvleqKbeyOkQDieBYgp","Rihanna","Lift Me Up - From Black Panther: Wakanda Forever - Music From and Inspired By","Roc Nation/Def Jam/Hollywood",11,91,7,"9544947"
120,"spotify:track:7gRFDGEzF9UkBV233yv2dc","BLACKPINK","Shut Down","YG Entertainment/Interscope Records",1,103,13,"9389578"
121,"spotify:track:09mEdoA6zrmBPgTEN5qXmN","The Weeknd","Call Out My Name","Universal Republic Records",1,106,60,"9377997"
122,"spotify:track:4fsQ0K37TOXa3hEQfjEic1","LE SSERAFIM","ANTIFRAGILE","SOURCE MUSIC",80,112,8,"9361975"
123,"spotify:track:7iwJOi3hlMqZt6pj1sQOBj","Quevedo","VISTA AL MAR","Quevedo",45,109,14,"9321985"
124,"spotify:track:4xqrdfXkTW4T0RauPLv3WA","Conan Gray","Heather","Republic Records",12,63,125,"9321360"
125,"spotify:track:6WbAhuwE6fCOriBu5786X1","KAROL G, Ovy On The Drums","CAIRO","UMLE - Latino",75,102,4,"9290109"
126,"spotify:track:74NI58MQexwZjNu1Gu6GjT","SZA","Far","Top Dawg Entertainment/RCA Records",126,-1,1,"9261055"
127,"spotify:track:1qEmFfgcLObUfQm0j1W2CK","Harry Styles","Late Night Talking","Columbia",2,97,30,"9238239"
128,"spotify:track:6qyS9qBy0mEk3qYaH8mPss","Kordhell","Murder In My Mind","Kordhell",85,116,18,"9229843"
129,"spotify:track:5p8ThxM2OhJ0igfxkz0Z1q","RM, Youjeen","Wild Flower (with youjeen)","BIGHIT MUSIC",35,35,2,"9219254"
130,"spotify:track:0u2P5u6lvoDfwTYjAADbn4","Billie Eilish, Khalid","lovely (with Khalid)","Darkroom",24,121,243,"9155420"
131,"spotify:track:0YWUHZPJVg4iujddsJDwhM","Britney Spears","My Only Wish (This Year)","Jive",64,164,17,"9137758"
132,"spotify:track:4OH5Cd8ZOI1eSgJSC9PYmU","Mert Demir, Mabel Matiz","Antidepresan","Pale Records & Pose Records",132,139,2,"9097214"
133,"spotify:track:7lQ8MOhq6IN2w8EYcFNSUk","Eminem","Without Me","Aftermath",31,115,64,"9060613"
134,"spotify:track:1pacwLXyRO47ka0v6LTIiY","Metro Boomin, Travis Scott","Raindrops (Insane) [with Travis Scott]","Republic Records",42,42,2,"9051675"
135,"spotify:track:3CIyK1V4JEJkg02E4EJnDl","Imagine Dragons, JID, Arcane, League of Legends","Enemy (with JID) - from the series Arcane League of Legends","Kid Ina Korner / Interscope",3,111,59,"8872816"
136,"spotify:track:38T0tPVZHcPZyhtOcCP7pF","Lil Nas X","STAR WALKIN' (League of Legends Worlds Anthem)","Columbia",22,125,12,"8785320"
137,"spotify:track:0fea68AdmYNygeTGI4RC18","J Balvin, Bad Bunny","LA CANCIÓN","Universal Music Latino / Rimas",17,130,95,"8736360"
138,"spotify:track:3AJwUDP919kvQ9QcozQPxg","Coldplay","Yellow","Parlophone UK",56,126,104,"8727908"
139,"spotify:track:0O6u0VJ46W86TxN9wgyqDj","Post Malone, Doja Cat","I Like You (A Happier Song) (with Doja Cat)","Mercury Records/Republic Records",10,120,28,"8721181"
140,"spotify:track:7DbdUf8aHSYoliSjO6LZv6","Beach Weather","Sex, Drugs, Etc.","8123 / Arista Records",58,123,18,"8485702"
141,"spotify:track:6I3mqTwhRpn34SLVafSH7G","Justin Bieber","Ghost","RBMG/Def Jam",11,129,65,"8478317"
142,"spotify:track:3BnDvpeuGOj21Ir2aVEtQo","Rema","Calm Down","Mavin Records / Jonzing World",119,170,23,"8451973"
143,"spotify:track:3EaJDYHA0KnX88JvDhL9oa","Steve Lacy","Dark Red","Three Quarter",66,131,71,"8417109"
144,"spotify:track:4woTEX1wYOTGDqNXuavlRC","Eminem, Dina Rae","Superman","Aftermath",116,143,11,"8396035"
145,"spotify:track:3LtpKP5abr2qqjunvjlX5i","Central Cee","Doja","Central Cee",15,135,21,"8391732"
146,"spotify:track:5zwwW9Oq7ubSxoCGyW1nbY","BLACKPINK","Pink Venom","YG Entertainment/Interscope Records",2,119,17,"8374968"
147,"spotify:track:3AVrVz5rK8Hrqo9YGiVGN5","Cigarettes After Sex","Apocalypse","Partisan Records",89,133,23,"8316575"
148,"spotify:track:68Dni7IE4VyPkTOH9mRWHr","J. Cole","No Role Modelz","Roc Nation Records LLC",76,128,73,"8315476"
149,"spotify:track:2J2Z1SkXYghSajLibnQHOa","Sia","Unstoppable","Monkey Puzzle Records/RCA Records",107,158,44,"8263644"
150,"spotify:track:4UldILPVpnZO69ffK4B9aA","Dj LK da Escócia, Tchakabum, MC Ryan SP, mc jhenny, Mc RF","Tubarão Te Amo","Nas Nuvens Catalog",150,195,2,"8262496"
151,"spotify:track:7yBEKiv1LmO7GM4rOejhcW","ThxSoMch","SPIT IN MY FACE!","Elektra (NEK)",110,140,5,"8175359"
152,"spotify:track:7H0ya83CMmgFcOhw0UB6ow","Beach House","Space Song","Bella Union",152,160,12,"8160020"
153,"spotify:track:1wtOxkiel43cVs0Yux5Q4h","Taylor Swift, Lana Del Rey","Snow On The Beach (feat. Lana Del Rey)","Taylor Swift",3,113,8,"8136026"
154,"spotify:track:2pnPe4pJtq7689i5ydzvJJ","Chuck Berry","Run Rudolph Run","Geffen*",65,-1,15,"8134878"
155,"spotify:track:3WMj8moIAXJhHsyLaqIIHI","Zach Bryan","Something in the Orange","Warner Records",57,146,14,"8100120"
156,"spotify:track:4SqWKzw0CbA05TGszDgMlc","The Walters","I Love You So","Warner Records",21,145,62,"8087806"
157,"spotify:track:41oY4WCTj5kccfesTVFnvN","Bad Bunny, JhayCo","Tarot","Rimas Entertainment LLC",9,136,32,"8079159"
158,"spotify:track:4o6v3Oooyt7HF20idztRD4","Israel & Rodolffo, Ana Castela","Bombonzinho - Ao Vivo","Som Livre",131,184,5,"8076892"
159,"spotify:track:6UelLqGlWMcVH1E5c4H7lY","Harry Styles","Watermelon Sugar","Columbia",4,152,161,"8064974"
160,"spotify:track:4HEOgBHRCExyYVeTyrXsnL","Frank Sinatra","Jingle Bells - Remastered 1999","Capitol Records",82,-1,6,"8051767"
161,"spotify:track:4D7BCuvgdJlYvlX5WlN54t","Taylor Swift","You're On Your Own, Kid","Taylor Swift",6,118,8,"8020032"
162,"spotify:track:1aOl53hkZGHkl2Snhr7opL","Dean Lewis","How Do I Say Goodbye","Universal Music Australia Pty. Ltd.",86,163,11,"7974277"
163,"spotify:track:37F7E7BKEw2E4O2L7u0IEp","Freddie Dredd","Limbo","Doomshop Records/RCA Records",158,175,5,"7971047"
164,"spotify:track:1mea3bSkSGXuIRvnydlB5b","Coldplay","Viva La Vida","Parlophone UK",122,162,16,"7958467"
165,"spotify:track:5xlS0QkVrSH7ssEbBgBzbM","The Beach Boys","Little Saint Nick - 1991 Remix","Capitol Records",149,-1,7,"7932404"
166,"spotify:track:3yfqSUWxFvZELEM4PmlwIR","Eminem","The Real Slim Shady","Interscope",51,156,80,"7913493"
167,"spotify:track:4ASA1PZyWGbuc4d9N8OAcF","Gustavo Mioto, Mari Fernandez","Eu Gosto Assim - Ao Vivo","Universal Music Ltda.",109,191,10,"7905361"
168,"spotify:track:3eX0NZfLtGzoLUxPNvRfqm","Taylor Swift","Maroon","Taylor Swift",5,114,8,"7897764"
169,"spotify:track:2OQ6a4CfUeYskpTTgyawyJ","Gwen Stefani, Blake Shelton","You Make It Feel Like Christmas (feat. Blake Shelton)","UMGRI Interscope",88,-1,6,"7891579"
170,"spotify:track:75FEaRjZTKLhTrFGsfMUXR","Kate Bush","Running Up That Hill (A Deal With God)","Fish People",1,127,29,"7878284"
171,"spotify:track:4h4QlmocP3IuwYEj2j14p8","Nicky Youre, dazy","Sunroof","Thirty Knots/Columbia",28,149,32,"7872208"
172,"spotify:track:5TXDeTFVRVY7Cvt0Dw4vWW","XXXTENTACION","Revenge","Bad Vibes Forever / EMPIRE",63,176,42,"7865158"
173,"spotify:track:3qoftcUZaUOncvIYjFSPdE","Taylor Swift","Bejeweled","Taylor Swift",11,124,8,"7861971"
174,"spotify:track:2Yt4SXIgmoaPZHGdRafp4P","Metro Boomin, 21 Savage, Young Nudy","Umbrella (with 21 Savage & Young Nudy)","Republic Records",48,48,2,"7857365"
175,"spotify:track:58HvfVOeJY7lUuCqF0m3ly","Elley Duhé","MIDDLE OF THE NIGHT","Not Fit For Society/RCA Records",11,144,51,"7848635"
176,"spotify:track:3xWGA8pa0IKFI7IMPri4P0","Ed Sheeran","Shivers","Atlantic Records UK",4,147,66,"7842566"
177,"spotify:track:5Z9KJZvQzH6PFmb8SNkxuk","Lil Nas X, Jack Harlow","INDUSTRY BABY (feat. Jack Harlow)","Columbia",2,148,73,"7836332"
178,"spotify:track:0YFqKxV9uNu6LUeYkLOKRS","Metro Boomin, John Legend","On Time (with John Legend)","Republic Records",61,61,2,"7832984"
179,"spotify:track:46IZ0fSY2mpAiktS3KOqds","Adele","Easy On Me","Columbia",1,150,61,"7827620"
180,"spotify:track:0pqnGHJpmpxLKifKRmU6WP","Imagine Dragons","Believer","Kid Ina Korner / Interscope",16,166,306,"7796912"
181,"spotify:track:2yjlYDiNiQkdxVqTlaSrlX","Nicki Minaj","Super Freaky Girl","Republic Records",14,141,18,"7727383"
182,"spotify:track:3tAQNhm1o0kzldsI5QkrB1","Aerosmith","Dream On","Aerosmith P&D - Sony",104,168,6,"7721358"
183,"spotify:track:4tYFy8ALRjIZvnvSLw5lxN","Bad Bunny, Rauw Alejandro","Party","Rimas Entertainment LLC",6,159,32,"7707922"
184,"spotify:track:59nOXPmaKlBfGMDeOVGrIK","Future, Drake, Tems","WAIT FOR U (feat. Drake & Tems)","Epic/Freebandz",10,157,33,"7674824"
185,"spotify:track:7qEHsqek33rTcFNT9PFqLf","Lewis Capaldi","Someone You Loved","Vertigo Berlin",4,177,206,"7655509"
186,"spotify:track:7fBv7CLKzipRk6EC6TWHOB","The Weeknd","The Hills","Universal Republic Records",52,161,68,"7655054"
187,"spotify:track:3PIDciSFdrQxSQSihim3hN","Mariah Carey","Christmas (Baby Please Come Home)","Columbia",65,194,15,"7653720"
188,"spotify:track:7KokYm8cMIXCsGVmUvKtqf","Taylor Swift","Karma","Taylor Swift",8,134,8,"7650789"
189,"spotify:track:3QiAAp20rPC3dcAtKtMaqQ","Elvis Presley","Blue Christmas","RCA Victor",59,187,23,"7641383"
190,"spotify:track:0tgVpDi06FyKpA1z0VMD4v","Ed Sheeran","Perfect","Atlantic Records UK",4,179,300,"7615962"
191,"spotify:track:5O2P9iiztwhomNh8xkR9lJ","One Direction","Night Changes","Syco Music",108,174,29,"7614964"
192,"spotify:track:0B7wvvmu9EISAwZnOpjhNI","Bruno Mars","When I Was Your Man","Atlantic Records",161,183,16,"7579978"
193,"spotify:track:5FVd6KXrgO9B3JPmC8OPst","Arctic Monkeys","Do I Wanna Know?","Domino Recording Co",98,178,66,"7563913"
194,"spotify:track:0JXXNGljqupsJaZsgSbMZV","Miguel","Sure Thing","Jive",194,-1,1,"7534482"
195,"spotify:track:5gDWsRxpJ2lZAffh5p7K0w","The Weeknd, Lana Del Rey","Stargirl Interlude","Universal Republic Records",131,173,22,"7525888"
196,"spotify:track:2JPLbjOn0wPCngEot2STUS","Bad Bunny","Yonaguni","Rimas Entertainment LLC",3,172,79,"7518721"
197,"spotify:track:6a1hzBiTkgqTsDA0Xgfh9z","The Jackson 5","Santa Claus Is Coming To Town","UNI/MOTOWN",59,-1,14,"7487205"
198,"spotify:track:5U1OEoEW4xnalSAToamwZL","Lana Del Rey","Did you know that there's a tunnel under Ocean Blvd","Polydor Records",198,-1,1,"7477577"
199,"spotify:track:6HMtHNpW6YPi1hrw9tgF8P","Lizzo","About Damn Time","Nice Life/Atlantic",9,153,33,"7462020"
200,"spotify:track:086myS9r57YsLbJpU0TgK9","Arctic Monkeys","Why'd You Only Call Me When You're High?","Domino Recording Co",104,188,58,"7405220"
