"","rank","uri","artist_names","track_name","source","peak_rank","previous_rank","weeks_on_chart","streams","id","danceability","valence","speechiness","energy","liveness","tempo","loudness","acousticness","instrumentalness","main_artist","artist.id","genres"
"1","1","spotify:track:3nqQXoyQOWXiESFLlDF1hG","Sam Smith, Kim Petras","Unholy (feat. Kim Petras)","Capitol Records UK / EMI","1","1","3","50678989","3nqQXoyQOWXiESFLlDF1hG","0.714","0.238","0.0864","0.472","0.266","131.121","-7.375","0.013","4.51e-06","Sam Smith","2wY79sveU1sp5g7SokKOiI","pop,uk pop"
"2","2","spotify:track:4uUG5RXrOk84mYEfFvj3cK","David Guetta, Bebe Rexha","I'm Good (Blue)","Parlophone UK","2","2","7","33390068","4uUG5RXrOk84mYEfFvj3cK","0.561","0.304","0.0343","0.965","0.371","128.04","-3.673","0.00383","7.07e-06","David Guetta","1Cs0zKBU1kc0i8ypK3B9ai","big room,dance pop,edm,pop,pop dance"
"3","3","spotify:track:4Dvkj6JhhA12EX05fT7y2e","Harry Styles","As It Was","Columbia","1","3","28","31732480","4Dvkj6JhhA12EX05fT7y2e","0.52","0.662","0.0557","0.731","0.311","173.93","-5.338","0.342","0.00101","Harry Styles","6KImCVD70vtIoJWnq6nGn3","pop"
"4","4","spotify:track:2tTmW7RDtMQtBk7m2rYeSw","Bizarrap, Quevedo","Quevedo: Bzrp Music Sessions, Vol. 52","DALE PLAY Records","1","4","14","30122972","2tTmW7RDtMQtBk7m2rYeSw","0.621","0.55","0.044","0.782","0.23","128.033","-5.548","0.0125","0.033","Bizarrap","716NhGYqD1jl2wI1Qkgq36","argentine hip hop,pop venezolano,trap argentino,trap latino,urbano latino"
"5","5","spotify:track:5ww2BF9slyYgNOk37BlC4u","Manuel Turizo","La Bachata","Sony Music Latin/La Industria","5","5","15","29422694","5ww2BF9slyYgNOk37BlC4u","0.835","0.85","0.0364","0.679","0.218","124.98","-5.329","0.583","1.98e-06","Manuel Turizo","0tmwSHipWxN12fsoLcFU3B","colombian pop,reggaeton,reggaeton colombiano,urbano latino"
"6","6","spotify:track:6Sq7ltF9Qa7SNFBsV5Cogx","Bad Bunny, Chencho Corleone","Me Porto Bonito","Rimas Entertainment LLC","2","7","23","25316735","6Sq7ltF9Qa7SNFBsV5Cogx","0.911","0.425","0.0817","0.712","0.0933","92.005","-5.105","0.0901","2.68e-05","Bad Bunny","4q3ewBCX7sLwd24euuV69X","reggaeton,trap latino,urbano latino"
"7","7","spotify:track:1IHWl5LamUGEuP4ozKQSXZ","Bad Bunny","Tití Me Preguntó","Rimas Entertainment LLC","4","6","23","25316403","1IHWl5LamUGEuP4ozKQSXZ","0.65","0.187","0.253","0.715","0.126","106.672","-5.198","0.0993","0.000291","Bad Bunny","4q3ewBCX7sLwd24euuV69X","reggaeton,trap latino,urbano latino"
"8","8","spotify:track:5IgjP7X4th6nMNDh4akUHb","Chris Brown","Under The Influence","Chris Brown Entertainment/RCA Records","8","8","12","25006492","5IgjP7X4th6nMNDh4akUHb","0.733","0.31","0.0427","0.69","0.105","116.992","-5.529","0.0635","1.18e-06","Chris Brown","7bXgB6jMjp9ATFy66eO08Z","dance pop,r&b"
"9","9","spotify:track:4h9wh7iOZ0GGn8QVp4RAOB","OneRepublic","I Ain't Worried","Interscope Records","7","9","19","24931899","4h9wh7iOZ0GGn8QVp4RAOB","0.704","0.825","0.0475","0.797","0.0546","139.994","-5.927","0.0826","0.000745","OneRepublic","5Pwc4xIPtQLFEnJriah9YJ","piano rock,pop"
"10","10","spotify:track:4k6Uh1HXdhtusDW5y8Gbvy","Steve Lacy","Bad Habit","L-M Records/RCA Records","10","11","14","22726109","4k6Uh1HXdhtusDW5y8Gbvy","0.686","0.7","0.0355","0.494","0.402","168.946","-7.093","0.613","5.8e-05","Steve Lacy","57vWImR43h4CaDao012Ofp","afrofuturism"
"11","11","spotify:track:53tfEupEzQRtVFOeZvk7xq","ROSALÍA","DESPECHÁ","Columbia","5","12","11","21198542","53tfEupEzQRtVFOeZvk7xq","0.914","0.77","0.0892","0.622","0.0632","130.04","-6.538","0.146","1.68e-05","ROSALÍA","7ltDVBr6mKbRvohxheJ9h1","r&b en espanol"
"12","12","spotify:track:5Eax0qFko2dh7Rl2lYs3bx","Bad Bunny","Efecto","Rimas Entertainment LLC","6","13","23","19782727","5Eax0qFko2dh7Rl2lYs3bx","0.801","0.234","0.0516","0.475","0.0639","98.047","-8.797","0.141","1.73e-05","Bad Bunny","4q3ewBCX7sLwd24euuV69X","reggaeton,trap latino,urbano latino"
"13","13","spotify:track:1xzi1Jcr7mEi9K2RfzLOqS","Beyoncé","CUFF IT","Parkwood Entertainment/Columbia","13","24","8","19384593","1xzi1Jcr7mEi9K2RfzLOqS","0.78","0.642","0.141","0.689","0.0698","115.042","-5.668","0.0368","9.69e-06","Beyoncé","6vWDO969PvNqNYHIOW5v0m","dance pop,pop,r&b"
"14","14","spotify:track:7gRFDGEzF9UkBV233yv2dc","BLACKPINK","Shut Down","YG Entertainment/Interscope Records","1","10","4","19284957","7gRFDGEzF9UkBV233yv2dc","0.818","0.688","0.0454","0.69","0.186","110.071","-5.119","0.00327","0","BLACKPINK","41MozSoPIsD1dJM0CLPjZF","k-pop,k-pop girl group"
"15","15","spotify:track:7jtQIBanIiJOMS6RyCx6jZ","Tom Odell","Another Love","ITNO/Columbia","15","17","79","18165004","7jtQIBanIiJOMS6RyCx6jZ","0.442","0.139","0.0451","0.538","0.09","122.758","-8.55","0.717","2.95e-05","Tom Odell","2txHhyCwHjUEpJjWrEyqyX","chill pop,pop"
"16","16","spotify:track:3k3NWokhRRkEPhCzPmV8TW","Bad Bunny, Bomba Estéreo","Ojitos Lindos","Rimas Entertainment LLC","3","14","23","17845484","3k3NWokhRRkEPhCzPmV8TW","0.647","0.268","0.0413","0.686","0.528","79.928","-5.745","0.08","1.34e-06","Bad Bunny","4q3ewBCX7sLwd24euuV69X","reggaeton,trap latino,urbano latino"
"17","17","spotify:track:76OGwb5RA9h4FxQPT33ekc","Rosa Linn","SNAP","Columbia","17","19","14","17741340","76OGwb5RA9h4FxQPT33ekc","0.565","0.525","0.0638","0.636","0.447","170.01","-8.198","0.107","9.9e-06","Rosa Linn","46xBNx0j6cwY6sD9LgMTm1","alt z"
"18","18","spotify:track:2yjlYDiNiQkdxVqTlaSrlX","Nicki Minaj","Super Freaky Girl","Republic Records","14","15","9","17092565","2yjlYDiNiQkdxVqTlaSrlX","0.951","0.923","0.211","0.878","0.321","133.014","-2.565","0.0509","1.61e-05","Nicki Minaj","0hCNtLu0JehylgoiP8L4Gh","dance pop,hip pop,pop,queens hip hop,rap"
"19","19","spotify:track:6xGruZOHLs39ZbVccQTuPZ","Joji","Glimpse of Us","88rising Music/Warner Records","1","18","18","16869241","6xGruZOHLs39ZbVccQTuPZ","0.44","0.268","0.0531","0.317","0.141","169.914","-9.258","0.891","4.78e-06","Joji","3MZsBdqDrRTJihTHQrO6Dq","viral pop"
"20","20","spotify:track:1xK59OXxi2TAAAbmZK0kBL","d4vd","Romantic Homicide","Darkroom/Interscope Records","20","25","6","16797075","1xK59OXxi2TAAAbmZK0kBL","0.571","0.216","0.0299","0.544","0.322","132.052","-10.613","0.453","0.00805","d4vd","5y8tKLUfMvliMe8IKamR32","bedroom pop"
"21","21","spotify:track:2QjOHCTQ1Jl3zawyYOpxh6","The Neighbourhood","Sweater Weather","Columbia","21","21","111","16525218","2QjOHCTQ1Jl3zawyYOpxh6","0.612","0.398","0.0336","0.807","0.101","124.053","-2.81","0.0495","0.0177","The Neighbourhood","77SW9BnxLY8rJ0RciFqkHh","modern alternative rock,modern rock,pop,shimmer pop"
"22","22","spotify:track:02MWAaffLxlfxAUY7c5dvx","Glass Animals","Heat Waves","Polydor Records","1","22","94","15584788","02MWAaffLxlfxAUY7c5dvx","0.761","0.531","0.0944","0.525","0.0921","80.87","-6.9","0.44","6.7e-06","Glass Animals","4yvcSjfu4PC0CYQyLy4wSq","gauze pop,indietronica,shiver pop"
"23","23","spotify:track:6VhuP99TE6gYNQRJIlAWFD","Stephen Sanchez","Until I Found You","Republic Records","23","27","23","15523604","6VhuP99TE6gYNQRJIlAWFD","0.346","0.191","0.0388","0.5","0.189","202.466","-6.097","0.757","0","Stephen Sanchez","5XKFrudbV4IiuE5WuTPRmT","gen z singer-songwriter,pop"
"24","24","spotify:track:31i56LZnwE6uSu3exoHjtB","Bad Bunny","Neverita","Rimas Entertainment LLC","15","20","23","15355691","31i56LZnwE6uSu3exoHjtB","0.876","0.428","0.0478","0.498","0.143","122.016","-7.511","0.0706","0","Bad Bunny","4q3ewBCX7sLwd24euuV69X","reggaeton,trap latino,urbano latino"
"25","25","spotify:track:5zwwW9Oq7ubSxoCGyW1nbY","BLACKPINK","Pink Venom","YG Entertainment/Interscope Records","2","16","8","15343777","5zwwW9Oq7ubSxoCGyW1nbY","0.693","0.708","0.202","0.734","0.217","180.06","-6.189","0.0145","0","BLACKPINK","41MozSoPIsD1dJM0CLPjZF","k-pop,k-pop girl group"
"26","26","spotify:track:6Xom58OOXk2SoU711L2IXO","Bad Bunny","Moscow Mule","Rimas Entertainment LLC","2","23","23","15120031","6Xom58OOXk2SoU711L2IXO","0.804","0.292","0.0333","0.674","0.115","99.968","-5.453","0.294","1.18e-06","Bad Bunny","4q3ewBCX7sLwd24euuV69X","reggaeton,trap latino,urbano latino"
"27","27","spotify:track:2LBqCSwhJGcFQeTHMVGwy3","The Weeknd","Die For You","Universal Republic Records","26","29","35","14575347","2LBqCSwhJGcFQeTHMVGwy3","0.586","0.508","0.0615","0.525","0.134","133.629","-7.163","0.111","0","The Weeknd","1Xyo4u8uXC1ZmMpatF05PJ","canadian contemporary r&b,canadian pop,pop"
"28","28","spotify:track:0WtM2NBVQNNJLh6scP13H8","Rema, Selena Gomez","Calm Down (with Selena Gomez)","Mavin Records / Jonzing World","28","32","7","14538848","0WtM2NBVQNNJLh6scP13H8","0.801","0.802","0.0381","0.806","0.114","106.999","-5.206","0.382","0.000669","Rema","46pWGuE3dSwY3bMMXGBvVS","nigerian pop"
"29","29","spotify:track:5PjdY0CKGZdEuoNab3yDmX","The Kid LAROI, Justin Bieber","STAY (with Justin Bieber)","Columbia","1","28","66","14298555","5PjdY0CKGZdEuoNab3yDmX","0.591","0.478","0.0483","0.764","0.103","169.928","-5.484","0.0383","0","The Kid LAROI","2tIP7SsRs7vjIcLrU85W8J","australian hip hop,pop"
"30","30","spotify:track:54ipXppHLA8U4yqpOFTUhr","Imagine Dragons","Bones","Kid Ina Korner / Interscope","30","35","31","13959074","54ipXppHLA8U4yqpOFTUhr","0.772","0.587","0.0455","0.75","0.074","114.061","-3.67","0.0201","0","Imagine Dragons","53XhwfbYqKCa1cC15pYq2q","modern rock,rock"
"31","31","spotify:track:5XeFesFbtLpXzIVDNQP22n","Arctic Monkeys","I Wanna Be Yours","Domino Recording Co","31","36","14","13838589","5XeFesFbtLpXzIVDNQP22n","0.464","0.479","0.0256","0.417","0.0974","67.528","-9.345","0.136","0.022","Arctic Monkeys","7Ln80lUS6He07XvHI8qqHH","garage rock,modern rock,permanent wave,rock,sheffield indie"
"32","32","spotify:track:5Odq8ohlgIbQKMZivbWkEo","Charlie Puth, Jung Kook, BTS","Left and Right (Feat. Jung Kook of BTS)","Atlantic Records","7","31","16","13707294","5Odq8ohlgIbQKMZivbWkEo","0.881","0.719","0.0324","0.592","0.0901","101.058","-4.898","0.619","1.32e-05","Charlie Puth","6VuMaDnrHyPL1p4EHjYLi7","dance pop,pop,viral pop"
"33","33","spotify:track:38T0tPVZHcPZyhtOcCP7pF","Lil Nas X","STAR WALKIN' (League of Legends Worlds Anthem)","Columbia","22","26","3","13700987","38T0tPVZHcPZyhtOcCP7pF","0.637","0.308","0.0455","0.715","0.0892","141.872","-4.971","0.148","0","Lil Nas X","7jVv8c5Fj3E9VhNjxT4snq","lgbtq+ hip hop,pop"
"34","34","spotify:track:7dSZ6zGTQx66c2GF91xCrb","KAROL G","PROVENZA","UMLE - Latino","6","30","25","13688554","7dSZ6zGTQx66c2GF91xCrb","0.87","0.53","0.0541","0.516","0.11","111.005","-8.006","0.656","0.00823","KAROL G","790FomKkXshlbRYZFtlgla","reggaeton,reggaeton colombiano,urbano latino"
"35","35","spotify:track:1qEmFfgcLObUfQm0j1W2CK","Harry Styles","Late Night Talking","Columbia","2","37","21","12944126","1qEmFfgcLObUfQm0j1W2CK","0.714","0.901","0.0468","0.728","0.106","114.996","-4.595","0.298","0","Harry Styles","6KImCVD70vtIoJWnq6nGn3","pop"
"36","36","spotify:track:3LtpKP5abr2qqjunvjlX5i","Central Cee","Doja","Central Cee","15","33","12","12923318","3LtpKP5abr2qqjunvjlX5i","0.911","0.972","0.288","0.573","0.403","140.04","-7.43","0.38","0","Central Cee","5H4yInM5zmHqpKIoMNAx4r","melodic drill"
"37","37","spotify:track:75FEaRjZTKLhTrFGsfMUXR","Kate Bush","Running Up That Hill (A Deal With God)","Fish People","1","34","20","12337148","75FEaRjZTKLhTrFGsfMUXR","0.629","0.197","0.055","0.547","0.0604","108.375","-13.123","0.72","0.00314","Kate Bush","1aSxMhuvixZ8h9dK9jIDwL","art pop,art rock,baroque pop,new wave pop,permanent wave,piano rock,singer-songwriter"
"38","38","spotify:track:79HZAZNnOE97rb2hnI0XQr","Rauw Alejandro, Lyanno, Brray","LOKERA","Sony Music Latin/Duars Entertainment","38","41","9","12178039","79HZAZNnOE97rb2hnI0XQr","0.834","0.58","0.0452","0.828","0.103","102.019","-2.657","0.21","5.91e-06","Rauw Alejandro","1mcTU81TzQhprhouKaTkpq","puerto rican pop,trap latino,urbano latino"
"39","39","spotify:track:2CeKVsFFXG4QzA415QygGb","Feid","Feliz Cumpleaños Ferxxo","UMLE - Latino","39","43","8","12103268","2CeKVsFFXG4QzA415QygGb","0.865","0.563","0.0678","0.573","0.305","94.999","-5.501","0.0863","0","Feid","2LRoIwlKmHjgvigdNGBHNo","colombian pop,pop reggaeton,reggaeton colombiano,urbano latino"
"40","40","spotify:track:4h4QlmocP3IuwYEj2j14p8","Nicky Youre, dazy","Sunroof","Thirty Knots/Columbia","28","38","23","12058068","4h4QlmocP3IuwYEj2j14p8","0.768","0.842","0.0401","0.714","0.15","131.443","-5.11","0.352","0","Nicky Youre","7qmpXeNz2ojlMl2EEfkeLs","pop"
"41","41","spotify:track:0O6u0VJ46W86TxN9wgyqDj","Post Malone, Doja Cat","I Like You (A Happier Song) (with Doja Cat)","Mercury Records/Republic Records","10","39","19","12040459","0O6u0VJ46W86TxN9wgyqDj","0.733","0.472","0.0751","0.67","0.121","100.964","-6.009","0.121","0","Post Malone","246dkjvS1zLTtiykXe5h60","dfw rap,melodic rap,rap"
"42","42","spotify:track:6JIC3hbC28JZKZ8AlAqX8h","Elton John, Dua Lipa, PNAU","Cold Heart - PNAU Remix","EMI","4","42","61","11573760","6JIC3hbC28JZKZ8AlAqX8h","0.795","0.934","0.0309","0.8","0.0915","116.032","-6.32","0.0354","7.25e-05","Elton John","3PhoLpVuITZKcymswpck5b","glam rock,mellow gold,piano rock"
"43","43","spotify:track:58ge6dfP91o9oXMzq3XkIS","Arctic Monkeys","505","Domino Recording Co","43","44","41","11355668","58ge6dfP91o9oXMzq3XkIS","0.52","0.234","0.0543","0.852","0.0733","140.267","-5.866","0.00237","5.79e-05","Arctic Monkeys","7Ln80lUS6He07XvHI8qqHH","garage rock,modern rock,permanent wave,rock,sheffield indie"
"44","44","spotify:track:0VjIjW4GlUZAMYd2vXMi3b","The Weeknd","Blinding Lights","Republic Records","1","48","150","11343127","0VjIjW4GlUZAMYd2vXMi3b","0.514","0.334","0.0598","0.73","0.0897","171.005","-5.934","0.00146","9.54e-05","The Weeknd","1Xyo4u8uXC1ZmMpatF05PJ","canadian contemporary r&b,canadian pop,pop"
"45","45","spotify:track:7iwJOi3hlMqZt6pj1sQOBj","Quevedo","VISTA AL MAR","Quevedo","45","46","5","11280517","7iwJOi3hlMqZt6pj1sQOBj","0.759","0.491","0.131","0.561","0.101","104.915","-5.643","0.803","0.121","Quevedo","52iwsT98xCoGgiGntTiR7K","rap canario"
"46","46","spotify:track:6HMtHNpW6YPi1hrw9tgF8P","Lizzo","About Damn Time","Nice Life/Atlantic","9","45","24","11041913","6HMtHNpW6YPi1hrw9tgF8P","0.836","0.723","0.0653","0.743","0.335","108.965","-6.305","0.0974","0","Lizzo","56oDRnqbIiwx4mymNEv7dS","dance pop,escape room,minnesota hip hop,pop,trap queen"
"47","47","spotify:track:0kTMK4gNFfLXaTb62w1UaJ","Pablito Pesadilla, Polimá Westcoast, Nickoog Clk, Fran C","BABY OTAKU","BZR Music","47","52","3","11010255","0kTMK4gNFfLXaTb62w1UaJ","0.835","0.432","0.083","0.747","0.055","102.003","-4.65","0.0492","0","Pablito Pesadilla","41vcoPejPG3vv8emJ2R5Ox",""
"48","48","spotify:track:5JhUm1v5AbI5Yu6jLKCPRO","Grupo Frontera","No Se Va - En Vivo","Grupo Frontera","48","54","3","10549475","5JhUm1v5AbI5Yu6jLKCPRO","0.594","0.692","0.0335","0.527","0.234","172.712","-9.335","0.121","0","Grupo Frontera","6XkjpgcEsYab502Vr1bBeW","musica chihuahuense,nueva musica mexicana"
"49","49","spotify:track:2eAvDnpXP5W0cVtiI0PUxV","Ruth B.","Dandelions","Columbia","34","57","61","10543002","2eAvDnpXP5W0cVtiI0PUxV","0.609","0.454","0.0259","0.692","0.0864","116.959","-2.958","0.0157","0","Ruth B.","2WzaAvm2bBCf4pEhyuDgCY","alt z,canadian contemporary r&b,canadian pop,pop"
"50","50","spotify:track:1cKHdTo9u0ZymJdPGSh6nq","The Weeknd, Gesaffelstein","I Was Never There","Universal Republic Records","17","56","19","10491812","1cKHdTo9u0ZymJdPGSh6nq","0.323","0.155","0.0338","0.737","0.163","113.26","-4.008","0.142","0.000162","The Weeknd","1Xyo4u8uXC1ZmMpatF05PJ","canadian contemporary r&b,canadian pop,pop"
"51","51","spotify:track:6i1g5ZRmJZAkDwBaUZ3f2i","Luar La L","Caile","La Mafia Urbana Corp.","32","50","9","10454157","6i1g5ZRmJZAkDwBaUZ3f2i","0.704","0.461","0.448","0.756","0.0852","121.737","-4.948","0.298","3.75e-06","Luar La L","4axKuDPr6WKcDCyh8vueTY","reggaeton,reggaeton flow,trap latino,urbano latino"
"52","52","spotify:track:3F5CgOj3wFlRv51JsHbxhe","Drake, 21 Savage","Jimmy Cooks (feat. 21 Savage)","OVO","7","53","17","10445394","3F5CgOj3wFlRv51JsHbxhe","0.529","0.366","0.175","0.673","0.093","165.921","-4.711","0.000307","2.41e-06","Drake","3TVXtAsR1Inumwj472S9r4","canadian hip hop,canadian pop,hip hop,rap,toronto rap"
"53","53","spotify:track:41oY4WCTj5kccfesTVFnvN","Bad Bunny, JhayCo","Tarot","Rimas Entertainment LLC","9","47","23","10404705","41oY4WCTj5kccfesTVFnvN","0.795","0.419","0.0419","0.684","0.658","114.011","-3.971","0.0225","0","Bad Bunny","4q3ewBCX7sLwd24euuV69X","reggaeton,trap latino,urbano latino"
"54","54","spotify:track:2TktkzfozZifbQhXjT6I33","Omar Apollo","Evergreen (You Didn’t Deserve Me At All)","Warner Records","54","55","4","10401037","2TktkzfozZifbQhXjT6I33","0.697","0.31","0.0424","0.336","0.107","82.029","-10.395","0.598","0.00528","Omar Apollo","5FxD8fkQZ6KcsSYupDVoSO","bedroom pop,bedroom soul,pop"
"55","55","spotify:track:7wdwIaXUuzlu1grzWMFRJm","Ghost","Mary On A Cross","UME - Global Clearing House","36","49","9","10292407","7wdwIaXUuzlu1grzWMFRJm","0.467","0.554","0.0451","0.9","0.105","130.027","-4.505","0.000187","0.000493","Ghost","1Qp56T7n950O3EGMsSl81D","hard rock,metal"
"56","56","spotify:track:39JofJHEtg8I4fSyo7Imft","Eliza Rose, Interplanetary Criminal","B.O.T.A. (Baddest Of Them All) - Edit","Warner Records","52","58","6","10272283","39JofJHEtg8I4fSyo7Imft","0.736","0.698","0.048","0.906","0.106","137.001","-7.589","0.164","0.585","Eliza Rose","4XC335ouK6pXyq4QiIb8bP","house"
"57","57","spotify:track:5TJEBoTCDbJXiKMdCN9pd3","Elton John, Britney Spears","Hold Me Closer","EMI","25","60","7","10249417","5TJEBoTCDbJXiKMdCN9pd3","0.659","0.484","0.11","0.772","0.187","126.018","-4.595","0.0748","0.000346","Elton John","3PhoLpVuITZKcymswpck5b","glam rock,mellow gold,piano rock"
"58","58","spotify:track:7DbdUf8aHSYoliSjO6LZv6","Beach Weather","Sex, Drugs, Etc.","8123 / Arista Records","58","63","9","10126690","7DbdUf8aHSYoliSjO6LZv6","0.572","0.465","0.0377","0.839","0.522","143.969","-5.083","0.013","0.00976","Beach Weather","7I3bkknknQkIiatWiupQgD",""
"59","59","spotify:track:6I3mqTwhRpn34SLVafSH7G","Justin Bieber","Ghost","RBMG/Def Jam","11","62","56","10053418","6I3mqTwhRpn34SLVafSH7G","0.601","0.441","0.0478","0.741","0.415","153.96","-5.569","0.185","2.91e-05","Justin Bieber","1uNFoZAHBGtllmzznpCI3s","canadian pop,pop"
"60","60","spotify:track:5odlY52u43F5BjByhxg7wg","JVKE","golden hour","JVKE","51","51","7","9988787","5odlY52u43F5BjByhxg7wg","0.515","0.153","0.0322","0.593","0.25","94.467","-4.801","0.653","0.162","JVKE","164Uj4eKjl6zTBKfJLFKKK","modern indie pop"
"61","61","spotify:track:1ga4PztXOIw1yBbdUt2X8v","KAROL G, Maldy","GATÚBELA","UMLE - Latino","33","59","7","9958195","1ga4PztXOIw1yBbdUt2X8v","0.627","0.342","0.386","0.858","0.21","92.523","-2.824","0.263","0","KAROL G","790FomKkXshlbRYZFtlgla","reggaeton,reggaeton colombiano,urbano latino"
"62","62","spotify:track:1DIXPcTDzTj8ZMHt3PDt8p","Coolio, L.V.","Gangsta's Paradise","Tommy Boy Music, LLC","40","40","50","9936820","1DIXPcTDzTj8ZMHt3PDt8p","0.647","0.386","0.0593","0.514","0.398","79.975","-10.05","0.0655","0","Coolio","3y24n3XhZ96wgwRXjvS17T","g funk,gangster rap,hip hop,rap,west coast rap"
"63","63","spotify:track:1Fid2jjqsHViMX6xNH70hE","Seafret","Atlantis","Sweet Jane Recordings","63","64","12","9731262","1Fid2jjqsHViMX6xNH70hE","0.4","0.213","0.0308","0.479","0.115","166.159","-7.989","0.0529","2.14e-06","Seafret","4Ly0KABsxlx4fNj63zJTrF","folk-pop,pop"
"64","64","spotify:track:3WMj8moIAXJhHsyLaqIIHI","Zach Bryan","Something in the Orange","Warner Records","64","99","5","9671675","3WMj8moIAXJhHsyLaqIIHI","0.369","0.148","0.04","0.192","0.0954","175.212","-12.151","0.555","8.35e-06","Zach Bryan","40ZNYROS4zLfyyBSs2PGe2","oklahoma country"
"65","65","spotify:track:7MXVkk9YMctZqd1Srtv4MB","The Weeknd, Daft Punk","Starboy","Universal Republic Records","1","65","106","9664721","7MXVkk9YMctZqd1Srtv4MB","0.679","0.486","0.276","0.587","0.137","186.003","-7.015","0.141","6.35e-06","The Weeknd","1Xyo4u8uXC1ZmMpatF05PJ","canadian contemporary r&b,canadian pop,pop"
"66","66","spotify:track:4tYFy8ALRjIZvnvSLw5lxN","Bad Bunny, Rauw Alejandro","Party","Rimas Entertainment LLC","6","61","23","9391974","4tYFy8ALRjIZvnvSLw5lxN","0.829","0.471","0.0897","0.799","0.242","97.013","-5.389","0.0151","0.000543","Bad Bunny","4q3ewBCX7sLwd24euuV69X","reggaeton,trap latino,urbano latino"
"67","67","spotify:track:27ZZdyTSQWI7Cug2d2PkqV","Armani White","BILLIE EILISH.","Legendbound, LLC / Def Jam Recordings","67","73","7","9374257","27ZZdyTSQWI7Cug2d2PkqV","0.9","0.765","0.257","0.509","0.0937","100.007","-6.647","0.115","1.67e-06","Armani White","2qAwMsiIjTzlmfAkXKvhVA","indie hip hop"
"68","68","spotify:track:3EaJDYHA0KnX88JvDhL9oa","Steve Lacy","Dark Red","Three Quarter","66","72","62","9260642","3EaJDYHA0KnX88JvDhL9oa","0.603","0.769","0.062","0.784","0.119","172.041","-4.023","0.446","8.32e-06","Steve Lacy","57vWImR43h4CaDao012Ofp","afrofuturism"
"69","69","spotify:track:4zN21mbAuaD0WqtmaTZZeP","James Hype, Miggy Dela Rosa","Ferrari","Universal-Island Records Ltd.","34","67","19","9257903","4zN21mbAuaD0WqtmaTZZeP","0.847","0.692","0.0493","0.69","0.0526","125.004","-7.877","0.0127","6e-05","James Hype","43BxCL6t4c73BQnIJtry5v","dance pop,deep groove house,edm,house,pop dance,uk dance"
"70","70","spotify:track:0hquQWY3xvYqN4qtiquniF","Doja Cat","Vegas (From the Original Motion Picture Soundtrack ELVIS)","Kemosabe Records/RCA Records","26","70","19","9230758","0hquQWY3xvYqN4qtiquniF","0.801","0.74","0.255","0.601","0.145","159.969","-7.574","0.0777","3.23e-05","Doja Cat","5cj0lLjcoR7YOSnhnX0Po5","dance pop,pop"
"71","71","spotify:track:1Ame8XTX6QHY0l0ahqUhgv","Måneskin","THE LONELIEST","Epic","71","-1","1","9226973","1Ame8XTX6QHY0l0ahqUhgv","0.519","0.237","0.0283","0.595","0.0762","129.786","-5.001","0.00151","0","Måneskin","0lAWpj5szCSwM4rUMHYmrr","indie rock italiano,italian pop"
"72","72","spotify:track:3AJwUDP919kvQ9QcozQPxg","Coldplay","Yellow","Parlophone UK","56","74","95","9216099","3AJwUDP919kvQ9QcozQPxg","0.429","0.285","0.0281","0.661","0.234","173.372","-7.227","0.00239","0.000121","Coldplay","4gzpq5DPGxSnKTe4SA8HAU","permanent wave,pop"
"73","73","spotify:track:58HvfVOeJY7lUuCqF0m3ly","Elley Duhé","MIDDLE OF THE NIGHT","Not Fit For Society/RCA Records","11","77","42","9192819","58HvfVOeJY7lUuCqF0m3ly","0.41","0.0899","0.0467","0.611","0.116","185.727","-8.271","0.0228","0","Elley Duhé","67MNhiAICFY6Pwc2YxCO0K","alt z,pop"
"74","74","spotify:track:2DB4DdfCFMw1iaR6JaR03a","Camila Cabello, Ed Sheeran","Bam Bam (feat. Ed Sheeran)","Epic","5","69","32","9139135","2DB4DdfCFMw1iaR6JaR03a","0.756","0.956","0.0401","0.697","0.333","94.996","-6.377","0.182","0","Camila Cabello","4nDoRrQiYLoBzwC5BhVJzF","dance pop,pop,post-teen pop"
"75","75","spotify:track:2rurDawMfoKP4uHyb2kJBt","Shakira, Rauw Alejandro","Te Felicito","Sony Music Latin","13","66","25","9082605","2rurDawMfoKP4uHyb2kJBt","0.695","0.575","0.317","0.636","0.081","174.14","-4.654","0.234","0","Shakira","0EmeFodog0BfCgMzAIvKQp","colombian pop,dance pop,latin pop"
"76","76","spotify:track:09mEdoA6zrmBPgTEN5qXmN","The Weeknd","Call Out My Name","Universal Republic Records","1","76","51","9052839","09mEdoA6zrmBPgTEN5qXmN","0.461","0.175","0.0356","0.593","0.307","134.17","-4.954","0.17","0","The Weeknd","1Xyo4u8uXC1ZmMpatF05PJ","canadian contemporary r&b,canadian pop,pop"
"77","77","spotify:track:3CIyK1V4JEJkg02E4EJnDl","Imagine Dragons, JID, Arcane, League of Legends","Enemy (with JID) - from the series Arcane League of Legends","Kid Ina Korner / Interscope","3","82","50","9045881","3CIyK1V4JEJkg02E4EJnDl","0.728","0.555","0.266","0.783","0.434","77.011","-4.424","0.237","0","Imagine Dragons","53XhwfbYqKCa1cC15pYq2q","modern rock,rock"
"78","78","spotify:track:0u2P5u6lvoDfwTYjAADbn4","Billie Eilish, Khalid","lovely (with Khalid)","Darkroom","24","81","234","9022876","0u2P5u6lvoDfwTYjAADbn4","0.351","0.12","0.0333","0.296","0.095","115.284","-10.109","0.934","0","Billie Eilish","6qqNVTkY8uBg9cP3Jd7DAH","art pop,electropop,pop"
"79","79","spotify:track:0HYAsQwJIO6FLqpyTeD3l6","Fujii Kaze","Shinunoga E-Wa","Universal Music LLC","72","75","6","8988966","0HYAsQwJIO6FLqpyTeD3l6","0.6","0.519","0.0451","0.76","0.189","158.075","-6.123","0.167","4.07e-05","Fujii Kaze","6bDWAcdtVR3WHz2xtiIPUi","japanese teen pop"
"80","80","spotify:track:1797zYiX4cKosMH836X9Gt","Bad Bunny, Tony Dize","La Corriente","Rimas Entertainment LLC","17","68","23","8915978","1797zYiX4cKosMH836X9Gt","0.663","0.579","0.195","0.786","0.219","196.12","-3.51","0.229","0","Bad Bunny","4q3ewBCX7sLwd24euuV69X","reggaeton,trap latino,urbano latino"
"81","81","spotify:track:5QO79kh1waicV47BqGRL3g","The Weeknd","Save Your Tears","Republic Records","2","86","97","8883334","5QO79kh1waicV47BqGRL3g","0.68","0.644","0.0309","0.826","0.543","118.051","-5.487","0.0212","1.24e-05","The Weeknd","1Xyo4u8uXC1ZmMpatF05PJ","canadian contemporary r&b,canadian pop,pop"
"82","82","spotify:track:5QM0SsyzmBM0pbFY52Xj1X","Sam Smith","I'm Not The Only One","Capitol","82","89","12","8866840","5QM0SsyzmBM0pbFY52Xj1X","0.677","0.493","0.0361","0.485","0.0766","82.001","-5.795","0.529","2.04e-05","Sam Smith","2wY79sveU1sp5g7SokKOiI","pop,uk pop"
"83","83","spotify:track:59nOXPmaKlBfGMDeOVGrIK","Future, Drake, Tems","WAIT FOR U (feat. Drake & Tems)","Epic/Freebandz","10","83","24","8797868","59nOXPmaKlBfGMDeOVGrIK","0.463","0.339","0.34","0.642","0.0686","83.389","-4.474","0.314","0","Future","1RyvyyTE3xzB2ZywiAwp0i","atl hip hop,rap,southern hip hop,trap"
"84","84","spotify:track:7ef4DlsgrMEH11cDZd32M6","Calvin Harris, Dua Lipa","One Kiss (with Dua Lipa)","Sony Music UK","2","79","92","8769671","7ef4DlsgrMEH11cDZd32M6","0.791","0.592","0.11","0.862","0.0814","123.994","-3.24","0.037","2.19e-05","Calvin Harris","7CajNmpbOovFoOoasH2HaY","dance pop,edm,electro house,house,pop,progressive house,uk dance"
"85","85","spotify:track:6qyS9qBy0mEk3qYaH8mPss","Kordhell","Murder In My Mind","Kordhell","85","93","9","8702716","6qyS9qBy0mEk3qYaH8mPss","0.712","0.568","0.112","0.972","0.128","119.966","-0.514","0.00547","7.06e-05","Kordhell","2W6WP4pHQTFlbr2z9S4n54","drift phonk"
"86","86","spotify:track:73vIOb4Q7YN6HeJTbscRx5","Oliver Tree, Robin Schulz","Miss You","Atlantic Records","86","-1","1","8697859","73vIOb4Q7YN6HeJTbscRx5","0.587","0.199","0.0529","0.742","0.146","145.007","-6.64","0.0128","0.00107","Oliver Tree","6TLwD7HPWuiOzvXEa3oCNe","alternative hip hop"
"87","87","spotify:track:6FYfhKknpt05Om6YPcEYAg","girl in red","we fell in love in october","world in red","78","78","6","8651934","6FYfhKknpt05Om6YPcEYAg","0.566","0.237","0.028","0.366","0.155","129.96","-12.808","0.113","0.181","girl in red","3uwAm6vQy7kWPS2bciKWx9","bedroom pop,indie pop,norwegian indie,pop"
"88","88","spotify:track:6UelLqGlWMcVH1E5c4H7lY","Harry Styles","Watermelon Sugar","Columbia","4","90","152","8603894","6UelLqGlWMcVH1E5c4H7lY","0.548","0.557","0.0465","0.816","0.335","95.39","-4.209","0.122","0","Harry Styles","6KImCVD70vtIoJWnq6nGn3","pop"
"89","89","spotify:track:3AVrVz5rK8Hrqo9YGiVGN5","Cigarettes After Sex","Apocalypse","Partisan Records","89","91","14","8462922","3AVrVz5rK8Hrqo9YGiVGN5","0.369","0.174","0.0274","0.467","0.109","94.473","-9.018","0.0194","0.46","Cigarettes After Sex","1QAJqy2dA3ihHBFIHRphZj","ambient pop,dream pop,el paso indie,shoegaze"
"90","90","spotify:track:3xWGA8pa0IKFI7IMPri4P0","Ed Sheeran","Shivers","Atlantic Records UK","4","88","57","8439151","3xWGA8pa0IKFI7IMPri4P0","0.788","0.822","0.0856","0.859","0.0424","141.02","-2.724","0.281","0","Ed Sheeran","6eUKZXaKkcviH0Ku9w2n3V","pop,uk pop"
"91","91","spotify:track:3fjN3y5x4hN53rykAN2LHQ","Rels B","cómo dormiste?","DALE PLAY Records / Flakk Team","24","85","10","8426072","3fjN3y5x4hN53rykAN2LHQ","0.627","0.565","0.234","0.429","0.122","126.426","-8.255","0.238","0","Rels B","2IMZYfNi21MGqxopj9fWx8","r&b en espanol,spanish hip hop,trap latino,urbano espanol,urbano latino"
"92","92","spotify:track:5Z9KJZvQzH6PFmb8SNkxuk","Lil Nas X, Jack Harlow","INDUSTRY BABY (feat. Jack Harlow)","Columbia","2","87","64","8425877","5Z9KJZvQzH6PFmb8SNkxuk","0.741","0.892","0.0672","0.691","0.0476","150.087","-7.395","0.0221","0","Lil Nas X","7jVv8c5Fj3E9VhNjxT4snq","lgbtq+ hip hop,pop"
"93","93","spotify:track:5jt25aFjW2kNoBqaEVaz5W","Mora, Feid","LA INOCENTE","Rimas Entertainment LLC","74","92","15","8405688","5jt25aFjW2kNoBqaEVaz5W","0.757","0.464","0.0583","0.789","0.0717","91.911","-3.46","0.307","0","Mora","0Q8NcsJwoCbZOHHW63su5S","trap latino,urbano latino"
"94","94","spotify:track:4UMIv5jd9gK98a39BQRD9X","Pritam, Arijit Singh, Amitabh Bhattacharya","Kesariya","Sony Music Entertainment India Pvt. Ltd.","33","71","13","8260048","4UMIv5jd9gK98a39BQRD9X","0.577","0.436","0.0278","0.574","0.1","94.009","-6.525","0.572","0","Pritam","1wRPtKGflJrBx9BmLsSwlU","filmi,indian instrumental,modern bollywood"
"95","95","spotify:track:1klq7dgG1Pz0ijci5Pmae1","Stray Kids","CASE 143","Republic Records - Stray Kids","95","-1","1","8198221","1klq7dgG1Pz0ijci5Pmae1","0.801","0.646","0.237","0.885","0.0223","100.073","-2.627","0.0935","0","Stray Kids","2dIgFjalVxs4ThymZ67YCE","k-pop,k-pop boy group"
"96","96","spotify:track:68Dni7IE4VyPkTOH9mRWHr","J. Cole","No Role Modelz","Roc Nation Records LLC","76","105","64","8180499","68Dni7IE4VyPkTOH9mRWHr","0.69","0.494","0.339","0.521","0.0534","100.028","-8.492","0.324","0","J. Cole","6l3HvQ5sa6mXTsMTB19rO5","conscious hip hop,hip hop,north carolina hip hop,rap"
"97","97","spotify:track:3sNVsP50132BTNlImLx70i","Kanye West","Bound 2","Rock The World/IDJ/Kanye/LP6","77","95","6","8125971","3sNVsP50132BTNlImLx70i","0.367","0.31","0.0465","0.665","0.113","148.913","-2.821","0.145","0","Kanye West","5K4W6rqBFWDnAN6FQUkS6x","chicago rap,rap"
"98","98","spotify:track:7lQ8MOhq6IN2w8EYcFNSUk","Eminem","Without Me","Aftermath","31","100","55","8104811","7lQ8MOhq6IN2w8EYcFNSUk","0.908","0.662","0.0738","0.669","0.237","112.238","-2.827","0.00286","0","Eminem","7dGJo4pcD2V6oG8kP0tJRR","detroit hip hop,hip hop,rap"
"99","99","spotify:track:5FVd6KXrgO9B3JPmC8OPst","Arctic Monkeys","Do I Wanna Know?","Domino Recording Co","98","98","57","8063138","5FVd6KXrgO9B3JPmC8OPst","0.548","0.405","0.0323","0.532","0.217","85.03","-7.596","0.186","0.000263","Arctic Monkeys","7Ln80lUS6He07XvHI8qqHH","garage rock,modern rock,permanent wave,rock,sheffield indie"
"100","100","spotify:track:1FEiijYPJtyswChfcpv3p0","Lana Del Rey","Summertime Sadness","Polydor Records","94","104","12","8011095","1FEiijYPJtyswChfcpv3p0","0.568","0.211","0.0332","0.646","0.121","111.945","-6.793","0.0464","0","Lana Del Rey","00FQb4jTyendYWaN8pK0wa","art pop,pop"
"101","101","spotify:track:0pqnGHJpmpxLKifKRmU6WP","Imagine Dragons","Believer","Kid Ina Korner / Interscope","16","106","297","7994692","0pqnGHJpmpxLKifKRmU6WP","0.776","0.666","0.128","0.78","0.081","124.949","-4.374","0.0622","0","Imagine Dragons","53XhwfbYqKCa1cC15pYq2q","modern rock,rock"
"102","102","spotify:track:6Uj1ctrBOjOas8xZXGqKk4","Doja Cat","Woman","Kemosabe Records/RCA Records","6","102","66","7994166","6Uj1ctrBOjOas8xZXGqKk4","0.824","0.881","0.0854","0.764","0.117","107.998","-4.175","0.0888","0.00294","Doja Cat","5cj0lLjcoR7YOSnhnX0Po5","dance pop,pop"
"103","103","spotify:track:4SqWKzw0CbA05TGszDgMlc","The Walters","I Love You So","Warner Records","21","111","53","7992122","4SqWKzw0CbA05TGszDgMlc","0.575","0.466","0.0358","0.648","0.115","75.977","-4.891","0.583","0","The Walters","027TpXKGwdXP7iwbjUSpV8","chicago indie"
"104","104","spotify:track:0fea68AdmYNygeTGI4RC18","J Balvin, Bad Bunny","LA CANCIÓN","Universal Music Latino / Rimas","17","94","86","7909856","0fea68AdmYNygeTGI4RC18","0.754","0.429","0.317","0.646","0.108","176.089","-5.795","0.152","1.85e-05","J Balvin","1vyhD5VmyZ7KMfW5gqLgo5","reggaeton,reggaeton colombiano,urbano latino"
"105","105","spotify:track:5uSFGgIfHMT3osrAd9n9ym","Lewis Capaldi","Forget Me","Vertigo Berlin","57","96","5","7848814","5uSFGgIfHMT3osrAd9n9ym","0.669","0.716","0.0441","0.742","0.355","101.982","-3.518","0.296","0","Lewis Capaldi","4GNC7GD6oZMSxPGyXy4MNB","pop,uk pop"
"106","106","spotify:track:2WigMwGJysIh9fRnSJvpjn","Oxlade","KU LO SA - A COLORS SHOW","Epic","97","108","6","7831251","2WigMwGJysIh9fRnSJvpjn","0.649","0.793","0.0652","0.655","0.22","92.9","-5.534","0.307","0","Oxlade","3WTrdbZU99dgTtt3ZkyamT","nigerian pop"
"107","107","spotify:track:1R0a2iXumgCiFb7HEZ7gUE","Taylor Swift","Don’t Blame Me","Big Machine Records, LLC","72","113","22","7825073","1R0a2iXumgCiFb7HEZ7gUE","0.615","0.193","0.0386","0.534","0.0607","135.917","-6.719","0.106","1.76e-05","Taylor Swift","06HL4z0CvFAxyc27GXpf02","pop"
"108","108","spotify:track:7qEHsqek33rTcFNT9PFqLf","Lewis Capaldi","Someone You Loved","Vertigo Berlin","4","112","197","7793381","7qEHsqek33rTcFNT9PFqLf","0.501","0.446","0.0319","0.405","0.105","109.891","-5.679","0.751","0","Lewis Capaldi","4GNC7GD6oZMSxPGyXy4MNB","pop,uk pop"
"109","109","spotify:track:2TDyyEBasw10wu5Uh94bR1","Rauw Alejandro, Baby Rasta","PUNTO 40","Sony Music Latin/Duars Entertainment","109","-1","1","7748184","2TDyyEBasw10wu5Uh94bR1","0.873","0.201","0.0876","0.826","0.311","106.972","-0.722","0.00127","0.0361","Rauw Alejandro","1mcTU81TzQhprhouKaTkpq","puerto rican pop,trap latino,urbano latino"
"110","110","spotify:track:46IZ0fSY2mpAiktS3KOqds","Adele","Easy On Me","Columbia","1","114","52","7746319","46IZ0fSY2mpAiktS3KOqds","0.604","0.13","0.0282","0.366","0.133","141.981","-7.519","0.578","0","Adele","4dpARuHxo51G3z768sgnrY","british soul,pop,pop soul,uk pop"
"111","111","spotify:track:4RVwu0g32PAqgUiJoXsdF8","Billie Eilish","Happier Than Ever","Darkroom/Interscope Records","6","109","63","7721854","4RVwu0g32PAqgUiJoXsdF8","0.332","0.297","0.0348","0.225","0.128","81.055","-8.697","0.767","0.00349","Billie Eilish","6qqNVTkY8uBg9cP3Jd7DAH","art pop,electropop,pop"
"112","112","spotify:track:6ex1Pz3pntgy4NPtxHXN2V","Ed Sheeran","Bad Habits","Atlantic Records UK","3","107","68","7634174","6ex1Pz3pntgy4NPtxHXN2V","0.807","0.537","0.0347","0.893","0.366","126.011","-3.745","0.0451","2.79e-05","Ed Sheeran","6eUKZXaKkcviH0Ku9w2n3V","pop,uk pop"
"113","113","spotify:track:1O2pcBJGej0pmH2Y9XZMs6","Cris Mj","Una Noche en Medellín","Nabru Records LLC","9","110","33","7606647","1O2pcBJGej0pmH2Y9XZMs6","0.87","0.832","0.077","0.548","0.0534","96.018","-5.253","0.0924","4.6e-05","Cris Mj","1Yj5Xey7kTwvZla8sqdsdE","mambo chileno,urbano chileno,urbano latino"
"114","114","spotify:track:5FkJHVudUByVjanCqFXRql","Mr.Kitty","After Dark","Juggernaut Music Group","112","123","26","7579175","5FkJHVudUByVjanCqFXRql","0.578","0.0392","0.0322","0.6","0.0778","140.021","-10.491","0.0677","0.417","Mr.Kitty","0pWwt5vGNzezEhfAcc420Y","weirdcore"
"115","115","spotify:track:6jjYDGxVJsWS0a5wlVF5vS","BTS","Butter","BIGHIT MUSIC","2","144","63","7568085","6jjYDGxVJsWS0a5wlVF5vS","0.759","0.695","0.0948","0.459","0.0788","109.997","-5.187","0.00323","0","BTS","3Nrfpe0tUJi4K4DXYWgMUX","k-pop,k-pop boy group"
"116","116","spotify:track:7xTDT7gyIrv0xWpwwXExxU","Ed Sheeran","Celestial","Atlantic Records UK","84","84","2","7566706","7xTDT7gyIrv0xWpwwXExxU","0.574","0.501","0.0397","0.852","0.161","123.038","-1.248","0.0529","0","Ed Sheeran","6eUKZXaKkcviH0Ku9w2n3V","pop,uk pop"
"117","117","spotify:track:6TsVhM8qIkWN5cJVDIVbbz","Wisin & Yandel, ROSALÍA","Besos Moja2","Sony Music Latin","117","145","2","7482446","6TsVhM8qIkWN5cJVDIVbbz","0.736","0.644","0.0571","0.727","0.0976","94.048","-4.642","0.0584","1.91e-06","Wisin & Yandel","1wZtkThiXbVNtj6hee6dz9","electro latino,latin hip hop,reggaeton,urbano latino"
"118","118","spotify:track:7sJNeWTXkZCEC7OnFMpGWL","Luciano, Aitch, BIA","Bamba (feat. Aitch & BIA)","URBAN","71","80","3","7412093","7sJNeWTXkZCEC7OnFMpGWL","0.797","0.828","0.33","0.791","0.113","138.026","-6.281","0.119","0","Luciano","3CJKkU0XuElRT1z8rEtIYg","german drill"
"119","119","spotify:track:5PfFHceiEv61KldMOuVrv8","Peso Pluma, Luis R Conriquez","Siempre Pendientes","Prajin Records","97","118","8","7354220","5PfFHceiEv61KldMOuVrv8","0.774","0.714","0.0352","0.748","0.126","135.929","-7.086","0.331","0.0057","Peso Pluma","12GqGscKJx3aE4t07u7eVZ","sad sierreno"
"120","120","spotify:track:0T2pB7P1VdXPhLdQZ488uH","Feid","Normal","UMLE - Latino","57","134","14","7342310","0T2pB7P1VdXPhLdQZ488uH","0.709","0.541","0.171","0.56","0.315","170.082","-4.867","0.034","0","Feid","2LRoIwlKmHjgvigdNGBHNo","colombian pop,pop reggaeton,reggaeton colombiano,urbano latino"
"121","121","spotify:track:7mykoq6R3BArsSpNDjFQTm","Rosa Walton, Hallie Coggins","I Really Want to Stay at Your House","Lakeshore Records","97","97","3","7324529","7mykoq6R3BArsSpNDjFQTm","0.49","0.126","0.0367","0.738","0.0851","124.966","-7.399","0.00237","4.58e-06","Rosa Walton","1X0HaTcdkHW7LviblBiEeq",""
"122","122","spotify:track:2gYj9lubBorOPIVWsTXugG","IVE","After LIKE","Starship Entertainment","48","101","8","7313268","2gYj9lubBorOPIVWsTXugG","0.68","0.799","0.121","0.922","0.0877","125.014","-1.215","0.103","0","IVE","6RHTUrRF63xao58xh9FXYJ","k-pop girl group"
"123","123","spotify:track:086myS9r57YsLbJpU0TgK9","Arctic Monkeys","Why'd You Only Call Me When You're High?","Domino Recording Co","104","126","49","7306223","086myS9r57YsLbJpU0TgK9","0.691","0.8","0.0368","0.631","0.104","92.004","-6.478","0.0483","1.13e-05","Arctic Monkeys","7Ln80lUS6He07XvHI8qqHH","garage rock,modern rock,permanent wave,rock,sheffield indie"
"124","124","spotify:track:0ll8uFnc0nANY35E0Lfxvg","Keane","Somewhere Only We Know","Universal-Island Records Ltd.","124","141","5","7291902","0ll8uFnc0nANY35E0Lfxvg","0.453","0.368","0.0259","0.655","0.0849","172.012","-4.22","0.0794","7.61e-06","Keane","53A0W3U0s8diEn9RhXQhVz","neo mellow,piano rock,pop rock"
"125","125","spotify:track:5nujrmhLynf4yMoMtj8AQF","Dua Lipa, DaBaby","Levitating (feat. DaBaby)","Warner Records","4","120","106","7281774","5nujrmhLynf4yMoMtj8AQF","0.702","0.915","0.0601","0.825","0.0674","102.977","-3.787","0.00883","0","Dua Lipa","6M2wZ9GZgrQXHCFfjv46we","dance pop,pop,uk pop"
"126","126","spotify:track:6mmPpaltUZK7xjNlBPQQ0p","Rauw Alejandro, Chencho Corleone","Desesperados","Sony Music Latin/Duars Entertainment","8","119","44","7281193","6mmPpaltUZK7xjNlBPQQ0p","0.869","0.511","0.0783","0.694","0.0878","90.02","-3.35","0.356","0.00125","Rauw Alejandro","1mcTU81TzQhprhouKaTkpq","puerto rican pop,trap latino,urbano latino"
"127","127","spotify:track:5CZ40GBx1sQ9agT82CLQCT","Olivia Rodrigo","traitor","Olivia Rodrigo PS","7","121","73","7266126","5CZ40GBx1sQ9agT82CLQCT","0.38","0.0849","0.0338","0.339","0.12","100.607","-7.885","0.691","0","Olivia Rodrigo","1McMsnEElThX1knmY4oliG","pop"
"128","128","spotify:track:0wHFktze2PHC5jDt3B17DC","Jack Harlow","First Class","Generation Now/Atlantic","2","115","27","7249243","0wHFktze2PHC5jDt3B17DC","0.902","0.332","0.109","0.582","0.111","107.005","-5.902","0.111","3.18e-06","Jack Harlow","2LIk90788K0zvyj2JJVwkJ","deep underground hip hop,kentucky hip hop,pop,rap"
"129","129","spotify:track:7fBv7CLKzipRk6EC6TWHOB","The Weeknd","The Hills","Universal Republic Records","52","124","59","7241218","7fBv7CLKzipRk6EC6TWHOB","0.585","0.137","0.0515","0.564","0.135","113.003","-7.063","0.0671","0","The Weeknd","1Xyo4u8uXC1ZmMpatF05PJ","canadian contemporary r&b,canadian pop,pop"
"130","130","spotify:track:5wANPM4fQCJwkGd4rN57mH","Olivia Rodrigo","drivers license","Olivia Rodrigo PS","1","127","92","7229592","5wANPM4fQCJwkGd4rN57mH","0.561","0.137","0.0578","0.431","0.106","143.875","-8.81","0.768","1.42e-05","Olivia Rodrigo","1McMsnEElThX1knmY4oliG","pop"
"131","131","spotify:track:5hnGrTBaEsdukpDF6aZg8a","Dean Lewis","How Do I Say Goodbye","Universal Music Australia Pty. Ltd.","131","182","2","7229369","5hnGrTBaEsdukpDF6aZg8a","0.4","0.393","0.0674","0.641","0.0656","81.552","-6.303","0.214","0","Dean Lewis","3QSQFmccmX81fWCUSPTS7y","australian pop,pop"
"132","132","spotify:track:1u8c2t2Cy7UBoG4ArRcF5g","Taylor Swift","Blank Space","Big Machine Records, LLC","113","133","49","7226370","1u8c2t2Cy7UBoG4ArRcF5g","0.76","0.57","0.054","0.703","0.0913","95.997","-5.412","0.103","0","Taylor Swift","06HL4z0CvFAxyc27GXpf02","pop"
"133","133","spotify:track:5O2P9iiztwhomNh8xkR9lJ","One Direction","Night Changes","Syco Music","108","129","20","7181760","5O2P9iiztwhomNh8xkR9lJ","0.672","0.37","0.0353","0.52","0.115","120.001","-7.747","0.859","0","One Direction","4AK6F7OLvEQ5QYCBNiQWHq","boy band,pop,post-teen pop,talent show"
"134","134","spotify:track:4ZtFanR9U6ndgddUvNcjcG","Olivia Rodrigo","good 4 u","Olivia Rodrigo PS","1","125","74","7173626","4ZtFanR9U6ndgddUvNcjcG","0.563","0.688","0.154","0.664","0.0849","166.928","-5.044","0.335","0","Olivia Rodrigo","1McMsnEElThX1knmY4oliG","pop"
"135","135","spotify:track:1mea3bSkSGXuIRvnydlB5b","Coldplay","Viva La Vida","Parlophone UK","129","143","7","7143546","1mea3bSkSGXuIRvnydlB5b","0.486","0.417","0.0287","0.617","0.109","138.015","-7.115","0.0954","3.23e-06","Coldplay","4gzpq5DPGxSnKTe4SA8HAU","permanent wave,pop"
"136","136","spotify:track:0tgVpDi06FyKpA1z0VMD4v","Ed Sheeran","Perfect","Atlantic Records UK","4","122","291","7139770","0tgVpDi06FyKpA1z0VMD4v","0.599","0.168","0.0232","0.448","0.106","95.05","-6.312","0.163","0","Ed Sheeran","6eUKZXaKkcviH0Ku9w2n3V","pop,uk pop"
"137","137","spotify:track:3yfqSUWxFvZELEM4PmlwIR","Eminem","The Real Slim Shady","Interscope","51","137","71","7138075","3yfqSUWxFvZELEM4PmlwIR","0.949","0.76","0.0572","0.661","0.0454","104.504","-4.244","0.0302","0","Eminem","7dGJo4pcD2V6oG8kP0tJRR","detroit hip hop,hip hop,rap"
"138","138","spotify:track:7FlQk2gJ6TBrHHiidvdR2O","Becky G, KAROL G","MAMIII","Kemosabe Records/RCA Records","5","116","35","7110691","7FlQk2gJ6TBrHHiidvdR2O","0.836","0.902","0.0657","0.703","0.138","94.048","-3.554","0.0845","0","Becky G","4obzFoKoKRHIphyHzJ35G3","dance pop,latin pop,latin viral pop,pop,rap latina,reggaeton"
"139","139","spotify:track:1oFAF1hdPOickyHgbuRjyX","The Weeknd, Ariana Grande","Save Your Tears (Remix) (with Ariana Grande) - Bonus Track","XO / Republic Records","5","142","77","7109972","1oFAF1hdPOickyHgbuRjyX","0.65","0.593","0.0325","0.825","0.0936","118.091","-4.645","0.0215","2.44e-05","The Weeknd","1Xyo4u8uXC1ZmMpatF05PJ","canadian contemporary r&b,canadian pop,pop"
"140","140","spotify:track:2J2Z1SkXYghSajLibnQHOa","Sia","Unstoppable","Monkey Puzzle Records/RCA Records","107","140","35","7083640","2J2Z1SkXYghSajLibnQHOa","0.468","0.26","0.0779","0.779","0.101","173.799","-4.839","0.112","0.000373","Sia","5WUlDfRSoLAfcVSX1WnrxN","australian dance,australian pop,dance pop,pop"
"141","141","spotify:track:62ke5zFUJN6RvtXZgVH0F8","Paloma Faith","Only Love Can Hurt Like This","RCA Records Label","93","128","21","7054218","62ke5zFUJN6RvtXZgVH0F8","0.566","0.304","0.0818","0.885","0.334","90.99","-4.528","0.0958","9.97e-05","Paloma Faith","4fwuXg6XQHfdlOdmw36OHa","british soul,dance pop"
"142","142","spotify:track:4OmfWzukSVD140NiAIEjem","Steve Lacy","Static","L-M Records/RCA Records","128","136","5","7041203","4OmfWzukSVD140NiAIEjem","0.335","0.215","0.0741","0.305","0.101","79.001","-12.661","0.434","0.631","Steve Lacy","57vWImR43h4CaDao012Ofp","afrofuturism"
"143","143","spotify:track:3BnDvpeuGOj21Ir2aVEtQo","Rema","Calm Down","Mavin Records / Jonzing World","119","146","14","6974524","3BnDvpeuGOj21Ir2aVEtQo","0.814","0.842","0.0405","0.789","0.137","107.003","-6.29","0.365","0.000502","Rema","46pWGuE3dSwY3bMMXGBvVS","nigerian pop"
"144","144","spotify:track:3uUuGVFu1V7jTQL60S1r8z","Lost Frequencies, Calum Scott","Where Are You Now","Epic Amsterdam","18","139","58","6965526","3uUuGVFu1V7jTQL60S1r8z","0.671","0.262","0.103","0.636","0.172","120.966","-8.117","0.515","0.000411","Lost Frequencies","7f5Zgnp2spUuuzKplmRkt7","belgian edm,edm,pop,pop dance,tropical house"
"145","145","spotify:track:4ASA1PZyWGbuc4d9N8OAcF","Gustavo Mioto, Mari Fernandez","Eu Gosto Assim - Ao Vivo","Universal Music Ltda.","145","-1","1","6963603","4ASA1PZyWGbuc4d9N8OAcF","0.636","0.61","0.0439","0.909","0.719","154.189","-3.685","0.149","0","Gustavo Mioto","1X6ORK7IekgmyjV6IFPszP","arrocha,sertanejo,sertanejo pop,sertanejo universitario"
"146","146","spotify:track:5pyoxDZ1PX0KxBxiRVxA4U","Beyoncé","BREAK MY SOUL","Parkwood Entertainment/Columbia","12","130","17","6942867","5pyoxDZ1PX0KxBxiRVxA4U","0.693","0.864","0.0795","0.887","0.27","114.942","-5.039","0.0581","2.71e-06","Beyoncé","6vWDO969PvNqNYHIOW5v0m","dance pop,pop,r&b"
"147","147","spotify:track:13Irp51zj01BZu2XtDrnAg","Lizzo","2 Be Loved (Am I Ready)","Nice Life/Atlantic","147","148","4","6937150","13Irp51zj01BZu2XtDrnAg","0.721","0.915","0.105","0.769","0.0817","155.932","-4.111","0.0922","0","Lizzo","56oDRnqbIiwx4mymNEv7dS","dance pop,escape room,minnesota hip hop,pop,trap queen"
"148","148","spotify:track:1dm6z1fWB0cErMszU25dy2","Bad Bunny","Después de la Playa","Rimas Entertainment LLC","7","117","23","6927016","1dm6z1fWB0cErMszU25dy2","0.564","0.607","0.307","0.903","0.175","78.293","-3.221","0.356","0","Bad Bunny","4q3ewBCX7sLwd24euuV69X","reggaeton,trap latino,urbano latino"
"149","149","spotify:track:4RvWPyQ5RL0ao9LPZeSouE","Tears For Fears","Everybody Wants To Rule The World","UMC (Universal Music Catalogue)","105","149","19","6893785","4RvWPyQ5RL0ao9LPZeSouE","0.645","0.535","0.0527","0.795","0.104","112.067","-12.095","0.347","0.00389","Tears For Fears","4bthk9UfsYUYdcFyqxmSUU","new romantic,new wave,new wave pop,permanent wave,pop rock,rock,soft rock,sophisti-pop,synthpop"
"150","150","spotify:track:4tRhRLBxIZ34Iw0eCuiC03","southstar","Miss You","Columbia/B1 Recordings","150","-1","1","6874270","4tRhRLBxIZ34Iw0eCuiC03","0.663","0.296","0.0391","0.559","0.108","145.007","-12.876","0.136","0.0894","southstar","1GVuCyb4PlArufUZDUnRQi",""
"151","151","spotify:track:46HNZY1i7O6jwTA7Slo2PI","Coldplay, BTS","My Universe","Parlophone UK","3","131","55","6855183","46HNZY1i7O6jwTA7Slo2PI","0.573","0.47","0.0406","0.711","0.328","105.006","-6.268","0.0114","0","Coldplay","4gzpq5DPGxSnKTe4SA8HAU","permanent wave,pop"
"152","152","spotify:track:0a4MMyCrzT0En247IhqZbD","NewJeans","Hype Boy","ADOR","85","132","9","6797546","0a4MMyCrzT0En247IhqZbD","0.593","0.783","0.225","0.935","0.286","99.976","-3.43","0.268","0","NewJeans","6HvZYsbFfjnjFrWF950C9d","k-pop,k-pop girl group"
"153","153","spotify:track:10xV5l9nhLvFpR8mqzs0bL","Marshmello, Khalid","Numb","Joytime Collective/RCA Records","110","157","18","6792429","10xV5l9nhLvFpR8mqzs0bL","0.912","0.632","0.0455","0.774","0.101","119.966","-4.673","0.121","0.0127","Marshmello","64KEffDW9EtZ1y2vBYgq8T","brostep,dance pop,edm,pop,pop dance,progressive electro house"
"154","154","spotify:track:4xqrdfXkTW4T0RauPLv3WA","Conan Gray","Heather","Republic Records","12","154","116","6774494","4xqrdfXkTW4T0RauPLv3WA","0.357","0.27","0.0333","0.425","0.322","102.078","-7.301","0.584","0","Conan Gray","4Uc8Dsxct0oMqx0P6i60ea","bedroom pop,pop"
"155","155","spotify:track:3PpWCS95gDUDRPko3u1MZ9","Feid","Prohibidox","UMLE - Latino","99","135","4","6771359","3PpWCS95gDUDRPko3u1MZ9","0.647","0.517","0.249","0.801","0.0628","180.108","-2.946","0.0451","0","Feid","2LRoIwlKmHjgvigdNGBHNo","colombian pop,pop reggaeton,reggaeton colombiano,urbano latino"
"156","156","spotify:track:7o2CTH4ctstm8TNelqjb51","Guns N' Roses","Sweet Child O' Mine","Guns N Roses P&D","101","150","19","6737436","7o2CTH4ctstm8TNelqjb51","0.454","0.629","0.0448","0.91","0.116","125.116","-7.766","0.0866","0.0996","Guns N' Roses","3qm84nBOXUEQ2vnTfUTTFC","glam metal,hard rock,rock"
"157","157","spotify:track:5gDWsRxpJ2lZAffh5p7K0w","The Weeknd, Lana Del Rey","Stargirl Interlude","Universal Republic Records","148","160","13","6735351","5gDWsRxpJ2lZAffh5p7K0w","0.715","0.426","0.0772","0.47","0.104","89.965","-12.638","0.353","0.0923","The Weeknd","1Xyo4u8uXC1ZmMpatF05PJ","canadian contemporary r&b,canadian pop,pop"
"158","158","spotify:track:0L8LOav65XwLjCLS11gNPD","BLACKPINK","Typa Girl","YG Entertainment/Interscope Records","14","103","4","6720440","0L8LOav65XwLjCLS11gNPD","0.915","0.527","0.1","0.621","0.628","131.984","-6.519","0.0745","0","BLACKPINK","41MozSoPIsD1dJM0CLPjZF","k-pop,k-pop girl group"
"159","159","spotify:track:2B4GHvToeLTOBB4QLzW3Ni","Farruko","Pepas","Sony Music Latin","4","147","66","6697718","2B4GHvToeLTOBB4QLzW3Ni","0.762","0.442","0.0343","0.766","0.128","130.001","-3.955","0.00776","6.98e-05","Farruko","329e4yvIujISKGKz1BZZbO","latin hip hop,reggaeton,trap latino,urbano latino"
"160","160","spotify:track:2tpWsVSb9UEmDRxAl1zhX1","OneRepublic","Counting Stars","Mosley / Interscope","101","158","83","6663347","2tpWsVSb9UEmDRxAl1zhX1","0.664","0.477","0.0382","0.705","0.118","122.016","-4.972","0.0654","0","OneRepublic","5Pwc4xIPtQLFEnJriah9YJ","piano rock,pop"
"161","161","spotify:track:1XGmzt0PVuFgQYYnV2It7A","Maroon 5, Wiz Khalifa","Payphone","Interscope Records*","70","162","43","6655551","1XGmzt0PVuFgQYYnV2It7A","0.743","0.545","0.0414","0.752","0.287","110.015","-4.813","0.0188","0","Maroon 5","04gDigrS5kc9YWfZHwBETP","pop"
"162","162","spotify:track:2JPLbjOn0wPCngEot2STUS","Bad Bunny","Yonaguni","Rimas Entertainment LLC","3","153","71","6641336","2JPLbjOn0wPCngEot2STUS","0.644","0.44","0.118","0.648","0.135","179.951","-4.601","0.276","0","Bad Bunny","4q3ewBCX7sLwd24euuV69X","reggaeton,trap latino,urbano latino"
"163","163","spotify:track:0RiRZpuVRbi7oqRdSMwhQY","Post Malone, Swae Lee","Sunflower - Spider-Man: Into the Spider-Verse","Republic Records","1","159","208","6633078","0RiRZpuVRbi7oqRdSMwhQY","0.755","0.925","0.0575","0.522","0.0685","89.96","-4.368","0.533","0","Post Malone","246dkjvS1zLTtiykXe5h60","dfw rap,melodic rap,rap"
"164","164","spotify:track:6HU7h9RYOaPRFeh0R3UeAr","Olivia Rodrigo","deja vu","Olivia Rodrigo PS","3","166","80","6627147","6HU7h9RYOaPRFeh0R3UeAr","0.442","0.178","0.112","0.612","0.37","180.917","-7.222","0.584","5.7e-06","Olivia Rodrigo","1McMsnEElThX1knmY4oliG","pop"
"165","165","spotify:track:1JSTJqkT5qHq8MDJnJbRE1","The Police","Every Breath You Take","Polydor Records","109","167","70","6593738","1JSTJqkT5qHq8MDJnJbRE1","0.82","0.74","0.0348","0.452","0.0714","117.401","-9.796","0.543","0.00294","The Police","5NGO30tJxFlKixkPSgXcFE","album rock,classic rock,mellow gold,permanent wave,rock"
"166","166","spotify:track:6DoL1yYIwEW7VZMRaJhoJI","Chris Jedi, Anuel AA, Chencho Corleone, Ñengo Flow","La Llevo Al Cielo (Ft. Ñengo Flow)","UMLE - Latino","53","138","21","6593231","6DoL1yYIwEW7VZMRaJhoJI","0.795","0.769","0.135","0.845","0.172","170.023","-3.809","0.105","1.14e-05","Chris Jedi","0qTZZWLzuD59Un5r1speHm","latin hip hop,reggaeton,reggaeton flow,trap latino,urbano latino"
"167","167","spotify:track:5TXDeTFVRVY7Cvt0Dw4vWW","XXXTENTACION","Revenge","Bad Vibes Forever / EMPIRE","63","195","33","6571113","5TXDeTFVRVY7Cvt0Dw4vWW","0.746","0.18","0.259","0.251","0.106","139.999","-16.169","0.782","0.00203","XXXTENTACION","15UsOTVnJzReFVN1VCnxy4","emo rap,miami hip hop"
"168","168","spotify:track:5E30LdtzQTGqRvNd7l6kG5","The Neighbourhood","Daddy Issues","Columbia","99","163","98","6546871","5E30LdtzQTGqRvNd7l6kG5","0.588","0.337","0.0329","0.521","0.123","85.012","-9.461","0.0678","0.149","The Neighbourhood","77SW9BnxLY8rJ0RciFqkHh","modern alternative rock,modern rock,pop,shimmer pop"
"169","169","spotify:track:0gucTLf7trAf37Ua1uAyAu","Nirvana","Smells Like Teen Spirit","Geffen","103","168","92","6499979","0gucTLf7trAf37Ua1uAyAu","0.489","0.691","0.0554","0.918","0.0908","116.731","-4.502","3.53e-05","7.64e-05","Nirvana","6olE6TJLqED3rqDCT0FyPh","grunge,permanent wave,rock"
"170","170","spotify:track:6VrQTLzzuyGIYjUDe4kAZk","Bad Bunny","Un Coco","Rimas Entertainment LLC","25","151","23","6487094","6VrQTLzzuyGIYjUDe4kAZk","0.839","0.744","0.0615","0.69","0.176","151.991","-4.464","0.207","8.33e-06","Bad Bunny","4q3ewBCX7sLwd24euuV69X","reggaeton,trap latino,urbano latino"
"171","171","spotify:track:7yq4Qj7cqayVTp3FF9CWbm","Vance Joy","Riptide","F-Stop Records/Atlantic","122","165","93","6433919","7yq4Qj7cqayVTp3FF9CWbm","0.484","0.51","0.0379","0.731","0.151","101.654","-6.694","0.431","0","Vance Joy","10exVja0key0uqUkk6LJRT","folk-pop,pop"
"172","172","spotify:track:1v7L65Lzy0j0vdpRjJewt1","Eminem","Lose Yourself - From ""8 Mile"" Soundtrack","Aftermath","44","172","95","6433733","1v7L65Lzy0j0vdpRjJewt1","0.686","0.0596","0.264","0.735","0.342","171.355","-4.616","0.00921","0.00066","Eminem","7dGJo4pcD2V6oG8kP0tJRR","detroit hip hop,hip hop,rap"
"173","173","spotify:track:5YbPxJwPfrj7uswNwoF1pJ","Burna Boy","Last Last","Spaceship/ Bad Habit/Atlantic Records","92","170","14","6379597","5YbPxJwPfrj7uswNwoF1pJ","0.795","0.55","0.0948","0.565","0.0802","87.925","-4.457","0.131","0","Burna Boy","3wcj11K77LjEY1PkEazffa","afro dancehall,dancehall,nigerian hip hop,nigerian pop"
"174","174","spotify:track:7fZBQnc0zXwVybgCIrQQil","Imanbek, BYOR","Belly Dancer","Musical Freedom","77","156","20","6363697","7fZBQnc0zXwVybgCIrQQil","0.845","0.422","0.139","0.797","0.167","121.985","-4.984","0.0582","5.57e-06","Imanbek","5rGrDvrLOV2VV8SCFVGWlj","covertronica,dance pop,edm,electro house,pop dance,slap house,tropical house"
"175","175","spotify:track:4woTEX1wYOTGDqNXuavlRC","Eminem, Dina Rae","Superman","Aftermath","175","196","2","6332145","4woTEX1wYOTGDqNXuavlRC","0.802","0.58","0.0564","0.755","0.295","130.027","-3.138","0.0215","0","Eminem","7dGJo4pcD2V6oG8kP0tJRR","detroit hip hop,hip hop,rap"
"176","176","spotify:track:3hUxzQpSfdDqwM3ZTFQY0K","Taylor Swift","august","Taylor Swift","11","174","16","6309378","3hUxzQpSfdDqwM3ZTFQY0K","0.532","0.403","0.0331","0.623","0.0925","89.937","-9.208","0.538","7.28e-05","Taylor Swift","06HL4z0CvFAxyc27GXpf02","pop"
"177","177","spotify:track:22skzmqfdWrjJylampe0kt","Macklemore & Ryan Lewis, Macklemore, Ryan Lewis, Ray Dalton","Can't Hold Us (feat. Ray Dalton)","Macklemore","149","179","41","6285242","22skzmqfdWrjJylampe0kt","0.633","0.88","0.0839","0.927","0.0986","146.097","-4.468","0.0267","0","Macklemore & Ryan Lewis","5BcAKTbp20cv7tC5VqPFoC","dance pop,pop,pop rap,seattle hip hop"
"178","178","spotify:track:21jGcNKet2qwijlDFuPiPb","Post Malone","Circles","Republic Records","1","176","163","6281976","21jGcNKet2qwijlDFuPiPb","0.695","0.553","0.0395","0.762","0.0863","120.042","-3.497","0.192","0.00244","Post Malone","246dkjvS1zLTtiykXe5h60","dfw rap,melodic rap,rap"
"179","179","spotify:track:5g7sDjBhZ4I3gcFIpkrLuI","Bruno Mars","Locked out of Heaven","Atlantic Records","106","178","41","6263568","5g7sDjBhZ4I3gcFIpkrLuI","0.728","0.87","0.0456","0.697","0.282","143.986","-4.125","0.0556","0","Bruno Mars","0du5cEVh5yTK9QJze8zA0C","dance pop,pop"
"180","180","spotify:track:3PfIrDoz19wz7qK7tYeu62","Dua Lipa","Don't Start Now","Warner Records","2","152","154","6242778","3PfIrDoz19wz7qK7tYeu62","0.793","0.679","0.083","0.793","0.0951","123.95","-4.521","0.0123","0","Dua Lipa","6M2wZ9GZgrQXHCFfjv46we","dance pop,pop,uk pop"
"181","181","spotify:track:1OZ4uv7OAP24Ix6j3vojLt","Mc Paiva ZS, MC Ryan SP, Kotim","Casei Com a Putaria","Love Funk","181","200","5","6229632","1OZ4uv7OAP24Ix6j3vojLt","0.585","0.617","0.436","0.6","0.0504","160.635","-7.008","0.117","0","Mc Paiva ZS","0gHj4MPwwcZ8Zl9CY0hqT5","funk carioca,funk rj"
"182","182","spotify:track:0B7wvvmu9EISAwZnOpjhNI","Bruno Mars","When I Was Your Man","Atlantic Records","181","186","7","6220603","0B7wvvmu9EISAwZnOpjhNI","0.601","0.411","0.0403","0.271","0.144","145.494","-8.688","0.937","0","Bruno Mars","0du5cEVh5yTK9QJze8zA0C","dance pop,pop"
"183","183","spotify:track:4u7EnebtmKWzUH433cf5Qv","Queen","Bohemian Rhapsody - Remastered 2011","EMI","11","175","211","6179127","4u7EnebtmKWzUH433cf5Qv","0.414","0.224","0.0499","0.404","0.3","71.105","-9.928","0.271","0","Queen","1dfeR4HaWDbWqFHLkxsg1d","classic rock,glam rock,rock"
"184","184","spotify:track:3dYD57lRAUcMHufyqn9GcI","Hozier","Take Me To Church","Universal-Island Records Ltd.","108","187","92","6155237","3dYD57lRAUcMHufyqn9GcI","0.566","0.437","0.0464","0.664","0.116","128.945","-5.303","0.634","0","Hozier","2FXC3k01G6Gw61bmprjgqS","irish singer-songwriter,pop"
"185","185","spotify:track:5qaEfEh1AtSdrdrByCP7qR","Imagine Dragons","Demons","Kid Ina Korner / Interscope","178","194","8","6129225","5qaEfEh1AtSdrdrByCP7qR","0.505","0.428","0.0321","0.71","0.269","89.938","-3.015","0.19","0.00025","Imagine Dragons","53XhwfbYqKCa1cC15pYq2q","modern rock,rock"
"186","186","spotify:track:0kqTXMHiQiB7IECD0WwcPq","TWICE","Talk that Talk","Republic Records - TWICE","54","161","7","6124941","0kqTXMHiQiB7IECD0WwcPq","0.774","0.768","0.122","0.905","0.332","119.964","-2.432","0.143","0","TWICE","7n2Ycct7Beij7Dj7meI4X0","k-pop,k-pop girl group"
"187","187","spotify:track:3hRV0jL3vUpRrcy398teAU","Lord Huron","The Night We Met","Play It Again Sam","55","185","33","6122530","3hRV0jL3vUpRrcy398teAU","0.544","0.102","0.038","0.369","0.639","87.01","-9.514","0.969","0.279","Lord Huron","6ltzsmQQbmdoHHbLZ4ZN25","stomp and holler"
"188","188","spotify:track:4w273WCBXwM4P3jTX5HkB2","Grupo Marca Registrada, Junior H","El Rescate","RB Music","129","171","12","6096505","4w273WCBXwM4P3jTX5HkB2","0.794","0.637","0.139","0.594","0.109","99.238","-8.698","0.283","0.000381","Grupo Marca Registrada","1gW6pz5n1aK249L0GvfQCC","corrido,norteno,nueva musica mexicana,sad sierreno"
"189","189","spotify:track:6RUKPb4LETWmmr3iAEQktW","The Chainsmokers, Coldplay","Something Just Like This","Disruptor Records/Columbia","2","177","186","6081492","6RUKPb4LETWmmr3iAEQktW","0.617","0.446","0.0317","0.635","0.164","103.019","-6.769","0.0498","1.44e-05","The Chainsmokers","69GGBxA162lTqCwzJG5jLp","dance pop,edm,electropop,pop,pop dance,tropical house"
"190","190","spotify:track:4MzXwWMhyBbmu6hOcLVD49","Bad Bunny, JhayCo","DÁKITI","Rimas Entertainment LLC","1","193","102","6060587","4MzXwWMhyBbmu6hOcLVD49","0.731","0.145","0.0544","0.573","0.113","109.928","-10.059","0.401","5.22e-05","Bad Bunny","4q3ewBCX7sLwd24euuV69X","reggaeton,trap latino,urbano latino"
"191","191","spotify:track:7qiZfU4dY1lWllzX7mPBI3","Ed Sheeran","Shape of You","Atlantic Records UK","1","189","296","6030752","7qiZfU4dY1lWllzX7mPBI3","0.825","0.931","0.0802","0.652","0.0931","95.977","-3.183","0.581","0","Ed Sheeran","6eUKZXaKkcviH0Ku9w2n3V","pop,uk pop"
"192","192","spotify:track:5CzixCxDkRXX9mScCmah8O","Bad Bunny","Un Ratito","Rimas Entertainment LLC","10","155","23","6025099","5CzixCxDkRXX9mScCmah8O","0.787","0.222","0.0532","0.546","0.122","93.05","-7.094","0.305","4.55e-05","Bad Bunny","4q3ewBCX7sLwd24euuV69X","reggaeton,trap latino,urbano latino"
"193","193","spotify:track:4cacyP5c3PMlfnyjpg13xW","Yung Gravy","Betty (Get Money)","Republic Records","73","164","14","6008951","4cacyP5c3PMlfnyjpg13xW","0.723","0.58","0.0792","0.772","0.367","102.004","-6.784","0.00524","1.15e-05","Yung Gravy","2YOYua8FpudSEiB9s88IgQ","minnesota hip hop,pop rap"
"194","194","spotify:track:2pIUpMhHL6L9Z5lnKxJJr9","NewJeans","Attention","ADOR","81","173","9","6007406","2pIUpMhHL6L9Z5lnKxJJr9","0.811","0.695","0.0368","0.648","0.0761","104.988","-3.684","0.236","0","NewJeans","6HvZYsbFfjnjFrWF950C9d","k-pop,k-pop girl group"
"195","195","spotify:track:003vvx7Niy0yvhvHt4a68B","The Killers","Mr. Brightside","Island Records","98","197","116","5990388","003vvx7Niy0yvhvHt4a68B","0.352","0.236","0.0747","0.911","0.0995","148.033","-5.23","0.00121","0","The Killers","0C0XlULifJtAgn6ZNCW2eu","alternative rock,dance rock,modern rock,permanent wave,rock"
"196","196","spotify:track:5QDLhrAOJJdNAmCTJ8xMyW","BTS","Dynamite","BIGHIT MUSIC","2","191","112","5984793","5QDLhrAOJJdNAmCTJ8xMyW","0.746","0.737","0.0993","0.765","0.0936","114.044","-4.41","0.0112","0","BTS","3Nrfpe0tUJi4K4DXYWgMUX","k-pop,k-pop boy group"
"197","197","spotify:track:3DarAbFujv6eYNliUTyqtz","Doja Cat, SZA","Kiss Me More (feat. SZA)","Kemosabe Records/RCA Records","3","192","79","5968723","3DarAbFujv6eYNliUTyqtz","0.764","0.781","0.0284","0.705","0.12","110.97","-3.463","0.259","8.92e-05","Doja Cat","5cj0lLjcoR7YOSnhnX0Po5","dance pop,pop"
"198","198","spotify:track:7JJmb5XwzOO8jgpou264Ml","Shawn Mendes","There's Nothing Holdin' Me Back","Island Records","5","-1","78","5922593","7JJmb5XwzOO8jgpou264Ml","0.866","0.969","0.0554","0.813","0.0779","121.998","-4.063","0.38","0","Shawn Mendes","7n2wHs1TKAczGzO7Dd2rGr","canadian pop,dance pop,pop,viral pop"
"199","199","spotify:track:2K7xn816oNHJZ0aVqdQsha","The Neighbourhood","Softcore","Columbia","35","198","37","5908756","2K7xn816oNHJZ0aVqdQsha","0.575","0.37","0.03","0.568","0.286","93.986","-5.509","0.0484","0.000417","The Neighbourhood","77SW9BnxLY8rJ0RciFqkHh","modern alternative rock,modern rock,pop,shimmer pop"
"200","200","spotify:track:0e8nrvls4Qqv5Rfa2UhqmO","Lil Nas X","THATS WHAT I WANT","Columbia","3","-1","55","5889409","0e8nrvls4Qqv5Rfa2UhqmO","0.737","0.546","0.22","0.846","0.0486","87.981","-4.51","0.00614","0","Lil Nas X","7jVv8c5Fj3E9VhNjxT4snq","lgbtq+ hip hop,pop"
