"","rank","uri","artist_names","track_name","source","peak_rank","previous_rank","weeks_on_chart","streams","id","danceability","valence","speechiness","energy","liveness","tempo","loudness","acousticness","instrumentalness","main_artist","artist.id","genres"
"1","1","spotify:track:3nqQXoyQOWXiESFLlDF1hG","Sam Smith, Kim Petras","Unholy (feat. Kim Petras)","Capitol Records UK / EMI","1","1","10","38082677","3nqQXoyQOWXiESFLlDF1hG","0.714","0.238","0.0864","0.472","0.266","131.121","-7.375","0.013","4.51e-06","Sam Smith","2wY79sveU1sp5g7SokKOiI","pop,uk pop"
"2","2","spotify:track:0V3wPSX9ygBnCm8psDIegu","Taylor Swift","Anti-Hero","Taylor Swift","1","2","6","32265236","0V3wPSX9ygBnCm8psDIegu","0.637","0.533","0.0519","0.643","0.142","97.008","-6.571","0.13","1.8e-06","Taylor Swift","06HL4z0CvFAxyc27GXpf02","pop"
"3","3","spotify:track:4Dvkj6JhhA12EX05fT7y2e","Harry Styles","As It Was","Columbia","1","6","35","29037459","4Dvkj6JhhA12EX05fT7y2e","0.52","0.662","0.0557","0.731","0.311","173.93","-5.338","0.342","0.00101","Harry Styles","6KImCVD70vtIoJWnq6nGn3","pop"
"4","4","spotify:track:5ww2BF9slyYgNOk37BlC4u","Manuel Turizo","La Bachata","Sony Music Latin/La Industria","4","4","22","27858876","5ww2BF9slyYgNOk37BlC4u","0.835","0.85","0.0364","0.679","0.218","124.98","-5.329","0.583","1.98e-06","Manuel Turizo","0tmwSHipWxN12fsoLcFU3B","colombian pop,reggaeton,reggaeton colombiano,urbano latino"
"5","5","spotify:track:0bYg9bo50gSsH3LtXe2SQn","Mariah Carey","All I Want for Christmas Is You","Columbia","1","18","45","27676347","0bYg9bo50gSsH3LtXe2SQn","0.336","0.35","0.0384","0.627","0.0708","150.273","-7.463","0.164","0","Mariah Carey","4iHNK0tOyZPYnBU7nGAgpQ","dance pop,urban contemporary"
"6","6","spotify:track:4uUG5RXrOk84mYEfFvj3cK","David Guetta, Bebe Rexha","I'm Good (Blue)","Parlophone UK","2","5","14","26727304","4uUG5RXrOk84mYEfFvj3cK","0.561","0.304","0.0343","0.965","0.371","128.04","-3.673","0.00383","7.07e-06","David Guetta","1Cs0zKBU1kc0i8ypK3B9ai","big room,dance pop,edm,pop,pop dance"
"7","7","spotify:track:1bDbXMyjaUIooNwFE9wn0N","Drake, 21 Savage","Rich Flex","OVO / Republic Records","2","3","4","26471365","1bDbXMyjaUIooNwFE9wn0N","0.561","0.424","0.244","0.52","0.355","153.15","-9.342","0.0503","1.86e-06","Drake","3TVXtAsR1Inumwj472S9r4","canadian hip hop,canadian pop,hip hop,rap,toronto rap"
"8","8","spotify:track:2tTmW7RDtMQtBk7m2rYeSw","Bizarrap, Quevedo","Quevedo: Bzrp Music Sessions, Vol. 52","DALE PLAY Records","1","7","21","25069008","2tTmW7RDtMQtBk7m2rYeSw","0.621","0.55","0.044","0.782","0.23","128.033","-5.548","0.0125","0.033","Bizarrap","716NhGYqD1jl2wI1Qkgq36","argentine hip hop,pop venezolano,trap argentino,trap latino,urbano latino"
"9","9","spotify:track:2FRnf9qhLbvw8fu4IBXx78","Wham!","Last Christmas","Epic","2","41","38","22329568","2FRnf9qhLbvw8fu4IBXx78","0.735","0.947","0.0293","0.478","0.355","107.682","-12.472","0.189","2.48e-06","Wham!","5lpH0xAS4fVfLkACg9DAuM","europop,new romantic,new wave pop,synthpop"
"10","10","spotify:track:0QHEIqNKsMoOY5urbzN48u","Meghan Trainor","Made You Look","Epic","8","8","6","21632697","0QHEIqNKsMoOY5urbzN48u","0.838","0.884","0.0665","0.525","0.0771","144.981","-3.562","0.345","1.92e-06","Meghan Trainor","6JL8zeS1NmiOftqZTRgdTz","dance pop,hip pop,pop"
"11","11","spotify:track:5IgjP7X4th6nMNDh4akUHb","Chris Brown","Under The Influence","Chris Brown Entertainment/RCA Records","6","9","19","21218595","5IgjP7X4th6nMNDh4akUHb","0.733","0.31","0.0427","0.69","0.105","116.992","-5.529","0.0635","1.18e-06","Chris Brown","7bXgB6jMjp9ATFy66eO08Z","dance pop,r&b"
"12","12","spotify:track:2EjXfH91m7f8HiJN1yQg97","Brenda Lee","Rockin' Around The Christmas Tree","MCA Nashville","5","50","33","21093738","2EjXfH91m7f8HiJN1yQg97","0.589","0.898","0.0502","0.472","0.505","67.196","-8.749","0.614","0","Brenda Lee","4cPHsZM98sKzmV26wlwD2W","adult standards,lounge"
"13","13","spotify:track:6Sq7ltF9Qa7SNFBsV5Cogx","Bad Bunny, Chencho Corleone","Me Porto Bonito","Rimas Entertainment LLC","2","10","30","20750283","6Sq7ltF9Qa7SNFBsV5Cogx","0.911","0.425","0.0817","0.712","0.0933","92.005","-5.105","0.0901","2.68e-05","Bad Bunny","4q3ewBCX7sLwd24euuV69X","reggaeton,trap latino,urbano latino"
"14","14","spotify:track:1RDvyOk4WtPCtoqciJwVn8","Jung Kook, BTS, FIFA Sound","Dreamers [Music from the FIFA World Cup Qatar 2022 Official Soundtrack]","Katara Studios | 2101 Records under exclusive license to UnitedMasters LLC","14","16","2","19943157","1RDvyOk4WtPCtoqciJwVn8","0.71","0.341","0.0422","0.879","0.439","114.993","-4.218","0.158","0.00142","Jung Kook","6HaGTQPmzraVmaVxvz6EUc","k-pop"
"15","15","spotify:track:7jtQIBanIiJOMS6RyCx6jZ","Tom Odell","Another Love","ITNO/Columbia","15","15","86","19875273","7jtQIBanIiJOMS6RyCx6jZ","0.442","0.139","0.0451","0.538","0.09","122.758","-8.55","0.717","2.95e-05","Tom Odell","2txHhyCwHjUEpJjWrEyqyX","chill pop,pop"
"16","16","spotify:track:73vIOb4Q7YN6HeJTbscRx5","Oliver Tree, Robin Schulz","Miss You","Atlantic Records","11","11","8","19549551","73vIOb4Q7YN6HeJTbscRx5","0.587","0.199","0.0529","0.742","0.146","145.007","-6.64","0.0128","0.00107","Oliver Tree","6TLwD7HPWuiOzvXEa3oCNe","alternative hip hop"
"17","17","spotify:track:4h9wh7iOZ0GGn8QVp4RAOB","OneRepublic","I Ain't Worried","Interscope Records","7","12","26","19292392","4h9wh7iOZ0GGn8QVp4RAOB","0.704","0.825","0.0475","0.797","0.0546","139.994","-5.927","0.0826","0.000745","OneRepublic","5Pwc4xIPtQLFEnJriah9YJ","piano rock,pop"
"18","18","spotify:track:1zsPaEkglFvxjAhrM8yhpr","Ozuna, Feid","Hey Mor","Aura Music Corp.","14","14","7","19265327","1zsPaEkglFvxjAhrM8yhpr","0.901","0.399","0.289","0.589","0.0992","98.002","-6.713","0.00302","0.000237","Ozuna","1i8SpTcr7yvPOmcqrbnVXY","puerto rican pop,reggaeton,trap latino,urbano latino"
"19","19","spotify:track:1IHWl5LamUGEuP4ozKQSXZ","Bad Bunny","Tití Me Preguntó","Rimas Entertainment LLC","4","13","30","19251410","1IHWl5LamUGEuP4ozKQSXZ","0.65","0.187","0.253","0.715","0.126","106.672","-5.198","0.0993","0.000291","Bad Bunny","4q3ewBCX7sLwd24euuV69X","reggaeton,trap latino,urbano latino"
"20","20","spotify:track:7vQbuQcyTflfCIOu3Uzzya","Bobby Helms","Jingle Bell Rock","Geffen","6","55","32","18954484","7vQbuQcyTflfCIOu3Uzzya","0.754","0.806","0.0363","0.424","0.0652","119.705","-8.463","0.643","0","Bobby Helms","38EmEgXkgK51MT2tPY0EoC","adult standards"
"21","21","spotify:track:0lLdorYw7lVrJydTINhWdI","Michael Bublé","It's Beginning to Look a Lot like Christmas","Reprise","6","57","32","18026042","0lLdorYw7lVrJydTINhWdI","0.339","0.363","0.0375","0.214","0.341","94.775","-11.714","0.908","7.47e-06","Michael Bublé","1GxkXlMwML1oSg5eLPiAz3","adult standards,canadian pop,jazz pop,lounge"
"22","22","spotify:track:4k6Uh1HXdhtusDW5y8Gbvy","Steve Lacy","Bad Habit","L-M Records/RCA Records","10","19","21","17657588","4k6Uh1HXdhtusDW5y8Gbvy","0.686","0.7","0.0355","0.494","0.402","168.946","-7.093","0.613","5.8e-05","Steve Lacy","57vWImR43h4CaDao012Ofp","afrofuturism"
"23","23","spotify:track:53tfEupEzQRtVFOeZvk7xq","ROSALÍA","DESPECHÁ","Columbia","5","20","18","17415455","53tfEupEzQRtVFOeZvk7xq","0.914","0.77","0.0892","0.622","0.0632","130.04","-6.538","0.146","1.68e-05","ROSALÍA","7ltDVBr6mKbRvohxheJ9h1","r&b en espanol"
"24","24","spotify:track:561jH07mF1jHuk7KlaeF0s","Eminem","Mockingbird","Aftermath","24","26","7","17215683","561jH07mF1jHuk7KlaeF0s","0.637","0.254","0.266","0.678","0.156","84.039","-3.798","0.209","0","Eminem","7dGJo4pcD2V6oG8kP0tJRR","detroit hip hop,hip hop,rap"
"25","25","spotify:track:2LBqCSwhJGcFQeTHMVGwy3","The Weeknd","Die For You","Universal Republic Records","25","28","42","17117050","2LBqCSwhJGcFQeTHMVGwy3","0.586","0.508","0.0615","0.525","0.134","133.629","-7.163","0.111","0","The Weeknd","1Xyo4u8uXC1ZmMpatF05PJ","canadian contemporary r&b,canadian pop,pop"
"26","26","spotify:track:0WtM2NBVQNNJLh6scP13H8","Rema, Selena Gomez","Calm Down (with Selena Gomez)","Mavin Records / Jonzing World","23","25","14","16928152","0WtM2NBVQNNJLh6scP13H8","0.801","0.802","0.0381","0.806","0.114","106.999","-5.206","0.382","0.000669","Rema","46pWGuE3dSwY3bMMXGBvVS","nigerian pop"
"27","27","spotify:track:5Eax0qFko2dh7Rl2lYs3bx","Bad Bunny","Efecto","Rimas Entertainment LLC","6","24","30","16675356","5Eax0qFko2dh7Rl2lYs3bx","0.801","0.234","0.0516","0.475","0.0639","98.047","-8.797","0.141","1.73e-05","Bad Bunny","4q3ewBCX7sLwd24euuV69X","reggaeton,trap latino,urbano latino"
"28","28","spotify:track:5XeFesFbtLpXzIVDNQP22n","Arctic Monkeys","I Wanna Be Yours","Domino Recording Co","27","31","21","16227684","5XeFesFbtLpXzIVDNQP22n","0.464","0.479","0.0256","0.417","0.0974","67.528","-9.345","0.136","0.022","Arctic Monkeys","7Ln80lUS6He07XvHI8qqHH","garage rock,modern rock,permanent wave,rock,sheffield indie"
"29","29","spotify:track:1xK59OXxi2TAAAbmZK0kBL","d4vd","Romantic Homicide","Darkroom/Interscope Records","17","29","13","15869425","1xK59OXxi2TAAAbmZK0kBL","0.571","0.216","0.0299","0.544","0.322","132.052","-10.613","0.453","0.00805","d4vd","5y8tKLUfMvliMe8IKamR32","bedroom pop"
"30","30","spotify:track:0lizgQ7Qw35od7CYaoMBZb","Ariana Grande","Santa Tell Me","Universal Records","3","73","33","15813791","0lizgQ7Qw35od7CYaoMBZb","0.525","0.591","0.116","0.621","0.294","191.9","-7.364","0.0489","0","Ariana Grande","66CXWjxzNUsdJxJ2JdwvnR","dance pop,pop"
"31","31","spotify:track:3k3NWokhRRkEPhCzPmV8TW","Bad Bunny, Bomba Estéreo","Ojitos Lindos","Rimas Entertainment LLC","3","32","30","15787187","3k3NWokhRRkEPhCzPmV8TW","0.647","0.268","0.0413","0.686","0.528","79.928","-5.745","0.08","1.34e-06","Bad Bunny","4q3ewBCX7sLwd24euuV69X","reggaeton,trap latino,urbano latino"
"32","32","spotify:track:5odlY52u43F5BjByhxg7wg","JVKE","golden hour","JVKE","30","30","14","15681613","5odlY52u43F5BjByhxg7wg","0.515","0.153","0.0322","0.593","0.25","94.467","-4.801","0.653","0.162","JVKE","164Uj4eKjl6zTBKfJLFKKK","modern indie pop"
"33","33","spotify:track:2QjOHCTQ1Jl3zawyYOpxh6","The Neighbourhood","Sweater Weather","Columbia","19","34","118","15517104","2QjOHCTQ1Jl3zawyYOpxh6","0.612","0.398","0.0336","0.807","0.101","124.053","-2.81","0.0495","0.0177","The Neighbourhood","77SW9BnxLY8rJ0RciFqkHh","modern alternative rock,modern rock,pop,shimmer pop"
"34","34","spotify:track:1xzi1Jcr7mEi9K2RfzLOqS","Beyoncé","CUFF IT","Parkwood Entertainment/Columbia","13","27","15","15466589","1xzi1Jcr7mEi9K2RfzLOqS","0.78","0.642","0.141","0.689","0.0698","115.042","-5.668","0.0368","9.69e-06","Beyoncé","6vWDO969PvNqNYHIOW5v0m","dance pop,pop,r&b"
"35","35","spotify:track:76OGwb5RA9h4FxQPT33ekc","Rosa Linn","SNAP","Columbia","16","35","21","14969296","76OGwb5RA9h4FxQPT33ekc","0.565","0.525","0.0638","0.636","0.447","170.01","-8.198","0.107","9.9e-06","Rosa Linn","46xBNx0j6cwY6sD9LgMTm1","alt z"
"36","36","spotify:track:3rWDp9tBPQR9z6U5YyRSK4","Taylor Swift","Midnight Rain","Taylor Swift","4","21","6","14726090","3rWDp9tBPQR9z6U5YyRSK4","0.643","0.23","0.0767","0.363","0.115","139.865","-11.738","0.69","5.17e-05","Taylor Swift","06HL4z0CvFAxyc27GXpf02","pop"
"37","37","spotify:track:6G12ZafqofSq7YtrMqUm76","Shakira, Ozuna","Monotonía","Sony Music Latin","21","36","6","14402198","6G12ZafqofSq7YtrMqUm76","0.873","0.823","0.0459","0.695","0.211","131.963","-4.207","0.419","1.23e-06","Shakira","0EmeFodog0BfCgMzAIvKQp","colombian pop,dance pop,latin pop"
"38","38","spotify:track:4ewazQLXFTDC8XvCbhvtXs","Joji","Glimpse of Us","88rising Music/Warner Records","1","37","25","14396423","4ewazQLXFTDC8XvCbhvtXs","0.44","0.268","0.0531","0.317","0.141","169.914","-9.258","0.891","4.78e-06","Joji","3MZsBdqDrRTJihTHQrO6Dq","viral pop"
"39","39","spotify:track:5jQI2r1RdgtuT8S3iG8zFC","Taylor Swift","Lavender Haze","Taylor Swift","2","22","6","14308124","5jQI2r1RdgtuT8S3iG8zFC","0.733","0.0976","0.08","0.436","0.157","96.985","-10.489","0.258","0.000573","Taylor Swift","06HL4z0CvFAxyc27GXpf02","pop"
"40","40","spotify:track:6VhuP99TE6gYNQRJIlAWFD","Stephen Sanchez","Until I Found You","Republic Records","20","23","30","14242164","6VhuP99TE6gYNQRJIlAWFD","0.346","0.191","0.0388","0.5","0.189","202.466","-6.097","0.757","0","Stephen Sanchez","5XKFrudbV4IiuE5WuTPRmT","gen z singer-songwriter,pop"
"41","41","spotify:track:02MWAaffLxlfxAUY7c5dvx","Glass Animals","Heat Waves","Polydor Records","1","46","101","14020344","02MWAaffLxlfxAUY7c5dvx","0.761","0.531","0.0944","0.525","0.0921","80.87","-6.9","0.44","6.7e-06","Glass Animals","4yvcSjfu4PC0CYQyLy4wSq","gauze pop,indietronica,shiver pop"
"42","42","spotify:track:1IcR6RlgvDczfvoWJSSY2A","Andy Williams","It's the Most Wonderful Time of the Year","Columbia/Legacy","8","118","31","13625382","1IcR6RlgvDczfvoWJSSY2A","0.234","0.649","0.0411","0.526","0.122","201.739","-11.656","0.871","2.34e-06","Andy Williams","4sj6D0zlMOl25nprDJBiU9","adult standards,easy listening,lounge"
"43","43","spotify:track:2CeKVsFFXG4QzA415QygGb","Feid","Feliz Cumpleaños Ferxxo","UMLE - Latino","38","43","15","13563550","2CeKVsFFXG4QzA415QygGb","0.865","0.563","0.0678","0.573","0.305","94.999","-5.501","0.0863","0","Feid","2LRoIwlKmHjgvigdNGBHNo","colombian pop,pop reggaeton,reggaeton colombiano,urbano latino"
"44","44","spotify:track:5PjdY0CKGZdEuoNab3yDmX","The Kid LAROI, Justin Bieber","STAY (with Justin Bieber)","Columbia","1","48","73","13490336","5PjdY0CKGZdEuoNab3yDmX","0.591","0.478","0.0483","0.764","0.103","169.928","-5.484","0.0383","0","The Kid LAROI","2tIP7SsRs7vjIcLrU85W8J","australian hip hop,pop"
"45","45","spotify:track:2uFaJJtFpPDc5Pa95XzTvg","Dean Martin","Let It Snow! Let It Snow! Let It Snow!","Capitol Records","11","99","21","13414599","2uFaJJtFpPDc5Pa95XzTvg","0.451","0.701","0.0351","0.24","0.175","134.009","-14.014","0.912","2.45e-06","Dean Martin","49e4v89VmlDcFCMyDv9wQ9","adult standards,easy listening,lounge"
"46","46","spotify:track:54ipXppHLA8U4yqpOFTUhr","Imagine Dragons","Bones","Kid Ina Korner / Interscope","26","47","38","13373634","54ipXppHLA8U4yqpOFTUhr","0.772","0.587","0.0455","0.75","0.074","114.061","-3.67","0.0201","0","Imagine Dragons","53XhwfbYqKCa1cC15pYq2q","modern rock,rock"
"47","47","spotify:track:6sCvvleqKbeyOkQDieBYgp","Rihanna","Lift Me Up - From Black Panther: Wakanda Forever - Music From and Inspired By","Roc Nation/Def Jam/Hollywood","11","33","5","12961969","6sCvvleqKbeyOkQDieBYgp","0.247","0.172","0.0315","0.299","0.131","177.115","-6.083","0.899","0","Rihanna","5pKCCKE2ajJHZ9KAiaK11H","barbadian pop,pop,urban contemporary"
"48","48","spotify:track:31i56LZnwE6uSu3exoHjtB","Bad Bunny","Neverita","Rimas Entertainment LLC","15","49","30","12712580","31i56LZnwE6uSu3exoHjtB","0.876","0.428","0.0478","0.498","0.143","122.016","-7.511","0.0706","0","Bad Bunny","4q3ewBCX7sLwd24euuV69X","reggaeton,trap latino,urbano latino"
"49","49","spotify:track:78Sw5GDo6AlGwTwanjXbGh","d4vd","Here With Me","Darkroom/Interscope Records","49","63","5","12671929","78Sw5GDo6AlGwTwanjXbGh","0.574","0.288","0.0254","0.469","0.128","132.023","-8.209","0.534","9.21e-05","d4vd","5y8tKLUfMvliMe8IKamR32","bedroom pop"
"50","50","spotify:track:4FyesJzVpA39hbYvcseO2d","Lil Uzi Vert","Just Wanna Rock","Generation Now/Atlantic","50","52","6","12662704","4FyesJzVpA39hbYvcseO2d","0.486","0.0385","0.0336","0.545","0.0642","150.187","-7.924","0.0652","0.00474","Lil Uzi Vert","4O15NlyKLIASxsJ0PrXPfz","melodic rap,philly rap,rap,trap"
"51","51","spotify:track:26hOm7dTtBi0TdpDGl141t","Joji","Die For You","88rising Music/Warner Records","21","44","4","12125149","26hOm7dTtBi0TdpDGl141t","0.472","0.154","0.051","0.518","0.289","147.805","-7.379","0.383","0.127","Joji","3MZsBdqDrRTJihTHQrO6Dq","viral pop"
"52","52","spotify:track:33cF8aTmGJ6TsEf23uqGIN","Rauw Alejandro, Lyanno, Brray","LOKERA","Sony Music Latin/Duars Entertainment","38","54","16","11992763","33cF8aTmGJ6TsEf23uqGIN","0.836","0.579","0.0461","0.826","0.0814","102.025","-2.66","0.213","6.03e-06","Rauw Alejandro","1mcTU81TzQhprhouKaTkpq","puerto rican pop,trap latino,urbano latino"
"53","53","spotify:track:6Xom58OOXk2SoU711L2IXO","Bad Bunny","Moscow Mule","Rimas Entertainment LLC","2","53","30","11855373","6Xom58OOXk2SoU711L2IXO","0.804","0.292","0.0333","0.674","0.115","99.968","-5.453","0.294","1.18e-06","Bad Bunny","4q3ewBCX7sLwd24euuV69X","reggaeton,trap latino,urbano latino"
"54","54","spotify:track:5Odq8ohlgIbQKMZivbWkEo","Charlie Puth, Jung Kook, BTS","Left and Right (Feat. Jung Kook of BTS)","Atlantic Records","7","51","23","11845160","5Odq8ohlgIbQKMZivbWkEo","0.881","0.719","0.0324","0.592","0.0901","101.058","-4.898","0.619","1.32e-05","Charlie Puth","6VuMaDnrHyPL1p4EHjYLi7","dance pop,pop,viral pop"
"55","55","spotify:track:1418IuVKQPTYqt7QNJ9RXN","King","Maan Meri Jaan","Warner Music India","55","97","2","11710208","1418IuVKQPTYqt7QNJ9RXN","0.698","0.396","0.0356","0.505","0.0995","95.868","-8.242","0.354","0","King","5NHm4TU5Twz7owibYxJfFU","hindi hip hop"
"56","56","spotify:track:3qCeq0rWK67SoBDgFd2sId","José Feliciano","Feliz Navidad","RCA Records Label","14","-1","25","11596742","3qCeq0rWK67SoBDgFd2sId","0.514","0.967","0.0451","0.818","0.299","148.733","-9.642","0.406","1.93e-06","José Feliciano","7K78lVZ8XzkjfRSI7570FF","latin pop,puerto rican pop"
"57","57","spotify:track:3nAp4IvdMPPWEH9uuXFFV5","Kelly Clarkson","Underneath the Tree","RCA Records Label","9","147","23","11524600","3nAp4IvdMPPWEH9uuXFFV5","0.509","0.689","0.0537","0.812","0.214","159.876","-5.438","0.0013","1.99e-05","Kelly Clarkson","3BmGtnKgCSGYIUhmivXKWX","dance pop,pop,post-teen pop,talent show"
"58","58","spotify:track:4D7BCuvgdJlYvlX5WlN54t","Taylor Swift","You're On Your Own, Kid","Taylor Swift","6","38","6","11474618","4D7BCuvgdJlYvlX5WlN54t","0.696","0.38","0.0656","0.396","0.125","120.041","-10.289","0.401","5.2e-06","Taylor Swift","06HL4z0CvFAxyc27GXpf02","pop"
"59","59","spotify:track:0VjIjW4GlUZAMYd2vXMi3b","The Weeknd","Blinding Lights","Republic Records","1","64","157","11458356","0VjIjW4GlUZAMYd2vXMi3b","0.514","0.334","0.0598","0.73","0.0897","171.005","-5.934","0.00146","9.54e-05","The Weeknd","1Xyo4u8uXC1ZmMpatF05PJ","canadian contemporary r&b,canadian pop,pop"
"60","60","spotify:track:7uoFMmxln0GPXQ0AcCBXRq","Sia","Snowman","Monkey Puzzle/Atlantic","12","114","22","11452612","7uoFMmxln0GPXQ0AcCBXRq","0.716","0.326","0.0331","0.512","0.0928","104.957","-6.257","0.483","0","Sia","5WUlDfRSoLAfcVSX1WnrxN","australian dance,australian pop,dance pop,pop"
"61","61","spotify:track:7MkylDYvKTSuWgrsBhHlsG","Bizarrap, Duki","Duki: Bzrp Music Sessions, Vol. 50","DALE PLAY Records","17","17","2","11439785","7MkylDYvKTSuWgrsBhHlsG","0.535","0.323","0.137","0.874","0.192","140.006","-2.248","0.371","0","Bizarrap","716NhGYqD1jl2wI1Qkgq36","argentine hip hop,pop venezolano,trap argentino,trap latino,urbano latino"
"62","62","spotify:track:3eX0NZfLtGzoLUxPNvRfqm","Taylor Swift","Maroon","Taylor Swift","5","39","6","11347338","3eX0NZfLtGzoLUxPNvRfqm","0.637","0.0374","0.0564","0.398","0.101","108.075","-8.294","0.0573","1.03e-06","Taylor Swift","06HL4z0CvFAxyc27GXpf02","pop"
"63","63","spotify:track:6tjituizSxwSmBB5vtgHZE","Michael Bublé","Holly Jolly Christmas","Reprise","21","166","27","11315616","6tjituizSxwSmBB5vtgHZE","0.647","0.699","0.0428","0.465","0.0882","151.251","-8.308","0.865","0","Michael Bublé","1GxkXlMwML1oSg5eLPiAz3","adult standards,canadian pop,jazz pop,lounge"
"64","64","spotify:track:1wtOxkiel43cVs0Yux5Q4h","Taylor Swift, Lana Del Rey","Snow On The Beach (feat. Lana Del Rey)","Taylor Swift","3","40","6","11293140","1wtOxkiel43cVs0Yux5Q4h","0.663","0.193","0.0375","0.319","0.117","109.957","-13.481","0.69","0.000993","Taylor Swift","06HL4z0CvFAxyc27GXpf02","pop"
"65","65","spotify:track:7MXVkk9YMctZqd1Srtv4MB","The Weeknd, Daft Punk","Starboy","Universal Republic Records","1","72","113","11228394","7MXVkk9YMctZqd1Srtv4MB","0.679","0.486","0.276","0.587","0.137","186.003","-7.015","0.141","6.35e-06","The Weeknd","1Xyo4u8uXC1ZmMpatF05PJ","canadian contemporary r&b,canadian pop,pop"
"66","66","spotify:track:58cEG7FsVoipRiRKUMgOjo","Rauw Alejandro, Baby Rasta","PUNTO 40","Sony Music Latin/Duars Entertainment","48","56","8","10922787","58cEG7FsVoipRiRKUMgOjo","0.857","0.208","0.0842","0.829","0.255","106.993","-0.484","0.00112","0.015","Rauw Alejandro","1mcTU81TzQhprhouKaTkpq","puerto rican pop,trap latino,urbano latino"
"67","67","spotify:track:0o9zmvc5f3EFApU52PPIyW","Fujii Kaze","Shinunoga E-Wa","Universal Music LLC","66","66","13","10919170","0o9zmvc5f3EFApU52PPIyW","0.6","0.519","0.0452","0.76","0.189","158.078","-6.124","0.166","4.09e-05","Fujii Kaze","6bDWAcdtVR3WHz2xtiIPUi","japanese teen pop"
"68","68","spotify:track:3qoftcUZaUOncvIYjFSPdE","Taylor Swift","Bejeweled","Taylor Swift","11","42","6","10793727","3qoftcUZaUOncvIYjFSPdE","0.696","0.433","0.0693","0.559","0.0887","163.999","-9.19","0.0618","5.58e-05","Taylor Swift","06HL4z0CvFAxyc27GXpf02","pop"
"69","69","spotify:track:7KokYm8cMIXCsGVmUvKtqf","Taylor Swift","Karma","Taylor Swift","8","45","6","10699948","7KokYm8cMIXCsGVmUvKtqf","0.642","0.0969","0.0666","0.62","0.483","90.02","-7.091","0.0734","0","Taylor Swift","06HL4z0CvFAxyc27GXpf02","pop"
"70","70","spotify:track:6JIC3hbC28JZKZ8AlAqX8h","Elton John, Dua Lipa, PNAU","Cold Heart - PNAU Remix","EMI","4","70","68","10635808","6JIC3hbC28JZKZ8AlAqX8h","0.795","0.934","0.0309","0.8","0.0915","116.032","-6.32","0.0354","7.25e-05","Elton John","3PhoLpVuITZKcymswpck5b","glam rock,mellow gold,piano rock"
"71","71","spotify:track:7gRFDGEzF9UkBV233yv2dc","BLACKPINK","Shut Down","YG Entertainment/Interscope Records","1","61","11","10616846","7gRFDGEzF9UkBV233yv2dc","0.818","0.688","0.0454","0.69","0.186","110.071","-5.119","0.00327","0","BLACKPINK","41MozSoPIsD1dJM0CLPjZF","k-pop,k-pop girl group"
"72","72","spotify:track:6TsVhM8qIkWN5cJVDIVbbz","Wisin & Yandel, ROSALÍA","Besos Moja2","Sony Music Latin","64","67","9","10540381","6TsVhM8qIkWN5cJVDIVbbz","0.736","0.644","0.0571","0.727","0.0976","94.048","-4.642","0.0584","1.91e-06","Wisin & Yandel","1wZtkThiXbVNtj6hee6dz9","electro latino,latin hip hop,reggaeton,urbano latino"
"73","73","spotify:track:1qEmFfgcLObUfQm0j1W2CK","Harry Styles","Late Night Talking","Columbia","2","71","28","10497727","1qEmFfgcLObUfQm0j1W2CK","0.714","0.901","0.0468","0.728","0.106","114.996","-4.595","0.298","0","Harry Styles","6KImCVD70vtIoJWnq6nGn3","pop"
"74","74","spotify:track:5JhUm1v5AbI5Yu6jLKCPRO","Grupo Frontera","No Se Va - En Vivo","Grupo Frontera","36","58","10","10380941","5JhUm1v5AbI5Yu6jLKCPRO","0.594","0.692","0.0335","0.527","0.234","172.712","-9.335","0.121","0","Grupo Frontera","6XkjpgcEsYab502Vr1bBeW","musica chihuahuense,nueva musica mexicana"
"75","75","spotify:track:6WbAhuwE6fCOriBu5786X1","KAROL G, Ovy On The Drums","CAIRO","UMLE - Latino","75","79","2","10371579","6WbAhuwE6fCOriBu5786X1","0.951","0.431","0.312","0.692","0.0894","115.047","-4.038","0.472","0.000182","KAROL G","790FomKkXshlbRYZFtlgla","reggaeton,reggaeton colombiano,urbano latino"
"76","76","spotify:track:2eAvDnpXP5W0cVtiI0PUxV","Ruth B.","Dandelions","Columbia","34","78","68","10349253","2eAvDnpXP5W0cVtiI0PUxV","0.609","0.454","0.0259","0.692","0.0864","116.959","-2.958","0.0157","0","Ruth B.","2WzaAvm2bBCf4pEhyuDgCY","alt z,canadian contemporary r&b,canadian pop,pop"
"77","77","spotify:track:3F5CgOj3wFlRv51JsHbxhe","Drake, 21 Savage","Jimmy Cooks (feat. 21 Savage)","OVO","7","65","24","10313645","3F5CgOj3wFlRv51JsHbxhe","0.529","0.366","0.175","0.673","0.093","165.921","-4.711","0.000307","2.41e-06","Drake","3TVXtAsR1Inumwj472S9r4","canadian hip hop,canadian pop,hip hop,rap,toronto rap"
"78","78","spotify:track:7xapw9Oy21WpfEcib2ErSA","Justin Bieber","Mistletoe","RBMG/Def Jam","15","181","30","10168372","7xapw9Oy21WpfEcib2ErSA","0.657","0.854","0.0467","0.56","0.0794","161.993","-9.049","0.498","0","Justin Bieber","1uNFoZAHBGtllmzznpCI3s","canadian pop,pop"
"79","79","spotify:track:7dSZ6zGTQx66c2GF91xCrb","KAROL G","PROVENZA","UMLE - Latino","6","74","32","10166576","7dSZ6zGTQx66c2GF91xCrb","0.87","0.53","0.0541","0.516","0.11","111.005","-8.006","0.656","0.00823","KAROL G","790FomKkXshlbRYZFtlgla","reggaeton,reggaeton colombiano,urbano latino"
"80","80","spotify:track:1cKHdTo9u0ZymJdPGSh6nq","The Weeknd, Gesaffelstein","I Was Never There","Universal Republic Records","17","87","26","10027738","1cKHdTo9u0ZymJdPGSh6nq","0.323","0.155","0.0338","0.737","0.163","113.26","-4.008","0.142","0.000162","The Weeknd","1Xyo4u8uXC1ZmMpatF05PJ","canadian contemporary r&b,canadian pop,pop"
"81","81","spotify:track:1597vvneWf0zoQrg2D8yH6","MC MENOR HR, MC MENOR SG, DJ ESCOBAR","Evoque Prata","GUETTO RECORDS","69","69","3","10003997","1597vvneWf0zoQrg2D8yH6","0.872","0.52","0.244","0.519","0.276","86.768","-4.467","0.306","0","MC MENOR HR","33yjk1kQbu7otNngO5pQb8","deboxe,funk carioca,funk mtg,funk rj"
"82","82","spotify:track:58ge6dfP91o9oXMzq3XkIS","Arctic Monkeys","505","Domino Recording Co","43","83","48","9997606","58ge6dfP91o9oXMzq3XkIS","0.52","0.234","0.0543","0.852","0.0733","140.267","-5.866","0.00237","5.79e-05","Arctic Monkeys","7Ln80lUS6He07XvHI8qqHH","garage rock,modern rock,permanent wave,rock,sheffield indie"
"83","83","spotify:track:7iwJOi3hlMqZt6pj1sQOBj","Quevedo","VISTA AL MAR","Quevedo","45","76","12","9968532","7iwJOi3hlMqZt6pj1sQOBj","0.759","0.491","0.131","0.561","0.101","104.915","-5.643","0.803","0.121","Quevedo","52iwsT98xCoGgiGntTiR7K","rap canario"
"84","84","spotify:track:0oBtwScT4B4BR5kZitNWd5","Quevedo","PUNTO G","Quevedo","84","94","4","9722950","0oBtwScT4B4BR5kZitNWd5","0.751","0.553","0.15","0.761","0.0991","92.032","-4.113","0.251","0.000238","Quevedo","52iwsT98xCoGgiGntTiR7K","rap canario"
"85","85","spotify:track:38T0tPVZHcPZyhtOcCP7pF","Lil Nas X","STAR WALKIN' (League of Legends Worlds Anthem)","Columbia","22","80","10","9548500","38T0tPVZHcPZyhtOcCP7pF","0.637","0.308","0.0455","0.715","0.0892","141.872","-4.971","0.148","0","Lil Nas X","7jVv8c5Fj3E9VhNjxT4snq","lgbtq+ hip hop,pop"
"86","86","spotify:track:4fsQ0K37TOXa3hEQfjEic1","LE SSERAFIM","ANTIFRAGILE","SOURCE MUSIC","80","84","6","9485104","4fsQ0K37TOXa3hEQfjEic1","0.882","0.824","0.0819","0.797","0.113","105.025","-3.299","0.0821","0","LE SSERAFIM","4SpbR6yFEvexJuaBpgAU5p",""
"87","87","spotify:track:5zwwW9Oq7ubSxoCGyW1nbY","BLACKPINK","Pink Venom","YG Entertainment/Interscope Records","2","81","15","9447379","5zwwW9Oq7ubSxoCGyW1nbY","0.693","0.708","0.202","0.734","0.217","180.06","-6.189","0.0145","0","BLACKPINK","41MozSoPIsD1dJM0CLPjZF","k-pop,k-pop girl group"
"88","88","spotify:track:5QO79kh1waicV47BqGRL3g","The Weeknd","Save Your Tears","Republic Records","2","103","104","9392537","5QO79kh1waicV47BqGRL3g","0.68","0.644","0.0309","0.826","0.543","118.051","-5.487","0.0212","1.24e-05","The Weeknd","1Xyo4u8uXC1ZmMpatF05PJ","canadian contemporary r&b,canadian pop,pop"
"89","89","spotify:track:0u2P5u6lvoDfwTYjAADbn4","Billie Eilish, Khalid","lovely (with Khalid)","Darkroom","24","86","241","9365862","0u2P5u6lvoDfwTYjAADbn4","0.351","0.12","0.0333","0.296","0.095","115.284","-10.109","0.934","0","Billie Eilish","6qqNVTkY8uBg9cP3Jd7DAH","art pop,electropop,pop"
"90","90","spotify:track:34ZAzO78a5DAVNrYIGWcPm","SZA","Shirt","Top Dawg Entertainment/RCA Records","25","75","5","9267199","34ZAzO78a5DAVNrYIGWcPm","0.824","0.552","0.0968","0.453","0.0896","119.959","-9.604","0.146","0.0273","SZA","7tYKF4w9nC0nq9CsPZTHyP","pop,r&b"
"91","91","spotify:track:7lQ8MOhq6IN2w8EYcFNSUk","Eminem","Without Me","Aftermath","31","92","62","9211365","7lQ8MOhq6IN2w8EYcFNSUk","0.908","0.662","0.0738","0.669","0.237","112.238","-2.827","0.00286","0","Eminem","7dGJo4pcD2V6oG8kP0tJRR","detroit hip hop,hip hop,rap"
"92","92","spotify:track:2KLwPaRDOB87XOYAT2fgxh","Drake, 21 Savage, Travis Scott","Pussy & Millions (feat. Travis Scott)","OVO / Republic Records","5","59","4","9147230","2KLwPaRDOB87XOYAT2fgxh","0.749","0.445","0.116","0.63","0.353","122.03","-6.652","0.0623","0","Drake","3TVXtAsR1Inumwj472S9r4","canadian hip hop,canadian pop,hip hop,rap,toronto rap"
"93","93","spotify:track:6qyS9qBy0mEk3qYaH8mPss","Kordhell","Murder In My Mind","Kordhell","85","93","16","9076050","6qyS9qBy0mEk3qYaH8mPss","0.712","0.568","0.112","0.972","0.128","119.966","-0.514","0.00547","7.06e-05","Kordhell","2W6WP4pHQTFlbr2z9S4n54","drift phonk"
"94","94","spotify:track:3AJwUDP919kvQ9QcozQPxg","Coldplay","Yellow","Parlophone UK","56","88","102","9057800","3AJwUDP919kvQ9QcozQPxg","0.429","0.285","0.0281","0.661","0.234","173.372","-7.227","0.00239","0.000121","Coldplay","4gzpq5DPGxSnKTe4SA8HAU","permanent wave,pop"
"95","95","spotify:track:09mEdoA6zrmBPgTEN5qXmN","The Weeknd","Call Out My Name","Universal Republic Records","1","110","58","9040148","09mEdoA6zrmBPgTEN5qXmN","0.461","0.175","0.0356","0.593","0.307","134.17","-4.954","0.17","0","The Weeknd","1Xyo4u8uXC1ZmMpatF05PJ","canadian contemporary r&b,canadian pop,pop"
"96","96","spotify:track:7fUYUcWy853HS8YJn0b3Sr","The Ronettes","Sleigh Ride","Legacy Recordings","16","-1","22","9026031","7fUYUcWy853HS8YJn0b3Sr","0.529","0.853","0.0287","0.772","0.316","91.751","-7.013","0.403","2.21e-06","The Ronettes","7CyeXFnOrfC1N6z4naIpgo","adult standards,brill building pop,classic girl group,soul"
"97","97","spotify:track:2yjlYDiNiQkdxVqTlaSrlX","Nicki Minaj","Super Freaky Girl","Republic Records","14","82","16","9000681","2yjlYDiNiQkdxVqTlaSrlX","0.951","0.923","0.211","0.878","0.321","133.014","-2.565","0.0509","1.61e-05","Nicki Minaj","0hCNtLu0JehylgoiP8L4Gh","dance pop,hip pop,pop,queens hip hop,rap"
"98","98","spotify:track:0O6u0VJ46W86TxN9wgyqDj","Post Malone, Doja Cat","I Like You (A Happier Song) (with Doja Cat)","Mercury Records/Republic Records","10","90","26","8929293","0O6u0VJ46W86TxN9wgyqDj","0.733","0.472","0.0751","0.67","0.121","100.964","-6.009","0.121","0","Post Malone","246dkjvS1zLTtiykXe5h60","dfw rap,melodic rap,rap"
"99","99","spotify:track:3CIyK1V4JEJkg02E4EJnDl","Imagine Dragons, JID, Arcane, League of Legends","Enemy (with JID) - from the series Arcane League of Legends","Kid Ina Korner / Interscope","3","106","57","8871980","3CIyK1V4JEJkg02E4EJnDl","0.728","0.555","0.266","0.783","0.434","77.011","-4.424","0.237","0","Imagine Dragons","53XhwfbYqKCa1cC15pYq2q","modern rock,rock"
"100","100","spotify:track:3EaJDYHA0KnX88JvDhL9oa","Steve Lacy","Dark Red","Three Quarter","66","98","69","8802958","3EaJDYHA0KnX88JvDhL9oa","0.603","0.769","0.062","0.784","0.119","172.041","-4.023","0.446","8.32e-06","Steve Lacy","57vWImR43h4CaDao012Ofp","afrofuturism"
"101","101","spotify:track:7DbdUf8aHSYoliSjO6LZv6","Beach Weather","Sex, Drugs, Etc.","8123 / Arista Records","58","100","16","8795096","7DbdUf8aHSYoliSjO6LZv6","0.572","0.465","0.0377","0.839","0.522","143.969","-5.083","0.013","0.00976","Beach Weather","7I3bkknknQkIiatWiupQgD",""
"102","102","spotify:track:77khP2fIVhSW23NwxrRluh","Burl Ives","A Holly Jolly Christmas","Geffen","37","-1","23","8696832","77khP2fIVhSW23NwxrRluh","0.683","0.888","0.0303","0.375","0.076","140.467","-13.056","0.579","0","Burl Ives","0MHgLfmQdutffmvWe5XBTN","adult standards,american folk revival"
"103","103","spotify:track:2TE4xW3ImvpltVU0cPcKUn","Shakin' Stevens","Merry Christmas Everyone","Sony Music CG","34","-1","24","8682667","2TE4xW3ImvpltVU0cPcKUn","0.534","0.96","0.0369","0.904","0.128","202.899","-3.315","0.129","0","Shakin' Stevens","0wi4yTYlGtEnbGo4ltZTib","classic uk pop,europop,new wave pop,rock-and-roll,rockabilly,soft rock"
"104","104","spotify:track:0fea68AdmYNygeTGI4RC18","J Balvin, Bad Bunny","LA CANCIÓN","Universal Music Latino / Rimas","17","101","93","8514390","0fea68AdmYNygeTGI4RC18","0.754","0.429","0.317","0.646","0.108","176.089","-5.795","0.152","1.85e-05","J Balvin","1vyhD5VmyZ7KMfW5gqLgo5","reggaeton,reggaeton colombiano,urbano latino"
"105","105","spotify:track:1xwAWUI6Dj0WGC3KiUPN0O","Taylor Swift","Vigilante Shit","Taylor Swift","9","62","6","8512734","1xwAWUI6Dj0WGC3KiUPN0O","0.798","0.163","0.39","0.277","0.121","79.846","-11.096","0.173","5.25e-05","Taylor Swift","06HL4z0CvFAxyc27GXpf02","pop"
"106","106","spotify:track:75FEaRjZTKLhTrFGsfMUXR","Kate Bush","Running Up That Hill (A Deal With God)","Fish People","1","119","27","8509684","75FEaRjZTKLhTrFGsfMUXR","0.629","0.197","0.055","0.547","0.0604","108.375","-13.123","0.72","0.00314","Kate Bush","1aSxMhuvixZ8h9dK9jIDwL","art pop,art rock,baroque pop,new wave pop,permanent wave,piano rock,singer-songwriter"
"107","107","spotify:track:3WMj8moIAXJhHsyLaqIIHI","Zach Bryan","Something in the Orange","Warner Records","57","95","12","8507692","3WMj8moIAXJhHsyLaqIIHI","0.369","0.148","0.04","0.192","0.0954","175.212","-12.151","0.555","8.35e-06","Zach Bryan","40ZNYROS4zLfyyBSs2PGe2","oklahoma country"
"108","108","spotify:track:3LtpKP5abr2qqjunvjlX5i","Central Cee","Doja","Central Cee","15","105","19","8476855","3LtpKP5abr2qqjunvjlX5i","0.911","0.972","0.288","0.573","0.403","140.04","-7.43","0.38","0","Central Cee","5H4yInM5zmHqpKIoMNAx4r","melodic drill"
"109","109","spotify:track:3AVrVz5rK8Hrqo9YGiVGN5","Cigarettes After Sex","Apocalypse","Partisan Records","89","111","21","8434341","3AVrVz5rK8Hrqo9YGiVGN5","0.369","0.174","0.0274","0.467","0.109","94.473","-9.018","0.0194","0.46","Cigarettes After Sex","1QAJqy2dA3ihHBFIHRphZj","ambient pop,dream pop,el paso indie,shoegaze"
"110","110","spotify:track:2jkyPVk1nbpsZD0KAS98Zw","ThxSoMch","SPIT IN MY FACE!","Elektra (NEK)","110","194","3","8409201","2jkyPVk1nbpsZD0KAS98Zw","0.701","0.575","0.0695","0.573","0.105","165.995","-9.637","0.088","0.2","ThxSoMch","4MvZhE1iuzttcoyepkpfdF",""
"111","111","spotify:track:1aOl53hkZGHkl2Snhr7opL","Dean Lewis","How Do I Say Goodbye","Universal Music Australia Pty. Ltd.","86","91","9","8390348","1aOl53hkZGHkl2Snhr7opL","0.4","0.393","0.0674","0.641","0.0656","81.552","-6.303","0.214","0","Dean Lewis","3QSQFmccmX81fWCUSPTS7y","australian pop,pop"
"112","112","spotify:track:6I3mqTwhRpn34SLVafSH7G","Justin Bieber","Ghost","RBMG/Def Jam","11","117","63","8357195","6I3mqTwhRpn34SLVafSH7G","0.601","0.441","0.0478","0.741","0.415","153.96","-5.569","0.185","2.91e-05","Justin Bieber","1uNFoZAHBGtllmzznpCI3s","canadian pop,pop"
"113","113","spotify:track:3tAQNhm1o0kzldsI5QkrB1","Aerosmith","Dream On","Aerosmith P&D - Sony","104","104","4","8340213","3tAQNhm1o0kzldsI5QkrB1","0.393","0.238","0.0255","0.433","0.234","79.588","-10.045","0.39","8.41e-05","Aerosmith","7Ey4PD4MYsKc5I2dolUwbH","album rock,classic rock,hard rock,rock"
"114","114","spotify:track:6UelLqGlWMcVH1E5c4H7lY","Harry Styles","Watermelon Sugar","Columbia","4","109","159","8321808","6UelLqGlWMcVH1E5c4H7lY","0.548","0.557","0.0465","0.816","0.335","95.39","-4.209","0.122","0","Harry Styles","6KImCVD70vtIoJWnq6nGn3","pop"
"115","115","spotify:track:68Dni7IE4VyPkTOH9mRWHr","J. Cole","No Role Modelz","Roc Nation Records LLC","76","116","71","8303507","68Dni7IE4VyPkTOH9mRWHr","0.69","0.494","0.339","0.521","0.0534","100.028","-8.492","0.324","0","J. Cole","6l3HvQ5sa6mXTsMTB19rO5","conscious hip hop,hip hop,north carolina hip hop,rap"
"116","116","spotify:track:4woTEX1wYOTGDqNXuavlRC","Eminem, Dina Rae","Superman","Aftermath","116","135","9","8166784","4woTEX1wYOTGDqNXuavlRC","0.802","0.58","0.0564","0.755","0.295","130.027","-3.138","0.0215","0","Eminem","7dGJo4pcD2V6oG8kP0tJRR","detroit hip hop,hip hop,rap"
"117","117","spotify:track:4SqWKzw0CbA05TGszDgMlc","The Walters","I Love You So","Warner Records","21","133","60","8154884","4SqWKzw0CbA05TGszDgMlc","0.575","0.466","0.0358","0.648","0.115","75.977","-4.891","0.583","0","The Walters","027TpXKGwdXP7iwbjUSpV8","chicago indie"
"118","118","spotify:track:4h4QlmocP3IuwYEj2j14p8","Nicky Youre, dazy","Sunroof","Thirty Knots/Columbia","28","108","30","8147900","4h4QlmocP3IuwYEj2j14p8","0.768","0.842","0.0401","0.714","0.15","131.443","-5.11","0.352","0","Nicky Youre","7qmpXeNz2ojlMl2EEfkeLs","pop"
"119","119","spotify:track:41oY4WCTj5kccfesTVFnvN","Bad Bunny, JhayCo","Tarot","Rimas Entertainment LLC","9","112","30","8144543","41oY4WCTj5kccfesTVFnvN","0.795","0.419","0.0419","0.684","0.658","114.011","-3.971","0.0225","0","Bad Bunny","4q3ewBCX7sLwd24euuV69X","reggaeton,trap latino,urbano latino"
"120","120","spotify:track:58HvfVOeJY7lUuCqF0m3ly","Elley Duhé","MIDDLE OF THE NIGHT","Not Fit For Society/RCA Records","11","127","49","8081261","58HvfVOeJY7lUuCqF0m3ly","0.41","0.0899","0.0467","0.611","0.116","185.727","-8.271","0.0228","0","Elley Duhé","67MNhiAICFY6Pwc2YxCO0K","alt z,pop"
"121","121","spotify:track:3yfqSUWxFvZELEM4PmlwIR","Eminem","The Real Slim Shady","Interscope","51","121","78","8063448","3yfqSUWxFvZELEM4PmlwIR","0.949","0.76","0.0572","0.661","0.0454","104.504","-4.244","0.0302","0","Eminem","7dGJo4pcD2V6oG8kP0tJRR","detroit hip hop,hip hop,rap"
"122","122","spotify:track:6HMtHNpW6YPi1hrw9tgF8P","Lizzo","About Damn Time","Nice Life/Atlantic","9","115","31","8006379","6HMtHNpW6YPi1hrw9tgF8P","0.836","0.723","0.0653","0.743","0.335","108.965","-6.305","0.0974","0","Lizzo","56oDRnqbIiwx4mymNEv7dS","dance pop,escape room,minnesota hip hop,pop,trap queen"
"123","123","spotify:track:46IZ0fSY2mpAiktS3KOqds","Adele","Easy On Me","Columbia","1","128","59","7997653","46IZ0fSY2mpAiktS3KOqds","0.604","0.13","0.0282","0.366","0.133","141.981","-7.519","0.578","0","Adele","4dpARuHxo51G3z768sgnrY","british soul,pop,pop soul,uk pop"
"124","124","spotify:track:5Z9KJZvQzH6PFmb8SNkxuk","Lil Nas X, Jack Harlow","INDUSTRY BABY (feat. Jack Harlow)","Columbia","2","132","71","7993744","5Z9KJZvQzH6PFmb8SNkxuk","0.741","0.892","0.0672","0.691","0.0476","150.087","-7.395","0.0221","0","Lil Nas X","7jVv8c5Fj3E9VhNjxT4snq","lgbtq+ hip hop,pop"
"125","125","spotify:track:1mea3bSkSGXuIRvnydlB5b","Coldplay","Viva La Vida","Parlophone UK","122","122","14","7969737","1mea3bSkSGXuIRvnydlB5b","0.486","0.417","0.0287","0.617","0.109","138.015","-7.115","0.0954","3.23e-06","Coldplay","4gzpq5DPGxSnKTe4SA8HAU","permanent wave,pop"
"126","126","spotify:track:2rurDawMfoKP4uHyb2kJBt","Shakira, Rauw Alejandro","Te Felicito","Sony Music Latin","13","126","32","7962720","2rurDawMfoKP4uHyb2kJBt","0.695","0.575","0.317","0.636","0.081","174.14","-4.654","0.234","0","Shakira","0EmeFodog0BfCgMzAIvKQp","colombian pop,dance pop,latin pop"
"127","127","spotify:track:3xWGA8pa0IKFI7IMPri4P0","Ed Sheeran","Shivers","Atlantic Records UK","4","130","64","7942657","3xWGA8pa0IKFI7IMPri4P0","0.788","0.822","0.0856","0.859","0.0424","141.02","-2.724","0.281","0","Ed Sheeran","6eUKZXaKkcviH0Ku9w2n3V","pop,uk pop"
"128","128","spotify:track:27qAMKrDdKEs8HDXcvR24R","Chris Rea","Driving Home for Christmas - 2019 Remaster","Rhino","21","-1","24","7936179","27qAMKrDdKEs8HDXcvR24R","0.513","0.866","0.038","0.583","0.18","180.183","-10.863","0.355","1.96e-05","Chris Rea","5KEG7G8LDYlHgFDqZyEEs2","album rock,art rock,blues rock,classic rock,mellow gold,soft rock,sophisti-pop"
"129","129","spotify:track:7qEHsqek33rTcFNT9PFqLf","Lewis Capaldi","Someone You Loved","Vertigo Berlin","4","120","204","7928944","7qEHsqek33rTcFNT9PFqLf","0.501","0.446","0.0319","0.405","0.105","109.891","-5.679","0.751","0","Lewis Capaldi","4GNC7GD6oZMSxPGyXy4MNB","pop,uk pop"
"130","130","spotify:track:0pqnGHJpmpxLKifKRmU6WP","Imagine Dragons","Believer","Kid Ina Korner / Interscope","16","129","304","7927408","0pqnGHJpmpxLKifKRmU6WP","0.776","0.666","0.128","0.78","0.081","124.949","-4.374","0.0622","0","Imagine Dragons","53XhwfbYqKCa1cC15pYq2q","modern rock,rock"
"131","131","spotify:track:1ga4PztXOIw1yBbdUt2X8v","KAROL G, Maldy","GATÚBELA","UMLE - Latino","33","113","14","7904559","1ga4PztXOIw1yBbdUt2X8v","0.627","0.342","0.386","0.858","0.21","92.523","-2.824","0.263","0","KAROL G","790FomKkXshlbRYZFtlgla","reggaeton,reggaeton colombiano,urbano latino"
"132","132","spotify:track:2J2Z1SkXYghSajLibnQHOa","Sia","Unstoppable","Monkey Puzzle Records/RCA Records","107","137","42","7889115","2J2Z1SkXYghSajLibnQHOa","0.468","0.26","0.0779","0.779","0.101","173.799","-4.839","0.112","0.000373","Sia","5WUlDfRSoLAfcVSX1WnrxN","australian dance,australian pop,dance pop,pop"
"133","133","spotify:track:0heeNYlwOGuUSe7TgUD27B","Taylor Swift","Question...?","Taylor Swift","10","77","6","7828230","0heeNYlwOGuUSe7TgUD27B","0.751","0.106","0.167","0.502","0.296","108.943","-8.763","0.2","0","Taylor Swift","06HL4z0CvFAxyc27GXpf02","pop"
"134","134","spotify:track:46s57QULU02Voy0Kup6UEb","Drake, 21 Savage","Major Distribution","OVO / Republic Records","4","68","4","7733145","46s57QULU02Voy0Kup6UEb","0.908","0.225","0.323","0.546","0.0707","131.016","-10.491","0.0127","0","Drake","3TVXtAsR1Inumwj472S9r4","canadian hip hop,canadian pop,hip hop,rap,toronto rap"
"135","135","spotify:track:59nOXPmaKlBfGMDeOVGrIK","Future, Drake, Tems","WAIT FOR U (feat. Drake & Tems)","Epic/Freebandz","10","136","31","7732974","59nOXPmaKlBfGMDeOVGrIK","0.463","0.339","0.34","0.642","0.0686","83.389","-4.474","0.314","0","Future","1RyvyyTE3xzB2ZywiAwp0i","atl hip hop,rap,southern hip hop,trap"
"136","136","spotify:track:5WxVXxCMRnvxUKFq40ELwq","RAYE, 070 Shake","Escapism.","Human Re Sources","136","-1","1","7700430","5WxVXxCMRnvxUKFq40ELwq","0.538","0.25","0.114","0.742","0.0934","96.107","-5.355","0.138","4.67e-05","RAYE","5KKpBU5eC2tJDzf0wmlRp2","dance pop,pop,uk contemporary r&b"
"137","137","spotify:track:4xqrdfXkTW4T0RauPLv3WA","Conan Gray","Heather","Republic Records","12","161","123","7691855","4xqrdfXkTW4T0RauPLv3WA","0.357","0.27","0.0333","0.425","0.322","102.078","-7.301","0.584","0","Conan Gray","4Uc8Dsxct0oMqx0P6i60ea","bedroom pop,pop"
"138","138","spotify:track:3khEEPRyBeOUabbmOPJzAG","Kenshi Yonezu","KICK BACK","Sony Music Labels Inc.","66","125","7","7678385","3khEEPRyBeOUabbmOPJzAG","0.577","0.292","0.105","0.941","0.0891","101.921","-5.17","0.00207","3.36e-06","Kenshi Yonezu","1snhtMLeb2DYoMOcVbb8iB","anime,j-pop"
"139","139","spotify:track:1Fid2jjqsHViMX6xNH70hE","Seafret","Atlantis","Sweet Jane Recordings","63","141","19","7644546","1Fid2jjqsHViMX6xNH70hE","0.4","0.213","0.0308","0.479","0.115","166.159","-7.989","0.0529","2.14e-06","Seafret","4Ly0KABsxlx4fNj63zJTrF","folk-pop,pop"
"140","140","spotify:track:4tYFy8ALRjIZvnvSLw5lxN","Bad Bunny, Rauw Alejandro","Party","Rimas Entertainment LLC","6","134","30","7630089","4tYFy8ALRjIZvnvSLw5lxN","0.829","0.471","0.0897","0.799","0.242","97.013","-5.389","0.0151","0.000543","Bad Bunny","4q3ewBCX7sLwd24euuV69X","reggaeton,trap latino,urbano latino"
"141","141","spotify:track:5jt25aFjW2kNoBqaEVaz5W","Mora, Feid","LA INOCENTE","Rimas Entertainment LLC","74","143","22","7565456","5jt25aFjW2kNoBqaEVaz5W","0.757","0.464","0.0583","0.789","0.0717","91.911","-3.46","0.307","0","Mora","0Q8NcsJwoCbZOHHW63su5S","trap latino,urbano latino"
"142","142","spotify:track:34tz0eDhGuFErIuW3q4mPX","Drake, 21 Savage","On BS","OVO / Republic Records","6","85","4","7557832","34tz0eDhGuFErIuW3q4mPX","0.841","0.329","0.591","0.358","0.39","158.014","-8.368","0.0201","0","Drake","3TVXtAsR1Inumwj472S9r4","canadian hip hop,canadian pop,hip hop,rap,toronto rap"
"143","143","spotify:track:5TXDeTFVRVY7Cvt0Dw4vWW","XXXTENTACION","Revenge","Bad Vibes Forever / EMPIRE","63","155","40","7547797","5TXDeTFVRVY7Cvt0Dw4vWW","0.746","0.18","0.259","0.251","0.106","139.999","-16.169","0.782","0.00203","XXXTENTACION","15UsOTVnJzReFVN1VCnxy4","emo rap,miami hip hop"
"144","144","spotify:track:4so0Wek9Ig1p6CRCHuINwW","Bing Crosby, Ken Darby Singers, John Scott Trotter & His Orchestra","White Christmas","Geffen","26","-1","25","7539931","4so0Wek9Ig1p6CRCHuINwW","0.317","0.247","0.0381","0.158","0.338","130.503","-16.485","0.673","0.353","Bing Crosby","6ZjFtWeHP9XN7FeKSUe80S","adult standards,easy listening"
"145","145","spotify:track:25Jf61edvM78rQHYaWRiIL","Bellakath","Gatita","La Mafia del Perreo","145","-1","1","7528391","25Jf61edvM78rQHYaWRiIL","0.895","0.762","0.0573","0.81","0.331","100.999","-6.722","0.151","0.238","Bellakath","4yjm4SvYqC5FFuLbB6TyHr","perreo,urbano latino,urbano mexicano"
"146","146","spotify:track:5FVd6KXrgO9B3JPmC8OPst","Arctic Monkeys","Do I Wanna Know?","Domino Recording Co","98","148","64","7512057","5FVd6KXrgO9B3JPmC8OPst","0.548","0.405","0.0323","0.532","0.217","85.03","-7.596","0.186","0.000263","Arctic Monkeys","7Ln80lUS6He07XvHI8qqHH","garage rock,modern rock,permanent wave,rock,sheffield indie"
"147","147","spotify:track:1SV1fxF65n9NhRHp3KlBuu","Paul McCartney","Wonderful Christmastime - Edited Version / Remastered 2011","Paul McCartney Catalog","15","-1","26","7489205","1SV1fxF65n9NhRHp3KlBuu","0.774","0.771","0.0319","0.511","0.0672","94.736","-8.914","0.322","0","Paul McCartney","4STHEaNw4mPZ2tzheohgXB","album rock,art rock,beatlesque,classic rock,folk rock,mellow gold,rock,soft rock"
"148","148","spotify:track:27RYrbL6S02LNVhDWVl38b","John Lennon, Yoko Ono","Happy Xmas (War Is Over) - Remastered 2010","EMI Catalogue","13","-1","25","7484911","27RYrbL6S02LNVhDWVl38b","0.321","0.414","0.0324","0.64","0.718","146.172","-10.023","0.28","0","John Lennon","4x1nvY2FN8jxqAFA0DA02H","album rock,beatlesque,classic rock,mellow gold,rock"
"149","149","spotify:track:1oFAF1hdPOickyHgbuRjyX","The Weeknd, Ariana Grande","Save Your Tears (Remix) (with Ariana Grande) - Bonus Track","XO / Republic Records","5","152","84","7480225","1oFAF1hdPOickyHgbuRjyX","0.65","0.593","0.0325","0.825","0.0936","118.091","-4.645","0.0215","2.44e-05","The Weeknd","1Xyo4u8uXC1ZmMpatF05PJ","canadian contemporary r&b,canadian pop,pop"
"150","150","spotify:track:0tgVpDi06FyKpA1z0VMD4v","Ed Sheeran","Perfect","Atlantic Records UK","4","149","298","7479926","0tgVpDi06FyKpA1z0VMD4v","0.599","0.168","0.0232","0.448","0.106","95.05","-6.312","0.163","0","Ed Sheeran","6eUKZXaKkcviH0Ku9w2n3V","pop,uk pop"
"151","151","spotify:track:5O2P9iiztwhomNh8xkR9lJ","One Direction","Night Changes","Syco Music","108","153","27","7479166","5O2P9iiztwhomNh8xkR9lJ","0.672","0.37","0.0353","0.52","0.115","120.001","-7.747","0.859","0","One Direction","4AK6F7OLvEQ5QYCBNiQWHq","boy band,pop,post-teen pop,talent show"
"152","152","spotify:track:7ef4DlsgrMEH11cDZd32M6","Calvin Harris, Dua Lipa","One Kiss (with Dua Lipa)","Sony Music UK","2","145","99","7476859","7ef4DlsgrMEH11cDZd32M6","0.791","0.592","0.11","0.862","0.0814","123.994","-3.24","0.037","2.19e-05","Calvin Harris","7CajNmpbOovFoOoasH2HaY","dance pop,edm,electro house,house,pop,progressive house,uk dance"
"153","153","spotify:track:086myS9r57YsLbJpU0TgK9","Arctic Monkeys","Why'd You Only Call Me When You're High?","Domino Recording Co","104","151","56","7475771","086myS9r57YsLbJpU0TgK9","0.691","0.8","0.0368","0.631","0.104","92.004","-6.478","0.0483","1.13e-05","Arctic Monkeys","7Ln80lUS6He07XvHI8qqHH","garage rock,modern rock,permanent wave,rock,sheffield indie"
"154","154","spotify:track:5gDWsRxpJ2lZAffh5p7K0w","The Weeknd, Lana Del Rey","Stargirl Interlude","Universal Republic Records","131","168","20","7466640","5gDWsRxpJ2lZAffh5p7K0w","0.715","0.426","0.0772","0.47","0.104","89.965","-12.638","0.353","0.0923","The Weeknd","1Xyo4u8uXC1ZmMpatF05PJ","canadian contemporary r&b,canadian pop,pop"
"155","155","spotify:track:7fBv7CLKzipRk6EC6TWHOB","The Weeknd","The Hills","Universal Republic Records","52","177","66","7457044","7fBv7CLKzipRk6EC6TWHOB","0.585","0.137","0.0515","0.564","0.135","113.003","-7.063","0.0671","0","The Weeknd","1Xyo4u8uXC1ZmMpatF05PJ","canadian contemporary r&b,canadian pop,pop"
"156","156","spotify:track:1797zYiX4cKosMH836X9Gt","Bad Bunny, Tony Dize","La Corriente","Rimas Entertainment LLC","17","140","30","7438944","1797zYiX4cKosMH836X9Gt","0.663","0.579","0.195","0.786","0.219","196.12","-3.51","0.229","0","Bad Bunny","4q3ewBCX7sLwd24euuV69X","reggaeton,trap latino,urbano latino"
"157","157","spotify:track:4UMIv5jd9gK98a39BQRD9X","Pritam, Arijit Singh, Amitabh Bhattacharya","Kesariya","Sony Music Entertainment India Pvt. Ltd.","33","150","20","7434512","4UMIv5jd9gK98a39BQRD9X","0.577","0.436","0.0278","0.574","0.1","94.009","-6.525","0.572","0","Pritam","1wRPtKGflJrBx9BmLsSwlU","filmi,indian instrumental,modern bollywood"
"158","158","spotify:track:37F7E7BKEw2E4O2L7u0IEp","Freddie Dredd","Limbo","Doomshop Records/RCA Records","158","162","3","7388246","37F7E7BKEw2E4O2L7u0IEp","0.802","0.457","0.459","0.623","0.113","74.987","-5.862","0.0292","0.055","Freddie Dredd","0dlDsD7y6ccmDm8tuWCU6F","aesthetic rap,phonk"
"159","159","spotify:track:4Yg2w0P29BBBMixyeNjDtj","Band Aid","Do They Know It's Christmas? - 1984 Version","EMI","12","-1","27","7375555","4Yg2w0P29BBBMixyeNjDtj","0.598","0.349","0.0364","0.643","0.0992","115.41","-6.933","0.164","3.35e-05","Band Aid","35S20clEkkSNUo23ViaslZ","musical advocacy"
"160","160","spotify:track:4ASA1PZyWGbuc4d9N8OAcF","Gustavo Mioto, Mari Fernandez","Eu Gosto Assim - Ao Vivo","Universal Music Ltda.","109","131","8","7299346","4ASA1PZyWGbuc4d9N8OAcF","0.636","0.61","0.0439","0.909","0.719","154.189","-3.685","0.149","0","Gustavo Mioto","1X6ORK7IekgmyjV6IFPszP","arrocha,sertanejo,sertanejo pop,sertanejo universitario"
"161","161","spotify:track:1DIXPcTDzTj8ZMHt3PDt8p","Coolio, L.V.","Gangsta's Paradise","Tommy Boy Music, LLC","40","146","57","7288937","1DIXPcTDzTj8ZMHt3PDt8p","0.647","0.386","0.0593","0.514","0.398","79.975","-10.05","0.0655","0","Coolio","3y24n3XhZ96wgwRXjvS17T","g funk,gangster rap,hip hop,rap,west coast rap"
"162","162","spotify:track:3BnDvpeuGOj21Ir2aVEtQo","Rema","Calm Down","Mavin Records / Jonzing World","119","157","21","7279158","3BnDvpeuGOj21Ir2aVEtQo","0.814","0.842","0.0405","0.789","0.137","107.003","-6.29","0.365","0.000502","Rema","46pWGuE3dSwY3bMMXGBvVS","nigerian pop"
"163","163","spotify:track:4PS1e8f2LvuTFgUs1Cn3ON","Nat King Cole","The Christmas Song (Merry Christmas To You)","CAPITOL CATALOG MKT (C92)","30","-1","24","7271327","4PS1e8f2LvuTFgUs1Cn3ON","0.319","0.209","0.0341","0.21","0.138","78.696","-15.231","0.92","8.06e-05","Nat King Cole","7v4imS0moSyGdXyLgVTIV7","adult standards"
"164","164","spotify:track:4kKdvXD0ez7jp1296JmAts","Frank Sinatra, B. Swanson Quartet","Let It Snow! Let It Snow! Let It Snow! (with The B. Swanson Quartet)","Columbia/Legacy","19","-1","27","7268102","4kKdvXD0ez7jp1296JmAts","0.652","0.836","0.0595","0.259","0.362","142.169","-13.336","0.903","0","Frank Sinatra","1Mxqyy3pSjf8kZZL4QVxS0","adult standards,easy listening,lounge"
"165","165","spotify:track:5FkJHVudUByVjanCqFXRql","Mr.Kitty","After Dark","Juggernaut Music Group","112","174","33","7221766","5FkJHVudUByVjanCqFXRql","0.578","0.0392","0.0322","0.6","0.0778","140.021","-10.491","0.0677","0.417","Mr.Kitty","0pWwt5vGNzezEhfAcc420Y","weirdcore"
"166","166","spotify:track:4o6v3Oooyt7HF20idztRD4","Israel & Rodolffo, Ana Castela","Bombonzinho - Ao Vivo","Som Livre","131","144","3","7208927","4o6v3Oooyt7HF20idztRD4","0.651","0.722","0.0539","0.947","0.92","158.046","-3.669","0.305","0","Israel & Rodolffo","41QLxRXlc2NwfJZkHGHKid","arrocha,sertanejo pop,sertanejo universitario"
"167","167","spotify:track:3hxIUxnT27p5WcmjGUXNwx","Hotel Ugly","Shut up My Moms Calling","Hotel Ugly, under exclusive license to Amuseio AB","159","159","6","7178273","3hxIUxnT27p5WcmjGUXNwx","0.485","0.376","0.101","0.409","0.103","138.419","-10.711","0.325","0","Hotel Ugly","35WVTyRnKAoaGExqgktVyb",""
"168","168","spotify:track:0ll8uFnc0nANY35E0Lfxvg","Keane","Somewhere Only We Know","Universal-Island Records Ltd.","120","164","12","7173538","0ll8uFnc0nANY35E0Lfxvg","0.453","0.368","0.0259","0.655","0.0849","172.012","-4.22","0.0794","7.61e-06","Keane","53A0W3U0s8diEn9RhXQhVz","neo mellow,piano rock,pop rock"
"169","169","spotify:track:7FmYn9e7KHMXcxqGSj9LjH","Taylor Swift","Mastermind","Taylor Swift","13","89","6","7158831","7FmYn9e7KHMXcxqGSj9LjH","0.662","0.124","0.154","0.357","0.0837","125.966","-14.064","0.553","0.00129","Taylor Swift","06HL4z0CvFAxyc27GXpf02","pop"
"170","170","spotify:track:2JPLbjOn0wPCngEot2STUS","Bad Bunny","Yonaguni","Rimas Entertainment LLC","3","169","77","7117373","2JPLbjOn0wPCngEot2STUS","0.644","0.44","0.118","0.648","0.135","179.951","-4.601","0.276","0","Bad Bunny","4q3ewBCX7sLwd24euuV69X","reggaeton,trap latino,urbano latino"
"171","171","spotify:track:22skzmqfdWrjJylampe0kt","Macklemore & Ryan Lewis, Macklemore, Ryan Lewis, Ray Dalton","Can't Hold Us (feat. Ray Dalton)","Macklemore","147","154","48","7111631","22skzmqfdWrjJylampe0kt","0.633","0.88","0.0839","0.927","0.0986","146.097","-4.468","0.0267","0","Macklemore & Ryan Lewis","5BcAKTbp20cv7tC5VqPFoC","dance pop,pop,pop rap,seattle hip hop"
"172","172","spotify:track:6mmPpaltUZK7xjNlBPQQ0p","Rauw Alejandro, Chencho Corleone","Desesperados","Sony Music Latin/Duars Entertainment","8","172","51","7109692","6mmPpaltUZK7xjNlBPQQ0p","0.869","0.511","0.0783","0.694","0.0878","90.02","-3.35","0.356","0.00125","Rauw Alejandro","1mcTU81TzQhprhouKaTkpq","puerto rican pop,trap latino,urbano latino"
"173","173","spotify:track:0B7wvvmu9EISAwZnOpjhNI","Bruno Mars","When I Was Your Man","Atlantic Records","161","176","14","7090502","0B7wvvmu9EISAwZnOpjhNI","0.601","0.411","0.0403","0.271","0.144","145.494","-8.688","0.937","0","Bruno Mars","0du5cEVh5yTK9QJze8zA0C","dance pop,pop"
"174","174","spotify:track:6Uj1ctrBOjOas8xZXGqKk4","Doja Cat","Woman","Kemosabe Records/RCA Records","6","187","73","7062072","6Uj1ctrBOjOas8xZXGqKk4","0.824","0.881","0.0854","0.764","0.117","107.998","-4.175","0.0888","0.00294","Doja Cat","5cj0lLjcoR7YOSnhnX0Po5","dance pop,pop"
"175","175","spotify:track:5QM0SsyzmBM0pbFY52Xj1X","Sam Smith","I'm Not The Only One","Capitol","82","156","19","7056670","5QM0SsyzmBM0pbFY52Xj1X","0.677","0.493","0.0361","0.485","0.0766","82.001","-5.795","0.529","2.04e-05","Sam Smith","2wY79sveU1sp5g7SokKOiI","pop,uk pop"
"176","176","spotify:track:0T2pB7P1VdXPhLdQZ488uH","Feid","Normal","UMLE - Latino","57","178","21","7035269","0T2pB7P1VdXPhLdQZ488uH","0.709","0.541","0.171","0.56","0.315","170.082","-4.867","0.034","0","Feid","2LRoIwlKmHjgvigdNGBHNo","colombian pop,pop reggaeton,reggaeton colombiano,urbano latino"
"177","177","spotify:track:1v7L65Lzy0j0vdpRjJewt1","Eminem","Lose Yourself - From ""8 Mile"" Soundtrack","Aftermath","44","167","102","7033536","1v7L65Lzy0j0vdpRjJewt1","0.686","0.0596","0.264","0.735","0.342","171.355","-4.616","0.00921","0.00066","Eminem","7dGJo4pcD2V6oG8kP0tJRR","detroit hip hop,hip hop,rap"
"178","178","spotify:track:1FEiijYPJtyswChfcpv3p0","Lana Del Rey","Summertime Sadness","Polydor Records","94","183","19","7029206","1FEiijYPJtyswChfcpv3p0","0.568","0.211","0.0332","0.646","0.121","111.945","-6.793","0.0464","0","Lana Del Rey","00FQb4jTyendYWaN8pK0wa","art pop,pop"
"179","179","spotify:track:11BKm0j4eYoCPPpCONAVwA","Lady Gaga","Bloody Mary","Interscope","179","-1","1","6992507","11BKm0j4eYoCPPpCONAVwA","0.591","0.432","0.03","0.637","0.113","99.998","-6.365","0.0107","1.95e-06","Lady Gaga","1HY2Jd0NmPuamShAr6KMms","art pop,dance pop,pop"
"180","180","spotify:track:6ex1Pz3pntgy4NPtxHXN2V","Ed Sheeran","Bad Habits","Atlantic Records UK","3","170","75","6989956","6ex1Pz3pntgy4NPtxHXN2V","0.807","0.537","0.0347","0.893","0.366","126.011","-3.745","0.0451","2.79e-05","Ed Sheeran","6eUKZXaKkcviH0Ku9w2n3V","pop,uk pop"
"181","181","spotify:track:5Zlb01Jcn0Ld49zazzZJSB","TWISTED, Oliver Tree","WORTH NOTHING - Fast & Furious: Drift Tape/Phonk Vol 1","APG Inc – FF10","181","195","4","6945078","5Zlb01Jcn0Ld49zazzZJSB","0.604","0.156","0.0628","0.601","0.168","139.88","-7.887","0.15","0.000579","TWISTED","1rPf3UFQ9PzH7MafzfHTnG",""
"182","182","spotify:track:5nujrmhLynf4yMoMtj8AQF","Dua Lipa, DaBaby","Levitating (feat. DaBaby)","Warner Records","4","175","113","6913879","5nujrmhLynf4yMoMtj8AQF","0.702","0.915","0.0601","0.825","0.0674","102.977","-3.787","0.00883","0","Dua Lipa","6M2wZ9GZgrQXHCFfjv46we","dance pop,pop,uk pop"
"183","183","spotify:track:6i1g5ZRmJZAkDwBaUZ3f2i","Luar La L","Caile","La Mafia Urbana Corp.","32","160","16","6862733","6i1g5ZRmJZAkDwBaUZ3f2i","0.704","0.461","0.448","0.756","0.0852","121.737","-4.948","0.298","3.75e-06","Luar La L","4axKuDPr6WKcDCyh8vueTY","reggaeton,reggaeton flow,trap latino,urbano latino"
"184","184","spotify:track:3uUuGVFu1V7jTQL60S1r8z","Lost Frequencies, Calum Scott","Where Are You Now","Epic Amsterdam","18","190","65","6859908","3uUuGVFu1V7jTQL60S1r8z","0.671","0.262","0.103","0.636","0.172","120.966","-8.117","0.515","0.000411","Lost Frequencies","7f5Zgnp2spUuuzKplmRkt7","belgian edm,edm,pop,pop dance,tropical house"
"185","185","spotify:track:0h7QMc9ZRzA9QJrbEHytn2","JIN","The Astronaut","BIGHIT MUSIC","32","96","5","6854163","0h7QMc9ZRzA9QJrbEHytn2","0.54","0.215","0.0311","0.761","0.137","124.988","-5.356","0.00446","2.5e-06","JIN","5vV3bFXnN6D6N3Nj4xRvaV","k-pop"
"186","186","spotify:track:46HNZY1i7O6jwTA7Slo2PI","Coldplay, BTS","My Universe","Parlophone UK","3","158","62","6841421","46HNZY1i7O6jwTA7Slo2PI","0.573","0.47","0.0406","0.711","0.328","105.006","-6.268","0.0114","0","Coldplay","4gzpq5DPGxSnKTe4SA8HAU","permanent wave,pop"
"187","187","spotify:track:4RVwu0g32PAqgUiJoXsdF8","Billie Eilish","Happier Than Ever","Darkroom/Interscope Records","6","198","70","6804984","4RVwu0g32PAqgUiJoXsdF8","0.332","0.297","0.0348","0.225","0.128","81.055","-8.697","0.767","0.00349","Billie Eilish","6qqNVTkY8uBg9cP3Jd7DAH","art pop,electropop,pop"
"188","188","spotify:track:3GYlZ7tbxLOxe6ewMNVTkw","Billie Eilish","TV","Darkroom/Interscope Records","27","186","10","6802277","3GYlZ7tbxLOxe6ewMNVTkw","0.412","0.119","0.0379","0.236","0.147","140.214","-15.159","0.83","0.00653","Billie Eilish","6qqNVTkY8uBg9cP3Jd7DAH","art pop,electropop,pop"
"189","189","spotify:track:2pXpURmn6zC5ZYDMms6fwa","Perry Como, The Fontane Sisters, Mitchell Ayres & His Orchestra","It's Beginning to Look a Lot Like Christmas (with Mitchell Ayres & His Orchestra)","RCA Records Label","51","-1","21","6799692","2pXpURmn6zC5ZYDMms6fwa","0.724","0.718","0.0599","0.276","0.116","112.874","-12.25","0.76","0","Perry Como","5v8jlSmAQfrkTjAlpUfWtu","adult standards,easy listening,lounge"
"190","190","spotify:track:1XGmzt0PVuFgQYYnV2It7A","Maroon 5, Wiz Khalifa","Payphone","Interscope Records*","70","185","49","6785129","1XGmzt0PVuFgQYYnV2It7A","0.743","0.545","0.0414","0.752","0.287","110.015","-4.813","0.0188","0","Maroon 5","04gDigrS5kc9YWfZHwBETP","pop"
"191","191","spotify:track:69xohKu8C1fsflYAiSNbwM","BTS","Run BTS","BIGHIT MUSIC","11","142","8","6773120","69xohKu8C1fsflYAiSNbwM","0.724","0.696","0.168","0.818","0.0358","77.004","-3.747","0.0201","0","BTS","3Nrfpe0tUJi4K4DXYWgMUX","k-pop,k-pop boy group"
"192","192","spotify:track:2TktkzfozZifbQhXjT6I33","Omar Apollo","Evergreen (You Didn’t Deserve Me At All)","Warner Records","54","165","11","6764285","2TktkzfozZifbQhXjT6I33","0.697","0.31","0.0424","0.336","0.107","82.029","-10.395","0.598","0.00528","Omar Apollo","5FxD8fkQZ6KcsSYupDVoSO","bedroom pop,bedroom soul,pop"
"193","193","spotify:track:2tpWsVSb9UEmDRxAl1zhX1","OneRepublic","Counting Stars","Mosley / Interscope","101","188","89","6760654","2tpWsVSb9UEmDRxAl1zhX1","0.664","0.477","0.0382","0.705","0.118","122.016","-4.972","0.0654","0","OneRepublic","5Pwc4xIPtQLFEnJriah9YJ","piano rock,pop"
"194","194","spotify:track:4zN21mbAuaD0WqtmaTZZeP","James Hype, Miggy Dela Rosa","Ferrari","Universal-Island Records Ltd.","34","179","26","6758624","4zN21mbAuaD0WqtmaTZZeP","0.847","0.692","0.0493","0.69","0.0526","125.004","-7.877","0.0127","6e-05","James Hype","43BxCL6t4c73BQnIJtry5v","dance pop,deep groove house,edm,house,pop dance,uk dance"
"195","195","spotify:track:1u8c2t2Cy7UBoG4ArRcF5g","Taylor Swift","Blank Space","Big Machine Records, LLC","113","180","55","6747182","1u8c2t2Cy7UBoG4ArRcF5g","0.76","0.57","0.054","0.703","0.0913","95.997","-5.412","0.103","0","Taylor Swift","06HL4z0CvFAxyc27GXpf02","pop"
"196","196","spotify:track:2DB4DdfCFMw1iaR6JaR03a","Camila Cabello, Ed Sheeran","Bam Bam (feat. Ed Sheeran)","Epic","5","192","39","6744377","2DB4DdfCFMw1iaR6JaR03a","0.756","0.956","0.0401","0.697","0.333","94.996","-6.377","0.182","0","Camila Cabello","4nDoRrQiYLoBzwC5BhVJzF","dance pop,pop,post-teen pop"
"197","197","spotify:track:0hquQWY3xvYqN4qtiquniF","Doja Cat","Vegas (From the Original Motion Picture Soundtrack ELVIS)","Kemosabe Records/RCA Records","26","173","26","6707674","0hquQWY3xvYqN4qtiquniF","0.801","0.74","0.255","0.601","0.145","159.969","-7.574","0.0777","3.23e-05","Doja Cat","5cj0lLjcoR7YOSnhnX0Po5","dance pop,pop"
"198","198","spotify:track:0RiRZpuVRbi7oqRdSMwhQY","Post Malone, Swae Lee","Sunflower - Spider-Man: Into the Spider-Verse","Republic Records","1","184","214","6686961","0RiRZpuVRbi7oqRdSMwhQY","0.755","0.925","0.0575","0.522","0.0685","89.96","-4.368","0.533","0","Post Malone","246dkjvS1zLTtiykXe5h60","dfw rap,melodic rap,rap"
"199","199","spotify:track:7GeTsDIc5ykNB6lORO6Cee","Drake, 21 Savage","Circo Loco","OVO / Republic Records","11","102","4","6678542","7GeTsDIc5ykNB6lORO6Cee","0.734","0.252","0.0699","0.605","0.317","103.976","-8.476","0.0102","0","Drake","3TVXtAsR1Inumwj472S9r4","canadian hip hop,canadian pop,hip hop,rap,toronto rap"
"200","200","spotify:track:7yq4Qj7cqayVTp3FF9CWbm","Vance Joy","Riptide","F-Stop Records/Atlantic","122","191","98","6665083","7yq4Qj7cqayVTp3FF9CWbm","0.484","0.51","0.0379","0.731","0.151","101.654","-6.694","0.431","0","Vance Joy","10exVja0key0uqUkk6LJRT","folk-pop,pop"
