"","rank","uri","artist_names","track_name","source","peak_rank","previous_rank","weeks_on_chart","streams","id","danceability","valence","speechiness","energy","liveness","tempo","loudness","acousticness","instrumentalness","main_artist","artist.id","genres"
"1","1","spotify:track:4Dvkj6JhhA12EX05fT7y2e","Harry Styles","As It Was","Columbia","1","2","13","48138054","4Dvkj6JhhA12EX05fT7y2e","0.52","0.662","0.0557","0.731","0.311","173.93","-5.338","0.342","0.00101","Harry Styles","6KImCVD70vtIoJWnq6nGn3","pop"
"2","2","spotify:track:6xGruZOHLs39ZbVccQTuPZ","Joji","Glimpse of Us","88rising Music/Warner Records","1","1","3","46418530","6xGruZOHLs39ZbVccQTuPZ","0.44","0.268","0.0531","0.317","0.141","169.914","-9.258","0.891","4.78e-06","Joji","3MZsBdqDrRTJihTHQrO6Dq","viral pop"
"3","3","spotify:track:75FEaRjZTKLhTrFGsfMUXR","Kate Bush","Running Up That Hill (A Deal With God)","Fish People","1","3","5","39838901","75FEaRjZTKLhTrFGsfMUXR","0.629","0.197","0.055","0.547","0.0604","108.375","-13.123","0.72","0.00314","Kate Bush","1aSxMhuvixZ8h9dK9jIDwL","art pop,art rock,baroque pop,new wave pop,permanent wave,piano rock,singer-songwriter"
"4","4","spotify:track:6Sq7ltF9Qa7SNFBsV5Cogx","Bad Bunny, Chencho Corleone","Me Porto Bonito","Rimas Entertainment LLC","2","4","8","38730720","6Sq7ltF9Qa7SNFBsV5Cogx","0.911","0.425","0.0817","0.712","0.0933","92.005","-5.105","0.0901","2.68e-05","Bad Bunny","4q3ewBCX7sLwd24euuV69X","reggaeton,trap latino,urbano latino"
"5","5","spotify:track:1IHWl5LamUGEuP4ozKQSXZ","Bad Bunny","Tití Me Preguntó","Rimas Entertainment LLC","5","5","8","33331356","1IHWl5LamUGEuP4ozKQSXZ","0.65","0.187","0.253","0.715","0.126","106.672","-5.198","0.0993","0.000291","Bad Bunny","4q3ewBCX7sLwd24euuV69X","reggaeton,trap latino,urbano latino"
"6","6","spotify:track:3k3NWokhRRkEPhCzPmV8TW","Bad Bunny, Bomba Estéreo","Ojitos Lindos","Rimas Entertainment LLC","3","6","8","31066904","3k3NWokhRRkEPhCzPmV8TW","0.647","0.268","0.0413","0.686","0.528","79.928","-5.745","0.08","1.34e-06","Bad Bunny","4q3ewBCX7sLwd24euuV69X","reggaeton,trap latino,urbano latino"
"7","7","spotify:track:0mBP9X2gPCuapvpZ7TGDk3","Charlie Puth, Jung Kook, BTS","Left and Right (Feat. Jung Kook of BTS)","Atlantic Records","7","-1","1","30313629","0mBP9X2gPCuapvpZ7TGDk3","0.881","0.719","0.0324","0.592","0.0901","101.058","-4.898","0.619","1.32e-05","Charlie Puth","6VuMaDnrHyPL1p4EHjYLi7","dance pop,pop,viral pop"
"8","8","spotify:track:5Eax0qFko2dh7Rl2lYs3bx","Bad Bunny","Efecto","Rimas Entertainment LLC","7","8","8","26509922","5Eax0qFko2dh7Rl2lYs3bx","0.801","0.234","0.0516","0.475","0.0639","98.047","-8.797","0.141","1.73e-05","Bad Bunny","4q3ewBCX7sLwd24euuV69X","reggaeton,trap latino,urbano latino"
"9","9","spotify:track:6Xom58OOXk2SoU711L2IXO","Bad Bunny","Moscow Mule","Rimas Entertainment LLC","2","9","8","24270878","6Xom58OOXk2SoU711L2IXO","0.804","0.292","0.0333","0.674","0.115","99.968","-5.453","0.294","1.18e-06","Bad Bunny","4q3ewBCX7sLwd24euuV69X","reggaeton,trap latino,urbano latino"
"10","10","spotify:track:02MWAaffLxlfxAUY7c5dvx","Glass Animals","Heat Waves","Polydor Records","1","11","79","22654016","02MWAaffLxlfxAUY7c5dvx","0.761","0.531","0.0944","0.525","0.0921","80.87","-6.9","0.44","6.7e-06","Glass Animals","4yvcSjfu4PC0CYQyLy4wSq","gauze pop,indietronica,shiver pop"
"11","11","spotify:track:7dSZ6zGTQx66c2GF91xCrb","KAROL G","PROVENZA","UMLE - Latino","6","12","10","21552111","7dSZ6zGTQx66c2GF91xCrb","0.87","0.53","0.0541","0.516","0.11","111.005","-8.006","0.656","0.00823","KAROL G","790FomKkXshlbRYZFtlgla","reggaeton,reggaeton colombiano,urbano latino"
"12","12","spotify:track:3F5CgOj3wFlRv51JsHbxhe","Drake, 21 Savage","Jimmy Cooks (feat. 21 Savage)","OVO","7","7","2","21238978","3F5CgOj3wFlRv51JsHbxhe","0.529","0.366","0.175","0.673","0.093","165.921","-4.711","0.000307","2.41e-06","Drake","3TVXtAsR1Inumwj472S9r4","canadian hip hop,canadian pop,hip hop,rap,toronto rap"
"13","13","spotify:track:2KukL7UlQ8TdvpaA7bY3ZJ","Beyoncé","BREAK MY SOUL","Parkwood Entertainment/Columbia","13","39","2","19950670","2KukL7UlQ8TdvpaA7bY3ZJ","0.687","0.853","0.0826","0.887","0.27","114.941","-5.04","0.0575","2.21e-06","Beyoncé","6vWDO969PvNqNYHIOW5v0m","dance pop,pop,r&b"
"14","14","spotify:track:2rurDawMfoKP4uHyb2kJBt","Shakira, Rauw Alejandro","Te Felicito","Sony Music Latin","13","13","10","19535519","2rurDawMfoKP4uHyb2kJBt","0.695","0.575","0.317","0.636","0.081","174.14","-4.654","0.234","0","Shakira","0EmeFodog0BfCgMzAIvKQp","colombian pop,dance pop,latin pop"
"15","15","spotify:track:1PckUlxKqWQs3RlWXVBLw3","Lizzo","About Damn Time","Nice Life/Atlantic","9","14","9","19337024","1PckUlxKqWQs3RlWXVBLw3","0.836","0.722","0.0656","0.743","0.335","108.966","-6.305","0.0995","0","Lizzo","56oDRnqbIiwx4mymNEv7dS","dance pop,escape room,minnesota hip hop,pop,trap queen"
"16","16","spotify:track:4tYFy8ALRjIZvnvSLw5lxN","Bad Bunny, Rauw Alejandro","Party","Rimas Entertainment LLC","6","16","8","18507446","4tYFy8ALRjIZvnvSLw5lxN","0.829","0.471","0.0897","0.799","0.242","97.013","-5.389","0.0151","0.000543","Bad Bunny","4q3ewBCX7sLwd24euuV69X","reggaeton,trap latino,urbano latino"
"17","17","spotify:track:5PjdY0CKGZdEuoNab3yDmX","The Kid LAROI, Justin Bieber","STAY (with Justin Bieber)","Columbia","1","20","51","17645163","5PjdY0CKGZdEuoNab3yDmX","0.591","0.478","0.0483","0.764","0.103","169.928","-5.484","0.0383","0","The Kid LAROI","2tIP7SsRs7vjIcLrU85W8J","australian hip hop,pop"
"18","18","spotify:track:41oY4WCTj5kccfesTVFnvN","Bad Bunny, JhayCo","Tarot","Rimas Entertainment LLC","9","22","8","17425921","41oY4WCTj5kccfesTVFnvN","0.795","0.419","0.0419","0.684","0.658","114.011","-3.971","0.0225","0","Bad Bunny","4q3ewBCX7sLwd24euuV69X","reggaeton,trap latino,urbano latino"
"19","19","spotify:track:1qEmFfgcLObUfQm0j1W2CK","Harry Styles","Late Night Talking","Columbia","2","15","6","17159390","1qEmFfgcLObUfQm0j1W2CK","0.714","0.901","0.0468","0.728","0.106","114.996","-4.595","0.298","0","Harry Styles","6KImCVD70vtIoJWnq6nGn3","pop"
"20","20","spotify:track:2DB4DdfCFMw1iaR6JaR03a","Camila Cabello, Ed Sheeran","Bam Bam (feat. Ed Sheeran)","Epic","5","23","17","16570119","2DB4DdfCFMw1iaR6JaR03a","0.756","0.956","0.0401","0.697","0.333","94.996","-6.377","0.182","0","Camila Cabello","4nDoRrQiYLoBzwC5BhVJzF","dance pop,pop,post-teen pop"
"21","21","spotify:track:0wHFktze2PHC5jDt3B17DC","Jack Harlow","First Class","Generation Now/Atlantic","2","19","12","16481977","0wHFktze2PHC5jDt3B17DC","0.902","0.332","0.109","0.582","0.111","107.005","-5.902","0.111","3.18e-06","Jack Harlow","2LIk90788K0zvyj2JJVwkJ","deep underground hip hop,kentucky hip hop,pop,rap"
"22","22","spotify:track:0O6u0VJ46W86TxN9wgyqDj","Post Malone, Doja Cat","I Like You (A Happier Song) (with Doja Cat)","Mercury Records/Republic Records","10","24","4","15836993","0O6u0VJ46W86TxN9wgyqDj","0.733","0.472","0.0751","0.67","0.121","100.964","-6.009","0.121","0","Post Malone","246dkjvS1zLTtiykXe5h60","dfw rap,melodic rap,rap"
"23","23","spotify:track:6JIC3hbC28JZKZ8AlAqX8h","Elton John, Dua Lipa, PNAU","Cold Heart - PNAU Remix","EMI","4","26","46","15377118","6JIC3hbC28JZKZ8AlAqX8h","0.795","0.934","0.0309","0.8","0.0915","116.032","-6.32","0.0354","7.25e-05","Elton John","3PhoLpVuITZKcymswpck5b","glam rock,mellow gold,piano rock"
"24","24","spotify:track:10SRMwb9EuVS1K9rYsBfHQ","BTS","Yet To Come","BIGHIT MUSIC","7","21","3","14158158","10SRMwb9EuVS1K9rYsBfHQ","0.559","0.683","0.189","0.885","0.333","172.029","-4.515","0.0432","0","BTS","3Nrfpe0tUJi4K4DXYWgMUX","k-pop,k-pop boy group"
"25","25","spotify:track:58HvfVOeJY7lUuCqF0m3ly","Elley Duhé","MIDDLE OF THE NIGHT","Not Fit For Society/RCA Records","11","27","27","14066966","58HvfVOeJY7lUuCqF0m3ly","0.41","0.0899","0.0467","0.611","0.116","185.727","-8.271","0.0228","0","Elley Duhé","67MNhiAICFY6Pwc2YxCO0K","alt z,pop"
"26","26","spotify:track:0oiv4E896TUTTeQU0cmIui","Drake","Massive","OVO","18","18","2","13888366","0oiv4E896TUTTeQU0cmIui","0.499","0.0557","0.0561","0.671","0.148","124.994","-6.774","0.114","0.0169","Drake","3TVXtAsR1Inumwj472S9r4","canadian hip hop,canadian pop,hip hop,rap,toronto rap"
"27","27","spotify:track:4h9wh7iOZ0GGn8QVp4RAOB","OneRepublic","I Ain't Worried","Interscope Records","27","43","4","13752330","4h9wh7iOZ0GGn8QVp4RAOB","0.704","0.825","0.0475","0.797","0.0546","139.994","-5.927","0.0826","0.000745","OneRepublic","5Pwc4xIPtQLFEnJriah9YJ","piano rock,pop"
"28","28","spotify:track:7ef4DlsgrMEH11cDZd32M6","Calvin Harris, Dua Lipa","One Kiss (with Dua Lipa)","Sony Music UK","2","32","77","13726157","7ef4DlsgrMEH11cDZd32M6","0.791","0.592","0.11","0.862","0.0814","123.994","-3.24","0.037","2.19e-05","Calvin Harris","7CajNmpbOovFoOoasH2HaY","dance pop,edm,electro house,house,pop,progressive house,uk dance"
"29","29","spotify:track:1dm6z1fWB0cErMszU25dy2","Bad Bunny","Después de la Playa","Rimas Entertainment LLC","7","29","8","13398839","1dm6z1fWB0cErMszU25dy2","0.564","0.607","0.307","0.903","0.175","78.293","-3.221","0.356","0","Bad Bunny","4q3ewBCX7sLwd24euuV69X","reggaeton,trap latino,urbano latino"
"30","30","spotify:track:6I3mqTwhRpn34SLVafSH7G","Justin Bieber","Ghost","RBMG/Def Jam","11","31","41","12996864","6I3mqTwhRpn34SLVafSH7G","0.601","0.441","0.0478","0.741","0.415","153.96","-5.569","0.185","2.91e-05","Justin Bieber","1uNFoZAHBGtllmzznpCI3s","canadian pop,pop"
"31","31","spotify:track:0hquQWY3xvYqN4qtiquniF","Doja Cat","Vegas (From the Original Motion Picture Soundtrack ELVIS)","Kemosabe Records/RCA Records","31","52","4","12776592","0hquQWY3xvYqN4qtiquniF","0.801","0.74","0.255","0.601","0.145","159.969","-7.574","0.0777","3.23e-05","Doja Cat","5cj0lLjcoR7YOSnhnX0Po5","dance pop,pop"
"32","32","spotify:track:0T5iIrXA4p5GsubkhuBIKV","Stephen Sanchez","Until I Found You","Republic Records","30","36","8","12735218","0T5iIrXA4p5GsubkhuBIKV","0.539","0.227","0.0288","0.508","0.174","101.358","-6.05","0.727","0","Stephen Sanchez","5XKFrudbV4IiuE5WuTPRmT","gen z singer-songwriter,pop"
"33","33","spotify:track:6Uj1ctrBOjOas8xZXGqKk4","Doja Cat","Woman","Kemosabe Records/RCA Records","6","35","51","12582550","6Uj1ctrBOjOas8xZXGqKk4","0.824","0.881","0.0854","0.764","0.117","107.998","-4.175","0.0888","0.00294","Doja Cat","5cj0lLjcoR7YOSnhnX0Po5","dance pop,pop"
"34","34","spotify:track:1O2pcBJGej0pmH2Y9XZMs6","Cris Mj","Una Noche en Medellín","Nabru Records LLC","9","37","18","12563825","1O2pcBJGej0pmH2Y9XZMs6","0.87","0.832","0.077","0.548","0.0534","96.018","-5.253","0.0924","4.6e-05","Cris Mj","1Yj5Xey7kTwvZla8sqdsdE","mambo chileno,urbano chileno,urbano latino"
"35","35","spotify:track:7FlQk2gJ6TBrHHiidvdR2O","Becky G, KAROL G","MAMIII","Kemosabe Records/RCA Records","5","34","20","12502597","7FlQk2gJ6TBrHHiidvdR2O","0.836","0.902","0.0657","0.703","0.138","94.048","-3.554","0.0845","0","Becky G","4obzFoKoKRHIphyHzJ35G3","dance pop,latin pop,latin viral pop,pop,rap latina,reggaeton"
"36","36","spotify:track:1HhNoOuqm1a5MXYEgAFl8o","Imagine Dragons, JID, Arcane, League of Legends","Enemy (with JID) - from the series Arcane League of Legends","Kid Ina Korner / Interscope","3","46","35","12400182","1HhNoOuqm1a5MXYEgAFl8o","0.728","0.555","0.266","0.783","0.434","77.011","-4.424","0.237","0","Imagine Dragons","53XhwfbYqKCa1cC15pYq2q","modern rock,rock"
"37","37","spotify:track:59nOXPmaKlBfGMDeOVGrIK","Future, Drake, Tems","WAIT FOR U (feat. Drake & Tems)","Epic/Freebandz","10","33","9","12288148","59nOXPmaKlBfGMDeOVGrIK","0.463","0.339","0.34","0.642","0.0686","83.389","-4.474","0.314","0","Future","1RyvyyTE3xzB2ZywiAwp0i","atl hip hop,rap,southern hip hop,trap"
"38","38","spotify:track:1797zYiX4cKosMH836X9Gt","Bad Bunny, Tony Dize","La Corriente","Rimas Entertainment LLC","17","48","8","12278389","1797zYiX4cKosMH836X9Gt","0.663","0.579","0.195","0.786","0.219","196.12","-3.51","0.229","0","Bad Bunny","4q3ewBCX7sLwd24euuV69X","reggaeton,trap latino,urbano latino"
"39","39","spotify:track:5CzixCxDkRXX9mScCmah8O","Bad Bunny","Un Ratito","Rimas Entertainment LLC","10","41","8","12244902","5CzixCxDkRXX9mScCmah8O","0.787","0.222","0.0532","0.546","0.122","93.05","-7.094","0.305","4.55e-05","Bad Bunny","4q3ewBCX7sLwd24euuV69X","reggaeton,trap latino,urbano latino"
"40","40","spotify:track:50nfwKoDiSYg8zOCREWAm5","Ed Sheeran","Shivers","Atlantic Records UK","4","47","42","12010981","50nfwKoDiSYg8zOCREWAm5","0.788","0.822","0.0856","0.859","0.0424","141.02","-2.724","0.281","0","Ed Sheeran","6eUKZXaKkcviH0Ku9w2n3V","pop,uk pop"
"41","41","spotify:track:5Z9KJZvQzH6PFmb8SNkxuk","Lil Nas X, Jack Harlow","INDUSTRY BABY (feat. Jack Harlow)","Columbia","2","42","49","11904562","5Z9KJZvQzH6PFmb8SNkxuk","0.741","0.892","0.0672","0.691","0.0476","150.087","-7.395","0.0221","0","Lil Nas X","7jVv8c5Fj3E9VhNjxT4snq","lgbtq+ hip hop,pop"
"42","42","spotify:track:3uUuGVFu1V7jTQL60S1r8z","Lost Frequencies, Calum Scott","Where Are You Now","Epic Amsterdam","18","45","43","11824824","3uUuGVFu1V7jTQL60S1r8z","0.671","0.262","0.103","0.636","0.172","120.966","-8.117","0.515","0.000411","Lost Frequencies","7f5Zgnp2spUuuzKplmRkt7","belgian edm,edm,pop,pop dance,tropical house"
"43","43","spotify:track:6mmPpaltUZK7xjNlBPQQ0p","Rauw Alejandro, Chencho Corleone","Desesperados","Sony Music Latin/Duars Entertainment","8","51","29","11527134","6mmPpaltUZK7xjNlBPQQ0p","0.869","0.511","0.0783","0.694","0.0878","90.02","-3.35","0.356","0.00125","Rauw Alejandro","1mcTU81TzQhprhouKaTkpq","puerto rican pop,trap latino,urbano latino"
"44","44","spotify:track:6wtZPYBIXUvCpXwVjMCJBf","Polimá Westcoast, Feid, Pailita, Paloma Mami, De La Ghetto","ULTRA SOLO REMIX","Sony Music Entertainment Chile S.A","44","44","2","11373212","6wtZPYBIXUvCpXwVjMCJBf","0.909","0.585","0.0797","0.824","0.0638","109.97","-4.627","0.0777","0.00387","Polimá Westcoast","768O5GliF0bqscyghggrbE","reggaeton,trap chileno,trap triste,urbano chileno,urbano latino"
"45","45","spotify:track:4h4QlmocP3IuwYEj2j14p8","Nicky Youre, dazy","Sunroof","Thirty Knots/Columbia","45","55","8","11265538","4h4QlmocP3IuwYEj2j14p8","0.768","0.842","0.0401","0.714","0.15","131.443","-5.11","0.352","0","Nicky Youre","7qmpXeNz2ojlMl2EEfkeLs","pop"
"46","46","spotify:track:0VjIjW4GlUZAMYd2vXMi3b","The Weeknd","Blinding Lights","Republic Records","1","56","135","11237591","0VjIjW4GlUZAMYd2vXMi3b","0.514","0.334","0.0598","0.73","0.0897","171.005","-5.934","0.00146","9.54e-05","The Weeknd","1Xyo4u8uXC1ZmMpatF05PJ","canadian contemporary r&b,canadian pop,pop"
"47","47","spotify:track:2QjOHCTQ1Jl3zawyYOpxh6","The Neighbourhood","Sweater Weather","Columbia","29","53","96","11054934","2QjOHCTQ1Jl3zawyYOpxh6","0.612","0.398","0.0336","0.807","0.101","124.053","-2.81","0.0495","0.0177","The Neighbourhood","77SW9BnxLY8rJ0RciFqkHh","modern alternative rock,modern rock,pop,shimmer pop"
"48","48","spotify:track:2eAvDnpXP5W0cVtiI0PUxV","Ruth B.","Dandelions","Columbia","34","59","46","10881991","2eAvDnpXP5W0cVtiI0PUxV","0.609","0.454","0.0259","0.692","0.0864","116.959","-2.958","0.0157","0","Ruth B.","2WzaAvm2bBCf4pEhyuDgCY","alt z,canadian contemporary r&b,canadian pop,pop"
"49","49","spotify:track:7jtQIBanIiJOMS6RyCx6jZ","Tom Odell","Another Love","ITNO/Columbia","29","62","64","10569391","7jtQIBanIiJOMS6RyCx6jZ","0.442","0.139","0.0451","0.538","0.09","122.758","-8.55","0.717","2.95e-05","Tom Odell","2txHhyCwHjUEpJjWrEyqyX","chill pop,pop"
"50","50","spotify:track:6UelLqGlWMcVH1E5c4H7lY","Harry Styles","Watermelon Sugar","Columbia","4","60","137","10495970","6UelLqGlWMcVH1E5c4H7lY","0.548","0.557","0.0465","0.816","0.335","95.39","-4.209","0.122","0","Harry Styles","6KImCVD70vtIoJWnq6nGn3","pop"
"51","51","spotify:track:4ZtFanR9U6ndgddUvNcjcG","Olivia Rodrigo","good 4 u","Olivia Rodrigo PS","1","65","59","10392168","4ZtFanR9U6ndgddUvNcjcG","0.563","0.688","0.154","0.664","0.0849","166.928","-5.044","0.335","0","Olivia Rodrigo","1McMsnEElThX1knmY4oliG","pop"
"52","52","spotify:track:31i56LZnwE6uSu3exoHjtB","Bad Bunny","Neverita","Rimas Entertainment LLC","15","57","8","10296163","31i56LZnwE6uSu3exoHjtB","0.876","0.428","0.0478","0.498","0.143","122.016","-7.511","0.0706","0","Bad Bunny","4q3ewBCX7sLwd24euuV69X","reggaeton,trap latino,urbano latino"
"53","53","spotify:track:2B4GHvToeLTOBB4QLzW3Ni","Farruko","Pepas","Sony Music Latin","4","64","51","10247454","2B4GHvToeLTOBB4QLzW3Ni","0.762","0.442","0.0343","0.766","0.128","130.001","-3.955","0.00776","6.98e-05","Farruko","329e4yvIujISKGKz1BZZbO","latin hip hop,reggaeton,trap latino,urbano latino"
"54","54","spotify:track:44XjoNvtwevktFKjvVe1vH","Bad Bunny, Buscabulla","Andrea","Rimas Entertainment LLC","21","66","8","10189213","44XjoNvtwevktFKjvVe1vH","0.797","0.451","0.375","0.616","0.0979","103.071","-10.229","0.762","0.000293","Bad Bunny","4q3ewBCX7sLwd24euuV69X","reggaeton,trap latino,urbano latino"
"55","55","spotify:track:69xohKu8C1fsflYAiSNbwM","BTS","Run BTS","BIGHIT MUSIC","11","40","3","10129336","69xohKu8C1fsflYAiSNbwM","0.724","0.696","0.168","0.818","0.0358","77.004","-3.747","0.0201","0","BTS","3Nrfpe0tUJi4K4DXYWgMUX","k-pop,k-pop boy group"
"56","56","spotify:track:3rmo8F54jFF8OgYsqTxm5d","Ed Sheeran","Bad Habits","Atlantic Records UK","3","67","53","10053266","3rmo8F54jFF8OgYsqTxm5d","0.807","0.537","0.0347","0.893","0.366","126.011","-3.745","0.0451","2.79e-05","Ed Sheeran","6eUKZXaKkcviH0Ku9w2n3V","pop,uk pop"
"57","57","spotify:track:5LYMamLv12UPbemOaTPyeV","Harry Styles","Music For a Sushi Restaurant","Columbia","6","50","6","9986343","5LYMamLv12UPbemOaTPyeV","0.72","0.357","0.04","0.715","0.107","107.041","-4.652","0.258","0.0568","Harry Styles","6KImCVD70vtIoJWnq6nGn3","pop"
"58","58","spotify:track:4rmVZajAF7PkrCagGPHbqa","Drake","Sticky","OVO","17","17","2","9902692","4rmVZajAF7PkrCagGPHbqa","0.853","0.0774","0.14","0.495","0.0844","137.027","-14.63","0.0917","0.000217","Drake","3TVXtAsR1Inumwj472S9r4","canadian hip hop,canadian pop,hip hop,rap,toronto rap"
"59","59","spotify:track:5kVZxyMY1gfdCLiChsfjn1","Bad Bunny","Yo No Soy Celoso","Rimas Entertainment LLC","11","63","8","9608082","5kVZxyMY1gfdCLiChsfjn1","0.872","0.93","0.0492","0.588","0.17","142.004","-6.276","0.275","0","Bad Bunny","4q3ewBCX7sLwd24euuV69X","reggaeton,trap latino,urbano latino"
"60","60","spotify:track:32vE1nuG8T9c8bhmZdRY6d","Post Malone, Roddy Ricch","Cooped Up (with Roddy Ricch)","Mercury Records/Republic Records","18","58","7","9314595","32vE1nuG8T9c8bhmZdRY6d","0.669","0.377","0.153","0.773","0.113","93.923","-5.619","0.038","0","Post Malone","246dkjvS1zLTtiykXe5h60","dfw rap,melodic rap,rap"
"61","61","spotify:track:46IZ0fSY2mpAiktS3KOqds","Adele","Easy On Me","Columbia","1","76","37","9224357","46IZ0fSY2mpAiktS3KOqds","0.604","0.13","0.0282","0.366","0.133","141.981","-7.519","0.578","0","Adele","4dpARuHxo51G3z768sgnrY","british soul,pop,pop soul,uk pop"
"62","62","spotify:track:6uvh0In7u1Xn4HgxOfAn8O","Harry Styles","Matilda","Columbia","5","54","6","9204872","6uvh0In7u1Xn4HgxOfAn8O","0.507","0.386","0.04","0.294","0.0966","114.199","-10","0.896","1.97e-05","Harry Styles","6KImCVD70vtIoJWnq6nGn3","pop"
"63","63","spotify:track:3FkeNbs9Zeiqkr3WkbOiGp","Anitta","Envolver","Warner Records","2","69","17","9167643","3FkeNbs9Zeiqkr3WkbOiGp","0.812","0.396","0.0833","0.736","0.0914","91.993","-5.421","0.152","0.00254","Anitta","7FNnA9vBm6EKceENgCGRMb","funk pop,funk rj,pagode baiano,pop nacional"
"64","64","spotify:track:5nujrmhLynf4yMoMtj8AQF","Dua Lipa, DaBaby","Levitating (feat. DaBaby)","Warner Records","4","78","91","9114655","5nujrmhLynf4yMoMtj8AQF","0.702","0.915","0.0601","0.825","0.0674","102.977","-3.787","0.00883","0","Dua Lipa","6M2wZ9GZgrQXHCFfjv46we","dance pop,pop,uk pop"
"65","65","spotify:track:0e8nrvls4Qqv5Rfa2UhqmO","Lil Nas X","THATS WHAT I WANT","Columbia","3","72","41","9031160","0e8nrvls4Qqv5Rfa2UhqmO","0.737","0.546","0.22","0.846","0.0486","87.981","-4.51","0.00614","0","Lil Nas X","7jVv8c5Fj3E9VhNjxT4snq","lgbtq+ hip hop,pop"
"66","66","spotify:track:2uflssWlCaJ6CbTMOsUpNI","Bad Bunny","Aguacero","Rimas Entertainment LLC","22","73","8","9019511","2uflssWlCaJ6CbTMOsUpNI","0.861","0.668","0.0743","0.645","0.349","121.391","-6.96","0.423","0.000592","Bad Bunny","4q3ewBCX7sLwd24euuV69X","reggaeton,trap latino,urbano latino"
"67","67","spotify:track:5CZ40GBx1sQ9agT82CLQCT","Olivia Rodrigo","traitor","Olivia Rodrigo PS","7","80","58","9004215","5CZ40GBx1sQ9agT82CLQCT","0.38","0.0849","0.0338","0.339","0.12","100.607","-7.885","0.691","0","Olivia Rodrigo","1McMsnEElThX1knmY4oliG","pop"
"68","68","spotify:track:5rJ7bdPmr8nfmm2JQ8xHOz","NAYEON","POP!","Republic Records – NAYEON (TWICE)","68","-1","1","8941043","5rJ7bdPmr8nfmm2JQ8xHOz","0.793","0.392","0.0544","0.859","0.0343","97.001","-2.998","0.0356","0","NAYEON","1VwDG9aBflQupaFNjUru9A","k-pop"
"69","69","spotify:track:28GCbKgjlVD9eDmasGbe0T","Bad Bunny","Me Fui de Vacaciones","Rimas Entertainment LLC","14","75","8","8880061","28GCbKgjlVD9eDmasGbe0T","0.714","0.434","0.0514","0.645","0.0942","85.046","-5.493","0.229","0.00083","Bad Bunny","4q3ewBCX7sLwd24euuV69X","reggaeton,trap latino,urbano latino"
"70","70","spotify:track:6DoL1yYIwEW7VZMRaJhoJI","Chris Jedi, Anuel AA, Chencho Corleone, Ñengo Flow","La Llevo Al Cielo (Ft. Ñengo Flow)","UMLE - Latino","70","79","6","8854829","6DoL1yYIwEW7VZMRaJhoJI","0.795","0.769","0.135","0.845","0.172","170.023","-3.809","0.105","1.14e-05","Chris Jedi","0qTZZWLzuD59Un5r1speHm","latin hip hop,reggaeton,reggaeton flow,trap latino,urbano latino"
"71","71","spotify:track:18asYwWugKjjsihZ0YvRxO","Tiësto, Ava Max","The Motto","Atlantic Records","22","77","34","8775200","18asYwWugKjjsihZ0YvRxO","0.754","0.464","0.0435","0.763","0.0901","117.953","-4.627","0.0301","2.23e-05","Tiësto","2o5jDhtHVPhrJdv3cEQ99Z","big room,brostep,dutch edm,edm,house,pop dance,slap house,trance"
"72","72","spotify:track:3AVXwaOGCEL8cmBecfcsFJ","Charlie Puth","Light Switch","Atlantic Records","19","85","23","8688308","3AVXwaOGCEL8cmBecfcsFJ","0.69","0.912","0.306","0.626","0.0881","184.009","-5.693","0.105","0.000335","Charlie Puth","6VuMaDnrHyPL1p4EHjYLi7","dance pop,pop,viral pop"
"73","73","spotify:track:4d4ZXH4dr5bYfgErHiZCX2","Bad Bunny","Dos Mil 16","Rimas Entertainment LLC","19","81","8","8677688","4d4ZXH4dr5bYfgErHiZCX2","0.817","0.495","0.0506","0.67","0.128","130.058","-6.534","0.123","1.92e-06","Bad Bunny","4q3ewBCX7sLwd24euuV69X","reggaeton,trap latino,urbano latino"
"74","74","spotify:track:0OTNHGKcqQbk51bOYe462Y","Polimá Westcoast, Pailita","ULTRA SOLO","Sony Music Entertainment Chile S.A","42","70","10","8536737","0OTNHGKcqQbk51bOYe462Y","0.802","0.26","0.207","0.846","0.114","109.982","-4.495","0.233","1.92e-05","Polimá Westcoast","768O5GliF0bqscyghggrbE","reggaeton,trap chileno,trap triste,urbano chileno,urbano latino"
"75","75","spotify:track:0y60itmpH0aPKsFiGxmtnh","WILLOW","Wait a Minute!","Roc Nation W Smith P&D","28","82","15","8522335","0y60itmpH0aPKsFiGxmtnh","0.764","0.672","0.0278","0.705","0.0943","101.003","-5.279","0.0371","1.94e-05","WILLOW","3rWZHrfrsPBxVy692yAIxF","afrofuturism,pop,post-teen pop"
"76","76","spotify:track:5QO79kh1waicV47BqGRL3g","The Weeknd","Save Your Tears","Republic Records","2","94","82","8518079","5QO79kh1waicV47BqGRL3g","0.68","0.644","0.0309","0.826","0.543","118.051","-5.487","0.0212","1.24e-05","The Weeknd","1Xyo4u8uXC1ZmMpatF05PJ","canadian contemporary r&b,canadian pop,pop"
"77","77","spotify:track:1R0a2iXumgCiFb7HEZ7gUE","Taylor Swift","Don’t Blame Me","Big Machine Records, LLC","77","83","7","8481287","1R0a2iXumgCiFb7HEZ7gUE","0.615","0.193","0.0386","0.534","0.0607","135.917","-6.719","0.106","1.76e-05","Taylor Swift","06HL4z0CvFAxyc27GXpf02","pop"
"78","78","spotify:track:4RVwu0g32PAqgUiJoXsdF8","Billie Eilish","Happier Than Ever","Darkroom/Interscope Records","6","99","48","8438306","4RVwu0g32PAqgUiJoXsdF8","0.332","0.297","0.0348","0.225","0.128","81.055","-8.697","0.767","0.00349","Billie Eilish","6qqNVTkY8uBg9cP3Jd7DAH","art pop,electropop,pop"
"79","79","spotify:track:2LBqCSwhJGcFQeTHMVGwy3","The Weeknd","Die For You","Universal Republic Records","79","111","20","8417096","2LBqCSwhJGcFQeTHMVGwy3","0.586","0.508","0.0615","0.525","0.134","133.629","-7.163","0.111","0","The Weeknd","1Xyo4u8uXC1ZmMpatF05PJ","canadian contemporary r&b,canadian pop,pop"
"80","80","spotify:track:5wANPM4fQCJwkGd4rN57mH","Olivia Rodrigo","drivers license","Olivia Rodrigo PS","1","90","77","8394086","5wANPM4fQCJwkGd4rN57mH","0.561","0.137","0.0578","0.431","0.106","143.875","-8.81","0.768","1.42e-05","Olivia Rodrigo","1McMsnEElThX1knmY4oliG","pop"
"81","81","spotify:track:4fouWK6XVHhzl78KzQ1UjL","GAYLE","abcdefu","Atlantic/Arthouse Records","1","84","33","8392285","4fouWK6XVHhzl78KzQ1UjL","0.695","0.415","0.0493","0.54","0.367","121.932","-5.692","0.299","0","GAYLE","2VSHKHBTiXWplO8lxcnUC9","modern alternative pop"
"82","82","spotify:track:58ge6dfP91o9oXMzq3XkIS","Arctic Monkeys","505","Domino Recording Co","53","91","26","8329579","58ge6dfP91o9oXMzq3XkIS","0.52","0.234","0.0543","0.852","0.0733","140.267","-5.866","0.00237","5.79e-05","Arctic Monkeys","7Ln80lUS6He07XvHI8qqHH","garage rock,modern rock,permanent wave,rock,sheffield indie"
"83","83","spotify:track:6VrQTLzzuyGIYjUDe4kAZk","Bad Bunny","Un Coco","Rimas Entertainment LLC","25","86","8","8313049","6VrQTLzzuyGIYjUDe4kAZk","0.839","0.744","0.0615","0.69","0.176","151.991","-4.464","0.207","8.33e-06","Bad Bunny","4q3ewBCX7sLwd24euuV69X","reggaeton,trap latino,urbano latino"
"84","84","spotify:track:7fYRg3CEbk6rNCuzNzMT06","Calvin Harris, Dua Lipa, Young Thug","Potion (with Dua Lipa & Young Thug)","Columbia","26","74","5","8301986","7fYRg3CEbk6rNCuzNzMT06","0.824","0.757","0.0473","0.697","0.077","99.988","-4.869","0.158","4.11e-05","Calvin Harris","7CajNmpbOovFoOoasH2HaY","dance pop,edm,electro house,house,pop,progressive house,uk dance"
"85","85","spotify:track:3DarAbFujv6eYNliUTyqtz","Doja Cat, SZA","Kiss Me More (feat. SZA)","Kemosabe Records/RCA Records","3","92","64","8205403","3DarAbFujv6eYNliUTyqtz","0.764","0.781","0.0284","0.705","0.12","110.97","-3.463","0.259","8.92e-05","Doja Cat","5cj0lLjcoR7YOSnhnX0Po5","dance pop,pop"
"86","86","spotify:track:3GbQcjKWT7eVpUfzqwUjxv","Lil Nas X, YoungBoy Never Broke Again","Late To Da Party (F*CK BET) (feat. YoungBoy Never Broke Again)","Columbia","86","-1","1","8186777","3GbQcjKWT7eVpUfzqwUjxv","0.872","0.778","0.363","0.422","0.109","149.956","-7.415","0.0254","0","Lil Nas X","7jVv8c5Fj3E9VhNjxT4snq","lgbtq+ hip hop,pop"
"87","87","spotify:track:51Zw1cKDgkad0CXv23HCMU","Harry Styles","Daylight","Columbia","10","71","6","8097892","51Zw1cKDgkad0CXv23HCMU","0.686","0.626","0.0398","0.445","0.175","145.5","-7.189","0.484","0.00144","Harry Styles","6KImCVD70vtIoJWnq6nGn3","pop"
"88","88","spotify:track:6HU7h9RYOaPRFeh0R3UeAr","Olivia Rodrigo","deja vu","Olivia Rodrigo PS","3","101","65","8089650","6HU7h9RYOaPRFeh0R3UeAr","0.442","0.178","0.112","0.612","0.37","180.917","-7.222","0.584","5.7e-06","Olivia Rodrigo","1McMsnEElThX1knmY4oliG","pop"
"89","89","spotify:track:4zN21mbAuaD0WqtmaTZZeP","James Hype, Miggy Dela Rosa","Ferrari","Universal-Island Records Ltd.","89","124","4","8046179","4zN21mbAuaD0WqtmaTZZeP","0.847","0.692","0.0493","0.69","0.0526","125.004","-7.877","0.0127","6e-05","James Hype","43BxCL6t4c73BQnIJtry5v","dance pop,deep groove house,edm,house,pop dance,uk dance"
"90","90","spotify:track:4hceSKjrkDTO0nMKFcb3sj","Bizarrap, Villano Antillano","Villano Antillano: Bzrp Music Sessions, Vol. 51","DALE PLAY Records","88","88","3","7935227","4hceSKjrkDTO0nMKFcb3sj","0.82","0.423","0.0648","0.752","0.628","127.999","-7.635","0.0584","0.00417","Bizarrap","716NhGYqD1jl2wI1Qkgq36","argentine hip hop,pop venezolano,trap argentino,trap latino,urbano latino"
"91","91","spotify:track:46HNZY1i7O6jwTA7Slo2PI","Coldplay, BTS","My Universe","Parlophone UK","3","95","40","7928433","46HNZY1i7O6jwTA7Slo2PI","0.573","0.47","0.0406","0.711","0.328","105.006","-6.268","0.0114","0","Coldplay","4gzpq5DPGxSnKTe4SA8HAU","permanent wave,pop"
"92","92","spotify:track:2JPLbjOn0wPCngEot2STUS","Bad Bunny","Yonaguni","Rimas Entertainment LLC","3","115","56","7920385","2JPLbjOn0wPCngEot2STUS","0.644","0.44","0.118","0.648","0.135","179.951","-4.601","0.276","0","Bad Bunny","4q3ewBCX7sLwd24euuV69X","reggaeton,trap latino,urbano latino"
"93","93","spotify:track:1UdzJEpgJxtuXAlCOvD4S0","Danny Ocean","Fuera del mercado","Atlantic Records","22","93","15","7911514","1UdzJEpgJxtuXAlCOvD4S0","0.453","0.266","0.144","0.673","0.131","92.06","-5.649","0.32","0","Danny Ocean","5H1nN1SzW0qNeUEZvuXjAj","latin pop,pop venezolano,reggaeton,urbano latino"
"94","94","spotify:track:5zyZM1EiSqrniyqtprwxpv","Drake","Falling Back","OVO","10","10","2","7804642","5zyZM1EiSqrniyqtprwxpv","0.718","0.349","0.0703","0.758","0.11","118.989","-8.29","0.238","0.00653","Drake","3TVXtAsR1Inumwj472S9r4","canadian hip hop,canadian pop,hip hop,rap,toronto rap"
"95","95","spotify:track:7fZBQnc0zXwVybgCIrQQil","Imanbek, BYOR","Belly Dancer","Musical Freedom","95","107","5","7749690","7fZBQnc0zXwVybgCIrQQil","0.845","0.422","0.139","0.797","0.167","121.985","-4.984","0.0582","5.57e-06","Imanbek","5rGrDvrLOV2VV8SCFVGWlj","covertronica,dance pop,edm,electro house,pop dance,slap house,tropical house"
"96","96","spotify:track:2DgdHcjWmO3qd50RzuBLgZ","Panic! At The Disco","House of Memories","Decaydance/Fueled By Ramen","64","98","10","7716582","2DgdHcjWmO3qd50RzuBLgZ","0.506","0.506","0.0335","0.817","0.0486","109.952","-5.051","0.00272","0","Panic! At The Disco","20JZFwl6HVl6yg8a4H3ZqK",""
"97","97","spotify:track:0u2P5u6lvoDfwTYjAADbn4","Billie Eilish, Khalid","lovely (with Khalid)","Darkroom","24","120","219","7673915","0u2P5u6lvoDfwTYjAADbn4","0.351","0.12","0.0333","0.296","0.095","115.284","-10.109","0.934","0","Billie Eilish","6qqNVTkY8uBg9cP3Jd7DAH","art pop,electropop,pop"
"98","98","spotify:track:0HqZX76SFLDz2aW8aiqi7G","Imagine Dragons","Bones","KIDinaKORNER/Interscope Records","56","137","16","7661142","0HqZX76SFLDz2aW8aiqi7G","0.773","0.571","0.046","0.742","0.0754","114.071","-3.678","0.0206","0","Imagine Dragons","53XhwfbYqKCa1cC15pYq2q","modern rock,rock"
"99","99","spotify:track:4SqWKzw0CbA05TGszDgMlc","The Walters","I Love You So","Warner Records","21","103","38","7651251","4SqWKzw0CbA05TGszDgMlc","0.575","0.466","0.0358","0.648","0.115","75.977","-4.891","0.583","0","The Walters","027TpXKGwdXP7iwbjUSpV8","chicago indie"
"100","100","spotify:track:0pqnGHJpmpxLKifKRmU6WP","Imagine Dragons","Believer","Kid Ina Korner / Interscope","16","126","282","7591412","0pqnGHJpmpxLKifKRmU6WP","0.776","0.666","0.128","0.78","0.081","124.949","-4.374","0.0622","0","Imagine Dragons","53XhwfbYqKCa1cC15pYq2q","modern rock,rock"
"101","101","spotify:track:7lQ8MOhq6IN2w8EYcFNSUk","Eminem","Without Me","Aftermath","31","117","40","7550393","7lQ8MOhq6IN2w8EYcFNSUk","0.908","0.662","0.0738","0.669","0.237","112.238","-2.827","0.00286","0","Eminem","7dGJo4pcD2V6oG8kP0tJRR","detroit hip hop,hip hop,rap"
"102","102","spotify:track:1ei3hzQmrgealgRKFxIcWn","Benson Boone","In The Stars","Warner Records","54","106","9","7543944","1ei3hzQmrgealgRKFxIcWn","0.362","0.3","0.0528","0.54","0.139","78.007","-6.031","0.338","0","Benson Boone","22wbnEMDvgVIAGdFeek6ET","pop"
"103","103","spotify:track:0E0DRHf5PfMeor0ZCwB3oT","Bad Bunny, The Marías","Otro Atardecer","Rimas Entertainment LLC","24","104","8","7527791","0E0DRHf5PfMeor0ZCwB3oT","0.777","0.546","0.0375","0.595","0.0669","108.02","-6.79","0.59","0.00139","Bad Bunny","4q3ewBCX7sLwd24euuV69X","reggaeton,trap latino,urbano latino"
"104","104","spotify:track:62ke5zFUJN6RvtXZgVH0F8","Paloma Faith","Only Love Can Hurt Like This","RCA Records Label","104","132","6","7467200","62ke5zFUJN6RvtXZgVH0F8","0.566","0.304","0.0818","0.885","0.334","90.99","-4.528","0.0958","9.97e-05","Paloma Faith","4fwuXg6XQHfdlOdmw36OHa","british soul,dance pop"
"105","105","spotify:track:1oFAF1hdPOickyHgbuRjyX","The Weeknd, Ariana Grande","Save Your Tears (Remix) (with Ariana Grande) - Bonus Track","XO / Republic Records","5","125","62","7423875","1oFAF1hdPOickyHgbuRjyX","0.65","0.593","0.0325","0.825","0.0936","118.091","-4.645","0.0215","2.44e-05","The Weeknd","1Xyo4u8uXC1ZmMpatF05PJ","canadian contemporary r&b,canadian pop,pop"
"106","106","spotify:track:59CfNbkERJ3NoTXDvoURjj","Dove Cameron","Boyfriend","Disruptor Records/Columbia","11","108","20","7420916","59CfNbkERJ3NoTXDvoURjj","0.345","0.232","0.0608","0.612","0.194","179.773","-6.543","0.232","0","Dove Cameron","2W8yFh0Ga6Yf3jiayVxwkE","pop,post-teen pop"
"107","107","spotify:track:3sa06xVNmLLYIxdNNmVQN8","Jax Jones, MNEK","Where Did You Go? (feat. MNEK)","Polydor Records","107","109","11","7375428","3sa06xVNmLLYIxdNNmVQN8","0.763","0.502","0.0346","0.782","0.293","127.034","-4.541","0.182","7.08e-06","Jax Jones","4Q6nIcaBED8qUel8bBx6Cr","dance pop,edm,electro house,house,pop,pop dance,pop rap,tropical house,uk dance"
"108","108","spotify:track:0rKtyWc8bvkriBthvHKY8d","Joji","SLOW DANCING IN THE DARK","88rising Music/Warner Records","75","102","38","7370142","0rKtyWc8bvkriBthvHKY8d","0.515","0.284","0.0261","0.479","0.191","88.964","-7.458","0.544","0.00598","Joji","3MZsBdqDrRTJihTHQrO6Dq","viral pop"
"109","109","spotify:track:71wFwRo8xGc4lrcyKwsvba","Bad Bunny, Tainy","Callaita","Rimas Entertainment LLC","7","112","61","7358847","71wFwRo8xGc4lrcyKwsvba","0.608","0.246","0.301","0.626","0.25","176.086","-4.773","0.597","2.16e-06","Bad Bunny","4q3ewBCX7sLwd24euuV69X","reggaeton,trap latino,urbano latino"
"110","110","spotify:track:68Dni7IE4VyPkTOH9mRWHr","J. Cole","No Role Modelz","Roc Nation Records LLC","76","121","49","7296324","68Dni7IE4VyPkTOH9mRWHr","0.69","0.494","0.339","0.521","0.0534","100.028","-8.492","0.324","0","J. Cole","6l3HvQ5sa6mXTsMTB19rO5","conscious hip hop,hip hop,north carolina hip hop,rap"
"111","111","spotify:track:0TyUOnU4H4GLqOcrH0auc8","Imagine Dragons","Sharks","KIDinaKORNER/Interscope Records","111","-1","1","7295122","0TyUOnU4H4GLqOcrH0auc8","0.927","0.901","0.0657","0.642","0.279","123.969","-4.466","0.00791","3.62e-05","Imagine Dragons","53XhwfbYqKCa1cC15pYq2q","modern rock,rock"
"112","112","spotify:track:7mFj0LlWtEJaEigguaWqYh","Megan Thee Stallion, Dua Lipa","Sweetest Pie","300 Entertainment","17","116","16","7247685","7mFj0LlWtEJaEigguaWqYh","0.814","0.677","0.221","0.628","0.101","123.977","-7.178","0.167","0","Megan Thee Stallion","181bsRPaVXVlUKXrxwZfHK","dance pop,houston rap,pop,rap,trap queen"
"113","113","spotify:track:5O2P9iiztwhomNh8xkR9lJ","One Direction","Night Changes","Syco Music","113","139","5","7246031","5O2P9iiztwhomNh8xkR9lJ","0.672","0.37","0.0353","0.52","0.115","120.001","-7.747","0.859","0","One Direction","4AK6F7OLvEQ5QYCBNiQWHq","boy band,pop,post-teen pop,talent show"
"114","114","spotify:track:5QDLhrAOJJdNAmCTJ8xMyW","BTS","Dynamite","BIGHIT MUSIC","2","123","97","7206494","5QDLhrAOJJdNAmCTJ8xMyW","0.746","0.737","0.0993","0.765","0.0936","114.044","-4.41","0.0112","0","BTS","3Nrfpe0tUJi4K4DXYWgMUX","k-pop,k-pop boy group"
"115","115","spotify:track:4gzsuuZypVbxs0Af1LSZyB","Tainy, Bad Bunny, Julieta Venegas","Lo Siento BB:/ (with Bad Bunny & Julieta Venegas)","Neon16","12","130","39","7200562","4gzsuuZypVbxs0Af1LSZyB","0.639","0.138","0.0794","0.703","0.0865","169.888","-6.33","0.0889","1.78e-06","Tainy","0GM7qgcRCORpGnfcN2tCiB","latin hip hop,latin pop,pop reggaeton,reggaeton,reggaeton flow,trap latino,urbano latino"
"116","116","spotify:track:1c2hJSwcCfoPEw1su83Sw0","Lady Gaga","Hold My Hand","Interscope Records","110","110","5","7149616","1c2hJSwcCfoPEw1su83Sw0","0.53","0.264","0.0331","0.612","0.393","148.009","-4.286","0.0403","0","Lady Gaga","1HY2Jd0NmPuamShAr6KMms","art pop,dance pop,pop"
"117","117","spotify:track:3Vi5XqYrmQgOYBajMWSvCi","Doja Cat","Need to Know","Kemosabe Records/RCA Records","6","131","55","7092499","3Vi5XqYrmQgOYBajMWSvCi","0.664","0.194","0.0707","0.609","0.0926","130.041","-6.509","0.304","0","Doja Cat","5cj0lLjcoR7YOSnhnX0Po5","dance pop,pop"
"118","118","spotify:track:2m6Ko3CY1qXNNja8AlugNc","Troye Sivan","Angel Baby","EMI Recorded Music Australia Pty Ltd","59","128","13","7052306","2m6Ko3CY1qXNNja8AlugNc","0.559","0.338","0.0358","0.559","0.138","72.498","-6.425","0.0145","0","Troye Sivan","3WGpXCj9YhhfX11TToZcXP","australian pop,dance pop,pop,viral pop"
"119","119","spotify:track:0zCgWGmDF0aih5qexATyBn","Mr.Kitty","After Dark","Juggernaut Music Group","119","133","11","7038167","0zCgWGmDF0aih5qexATyBn","0.579","0.0392","0.0322","0.601","0.0778","140.019","-10.492","0.0673","0.414","Mr.Kitty","0pWwt5vGNzezEhfAcc420Y","weirdcore"
"120","120","spotify:track:1SOClUWhOi8vHZYMz3GluK","Jaymes Young","Infinity","Atlantic Records","11","135","35","6928415","1SOClUWhOi8vHZYMz3GluK","0.671","0.494","0.0444","0.673","0.304","121.963","-6.941","0.148","5.29e-05","Jaymes Young","6QrQ7OrISRYIfS5mtacaw2","indie poptimism,modern rock,pop"
"121","121","spotify:track:3PfIrDoz19wz7qK7tYeu62","Dua Lipa","Don't Start Now","Warner Records","2","145","139","6898752","3PfIrDoz19wz7qK7tYeu62","0.793","0.679","0.083","0.793","0.0951","123.95","-4.521","0.0123","0","Dua Lipa","6M2wZ9GZgrQXHCFfjv46we","dance pop,pop,uk pop"
"122","122","spotify:track:3AJwUDP919kvQ9QcozQPxg","Coldplay","Yellow","Parlophone UK","58","141","80","6895528","3AJwUDP919kvQ9QcozQPxg","0.429","0.285","0.0281","0.661","0.234","173.372","-7.227","0.00239","0.000121","Coldplay","4gzpq5DPGxSnKTe4SA8HAU","permanent wave,pop"
"123","123","spotify:track:2NMjggapJcXXM7WccGEBUO","Bad Bunny","Enséñame a Bailar","Rimas Entertainment LLC","27","127","8","6856884","2NMjggapJcXXM7WccGEBUO","0.81","0.77","0.0846","0.789","0.467","105.009","-5.08","0.191","1.08e-05","Bad Bunny","4q3ewBCX7sLwd24euuV69X","reggaeton,trap latino,urbano latino"
"124","124","spotify:track:18HOjcvTVV7W8YzBuOsAPS","Bad Bunny","Un Verano Sin Ti","Rimas Entertainment LLC","20","129","8","6851461","18HOjcvTVV7W8YzBuOsAPS","0.503","0.412","0.0556","0.496","0.123","187.844","-9.123","0.693","0","Bad Bunny","4q3ewBCX7sLwd24euuV69X","reggaeton,trap latino,urbano latino"
"125","125","spotify:track:5PZAbR6JHYYV9xp5gv0XES","Zé Felipe, MC Mari","Bandido","Som Livre","125","-1","1","6832379","5PZAbR6JHYYV9xp5gv0XES","0.882","0.97","0.0512","0.721","0.0989","120.018","-2.851","0.0958","0","Zé Felipe","7cmuxPnXRJxwuYDHfbD8Eu","arrocha,arrochadeira"
"126","126","spotify:track:48AJSd42lXpicsGqcgopof","Daddy Yankee, Bad Bunny","X ÚLTIMA VEZ","Republic Records","18","134","14","6831286","48AJSd42lXpicsGqcgopof","0.812","0.573","0.0554","0.855","0.108","90.04","-3.725","0.0789","0.000167","Daddy Yankee","4VMYDCV2IEDYJArk749S6m","latin hip hop,reggaeton,urbano latino"
"127","127","spotify:track:1SC5rEoYDGUK4NfG82494W","Lil Nas X","MONTERO (Call Me By Your Name)","Columbia","1","143","66","6824583","1SC5rEoYDGUK4NfG82494W","0.593","0.71","0.22","0.503","0.405","178.781","-6.725","0.293","0","Lil Nas X","7jVv8c5Fj3E9VhNjxT4snq","lgbtq+ hip hop,pop"
"128","128","spotify:track:48UKTR66uUOT9LaUvooTNx","Luke Combs","The Kind of Love We Make","River House Artists/Columbia Nashville","128","194","2","6809037","48UKTR66uUOT9LaUvooTNx","0.608","0.464","0.0277","0.745","0.0942","102.025","-4.13","0.0226","6.47e-06","Luke Combs","718COspgdWOnwOFpJHRZHS","contemporary country,country"
"129","129","spotify:track:4iJyoBOLtHqaGxP12qzhQI","Justin Bieber, Daniel Caesar, Giveon","Peaches (feat. Daniel Caesar & Giveon)","RBMG/Def Jam","1","144","67","6788677","4iJyoBOLtHqaGxP12qzhQI","0.677","0.464","0.119","0.696","0.42","90.03","-6.181","0.321","0","Justin Bieber","1uNFoZAHBGtllmzznpCI3s","canadian pop,pop"
"130","130","spotify:track:5gflgO9EPbIBf16n5TKnQS","Zion & Lennox","Yo Voy (feat. Daddy Yankee)","Baby Records Inc","59","149","19","6732227","5gflgO9EPbIBf16n5TKnQS","0.808","0.554","0.241","0.697","0.0546","95.06","-5.899","0.041","0","Zion & Lennox","21451j1KhjAiaYKflxBjr1","latin hip hop,reggaeton,urbano latino"
"131","131","spotify:track:7qEHsqek33rTcFNT9PFqLf","Lewis Capaldi","Someone You Loved","Vertigo Berlin","4","152","182","6686864","7qEHsqek33rTcFNT9PFqLf","0.501","0.446","0.0319","0.405","0.105","109.891","-5.679","0.751","0","Lewis Capaldi","4GNC7GD6oZMSxPGyXy4MNB","pop,uk pop"
"132","132","spotify:track:09mEdoA6zrmBPgTEN5qXmN","The Weeknd","Call Out My Name","Universal Republic Records","1","-1","36","6680178","09mEdoA6zrmBPgTEN5qXmN","0.461","0.175","0.0356","0.593","0.307","134.17","-4.954","0.17","0","The Weeknd","1Xyo4u8uXC1ZmMpatF05PJ","canadian contemporary r&b,canadian pop,pop"
"133","133","spotify:track:3i058E8uxTsYqJ5NWZzqSj","Harry Styles","Little Freak","Columbia","8","97","6","6670321","3i058E8uxTsYqJ5NWZzqSj","0.559","0.402","0.039","0.535","0.0954","141.96","-7.723","0.719","0.000143","Harry Styles","6KImCVD70vtIoJWnq6nGn3","pop"
"134","134","spotify:track:1XGmzt0PVuFgQYYnV2It7A","Maroon 5, Wiz Khalifa","Payphone","Interscope Records*","70","154","28","6667886","1XGmzt0PVuFgQYYnV2It7A","0.743","0.545","0.0414","0.752","0.287","110.015","-4.813","0.0188","0","Maroon 5","04gDigrS5kc9YWfZHwBETP","pop"
"135","135","spotify:track:7My9ca9QEIR8MvIOdIrTWA","Eminem, Snoop Dogg","From The D 2 The LBC (with Snoop Dogg)","Shady/Aftermath/Interscope Records","135","-1","1","6667661","7My9ca9QEIR8MvIOdIrTWA","0.73","0.596","0.243","0.785","0.0445","82.037","-7.986","0.105","0","Eminem","7dGJo4pcD2V6oG8kP0tJRR","detroit hip hop,hip hop,rap"
"136","136","spotify:track:0rzaRSujxA0bKyjJl6vHYq","Harry Styles","Satellite","Columbia","14","105","6","6665669","0rzaRSujxA0bKyjJl6vHYq","0.576","0.301","0.0304","0.457","0.0917","138.984","-6.473","0.143","3.05e-05","Harry Styles","6KImCVD70vtIoJWnq6nGn3","pop"
"137","137","spotify:track:6y8z28epOv5FlaxDv1Lo5B","Ryan Castro","Jordan","King Records","33","142","18","6664655","6y8z28epOv5FlaxDv1Lo5B","0.796","0.71","0.37","0.68","0.103","179.923","-5.555","0.0575","0.000683","Ryan Castro","7j6DKwmjbxvpQO8h914uEz","reggaeton,trap colombiano,urbano latino"
"138","138","spotify:track:7l9IqDtVWJurTvkQHq1BGh","Tate McRae","she's all i wanna be","RCA Records Label","38","136","21","6633609","7l9IqDtVWJurTvkQHq1BGh","0.602","0.619","0.0396","0.626","0.144","160.118","-5.323","0.0129","9.02e-06","Tate McRae","45dkTj5sMRSjrmBSBeiHym","pop"
"139","139","spotify:track:0fX4oNGBWO3dSGUZcVdVV2","Kendrick Lamar","N95","pgLang/Top Dawg Entertainment/Aftermath/Interscope Records","3","119","7","6632193","0fX4oNGBWO3dSGUZcVdVV2","0.79","0.408","0.105","0.67","0.119","139.956","-5.527","0.377","2.32e-06","Kendrick Lamar","2YZyLoL8N0Wb9xBt1NhZWg","conscious hip hop,hip hop,rap,west coast rap"
"140","140","spotify:track:7MXVkk9YMctZqd1Srtv4MB","The Weeknd, Daft Punk","Starboy","Universal Republic Records","1","163","91","6615455","7MXVkk9YMctZqd1Srtv4MB","0.679","0.486","0.276","0.587","0.137","186.003","-7.015","0.141","6.35e-06","The Weeknd","1Xyo4u8uXC1ZmMpatF05PJ","canadian contemporary r&b,canadian pop,pop"
"141","141","spotify:track:4u7EnebtmKWzUH433cf5Qv","Queen","Bohemian Rhapsody - Remastered 2011","EMI","11","155","196","6596310","4u7EnebtmKWzUH433cf5Qv","0.414","0.224","0.0499","0.404","0.3","71.105","-9.928","0.271","0","Queen","1dfeR4HaWDbWqFHLkxsg1d","classic rock,glam rock,rock"
"142","142","spotify:track:0RiRZpuVRbi7oqRdSMwhQY","Post Malone, Swae Lee","Sunflower - Spider-Man: Into the Spider-Verse","Republic Records","1","162","193","6563533","0RiRZpuVRbi7oqRdSMwhQY","0.755","0.925","0.0575","0.522","0.0685","89.96","-4.368","0.533","0","Post Malone","246dkjvS1zLTtiykXe5h60","dfw rap,melodic rap,rap"
"143","143","spotify:track:1BkY0N8ChFk2mdLbAUu8ZK","Musical Youth","Pass The Dutchie","Geffen","85","122","4","6523651","1BkY0N8ChFk2mdLbAUu8ZK","0.805","0.966","0.0979","0.418","0.288","149.724","-14.374","0.459","0","Musical Youth","2CuzDPkRD6BJBvdWqCrt2I","uk reggae"
"144","144","spotify:track:2tpWsVSb9UEmDRxAl1zhX1","OneRepublic","Counting Stars","Mosley / Interscope","101","159","68","6523411","2tpWsVSb9UEmDRxAl1zhX1","0.664","0.477","0.0382","0.705","0.118","122.016","-4.972","0.0654","0","OneRepublic","5Pwc4xIPtQLFEnJriah9YJ","piano rock,pop"
"145","145","spotify:track:10xV5l9nhLvFpR8mqzs0bL","Marshmello, Khalid","Numb","Joytime Collective/RCA Records","114","114","3","6518376","10xV5l9nhLvFpR8mqzs0bL","0.912","0.632","0.0455","0.774","0.101","119.966","-4.673","0.121","0.0127","Marshmello","64KEffDW9EtZ1y2vBYgq8T","brostep,dance pop,edm,pop,pop dance,progressive electro house"
"146","146","spotify:track:3yfqSUWxFvZELEM4PmlwIR","Eminem","The Real Slim Shady","Interscope","51","160","56","6501014","3yfqSUWxFvZELEM4PmlwIR","0.949","0.76","0.0572","0.661","0.0454","104.504","-4.244","0.0302","0","Eminem","7dGJo4pcD2V6oG8kP0tJRR","detroit hip hop,hip hop,rap"
"147","147","spotify:track:3Wrjm47oTz2sjIgck11l5e","Måneskin","Beggin'","RCA Records Label","1","151","56","6480489","3Wrjm47oTz2sjIgck11l5e","0.714","0.589","0.0504","0.8","0.359","134.002","-4.808","0.127","0","Måneskin","0lAWpj5szCSwM4rUMHYmrr","indie rock italiano,italian pop"
"148","148","spotify:track:1u8c2t2Cy7UBoG4ArRcF5g","Taylor Swift","Blank Space","Big Machine Records, LLC","113","164","34","6480150","1u8c2t2Cy7UBoG4ArRcF5g","0.76","0.57","0.054","0.703","0.0913","95.997","-5.412","0.103","0","Taylor Swift","06HL4z0CvFAxyc27GXpf02","pop"
"149","149","spotify:track:7yq4Qj7cqayVTp3FF9CWbm","Vance Joy","Riptide","F-Stop Records/Atlantic","122","165","78","6478111","7yq4Qj7cqayVTp3FF9CWbm","0.484","0.51","0.0379","0.731","0.151","101.654","-6.694","0.431","0","Vance Joy","10exVja0key0uqUkk6LJRT","folk-pop,pop"
"150","150","spotify:track:63WuQOXohQIxOxIFA2K7bR","Måneskin","SUPERMODEL","Epic","89","140","7","6441922","63WuQOXohQIxOxIFA2K7bR","0.636","0.799","0.0555","0.876","0.117","120.983","-3.413","0.00164","0","Måneskin","0lAWpj5szCSwM4rUMHYmrr","indie rock italiano,italian pop"
"151","151","spotify:track:2J2Z1SkXYghSajLibnQHOa","Sia","Unstoppable","Monkey Puzzle Records/RCA Records","107","176","20","6377894","2J2Z1SkXYghSajLibnQHOa","0.468","0.26","0.0779","0.779","0.101","173.799","-4.839","0.112","0.000373","Sia","5WUlDfRSoLAfcVSX1WnrxN","australian dance,australian pop,dance pop,pop"
"152","152","spotify:track:4axSuOg3BqsowKjRpj59RU","Taylor Swift","Carolina - From The Motion Picture “Where The Crawdads Sing”","Taylor Swift","152","-1","1","6358669","4axSuOg3BqsowKjRpj59RU","0.476","0.324","0.0329","0.189","0.254","115.851","-13.777","0.904","4.52e-06","Taylor Swift","06HL4z0CvFAxyc27GXpf02","pop"
"153","153","spotify:track:1mw0RgNXIpYRyyCdBQbLgA","Harry Styles","Love Of My Life","Columbia","15","118","6","6335572","1mw0RgNXIpYRyyCdBQbLgA","0.555","0.203","0.0452","0.536","0.0623","118.057","-8.233","0.669","0","Harry Styles","6KImCVD70vtIoJWnq6nGn3","pop"
"154","154","spotify:track:0gucTLf7trAf37Ua1uAyAu","Nirvana","Smells Like Teen Spirit","Geffen","103","169","77","6308062","0gucTLf7trAf37Ua1uAyAu","0.489","0.691","0.0554","0.918","0.0908","116.731","-4.502","3.53e-05","7.64e-05","Nirvana","6olE6TJLqED3rqDCT0FyPh","grunge,permanent wave,rock"
"155","155","spotify:track:4RvWPyQ5RL0ao9LPZeSouE","Tears For Fears","Everybody Wants To Rule The World","UMC (Universal Music Catalogue)","155","170","4","6291199","4RvWPyQ5RL0ao9LPZeSouE","0.645","0.535","0.0527","0.795","0.104","112.067","-12.095","0.347","0.00389","Tears For Fears","4bthk9UfsYUYdcFyqxmSUU","new romantic,new wave,new wave pop,permanent wave,pop rock,rock,soft rock,sophisti-pop,synthpop"
"156","156","spotify:track:21jGcNKet2qwijlDFuPiPb","Post Malone","Circles","Republic Records","1","187","148","6289951","21jGcNKet2qwijlDFuPiPb","0.695","0.553","0.0395","0.762","0.0863","120.042","-3.497","0.192","0.00244","Post Malone","246dkjvS1zLTtiykXe5h60","dfw rap,melodic rap,rap"
"157","157","spotify:track:1zi7xx7UVEFkmKfv06H8x0","Drake, Wizkid, Kyla","One Dance","Cash Money Records/Young Money Ent./Universal Rec.","12","153","134","6272369","1zi7xx7UVEFkmKfv06H8x0","0.792","0.37","0.0536","0.625","0.329","103.967","-5.609","0.00776","0.0018","Drake","3TVXtAsR1Inumwj472S9r4","canadian hip hop,canadian pop,hip hop,rap,toronto rap"
"158","158","spotify:track:7qiZfU4dY1lWllzX7mPBI3","Ed Sheeran","Shape of You","Atlantic Records UK","1","178","283","6236291","7qiZfU4dY1lWllzX7mPBI3","0.825","0.931","0.0802","0.652","0.0931","95.977","-3.183","0.581","0","Ed Sheeran","6eUKZXaKkcviH0Ku9w2n3V","pop,uk pop"
"159","159","spotify:track:4MzXwWMhyBbmu6hOcLVD49","Bad Bunny, JhayCo","DÁKITI","Rimas Entertainment LLC","1","174","87","6226853","4MzXwWMhyBbmu6hOcLVD49","0.731","0.145","0.0544","0.573","0.113","109.928","-10.059","0.401","5.22e-05","Bad Bunny","4q3ewBCX7sLwd24euuV69X","reggaeton,trap latino,urbano latino"
"160","160","spotify:track:20on25jryn53hWghthWWW3","ACRAZE, Cherish","Do It To It","Thrive Music, LLC","9","167","35","6203046","20on25jryn53hWghthWWW3","0.854","0.637","0.0886","0.806","0.0703","124.927","-8.262","0.0209","0.0542","ACRAZE","4pnp4w9g30yLfVIAFnZMRd","covertronica,dance pop,edm,pop dance,tropical house"
"161","161","spotify:track:2K7xn816oNHJZ0aVqdQsha","The Neighbourhood","Softcore","Columbia","35","157","25","6198134","2K7xn816oNHJZ0aVqdQsha","0.575","0.37","0.03","0.568","0.286","93.986","-5.509","0.0484","0.000417","The Neighbourhood","77SW9BnxLY8rJ0RciFqkHh","modern alternative rock,modern rock,pop,shimmer pop"
"162","162","spotify:track:5g7sDjBhZ4I3gcFIpkrLuI","Bruno Mars","Locked out of Heaven","Atlantic Records","106","173","26","6190900","5g7sDjBhZ4I3gcFIpkrLuI","0.728","0.87","0.0456","0.697","0.282","143.986","-4.125","0.0556","0","Bruno Mars","0du5cEVh5yTK9QJze8zA0C","dance pop,pop"
"163","163","spotify:track:6EbVuwU7EnKeF2hdpViXCH","Sleepy Hallow, 347aidan","Die Young (feat. 347aidan)","Winners Circle/RCA Records","97","147","5","6183314","6EbVuwU7EnKeF2hdpViXCH","0.808","0.675","0.338","0.582","0.111","77.471","-6.26","0.827","0","Sleepy Hallow","6EPlBSH2RSiettczlz7ihV","brooklyn drill,nyc rap"
"164","164","spotify:track:003vvx7Niy0yvhvHt4a68B","The Killers","Mr. Brightside","Island Records","98","172","101","6135622","003vvx7Niy0yvhvHt4a68B","0.352","0.236","0.0747","0.911","0.0995","148.033","-5.23","0.00121","0","The Killers","0C0XlULifJtAgn6ZNCW2eu","alternative rock,dance rock,modern rock,permanent wave,rock"
"165","165","spotify:track:3S68RFe1lsdCdTMPIMJM3X","Pharrell Williams, 21 Savage, Tyler, The Creator","Cash In Cash Out","Columbia","53","100","3","6133908","3S68RFe1lsdCdTMPIMJM3X","0.877","0.154","0.0596","0.56","0.0839","119.971","-3.751","0.00721","1.45e-06","Pharrell Williams","2RdwBSPQiwcmiDo9kixcl8","hip hop,pop,pop rap"
"166","166","spotify:track:06JvOZ39sK8D8SqiqfaxDU","Kanye West, XXXTENTACION","True Love","Columbia","24","113","5","6106656","06JvOZ39sK8D8SqiqfaxDU","0.712","0.388","0.25","0.861","0.511","84.042","-5.487","0.0182","6.09e-06","Kanye West","5K4W6rqBFWDnAN6FQUkS6x","chicago rap,rap"
"167","167","spotify:track:3rdAz1fbUfZxYgaCviYhRo","Rauw Alejandro","Todo De Ti","Sony Music Latin/Duars Entertainment","2","180","58","6105967","3rdAz1fbUfZxYgaCviYhRo","0.78","0.336","0.0506","0.719","0.0931","127.962","-3.613","0.302","0.000196","Rauw Alejandro","1mcTU81TzQhprhouKaTkpq","puerto rican pop,trap latino,urbano latino"
"168","168","spotify:track:1WCEAGGRD066z2Q89ObXTq","David Guetta, Becky Hill, Ella Henderson","Crazy What Love Can Do","Parlophone UK","161","161","8","6089630","1WCEAGGRD066z2Q89ObXTq","0.601","0.464","0.0449","0.713","0.158","122.872","-3.758","0.0282","0","David Guetta","1Cs0zKBU1kc0i8ypK3B9ai","big room,dance pop,edm,pop,pop dance"
"169","169","spotify:track:1r8ZCjfrQxoy2wVaBUbpwg","The Kid LAROI","Thousand Miles","Columbia","18","148","10","6069679","1r8ZCjfrQxoy2wVaBUbpwg","0.376","0.203","0.0768","0.657","0.0884","80.565","-4.658","0.0858","0","The Kid LAROI","2tIP7SsRs7vjIcLrU85W8J","australian hip hop,pop"
"170","170","spotify:track:7lvDsmTRXFE3dK4OjvRiWB","Shae Gill, Ali Sethi","Pasoori","Giraffe Pakistan","109","175","10","6053509","7lvDsmTRXFE3dK4OjvRiWB","0.714","0.669","0.043","0.596","0.0625","91.991","-6.206","0.0657","0","Shae Gill","3bWIy9AUrQdiNeS62Bp3OP",""
"171","171","spotify:track:1v7L65Lzy0j0vdpRjJewt1","Eminem","Lose Yourself - From ""8 Mile"" Soundtrack","Aftermath","44","186","80","6025912","1v7L65Lzy0j0vdpRjJewt1","0.686","0.0596","0.264","0.735","0.342","171.355","-4.616","0.00921","0.00066","Eminem","7dGJo4pcD2V6oG8kP0tJRR","detroit hip hop,hip hop,rap"
"172","172","spotify:track:4xqrdfXkTW4T0RauPLv3WA","Conan Gray","Heather","Republic Records","12","185","101","5965209","4xqrdfXkTW4T0RauPLv3WA","0.357","0.27","0.0333","0.425","0.322","102.078","-7.301","0.584","0","Conan Gray","4Uc8Dsxct0oMqx0P6i60ea","bedroom pop,pop"
"173","173","spotify:track:0ct6r3EGTcMLPtrXHDvVjc","Avicii","The Nights","Universal Music AB","44","189","68","5963774","0ct6r3EGTcMLPtrXHDvVjc","0.527","0.654","0.0433","0.835","0.249","125.983","-5.298","0.0166","0","Avicii","1vCWHaC5f2uS3yhpwWbIA6","dance pop,edm,pop,pop dance,pop rap"
"174","174","spotify:track:1DIXPcTDzTj8ZMHt3PDt8p","Coolio, L.V.","Gangsta's Paradise","Tommy Boy Music, LLC","116","191","36","5952628","1DIXPcTDzTj8ZMHt3PDt8p","0.647","0.386","0.0593","0.514","0.398","79.975","-10.05","0.0655","0","Coolio","3y24n3XhZ96wgwRXjvS17T","g funk,gangster rap,hip hop,rap,west coast rap"
"175","175","spotify:track:6jjYDGxVJsWS0a5wlVF5vS","BTS","Butter","BIGHIT MUSIC","2","166","58","5947509","6jjYDGxVJsWS0a5wlVF5vS","0.759","0.695","0.0948","0.459","0.0788","109.997","-5.187","0.00323","0","BTS","3Nrfpe0tUJi4K4DXYWgMUX","k-pop,k-pop boy group"
"176","176","spotify:track:1JSTJqkT5qHq8MDJnJbRE1","The Police","Every Breath You Take","Polydor Records","144","190","55","5922445","1JSTJqkT5qHq8MDJnJbRE1","0.82","0.74","0.0348","0.452","0.0714","117.401","-9.796","0.543","0.00294","The Police","5NGO30tJxFlKixkPSgXcFE","album rock,classic rock,mellow gold,permanent wave,rock"
"177","177","spotify:track:49ev1nUTrNxbjm04jaoL5Z","Duki","Antes de Perderte","DALE PLAY Records / SSJ Records","173","-1","2","5903111","49ev1nUTrNxbjm04jaoL5Z","0.812","0.614","0.113","0.925","0.115","110.031","-3.092","0.487","0","Duki","1bAftSH8umNcGZ0uyV7LMg","argentine hip hop,trap argentino,trap latino,trap triste,urbano latino"
"178","178","spotify:track:37y7iDayfwm3WXn5BiAoRk","Steve Lacy","Dark Red","Three Quarter","66","181","47","5890698","37y7iDayfwm3WXn5BiAoRk","0.603","0.775","0.062","0.783","0.119","172.041","-4.023","0.449","7.96e-06","Steve Lacy","57vWImR43h4CaDao012Ofp","afrofuturism"
"179","179","spotify:track:2g6tReTlM2Akp41g0HaeXN","Kendrick Lamar, Blxst, Amanda Reifer","Die Hard","pgLang/Top Dawg Entertainment/Aftermath/Interscope Records","8","168","7","5883772","2g6tReTlM2Akp41g0HaeXN","0.775","0.362","0.247","0.736","0.127","100.988","-8.072","0.319","0.00116","Kendrick Lamar","2YZyLoL8N0Wb9xBt1NhZWg","conscious hip hop,hip hop,rap,west coast rap"
"180","180","spotify:track:0tgVpDi06FyKpA1z0VMD4v","Ed Sheeran","Perfect","Atlantic Records UK","4","196","276","5859970","0tgVpDi06FyKpA1z0VMD4v","0.599","0.168","0.0232","0.448","0.106","95.05","-6.312","0.163","0","Ed Sheeran","6eUKZXaKkcviH0Ku9w2n3V","pop,uk pop"
"181","181","spotify:track:1nltpRhEiXikwDlVn4UADk","Post Malone, The Weeknd","One Right Now (with The Weeknd)","Mercury Records/Republic Records","9","158","34","5833320","1nltpRhEiXikwDlVn4UADk","0.682","0.701","0.0477","0.764","0.103","97.023","-5.411","0.0363","0","Post Malone","246dkjvS1zLTtiykXe5h60","dfw rap,melodic rap,rap"
"182","182","spotify:track:0UvZcEfpzVyx47QsRbjyBz","Bad Bunny","El Apagón","Rimas Entertainment LLC","28","171","8","5826942","0UvZcEfpzVyx47QsRbjyBz","0.629","0.599","0.308","0.698","0.0909","117.765","-4.485","0.0509","0.00166","Bad Bunny","4q3ewBCX7sLwd24euuV69X","reggaeton,trap latino,urbano latino"
"183","183","spotify:track:1cKHdTo9u0ZymJdPGSh6nq","The Weeknd, Gesaffelstein","I Was Never There","Universal Republic Records","17","-1","4","5788680","1cKHdTo9u0ZymJdPGSh6nq","0.323","0.155","0.0338","0.737","0.163","113.26","-4.008","0.142","0.000162","The Weeknd","1Xyo4u8uXC1ZmMpatF05PJ","canadian contemporary r&b,canadian pop,pop"
"184","184","spotify:track:5TXDeTFVRVY7Cvt0Dw4vWW","XXXTENTACION","Revenge","Bad Vibes Forever / EMPIRE","63","197","26","5767304","5TXDeTFVRVY7Cvt0Dw4vWW","0.746","0.18","0.259","0.251","0.106","139.999","-16.169","0.782","0.00203","XXXTENTACION","15UsOTVnJzReFVN1VCnxy4","emo rap,miami hip hop"
"185","185","spotify:track:3jjujdWJ72nww5eGnfs2E7","Harry Styles","Adore You","Columbia","6","183","108","5744305","3jjujdWJ72nww5eGnfs2E7","0.676","0.569","0.0483","0.771","0.102","99.048","-3.675","0.0237","7e-06","Harry Styles","6KImCVD70vtIoJWnq6nGn3","pop"
"186","186","spotify:track:2tGvwE8GcFKwNdAXMnlbfl","Olivia Rodrigo","happier","Olivia Rodrigo PS","12","199","58","5734913","2tGvwE8GcFKwNdAXMnlbfl","0.395","0.338","0.133","0.443","0.0839","168.924","-9.72","0.765","9.67e-06","Olivia Rodrigo","1McMsnEElThX1knmY4oliG","pop"
"187","187","spotify:track:6Qyc6fS4DsZjB2mRW9DsQs","The Goo Goo Dolls","Iris","Warner Records","124","188","9","5726884","6Qyc6fS4DsZjB2mRW9DsQs","0.315","0.497","0.0362","0.715","0.0942","155.925","-8.072","0.00125","7.97e-06","The Goo Goo Dolls","2sil8z5kiy4r76CRTXxBCA","neo mellow,permanent wave,pop rock"
"188","188","spotify:track:4j6kId9QIqhoXvqHKgSKa0","Harry Styles","Grapejuice","Columbia","11","138","6","5703410","4j6kId9QIqhoXvqHKgSKa0","0.645","0.88","0.0336","0.721","0.204","182.928","-4.394","0.357","0.143","Harry Styles","6KImCVD70vtIoJWnq6nGn3","pop"
"189","189","spotify:track:7fBv7CLKzipRk6EC6TWHOB","The Weeknd","The Hills","Universal Republic Records","52","-1","44","5701643","7fBv7CLKzipRk6EC6TWHOB","0.585","0.137","0.0515","0.564","0.135","113.003","-7.063","0.0671","0","The Weeknd","1Xyo4u8uXC1ZmMpatF05PJ","canadian contemporary r&b,canadian pop,pop"
"190","190","spotify:track:6ojZtz3sZr6ynvejLOqgCj","Tiago PZK, Ozuna","Nos Comemos (feat. Ozuna)","WEA Latina","140","184","4","5662982","6ojZtz3sZr6ynvejLOqgCj","0.827","0.562","0.052","0.819","0.089","92.017","-3.701","0.1","0","Tiago PZK","5Y3MV9DZ0d87NnVm56qSY1","trap argentino,urbano latino"
"191","191","spotify:track:4srcMdbm2qzVG98tJajHxp","Alejo, Feid, ROBI","Pantysito","UMLE - Latino","55","179","15","5643757","4srcMdbm2qzVG98tJajHxp","0.83","0.631","0.0627","0.739","0.162","97.993","-5.395","0.136","2.11e-06","Alejo","50sIhX3HytFEwQXZJLUZQE","reggaeton,urbano latino"
"192","192","spotify:track:4xkOaSrkexMciUUogZKVTS","Eminem, Nate Dogg","Till I Collapse","Aftermath","81","-1","52","5617110","4xkOaSrkexMciUUogZKVTS","0.548","0.1","0.186","0.847","0.0816","171.447","-3.237","0.0622","0","Eminem","7dGJo4pcD2V6oG8kP0tJRR","detroit hip hop,hip hop,rap"
"193","193","spotify:track:0wihfILRNOwE2156Shezc8","Bad Bunny","Agosto","Rimas Entertainment LLC","30","182","8","5617046","0wihfILRNOwE2156Shezc8","0.849","0.724","0.115","0.584","0.492","115.018","-8.195","0.0929","6.18e-06","Bad Bunny","4q3ewBCX7sLwd24euuV69X","reggaeton,trap latino,urbano latino"
"194","194","spotify:track:5E30LdtzQTGqRvNd7l6kG5","The Neighbourhood","Daddy Issues","Columbia","99","198","90","5605698","5E30LdtzQTGqRvNd7l6kG5","0.588","0.337","0.0329","0.521","0.123","85.012","-9.461","0.0678","0.149","The Neighbourhood","77SW9BnxLY8rJ0RciFqkHh","modern alternative rock,modern rock,pop,shimmer pop"
"195","195","spotify:track:0nrRP2bk19rLc0orkWPQk2","Avicii","Wake Me Up","Universal Music AB","13","-1","81","5578573","0nrRP2bk19rLc0orkWPQk2","0.532","0.643","0.0523","0.783","0.161","124.08","-5.697","0.0038","0.0012","Avicii","1vCWHaC5f2uS3yhpwWbIA6","dance pop,edm,pop,pop dance,pop rap"
"196","196","spotify:track:0k4d5YPDr1r7FX77VdqWez","Doja Cat, The Weeknd","You Right","Kemosabe Records/RCA Records","15","-1","52","5572336","0k4d5YPDr1r7FX77VdqWez","0.828","0.436","0.0565","0.621","0.0845","128.986","-6.414","0.0164","0.00233","Doja Cat","5cj0lLjcoR7YOSnhnX0Po5","dance pop,pop"
"197","197","spotify:track:3rq5w4bQGigXOfdN30ATJt","Arctic Monkeys","Do I Wanna Know?","Domino Recording Co","117","-1","42","5562931","3rq5w4bQGigXOfdN30ATJt","0.548","0.405","0.0323","0.532","0.217","85.03","-7.596","0.186","0.000263","Arctic Monkeys","7Ln80lUS6He07XvHI8qqHH","garage rock,modern rock,permanent wave,rock,sheffield indie"
"198","198","spotify:track:7o2CTH4ctstm8TNelqjb51","Guns N' Roses","Sweet Child O' Mine","Guns N Roses P&D","172","-1","4","5559244","7o2CTH4ctstm8TNelqjb51","0.454","0.629","0.0448","0.91","0.116","125.116","-7.766","0.0866","0.0996","Guns N' Roses","3qm84nBOXUEQ2vnTfUTTFC","glam metal,hard rock,rock"
"199","199","spotify:track:3hRV0jL3vUpRrcy398teAU","Lord Huron","The Night We Met","Play It Again Sam","55","-1","30","5558870","3hRV0jL3vUpRrcy398teAU","0.544","0.102","0.038","0.369","0.639","87.01","-9.514","0.969","0.279","Lord Huron","6ltzsmQQbmdoHHbLZ4ZN25","stomp and holler"
"200","200","spotify:track:2N8m6CYs74qQO4mjVcXO30","Tones And I","Dance Monkey","Elektra (NEK)","1","-1","150","5483103","2N8m6CYs74qQO4mjVcXO30","0.824","0.514","0.0937","0.587","0.149","98.029","-6.401","0.69","0.000105","Tones And I","2NjfBq1NflQcKSeiDooVjY","australian pop,dance pop,pop"
