﻿rank,uri,artist_names,track_name,source,peak_rank,previous_rank,weeks_on_chart,streams
1,"spotify:track:3nqQXoyQOWXiESFLlDF1hG","Sam Smith, Kim Petras","Unholy (feat. Kim Petras)","Capitol Records UK / EMI",1,1,9,"41043843"
2,"spotify:track:0V3wPSX9ygBnCm8psDIegu","Taylor Swift","Anti-Hero","Taylor Swift",1,2,5,"37394162"
3,"spotify:track:1bDbXMyjaUIooNwFE9wn0N","Drake, 21 Savage","Rich Flex","OVO / Republic Records",2,3,3,"30709125"
4,"spotify:track:5ww2BF9slyYgNOk37BlC4u","Manuel Turizo","La Bachata","Sony Music Latin/La Industria",4,4,21,"28388964"
5,"spotify:track:4uUG5RXrOk84mYEfFvj3cK","David Guetta, Bebe Rexha","I'm Good (Blue)","Parlophone UK",2,5,13,"27930483"
6,"spotify:track:4Dvkj6JhhA12EX05fT7y2e","Harry Styles","As It Was","Columbia",1,6,34,"27653264"
7,"spotify:track:2tTmW7RDtMQtBk7m2rYeSw","Bizarrap, Quevedo","Quevedo: Bzrp Music Sessions, Vol. 52","DALE PLAY Records",1,7,20,"25922349"
8,"spotify:track:0QHEIqNKsMoOY5urbzN48u","Meghan Trainor","Made You Look","Epic",8,18,5,"21847336"
9,"spotify:track:5IgjP7X4th6nMNDh4akUHb","Chris Brown","Under The Influence","Chris Brown Entertainment/RCA Records",6,8,18,"21638546"
10,"spotify:track:6Sq7ltF9Qa7SNFBsV5Cogx","Bad Bunny, Chencho Corleone","Me Porto Bonito","Rimas Entertainment LLC",2,10,29,"20983321"
11,"spotify:track:73vIOb4Q7YN6HeJTbscRx5","Oliver Tree, Robin Schulz","Miss You","Atlantic Records",11,12,7,"20360415"
12,"spotify:track:4h9wh7iOZ0GGn8QVp4RAOB","OneRepublic","I Ain't Worried","Interscope Records",7,13,25,"20069561"
13,"spotify:track:1IHWl5LamUGEuP4ozKQSXZ","Bad Bunny","Tití Me Preguntó","Rimas Entertainment LLC",4,14,29,"19762646"
14,"spotify:track:1zsPaEkglFvxjAhrM8yhpr","Ozuna, Feid","Hey Mor","Aura Music Corp.",14,16,6,"19723149"
15,"spotify:track:7jtQIBanIiJOMS6RyCx6jZ","Tom Odell","Another Love","ITNO/Columbia",15,15,85,"19706766"
16,"spotify:track:1RDvyOk4WtPCtoqciJwVn8","Jung Kook, BTS, FIFA Sound","Dreamers [Music from the FIFA World Cup Qatar 2022 Official Soundtrack]","Katara Studios | 2101 Records under exclusive license to UnitedMasters LLC",16,-1,1,"19469455"
17,"spotify:track:7MkylDYvKTSuWgrsBhHlsG","Bizarrap, Duki","Duki: Bzrp Music Sessions, Vol. 50","DALE PLAY Records",17,-1,1,"19464266"
18,"spotify:track:0bYg9bo50gSsH3LtXe2SQn","Mariah Carey","All I Want for Christmas Is You","Columbia",1,54,44,"18916682"
19,"spotify:track:4k6Uh1HXdhtusDW5y8Gbvy","Steve Lacy","Bad Habit","L-M Records/RCA Records",10,17,20,"18549520"
20,"spotify:track:53tfEupEzQRtVFOeZvk7xq","ROSALÍA","DESPECHÁ","Columbia",5,20,17,"17784762"
21,"spotify:track:3rWDp9tBPQR9z6U5YyRSK4","Taylor Swift","Midnight Rain","Taylor Swift",4,9,5,"17764424"
22,"spotify:track:5jQI2r1RdgtuT8S3iG8zFC","Taylor Swift","Lavender Haze","Taylor Swift",2,11,5,"17442119"
23,"spotify:track:6VhuP99TE6gYNQRJIlAWFD","Stephen Sanchez","Until I Found You","Republic Records",20,25,29,"17126410"
24,"spotify:track:5Eax0qFko2dh7Rl2lYs3bx","Bad Bunny","Efecto","Rimas Entertainment LLC",6,19,29,"17001911"
25,"spotify:track:0WtM2NBVQNNJLh6scP13H8","Rema, Selena Gomez","Calm Down (with Selena Gomez)","Mavin Records / Jonzing World",23,34,13,"16593840"
26,"spotify:track:561jH07mF1jHuk7KlaeF0s","Eminem","Mockingbird","Aftermath",26,42,6,"16552886"
27,"spotify:track:1xzi1Jcr7mEi9K2RfzLOqS","Beyoncé","CUFF IT","Parkwood Entertainment/Columbia",13,29,14,"16485655"
28,"spotify:track:2LBqCSwhJGcFQeTHMVGwy3","The Weeknd","Die For You","Universal Republic Records",26,30,41,"16298152"
29,"spotify:track:1xK59OXxi2TAAAbmZK0kBL","d4vd","Romantic Homicide","Darkroom/Interscope Records",17,27,12,"16226700"
30,"spotify:track:5odlY52u43F5BjByhxg7wg","JVKE","golden hour","JVKE",30,37,13,"16161146"
31,"spotify:track:5XeFesFbtLpXzIVDNQP22n","Arctic Monkeys","I Wanna Be Yours","Domino Recording Co",27,33,20,"15737794"
32,"spotify:track:3k3NWokhRRkEPhCzPmV8TW","Bad Bunny, Bomba Estéreo","Ojitos Lindos","Rimas Entertainment LLC",3,35,29,"15572519"
33,"spotify:track:6sCvvleqKbeyOkQDieBYgp","Rihanna","Lift Me Up - From Black Panther: Wakanda Forever - Music From and Inspired By","Roc Nation/Def Jam/Hollywood",11,22,4,"15531594"
34,"spotify:track:2QjOHCTQ1Jl3zawyYOpxh6","The Neighbourhood","Sweater Weather","Columbia",19,40,117,"15328643"
35,"spotify:track:76OGwb5RA9h4FxQPT33ekc","Rosa Linn","SNAP","Columbia",16,38,20,"15245617"
36,"spotify:track:6G12ZafqofSq7YtrMqUm76","Shakira, Ozuna","Monotonía","Sony Music Latin",21,36,5,"14789443"
37,"spotify:track:4ewazQLXFTDC8XvCbhvtXs","Joji","Glimpse of Us","88rising Music/Warner Records",1,32,24,"14475471"
38,"spotify:track:4D7BCuvgdJlYvlX5WlN54t","Taylor Swift","You're On Your Own, Kid","Taylor Swift",6,24,5,"14254833"
39,"spotify:track:3eX0NZfLtGzoLUxPNvRfqm","Taylor Swift","Maroon","Taylor Swift",5,23,5,"14107956"
40,"spotify:track:1wtOxkiel43cVs0Yux5Q4h","Taylor Swift, Lana Del Rey","Snow On The Beach (feat. Lana Del Rey)","Taylor Swift",3,21,5,"14076323"
41,"spotify:track:2FRnf9qhLbvw8fu4IBXx78","Wham!","Last Christmas","Epic",2,115,37,"13983131"
42,"spotify:track:3qoftcUZaUOncvIYjFSPdE","Taylor Swift","Bejeweled","Taylor Swift",11,28,5,"13640986"
43,"spotify:track:2CeKVsFFXG4QzA415QygGb","Feid","Feliz Cumpleaños Ferxxo","UMLE - Latino",38,43,14,"13635259"
44,"spotify:track:26hOm7dTtBi0TdpDGl141t","Joji","Die For You","88rising Music/Warner Records",21,26,3,"13580784"
45,"spotify:track:7KokYm8cMIXCsGVmUvKtqf","Taylor Swift","Karma","Taylor Swift",8,31,5,"13489045"
46,"spotify:track:02MWAaffLxlfxAUY7c5dvx","Glass Animals","Heat Waves","Polydor Records",1,45,100,"13480124"
47,"spotify:track:54ipXppHLA8U4yqpOFTUhr","Imagine Dragons","Bones","Kid Ina Korner / Interscope",26,44,37,"13118212"
48,"spotify:track:5PjdY0CKGZdEuoNab3yDmX","The Kid LAROI, Justin Bieber","STAY (with Justin Bieber)","Columbia",1,47,72,"13110373"
49,"spotify:track:31i56LZnwE6uSu3exoHjtB","Bad Bunny","Neverita","Rimas Entertainment LLC",15,48,29,"12820797"
50,"spotify:track:2EjXfH91m7f8HiJN1yQg97","Brenda Lee","Rockin' Around The Christmas Tree","MCA Nashville",5,148,32,"12680089"
51,"spotify:track:5Odq8ohlgIbQKMZivbWkEo","Charlie Puth, Jung Kook, BTS","Left and Right (Feat. Jung Kook of BTS)","Atlantic Records",7,58,22,"12566330"
52,"spotify:track:4FyesJzVpA39hbYvcseO2d","Lil Uzi Vert","Just Wanna Rock","Generation Now/Atlantic",52,65,5,"12270481"
53,"spotify:track:6Xom58OOXk2SoU711L2IXO","Bad Bunny","Moscow Mule","Rimas Entertainment LLC",2,52,29,"12098576"
54,"spotify:track:33cF8aTmGJ6TsEf23uqGIN","Rauw Alejandro, Lyanno, Brray","LOKERA","Sony Music Latin/Duars Entertainment",38,72,15,"11992776"
55,"spotify:track:7vQbuQcyTflfCIOu3Uzzya","Bobby Helms","Jingle Bell Rock","Geffen",6,171,31,"11660973"
56,"spotify:track:58cEG7FsVoipRiRKUMgOjo","Rauw Alejandro, Baby Rasta","PUNTO 40","Sony Music Latin/Duars Entertainment",48,51,7,"11354736"
57,"spotify:track:0lLdorYw7lVrJydTINhWdI","Michael Bublé","It's Beginning to Look a Lot like Christmas","Reprise",6,-1,31,"11312189"
58,"spotify:track:5JhUm1v5AbI5Yu6jLKCPRO","Grupo Frontera","No Se Va - En Vivo","Grupo Frontera",36,57,9,"11161949"
59,"spotify:track:2KLwPaRDOB87XOYAT2fgxh","Drake, 21 Savage, Travis Scott","Pussy & Millions (feat. Travis Scott)","OVO / Republic Records",5,41,3,"11134298"
60,"spotify:track:5unjCay0kUjuej5ebn4nS4","Pharrell Williams, Travis Scott","Down In Atlanta","Columbia",60,-1,1,"11105872"
61,"spotify:track:7gRFDGEzF9UkBV233yv2dc","BLACKPINK","Shut Down","YG Entertainment/Interscope Records",1,59,10,"11097262"
62,"spotify:track:1xwAWUI6Dj0WGC3KiUPN0O","Taylor Swift","Vigilante Shit","Taylor Swift",9,46,5,"10994909"
63,"spotify:track:78Sw5GDo6AlGwTwanjXbGh","d4vd","Here With Me","Darkroom/Interscope Records",63,83,4,"10939076"
64,"spotify:track:0VjIjW4GlUZAMYd2vXMi3b","The Weeknd","Blinding Lights","Republic Records",1,63,156,"10672905"
65,"spotify:track:3F5CgOj3wFlRv51JsHbxhe","Drake, 21 Savage","Jimmy Cooks (feat. 21 Savage)","OVO",7,53,23,"10646663"
66,"spotify:track:0o9zmvc5f3EFApU52PPIyW","Fujii Kaze","Shinunoga E-Wa","Universal Music LLC",66,66,12,"10643753"
67,"spotify:track:6TsVhM8qIkWN5cJVDIVbbz","Wisin & Yandel, ROSALÍA","Besos Moja2","Sony Music Latin",64,64,8,"10591564"
68,"spotify:track:46s57QULU02Voy0Kup6UEb","Drake, 21 Savage","Major Distribution","OVO / Republic Records",4,39,3,"10550441"
69,"spotify:track:1597vvneWf0zoQrg2D8yH6","MC MENOR HR, MC MENOR SG, DJ ESCOBAR","Evoque Prata","GUETTO RECORDS",69,106,2,"10412256"
70,"spotify:track:6JIC3hbC28JZKZ8AlAqX8h","Elton John, Dua Lipa, PNAU","Cold Heart - PNAU Remix","EMI",4,68,67,"10344164"
71,"spotify:track:1qEmFfgcLObUfQm0j1W2CK","Harry Styles","Late Night Talking","Columbia",2,77,27,"10324078"
72,"spotify:track:7MXVkk9YMctZqd1Srtv4MB","The Weeknd, Daft Punk","Starboy","Universal Republic Records",1,73,112,"10281605"
73,"spotify:track:0lizgQ7Qw35od7CYaoMBZb","Ariana Grande","Santa Tell Me","Universal Records",3,-1,32,"10280626"
74,"spotify:track:7dSZ6zGTQx66c2GF91xCrb","KAROL G","PROVENZA","UMLE - Latino",6,60,31,"10253976"
75,"spotify:track:34ZAzO78a5DAVNrYIGWcPm","SZA","Shirt","Top Dawg Entertainment/RCA Records",25,56,4,"10251453"
76,"spotify:track:7iwJOi3hlMqZt6pj1sQOBj","Quevedo","VISTA AL MAR","Quevedo",45,69,11,"10178312"
77,"spotify:track:0heeNYlwOGuUSe7TgUD27B","Taylor Swift","Question...?","Taylor Swift",10,50,5,"10148891"
78,"spotify:track:2eAvDnpXP5W0cVtiI0PUxV","Ruth B.","Dandelions","Columbia",34,75,67,"10123825"
79,"spotify:track:6WbAhuwE6fCOriBu5786X1","KAROL G, Ovy On The Drums","CAIRO","UMLE - Latino",79,-1,1,"10077323"
80,"spotify:track:38T0tPVZHcPZyhtOcCP7pF","Lil Nas X","STAR WALKIN' (League of Legends Worlds Anthem)","Columbia",22,67,9,"9939789"
81,"spotify:track:5zwwW9Oq7ubSxoCGyW1nbY","BLACKPINK","Pink Venom","YG Entertainment/Interscope Records",2,71,14,"9893126"
82,"spotify:track:2yjlYDiNiQkdxVqTlaSrlX","Nicki Minaj","Super Freaky Girl","Republic Records",14,74,15,"9878343"
83,"spotify:track:58ge6dfP91o9oXMzq3XkIS","Arctic Monkeys","505","Domino Recording Co",43,76,47,"9817725"
84,"spotify:track:4fsQ0K37TOXa3hEQfjEic1","LE SSERAFIM","ANTIFRAGILE","SOURCE MUSIC",80,81,5,"9613918"
85,"spotify:track:34tz0eDhGuFErIuW3q4mPX","Drake, 21 Savage","On BS","OVO / Republic Records",6,49,3,"9417427"
86,"spotify:track:0u2P5u6lvoDfwTYjAADbn4","Billie Eilish, Khalid","lovely (with Khalid)","Darkroom",24,84,240,"9270510"
87,"spotify:track:1cKHdTo9u0ZymJdPGSh6nq","The Weeknd, Gesaffelstein","I Was Never There","Universal Republic Records",17,80,25,"9205862"
88,"spotify:track:3AJwUDP919kvQ9QcozQPxg","Coldplay","Yellow","Parlophone UK",56,79,101,"9114280"
89,"spotify:track:7FmYn9e7KHMXcxqGSj9LjH","Taylor Swift","Mastermind","Taylor Swift",13,61,5,"9104746"
90,"spotify:track:0O6u0VJ46W86TxN9wgyqDj","Post Malone, Doja Cat","I Like You (A Happier Song) (with Doja Cat)","Mercury Records/Republic Records",10,95,25,"9095226"
91,"spotify:track:1aOl53hkZGHkl2Snhr7opL","Dean Lewis","How Do I Say Goodbye","Universal Music Australia Pty. Ltd.",86,94,8,"9032951"
92,"spotify:track:7lQ8MOhq6IN2w8EYcFNSUk","Eminem","Without Me","Aftermath",31,97,61,"9007899"
93,"spotify:track:6qyS9qBy0mEk3qYaH8mPss","Kordhell","Murder In My Mind","Kordhell",85,96,15,"8984987"
94,"spotify:track:0oBtwScT4B4BR5kZitNWd5","Quevedo","PUNTO G","Quevedo",94,118,3,"8843587"
95,"spotify:track:3WMj8moIAXJhHsyLaqIIHI","Zach Bryan","Something in the Orange","Warner Records",57,87,11,"8815158"
96,"spotify:track:0h7QMc9ZRzA9QJrbEHytn2","JIN","The Astronaut","BIGHIT MUSIC",32,108,4,"8792976"
97,"spotify:track:1418IuVKQPTYqt7QNJ9RXN","King","Maan Meri Jaan","Warner Music India",97,-1,1,"8726663"
98,"spotify:track:3EaJDYHA0KnX88JvDhL9oa","Steve Lacy","Dark Red","Three Quarter",66,93,68,"8713473"
99,"spotify:track:2uFaJJtFpPDc5Pa95XzTvg","Dean Martin","Let It Snow! Let It Snow! Let It Snow!","Capitol Records",11,-1,20,"8712748"
100,"spotify:track:7DbdUf8aHSYoliSjO6LZv6","Beach Weather","Sex, Drugs, Etc.","8123 / Arista Records",58,90,15,"8610500"
101,"spotify:track:0fea68AdmYNygeTGI4RC18","J Balvin, Bad Bunny","LA CANCIÓN","Universal Music Latino / Rimas",17,92,92,"8584081"
102,"spotify:track:7GeTsDIc5ykNB6lORO6Cee","Drake, 21 Savage","Circo Loco","OVO / Republic Records",11,55,3,"8583205"
103,"spotify:track:5QO79kh1waicV47BqGRL3g","The Weeknd","Save Your Tears","Republic Records",2,98,103,"8542513"
104,"spotify:track:3tAQNhm1o0kzldsI5QkrB1","Aerosmith","Dream On","Aerosmith P&D - Sony",104,135,3,"8540566"
105,"spotify:track:3LtpKP5abr2qqjunvjlX5i","Central Cee","Doja","Central Cee",15,89,18,"8485196"
106,"spotify:track:3CIyK1V4JEJkg02E4EJnDl","Imagine Dragons, JID, Arcane, League of Legends","Enemy (with JID) - from the series Arcane League of Legends","Kid Ina Korner / Interscope",3,103,56,"8479657"
107,"spotify:track:0A1JLUlkZkp2EFrosoNQi0","Taylor Swift","Labyrinth","Taylor Swift",12,70,5,"8423140"
108,"spotify:track:4h4QlmocP3IuwYEj2j14p8","Nicky Youre, dazy","Sunroof","Thirty Knots/Columbia",28,86,29,"8419897"
109,"spotify:track:6UelLqGlWMcVH1E5c4H7lY","Harry Styles","Watermelon Sugar","Columbia",4,113,158,"8356792"
110,"spotify:track:09mEdoA6zrmBPgTEN5qXmN","The Weeknd","Call Out My Name","Universal Republic Records",1,99,57,"8302504"
111,"spotify:track:3AVrVz5rK8Hrqo9YGiVGN5","Cigarettes After Sex","Apocalypse","Partisan Records",89,107,20,"8256364"
112,"spotify:track:41oY4WCTj5kccfesTVFnvN","Bad Bunny, JhayCo","Tarot","Rimas Entertainment LLC",9,104,29,"8232568"
113,"spotify:track:1ga4PztXOIw1yBbdUt2X8v","KAROL G, Maldy","GATÚBELA","UMLE - Latino",33,101,13,"8146010"
114,"spotify:track:7uoFMmxln0GPXQ0AcCBXRq","Sia","Snowman","Monkey Puzzle/Atlantic",12,-1,21,"8123131"
115,"spotify:track:6HMtHNpW6YPi1hrw9tgF8P","Lizzo","About Damn Time","Nice Life/Atlantic",9,105,30,"8118667"
116,"spotify:track:68Dni7IE4VyPkTOH9mRWHr","J. Cole","No Role Modelz","Roc Nation Records LLC",76,124,70,"8115769"
117,"spotify:track:6I3mqTwhRpn34SLVafSH7G","Justin Bieber","Ghost","RBMG/Def Jam",11,116,62,"8083200"
118,"spotify:track:1IcR6RlgvDczfvoWJSSY2A","Andy Williams","It's the Most Wonderful Time of the Year","Columbia/Legacy",8,-1,30,"8059985"
119,"spotify:track:75FEaRjZTKLhTrFGsfMUXR","Kate Bush","Running Up That Hill (A Deal With God)","Fish People",1,102,26,"8055496"
120,"spotify:track:7qEHsqek33rTcFNT9PFqLf","Lewis Capaldi","Someone You Loved","Vertigo Berlin",4,111,203,"8007157"
121,"spotify:track:3yfqSUWxFvZELEM4PmlwIR","Eminem","The Real Slim Shady","Interscope",51,123,77,"7988051"
122,"spotify:track:1mea3bSkSGXuIRvnydlB5b","Coldplay","Viva La Vida","Parlophone UK",122,132,13,"7984517"
123,"spotify:track:2ZL7WZcjuYKi1KUDtp4kCC","Drake, 21 Savage","Spin Bout U","OVO / Republic Records",14,62,3,"7980353"
124,"spotify:track:0wavGRldH0AWyu2zvTz8zb","Taylor Swift","Sweet Nothing","Taylor Swift",14,78,5,"7964364"
125,"spotify:track:3khEEPRyBeOUabbmOPJzAG","Kenshi Yonezu","KICK BACK","Sony Music Labels Inc.",66,100,6,"7949896"
126,"spotify:track:2rurDawMfoKP4uHyb2kJBt","Shakira, Rauw Alejandro","Te Felicito","Sony Music Latin",13,112,31,"7934643"
127,"spotify:track:58HvfVOeJY7lUuCqF0m3ly","Elley Duhé","MIDDLE OF THE NIGHT","Not Fit For Society/RCA Records",11,114,48,"7910646"
128,"spotify:track:46IZ0fSY2mpAiktS3KOqds","Adele","Easy On Me","Columbia",1,125,58,"7906799"
129,"spotify:track:0pqnGHJpmpxLKifKRmU6WP","Imagine Dragons","Believer","Kid Ina Korner / Interscope",16,121,303,"7874956"
130,"spotify:track:3xWGA8pa0IKFI7IMPri4P0","Ed Sheeran","Shivers","Atlantic Records UK",4,119,63,"7859199"
131,"spotify:track:4ASA1PZyWGbuc4d9N8OAcF","Gustavo Mioto, Mari Fernandez","Eu Gosto Assim - Ao Vivo","Universal Music Ltda.",109,109,7,"7837397"
132,"spotify:track:5Z9KJZvQzH6PFmb8SNkxuk","Lil Nas X, Jack Harlow","INDUSTRY BABY (feat. Jack Harlow)","Columbia",2,126,70,"7791836"
133,"spotify:track:4SqWKzw0CbA05TGszDgMlc","The Walters","I Love You So","Warner Records",21,122,59,"7791584"
134,"spotify:track:4tYFy8ALRjIZvnvSLw5lxN","Bad Bunny, Rauw Alejandro","Party","Rimas Entertainment LLC",6,127,29,"7715571"
135,"spotify:track:4woTEX1wYOTGDqNXuavlRC","Eminem, Dina Rae","Superman","Aftermath",135,137,8,"7714586"
136,"spotify:track:59nOXPmaKlBfGMDeOVGrIK","Future, Drake, Tems","WAIT FOR U (feat. Drake & Tems)","Epic/Freebandz",10,110,30,"7712890"
137,"spotify:track:2J2Z1SkXYghSajLibnQHOa","Sia","Unstoppable","Monkey Puzzle Records/RCA Records",107,136,41,"7687894"
138,"spotify:track:2LSsSV7V33wM9EKQA2xjGS","Foudeqush, Ludwig Göransson","Con La Brisa","Roc Nation/Def Jam/Hollywood",138,-1,1,"7661391"
139,"spotify:track:3pUa0ZxdSeaJXm0EIydD3F","Taylor Swift","Would've, Could've, Should've","Taylor Swift",25,91,5,"7611597"
140,"spotify:track:1797zYiX4cKosMH836X9Gt","Bad Bunny, Tony Dize","La Corriente","Rimas Entertainment LLC",17,130,29,"7602975"
141,"spotify:track:1Fid2jjqsHViMX6xNH70hE","Seafret","Atlantis","Sweet Jane Recordings",63,117,18,"7585320"
142,"spotify:track:69xohKu8C1fsflYAiSNbwM","BTS","Run BTS","BIGHIT MUSIC",11,-1,7,"7577673"
143,"spotify:track:5jt25aFjW2kNoBqaEVaz5W","Mora, Feid","LA INOCENTE","Rimas Entertainment LLC",74,120,21,"7569580"
144,"spotify:track:4o6v3Oooyt7HF20idztRD4","Israel & Rodolffo, Ana Castela","Bombonzinho - Ao Vivo","Som Livre",131,131,2,"7535475"
145,"spotify:track:7ef4DlsgrMEH11cDZd32M6","Calvin Harris, Dua Lipa","One Kiss (with Dua Lipa)","Sony Music UK",2,138,98,"7529779"
146,"spotify:track:1DIXPcTDzTj8ZMHt3PDt8p","Coolio, L.V.","Gangsta's Paradise","Tommy Boy Music, LLC",40,129,56,"7480951"
147,"spotify:track:3nAp4IvdMPPWEH9uuXFFV5","Kelly Clarkson","Underneath the Tree","RCA Records Label",9,-1,22,"7474426"
148,"spotify:track:5FVd6KXrgO9B3JPmC8OPst","Arctic Monkeys","Do I Wanna Know?","Domino Recording Co",98,133,63,"7447603"
149,"spotify:track:0tgVpDi06FyKpA1z0VMD4v","Ed Sheeran","Perfect","Atlantic Records UK",4,156,297,"7402984"
150,"spotify:track:4UMIv5jd9gK98a39BQRD9X","Pritam, Arijit Singh, Amitabh Bhattacharya","Kesariya","Sony Music Entertainment India Pvt. Ltd.",33,142,19,"7396224"
151,"spotify:track:086myS9r57YsLbJpU0TgK9","Arctic Monkeys","Why'd You Only Call Me When You're High?","Domino Recording Co",104,134,55,"7389653"
152,"spotify:track:1oFAF1hdPOickyHgbuRjyX","The Weeknd, Ariana Grande","Save Your Tears (Remix) (with Ariana Grande) - Bonus Track","XO / Republic Records",5,149,83,"7326556"
153,"spotify:track:5O2P9iiztwhomNh8xkR9lJ","One Direction","Night Changes","Syco Music",108,152,26,"7313309"
154,"spotify:track:22skzmqfdWrjJylampe0kt","Macklemore & Ryan Lewis, Macklemore, Ryan Lewis, Ray Dalton","Can't Hold Us (feat. Ray Dalton)","Macklemore",147,147,47,"7264774"
155,"spotify:track:5TXDeTFVRVY7Cvt0Dw4vWW","XXXTENTACION","Revenge","Bad Vibes Forever / EMPIRE",63,139,39,"7242414"
156,"spotify:track:5QM0SsyzmBM0pbFY52Xj1X","Sam Smith","I'm Not The Only One","Capitol",82,154,18,"7197499"
157,"spotify:track:3BnDvpeuGOj21Ir2aVEtQo","Rema","Calm Down","Mavin Records / Jonzing World",119,145,20,"7177472"
158,"spotify:track:46HNZY1i7O6jwTA7Slo2PI","Coldplay, BTS","My Universe","Parlophone UK",3,162,61,"7144693"
159,"spotify:track:3hxIUxnT27p5WcmjGUXNwx","Hotel Ugly","Shut up My Moms Calling","Hotel Ugly, under exclusive license to Amuseio AB",159,161,5,"7141908"
160,"spotify:track:6i1g5ZRmJZAkDwBaUZ3f2i","Luar La L","Caile","La Mafia Urbana Corp.",32,140,15,"7138150"
161,"spotify:track:4xqrdfXkTW4T0RauPLv3WA","Conan Gray","Heather","Republic Records",12,163,122,"7125988"
162,"spotify:track:37F7E7BKEw2E4O2L7u0IEp","Freddie Dredd","Limbo","Doomshop Records/RCA Records",162,194,2,"7056757"
163,"spotify:track:5TJEBoTCDbJXiKMdCN9pd3","Elton John, Britney Spears","Hold Me Closer","EMI",25,143,13,"7041121"
164,"spotify:track:0ll8uFnc0nANY35E0Lfxvg","Keane","Somewhere Only We Know","Universal-Island Records Ltd.",120,177,11,"7040368"
165,"spotify:track:2TktkzfozZifbQhXjT6I33","Omar Apollo","Evergreen (You Didn’t Deserve Me At All)","Warner Records",54,155,10,"7030183"
166,"spotify:track:6tjituizSxwSmBB5vtgHZE","Michael Bublé","Holly Jolly Christmas","Reprise",21,-1,26,"6996016"
167,"spotify:track:1v7L65Lzy0j0vdpRjJewt1","Eminem","Lose Yourself - From ""8 Mile"" Soundtrack","Aftermath",44,170,101,"6983840"
168,"spotify:track:5gDWsRxpJ2lZAffh5p7K0w","The Weeknd, Lana Del Rey","Stargirl Interlude","Universal Republic Records",131,150,19,"6962609"
169,"spotify:track:2JPLbjOn0wPCngEot2STUS","Bad Bunny","Yonaguni","Rimas Entertainment LLC",3,178,76,"6959418"
170,"spotify:track:6ex1Pz3pntgy4NPtxHXN2V","Ed Sheeran","Bad Habits","Atlantic Records UK",3,165,74,"6953919"
171,"spotify:track:2lmWwBLVJ2P0HX491zkYws","Eladio Carrion","Mbappe","Rimas Entertainment LLC",171,-1,1,"6953566"
172,"spotify:track:6mmPpaltUZK7xjNlBPQQ0p","Rauw Alejandro, Chencho Corleone","Desesperados","Sony Music Latin/Duars Entertainment",8,157,50,"6932100"
173,"spotify:track:0hquQWY3xvYqN4qtiquniF","Doja Cat","Vegas (From the Original Motion Picture Soundtrack ELVIS)","Kemosabe Records/RCA Records",26,164,25,"6929393"
174,"spotify:track:5FkJHVudUByVjanCqFXRql","Mr.Kitty","After Dark","Juggernaut Music Group",112,169,32,"6918125"
175,"spotify:track:5nujrmhLynf4yMoMtj8AQF","Dua Lipa, DaBaby","Levitating (feat. DaBaby)","Warner Records",4,166,112,"6917950"
176,"spotify:track:0B7wvvmu9EISAwZnOpjhNI","Bruno Mars","When I Was Your Man","Atlantic Records",161,175,13,"6912012"
177,"spotify:track:7fBv7CLKzipRk6EC6TWHOB","The Weeknd","The Hills","Universal Republic Records",52,158,65,"6908872"
178,"spotify:track:0T2pB7P1VdXPhLdQZ488uH","Feid","Normal","UMLE - Latino",57,146,20,"6886655"
179,"spotify:track:4zN21mbAuaD0WqtmaTZZeP","James Hype, Miggy Dela Rosa","Ferrari","Universal-Island Records Ltd.",34,153,25,"6881828"
180,"spotify:track:1u8c2t2Cy7UBoG4ArRcF5g","Taylor Swift","Blank Space","Big Machine Records, LLC",113,185,54,"6812548"
181,"spotify:track:7xapw9Oy21WpfEcib2ErSA","Justin Bieber","Mistletoe","RBMG/Def Jam",15,-1,29,"6777003"
182,"spotify:track:6BePGk3eCan4FqaW2X8Qy3","Tiësto, Tate McRae","10:35","Atlantic Records",128,128,2,"6772993"
183,"spotify:track:1FEiijYPJtyswChfcpv3p0","Lana Del Rey","Summertime Sadness","Polydor Records",94,186,18,"6767533"
184,"spotify:track:0RiRZpuVRbi7oqRdSMwhQY","Post Malone, Swae Lee","Sunflower - Spider-Man: Into the Spider-Verse","Republic Records",1,172,213,"6764695"
185,"spotify:track:1XGmzt0PVuFgQYYnV2It7A","Maroon 5, Wiz Khalifa","Payphone","Interscope Records*",70,190,48,"6764367"
186,"spotify:track:3GYlZ7tbxLOxe6ewMNVTkw","Billie Eilish","TV","Darkroom/Interscope Records",27,176,9,"6747517"
187,"spotify:track:6Uj1ctrBOjOas8xZXGqKk4","Doja Cat","Woman","Kemosabe Records/RCA Records",6,180,72,"6728966"
188,"spotify:track:2tpWsVSb9UEmDRxAl1zhX1","OneRepublic","Counting Stars","Mosley / Interscope",101,195,88,"6727157"
189,"spotify:track:1Ame8XTX6QHY0l0ahqUhgv","Måneskin","THE LONELIEST","Epic",50,197,7,"6723112"
190,"spotify:track:3uUuGVFu1V7jTQL60S1r8z","Lost Frequencies, Calum Scott","Where Are You Now","Epic Amsterdam",18,184,64,"6720862"
191,"spotify:track:7yq4Qj7cqayVTp3FF9CWbm","Vance Joy","Riptide","F-Stop Records/Atlantic",122,-1,97,"6716231"
192,"spotify:track:2DB4DdfCFMw1iaR6JaR03a","Camila Cabello, Ed Sheeran","Bam Bam (feat. Ed Sheeran)","Epic",5,160,38,"6699342"
193,"spotify:track:39JofJHEtg8I4fSyo7Imft","Eliza Rose, Interplanetary Criminal","B.O.T.A. (Baddest Of Them All) - Edit","Warner Records",52,168,12,"6631099"
194,"spotify:track:2jkyPVk1nbpsZD0KAS98Zw","ThxSoMch","SPIT IN MY FACE!","Elektra (NEK)",174,174,2,"6614173"
195,"spotify:track:5Zlb01Jcn0Ld49zazzZJSB","TWISTED, Oliver Tree","WORTH NOTHING - Fast & Furious: Drift Tape/Phonk Vol 1","APG Inc – FF10",188,200,3,"6607319"
196,"spotify:track:7wdwIaXUuzlu1grzWMFRJm","Ghost","Mary On A Cross","UME - Global Clearing House",36,167,15,"6593596"
197,"spotify:track:4H6o1bxKRGzmsE0vzo968m","Yuridia, Ángela Aguilar","Qué Agonía","Sony Music México",197,-1,1,"6570162"
198,"spotify:track:4RVwu0g32PAqgUiJoXsdF8","Billie Eilish","Happier Than Ever","Darkroom/Interscope Records",6,183,69,"6512066"
199,"spotify:track:3rb0tMq42WfggucPm0HHkA","MEDUZA, James Carter, Elley Duhé, FAST BOY","Bad Memories (feat. Elley Duhé & FAST BOY)","Universal-Island Records Ltd.",199,-1,1,"6495899"
200,"spotify:track:4MzXwWMhyBbmu6hOcLVD49","Bad Bunny, JhayCo","DÁKITI","Rimas Entertainment LLC",1,196,107,"6486919"
