﻿rank,uri,artist_names,track_name,source,peak_rank,previous_rank,weeks_on_chart,streams
1,"spotify:track:02MWAaffLxlfxAUY7c5dvx","Glass Animals","Heat Waves","Polydor Records",1,1,66,"30825272"
2,"spotify:track:3IAfUEeaXRX9s9UdKOJrFI","Anitta","Envolver","WEA Latina",2,3,4,"30080391"
3,"spotify:track:5PjdY0CKGZdEuoNab3yDmX","The Kid LAROI, Justin Bieber","STAY (with Justin Bieber)","Columbia",1,2,38,"24933132"
4,"spotify:track:2gpQi3hbcUAcEG8m2dlgfB","Paulo Londra","Plan A","WEA Latina",4,106,2,"24746212"
5,"spotify:track:1HhNoOuqm1a5MXYEgAFl8o","Imagine Dragons, JID, Arcane, League of Legends","Enemy (with JID) - from the series Arcane League of Legends","Kid Ina Korner / Interscope",3,4,22,"22829588"
6,"spotify:track:7rglLriMNBPAyuJOMGwi39","Elton John, Dua Lipa, PNAU","Cold Heart - PNAU Remix","EMI",4,6,33,"20985644"
7,"spotify:track:4fouWK6XVHhzl78KzQ1UjL","GAYLE","abcdefu","Atlantic/Arthouse Records",1,5,20,"20279217"
8,"spotify:track:5Z9KJZvQzH6PFmb8SNkxuk","Lil Nas X, Jack Harlow","INDUSTRY BABY (feat. Jack Harlow)","Columbia",2,8,36,"19060926"
9,"spotify:track:1ri9ZUkBJVFUdgwzCnfcYs","Becky G, KAROL G","MAMIII","Kemosabe Records/RCA Records",5,7,7,"18289343"
10,"spotify:track:6mmPpaltUZK7xjNlBPQQ0p","Rauw Alejandro, Chencho Corleone","Desesperados","Sony Music Latin/Duars Entertainment",8,9,16,"17344371"
11,"spotify:track:6I3mqTwhRpn34SLVafSH7G","Justin Bieber","Ghost","RBMG/Def Jam",11,13,28,"17091238"
12,"spotify:track:50nfwKoDiSYg8zOCREWAm5","Ed Sheeran","Shivers","Atlantic Records UK",4,10,29,"16655032"
13,"spotify:track:58HvfVOeJY7lUuCqF0m3ly","Elley Duhé","MIDDLE OF THE NIGHT","Not Fit For Society/RCA Records",13,15,14,"16614479"
14,"spotify:track:6Uj1ctrBOjOas8xZXGqKk4","Doja Cat","Woman","Kemosabe Records/RCA Records",6,11,38,"16536723"
15,"spotify:track:1O2pcBJGej0pmH2Y9XZMs6","Cris Mj","Una Noche en Medellín","Nabru Records LLC",15,16,5,"16161349"
16,"spotify:track:0QBzMgT7NIeoCYy3sJCof1","Camila Cabello, Ed Sheeran","Bam Bam (feat. Ed Sheeran)","Epic",13,14,4,"16041650"
17,"spotify:track:46IZ0fSY2mpAiktS3KOqds","Adele","Easy On Me","Columbia",1,12,24,"15914121"
18,"spotify:track:0e8nrvls4Qqv5Rfa2UhqmO","Lil Nas X","THATS WHAT I WANT","Columbia",3,17,28,"14928655"
19,"spotify:track:3uUuGVFu1V7jTQL60S1r8z","Lost Frequencies, Calum Scott","Where Are You Now","Epic Amsterdam",18,18,30,"14503805"
20,"spotify:track:3rmo8F54jFF8OgYsqTxm5d","Ed Sheeran","Bad Habits","Atlantic Records UK",3,20,40,"13801782"
21,"spotify:track:2B4GHvToeLTOBB4QLzW3Ni","Farruko","Pepas","Sony Music Latin",4,22,38,"13705959"
22,"spotify:track:18asYwWugKjjsihZ0YvRxO","Tiësto, Ava Max","The Motto","Atlantic Records",22,23,21,"13705657"
23,"spotify:track:4ZtFanR9U6ndgddUvNcjcG","Olivia Rodrigo","good 4 u","Olivia Rodrigo PS",1,24,46,"13628090"
24,"spotify:track:59CfNbkERJ3NoTXDvoURjj","Dove Cameron","Boyfriend","Disruptor Records/Columbia",11,19,7,"13498371"
25,"spotify:track:1SOClUWhOi8vHZYMz3GluK","Jaymes Young","Infinity","Atlantic Records",11,21,22,"13371962"
26,"spotify:track:48AJSd42lXpicsGqcgopof","Daddy Yankee, Bad Bunny","X ÚLTIMA VEZ","Republic Records",26,-1,1,"13355837"
27,"spotify:track:46HNZY1i7O6jwTA7Slo2PI","Coldplay, BTS","My Universe","Parlophone UK",3,25,27,"13329625"
28,"spotify:track:0VjIjW4GlUZAMYd2vXMi3b","The Weeknd","Blinding Lights","Republic Records",1,27,122,"12188491"
29,"spotify:track:4SqWKzw0CbA05TGszDgMlc","The Walters","I Love You So","Warner Records",21,26,25,"12172531"
30,"spotify:track:7jtQIBanIiJOMS6RyCx6jZ","Tom Odell","Another Love","ITNO/Columbia",30,31,51,"12118944"
31,"spotify:track:4gzsuuZypVbxs0Af1LSZyB","Tainy, Bad Bunny, Julieta Venegas","Lo Siento BB:/ (with Bad Bunny & Julieta Venegas)","Neon16",12,28,26,"11792367"
32,"spotify:track:3Vi5XqYrmQgOYBajMWSvCi","Doja Cat","Need to Know","Kemosabe Records/RCA Records",6,35,42,"11583177"
33,"spotify:track:2QjOHCTQ1Jl3zawyYOpxh6","The Neighbourhood","Sweater Weather","Columbia",29,33,83,"11439019"
34,"spotify:track:2eAvDnpXP5W0cVtiI0PUxV","Ruth B.","Dandelions","Columbia",34,36,33,"11207971"
35,"spotify:track:2JPLbjOn0wPCngEot2STUS","Bad Bunny","Yonaguni","Rimas Entertainment LLC",3,34,43,"10851656"
36,"spotify:track:3DarAbFujv6eYNliUTyqtz","Doja Cat, SZA","Kiss Me More (feat. SZA)","Kemosabe Records/RCA Records",3,38,51,"10825483"
37,"spotify:track:20on25jryn53hWghthWWW3","ACRAZE, Cherish","Do It To It","Thrive Music, LLC",9,32,22,"10800527"
38,"spotify:track:3AVXwaOGCEL8cmBecfcsFJ","Charlie Puth","Light Switch","Atlantic Records",19,40,10,"10789111"
39,"spotify:track:5CZ40GBx1sQ9agT82CLQCT","Olivia Rodrigo","traitor","Olivia Rodrigo PS",7,42,45,"10618171"
40,"spotify:track:2WL6GQzPuK9Nrpy9XwNEbz","Nirvana","Something In The Way","Geffen",19,30,4,"10553592"
41,"spotify:track:52xJxFP6TqMuO4Yt0eOkMz","Carolina Gaitán - La Gaita, Mauro Castillo, Adassa, Rhenzy Feliz, Diane Guerrero, Stephanie Beatriz, Encanto - Cast","We Don't Talk About Bruno","Walt Disney Records",8,37,14,"10544250"
42,"spotify:track:3uwnnTQcHM1rDqSfA4gQNz","Demi Lovato","Cool for the Summer","Hollywood Records",42,61,2,"10251120"
43,"spotify:track:5nujrmhLynf4yMoMtj8AQF","Dua Lipa, DaBaby","Levitating (feat. DaBaby)","Warner Records",4,41,78,"10141473"
44,"spotify:track:531KGXtBroSrOX9LVmiIgc","Dave","Starlight","Dave / Neighbourhood Recordings",44,45,4,"10022366"
45,"spotify:track:0bBd6K5X4W7t9GyXcaVOA7","J Balvin, Ed Sheeran","Sigue","Universal Music Latino / Asylum Records UK",45,-1,1,"9969072"
46,"spotify:track:5zNxUkUW9WiV5oyg6gh2wB","PEDRO SAMPAIO, Mc Pedrinho","DANÇARINA","WM Brazil",32,48,6,"9390158"
47,"spotify:track:5wANPM4fQCJwkGd4rN57mH","Olivia Rodrigo","drivers license","Olivia Rodrigo PS",1,55,64,"9250408"
48,"spotify:track:3sd2p4kE7xQmFH3lPnFl6h","Davi Kneip, Mc Frog, Dj Gabriel do Borel, Luísa Sonza","sentaDONA (Remix) s2","Davi Kneip",48,123,2,"9211193"
49,"spotify:track:5QO79kh1waicV47BqGRL3g","The Weeknd","Save Your Tears","Republic Records",2,54,69,"9199463"
50,"spotify:track:2K7xn816oNHJZ0aVqdQsha","The Neighbourhood","Softcore","Columbia",35,46,12,"9170644"
51,"spotify:track:7mFj0LlWtEJaEigguaWqYh","Megan Thee Stallion, Dua Lipa","Sweetest Pie","300 Entertainment",17,29,3,"9065926"
52,"spotify:track:1SC5rEoYDGUK4NfG82494W","Lil Nas X","MONTERO (Call Me By Your Name)","Columbia",1,47,53,"9032835"
53,"spotify:track:2rDZhKnPaPG054ExZ6nXUS","Ryan Castro","Jordan","King Records",53,53,5,"9024864"
54,"spotify:track:7lQ8MOhq6IN2w8EYcFNSUk","Eminem","Without Me","Aftermath",31,49,27,"9002421"
55,"spotify:track:1UdzJEpgJxtuXAlCOvD4S0","Danny Ocean","Fuera del mercado","Atlantic Records",55,122,2,"8960246"
56,"spotify:track:58ge6dfP91o9oXMzq3XkIS","Arctic Monkeys","505","Domino Recording Co",56,57,13,"8850039"
57,"spotify:track:6lX6l7OuA3qrnIRfdsr0dw","Blessd, Justin Quiles, Lenny Tavárez","Medallo","WEA Latina",48,50,19,"8819265"
58,"spotify:track:3XjN0mvFkQp1FMVM9Ro5hm","Daddy Yankee","RUMBATÓN","Republic Records",58,-1,1,"8734887"
59,"spotify:track:0HqZX76SFLDz2aW8aiqi7G","Imagine Dragons","Bones","KIDinaKORNER/Interscope Records",59,63,3,"8702666"
60,"spotify:track:1oFAF1hdPOickyHgbuRjyX","The Weeknd, Ariana Grande","Save Your Tears (Remix) (with Ariana Grande) - Bonus Track","XO / Republic Records",5,43,49,"8552218"
61,"spotify:track:0IuVhCflrQPMGRrOyoY5RW","Tate McRae","she's all i wanna be","RCA Records Label",38,67,8,"8442426"
62,"spotify:track:4RVwu0g32PAqgUiJoXsdF8","Billie Eilish","Happier Than Ever","Darkroom/Interscope Records",6,66,35,"8382395"
63,"spotify:track:4srcMdbm2qzVG98tJajHxp","Alejo, Feid, ROBI","Pantysito","UMLE - Latino",63,99,2,"8356120"
64,"spotify:track:4MzXwWMhyBbmu6hOcLVD49","Bad Bunny, JhayCo","DÁKITI","Rimas Entertainment LLC",1,59,74,"8298669"
65,"spotify:track:0oA9wBGDY4uyILLg4GymWP","AnnenMayKantereit, Giant Rooks","Tom's Diner","Vertigo Berlin",65,90,2,"8288971"
66,"spotify:track:5gflgO9EPbIBf16n5TKnQS","Zion & Lennox","Yo Voy (feat. Daddy Yankee)","Baby Records Inc",63,64,6,"8261411"
67,"spotify:track:6UelLqGlWMcVH1E5c4H7lY","Harry Styles","Watermelon Sugar","Columbia",4,73,124,"8210299"
68,"spotify:track:0Bv7O6fmZk3GrNQFYJaXPn","La Pantera, Quevedo, Juseph, Abhir Hathi, Bejo, Cruz Cafuné, EL IMA","Cayó La Noche (feat. Cruz Cafuné, Abhir Hathi, Bejo, EL IMA) [Remix]","La Pantera",58,58,9,"8098070"
69,"spotify:track:6ylDpki1VpIsc525KC1ojF","Sebastian Yatra","Tacones Rojos","UMLE - Latino",45,60,19,"8049786"
70,"spotify:track:6HU7h9RYOaPRFeh0R3UeAr","Olivia Rodrigo","deja vu","Olivia Rodrigo PS",3,86,52,"8026856"
71,"spotify:track:1ZdhOMWyFR8Iv9eylMGYg2","Labrinth","Mount Everest","Syco Music",36,52,8,"8011385"
72,"spotify:track:3Wrjm47oTz2sjIgck11l5e","Måneskin","Beggin'","RCA Records Label",1,69,43,"8004981"
73,"spotify:track:25wdC7CJmCJPgnKw9rYquJ","Machine Gun Kelly, Bring Me The Horizon","maybe (feat. Bring Me The Horizon)","Bad Boy / Interscope",72,72,2,"7970507"
74,"spotify:track:2Xr1dTzJee307rmrkt8c0g","CKay","love nwantiti (ah ah ah)","Chocolate City Music",9,71,29,"7870499"
75,"spotify:track:2gQPv5jvVPqU2a9HhMNO1v","BoyWithUke","Toxic","Republic Records",23,70,24,"7801809"
76,"spotify:track:4iJyoBOLtHqaGxP12qzhQI","Justin Bieber, Daniel Caesar, Giveon","Peaches (feat. Daniel Caesar & Giveon)","RBMG/Def Jam",1,88,54,"7759969"
77,"spotify:track:1mWdTewIgB3gtBM3TOSFhB","BTS","Butter","BIGHIT MUSIC",2,51,45,"7716318"
78,"spotify:track:5TMLavqGRKNxgzMBrVpC9R","zzoilo, Aitana","Mon Amour - Remix","Universal Music Spain S.L.",34,62,30,"7716186"
79,"spotify:track:3AJwUDP919kvQ9QcozQPxg","Coldplay","Yellow","Parlophone UK",79,111,67,"7697562"
80,"spotify:track:3yfqSUWxFvZELEM4PmlwIR","Eminem","The Real Slim Shady","Interscope",51,80,43,"7685181"
81,"spotify:track:00Blm7zeNqgYLPtW6zg8cj","Post Malone, The Weeknd","One Right Now (with The Weeknd)","Republic Records",9,84,21,"7617736"
82,"spotify:track:3GZD6HmiNUhxXYf8Gch723","Frank Ocean","Lost","Red Zone Entertainment / IDJ",50,76,11,"7613122"
83,"spotify:track:2bdqU7C4softKNcMYDFi96","Tate McRae","chaotic","RCA Records Label",83,-1,1,"7491085"
84,"spotify:track:0y60itmpH0aPKsFiGxmtnh","WILLOW","Wait a Minute!","Roc Nation W Smith P&D",84,138,2,"7484984"
85,"spotify:track:7BDHDiidJ8WV349p3HTxTV","Stray Kids","MANIAC","Republic Records - Stray Kids",39,39,2,"7454017"
86,"spotify:track:0pqnGHJpmpxLKifKRmU6WP","Imagine Dragons","Believer","Kid Ina Korner / Interscope",16,92,269,"7447423"
87,"spotify:track:3o9kpgkIcffx0iSwxhuNI2","Em Beihold","Numb Little Bug","Republic Records/Moon Projects, LLC.",69,79,9,"7377851"
88,"spotify:track:3Kkjo3cT83cw09VJyrLNwX","Adele","Oh My God","Columbia",3,89,19,"7342994"
89,"spotify:track:3PfIrDoz19wz7qK7tYeu62","Dua Lipa","Don't Start Now","Warner Records",2,85,126,"7335134"
90,"spotify:track:4r9jkMEnArtWGH2rL2FZl0","Bad Bunny","A Tu Merced","Rimas Entertainment LLC",52,81,20,"7322829"
91,"spotify:track:50eJOxJiGmJ7PBZaTKpje1","Machine Gun Kelly, blackbear","make up sex (feat. blackbear)","Bad Boy / Interscope",91,-1,1,"7289760"
92,"spotify:track:0RiRZpuVRbi7oqRdSMwhQY","Post Malone, Swae Lee","Sunflower - Spider-Man: Into the Spider-Verse","Republic Records",1,94,180,"7267590"
93,"spotify:track:74WROFXsox6wkeUrEK2DS6","Eden Muñoz","Chale","Lizos Music",75,75,4,"7238892"
94,"spotify:track:37y7iDayfwm3WXn5BiAoRk","Steve Lacy","Dark Red","Three Quarter",66,96,34,"7233300"
95,"spotify:track:0sTlGEld0h8kIPZaKDYUf4","The Rare Occasions","Notion","Elektra (NEK)",67,95,12,"7224081"
96,"spotify:track:2vmfvSoZBFAt9hhRoEByLi","Aventura, Bad Bunny","Volví","Rimas Entertainment LLC",10,83,35,"7198043"
97,"spotify:track:6HJIZUOiZDE814XMhRGSZN","Yahritza Y Su Esencia","Soy El Unico","Lumbre Music/Columbia",97,-1,1,"7194181"
98,"spotify:track:6Y46tOTRhkBamosyuWa6YX","ROSALÍA, The Weeknd","LA FAMA","Columbia",32,56,16,"7151325"
99,"spotify:track:3rdAz1fbUfZxYgaCviYhRo","Rauw Alejandro","Todo De Ti","Sony Music Latin/Duars Entertainment",2,87,45,"7137613"
100,"spotify:track:3GaGWoU1KfVqgl7vnRHP55","C. Tangana","Demasiadas Mujeres","Sony Music Entertainment",100,127,4,"7136308"
101,"spotify:track:2gpWyfu7eZ01zzncHpxOtA","Swedish House Mafia, The Weeknd","Moth To A Flame (with The Weeknd)","Republic Records",7,97,23,"7132024"
102,"spotify:track:2hHeGD57S0BcopfVcmehdl","Tulus","Hati-Hati di Jalan","TulusCompany",45,78,4,"7109824"
103,"spotify:track:0u2P5u6lvoDfwTYjAADbn4","Billie Eilish, Khalid","lovely (with Khalid)","Darkroom",24,103,206,"7095367"
104,"spotify:track:70AYiGbc4mWZGEqiipBBDb","ROSALÍA","CANDY","Columbia",44,44,2,"7073008"
105,"spotify:track:69vlMrzHwATKzupwNcUPyK","Bad Bunny, Daddy Yankee","La Santa","Rimas Entertainment LLC",14,112,24,"7063553"
106,"spotify:track:3yMC1KsTwh0ceXdIe4QQAQ","Lauren Spencer Smith","Fingers Crossed","Three Name Productions, Inc./ Island Records & Republic Records",17,93,12,"7046370"
107,"spotify:track:1v7L65Lzy0j0vdpRjJewt1","Eminem","Lose Yourself - From ""8 Mile"" Soundtrack","Aftermath",44,102,67,"7044294"
108,"spotify:track:7qEHsqek33rTcFNT9PFqLf","Lewis Capaldi","Someone You Loved","Vertigo Berlin",4,107,169,"6976528"
109,"spotify:track:5vUnjhBzRJJIAOJPde6zDx","Jnr Choi, Sam Tompkins","TO THE MOON","Jnr Choi/Epic",55,98,12,"6969214"
110,"spotify:track:503OTo2dSqe7qk76rgsbep","Dr. Dre, Snoop Dogg","Still D.R.E.","Aftermath",29,101,7,"6966005"
111,"spotify:track:5QDLhrAOJJdNAmCTJ8xMyW","BTS","Dynamite","BIGHIT MUSIC",2,100,84,"6939458"
112,"spotify:track:68Dni7IE4VyPkTOH9mRWHr","J. Cole","No Role Modelz","Roc Nation Records LLC",112,115,36,"6879000"
113,"spotify:track:0k4d5YPDr1r7FX77VdqWez","Doja Cat, The Weeknd","You Right","Kemosabe Records/RCA Records",15,109,40,"6875398"
114,"spotify:track:2oBMZYteeO8DyXV9gDx6Za","Red Velvet","Feel My Rhythm","SM Entertainment",114,-1,1,"6841560"
115,"spotify:track:0DGTcMqvVR7fmBXgiG6jz4","Pharrell Williams","Just A Cloud Away","Columbia",115,165,2,"6837424"
116,"spotify:track:1Y5Jvi3eLi4Chwqch9GMem","Kodak Black","Super Gremlin","Atlantic Records",45,91,16,"6834241"
117,"spotify:track:3XOalgusokruzA5ZBA2Qcb","Gunna, Future, Young Thug","pushin P (feat. Young Thug)","300 Entertainment",14,68,12,"6773062"
118,"spotify:track:7hU3IHwjX150XLoTVmjD0q","LISA","MONEY","YG Entertainment/Interscope Records",5,108,29,"6748017"
119,"spotify:track:6Jrdb6CFOJEGaHjaa6c4WR","BoyWithUke, blackbear","IDGAF (with blackbear)","Republic Records",74,74,2,"6743797"
120,"spotify:track:2Gq636OOGgxCTqEuzCZhsa","Bizarrap, Tiago PZK","Tiago PZK: Bzrp Music Sessions, Vol. 48","DALE PLAY Records",37,110,13,"6729473"
121,"spotify:track:2J2Z1SkXYghSajLibnQHOa","Sia","Unstoppable","Monkey Puzzle Records/RCA Records",112,129,7,"6727054"
122,"spotify:track:0gucTLf7trAf37Ua1uAyAu","Nirvana","Smells Like Teen Spirit","Geffen",109,128,64,"6715402"
123,"spotify:track:5TXDeTFVRVY7Cvt0Dw4vWW","XXXTENTACION","Revenge","Bad Vibes Forever / EMPIRE",63,116,13,"6687459"
124,"spotify:track:4bV5sf2B4hWBBd5HQ8S7KB","4*TOWN (From Disney and Pixar’s Turning Red), Jordan Fisher, Finneas O'Connell, Topher Ngo, Grayson Villanueva, Josh Levi","Nobody Like U","Walt Disney Records",124,157,2,"6583973"
125,"spotify:track:2tpWsVSb9UEmDRxAl1zhX1","OneRepublic","Counting Stars","Mosley / Interscope",117,126,55,"6514373"
126,"spotify:track:0NBgyml7T0IvUNbXIkcSpH","Xamã, Gustah, Neo Beats, Bagua Records","Malvadão 3","Bagua Records",33,114,14,"6478542"
127,"spotify:track:7EkWXAI1wn8Ii883ecd9xr","Surf Curse","Freaks","Surf Curse",55,119,48,"6433044"
128,"spotify:track:2FYGZDfsAnNsrm1gVbyKnG","ROSALÍA","SAOKO","Columbia",80,82,3,"6414303"
129,"spotify:track:2BcMwX1MPV6ZHP4tUT9uq6","Drake, 21 Savage, Project Pat","Knife Talk (with 21 Savage ft. Project Pat)","OVO",10,120,30,"6410175"
130,"spotify:track:7qiZfU4dY1lWllzX7mPBI3","Ed Sheeran","Shape of You","Atlantic Records UK",1,140,270,"6338231"
131,"spotify:track:5E30LdtzQTGqRvNd7l6kG5","The Neighbourhood","Daddy Issues","Columbia",99,132,77,"6325167"
132,"spotify:track:72jYQj3RgTR1DFLfibD71B","UZI","ARASAN DA","Ava Music / Avrupa Müzik",65,65,2,"6284428"
133,"spotify:track:5g7sDjBhZ4I3gcFIpkrLuI","Bruno Mars","Locked out of Heaven","Atlantic Records",111,133,13,"6279101"
134,"spotify:track:1u8c2t2Cy7UBoG4ArRcF5g","Taylor Swift","Blank Space","Big Machine Records, LLC",130,130,21,"6277525"
135,"spotify:track:0fea68AdmYNygeTGI4RC18","J Balvin, Bad Bunny","LA CANCIÓN","Universal Music Latino / Rimas",17,137,65,"6249572"
136,"spotify:track:1XGmzt0PVuFgQYYnV2It7A","Maroon 5, Wiz Khalifa","Payphone","Interscope Records*",136,136,15,"6231126"
137,"spotify:track:78kygHp1dvW1kncYjBgbe1","Ryan Castro","Mujeriego","Sony Music Entertainment",92,121,9,"6203220"
138,"spotify:track:0G2zPzWqVjR68iNPmx2TBe","Mora, Bad Bunny, Sech","Volando - Remix","Rimas Entertainment LLC",19,125,38,"6167651"
139,"spotify:track:4xkOaSrkexMciUUogZKVTS","Eminem, Nate Dogg","Till I Collapse","Aftermath",81,134,40,"6152890"
140,"spotify:track:7yq4Qj7cqayVTp3FF9CWbm","Vance Joy","Riptide","F-Stop Records/Atlantic",122,144,65,"6078277"
141,"spotify:track:0ct6r3EGTcMLPtrXHDvVjc","Avicii","The Nights","Universal Music AB",44,141,55,"6077262"
142,"spotify:track:76YSWx6L6FNsuaP6GWBb8P","Labrinth, Zendaya","All For Us","Syco Music",43,104,12,"6062083"
143,"spotify:track:1DIXPcTDzTj8ZMHt3PDt8p","Coolio, L.V.","Gangsta's Paradise","Tommy Boy Music, LLC",116,142,23,"6046209"
144,"spotify:track:6f5ExP43esnvdKPddwKXJH","NEIKED, Mae Muller, Polo G","Better Days (NEIKED x Mae Muller x Polo G)","Capitol Records UK / EMI",32,146,24,"6039815"
145,"spotify:track:4u7EnebtmKWzUH433cf5Qv","Queen","Bohemian Rhapsody - Remastered 2011","EMI",11,147,183,"6026601"
146,"spotify:track:0dcnrLo8s1rhjm8euGjI4n","TREASURE","DARARI","YG Entertainment",102,118,5,"6013795"
147,"spotify:track:6EtKlIQmGPB9SX8UjDJG5s","Labrinth","Formula","Masterworks",68,117,11,"5994464"
148,"spotify:track:0UXlu64mDLvfzR8IXMz06J","Christian Nodal","Ya No Somos Ni Seremos","Producciones Ladon, S.A de C.V.",37,124,6,"5987798"
149,"spotify:track:0tgVpDi06FyKpA1z0VMD4v","Ed Sheeran","Perfect","Atlantic Records UK",4,151,263,"5986934"
150,"spotify:track:2tGvwE8GcFKwNdAXMnlbfl","Olivia Rodrigo","happier","Olivia Rodrigo PS",12,168,45,"5970856"
151,"spotify:track:0bI7K9Becu2dtXK1Q3cZNB","Tiësto, KAROL G","Don't Be Shy","Atlantic Records",38,150,33,"5920621"
152,"spotify:track:6RUKPb4LETWmmr3iAEQktW","The Chainsmokers, Coldplay","Something Just Like This","Disruptor Records/Columbia",2,190,173,"5907214"
153,"spotify:track:1zi7xx7UVEFkmKfv06H8x0","Drake, Wizkid, Kyla","One Dance","Cash Money Records/Young Money Ent./Universal Rec.",12,153,121,"5904750"
154,"spotify:track:62Yo3FDddWY8ydu6PW2wyz","Jack Harlow","Nail Tech","Generation Now/Atlantic",36,113,6,"5892719"
155,"spotify:track:4jPy3l0RUwlUI9T5XHBW2m","24kGoldn, iann dior","Mood (feat. iann dior)","Records/Columbia",1,155,86,"5887792"
156,"spotify:track:5719MEdRQcH4c3phXqX7WN","Hugo & Guilherme, Marília Mendonça","Mal Feito - Ao Vivo","Som Livre",72,164,11,"5865927"
157,"spotify:track:48QmG1dfvMuYLxMPt7KSRA","Sean Paul, Dua Lipa","No Lie","Universal-Island Records Ltd.",80,148,35,"5858483"
158,"spotify:track:7gVzhRCrLRUBEGdS7zNTp0","Zé Felipe","Malvada","Som Livre",58,149,8,"5855026"
159,"spotify:track:3Oww84xrmgjyr5J1ilOmAf","Luude, Colin Hay","Down Under (feat. Colin Hay)","Sweat It Out",72,131,11,"5848164"
160,"spotify:track:0W6I02J9xcqK8MtSeosEXb","Doja Cat","Get Into It (Yuh)","Kemosabe Records/RCA Records",36,145,35,"5839340"
161,"spotify:track:21jGcNKet2qwijlDFuPiPb","Post Malone","Circles","Republic Records",1,159,135,"5800451"
162,"spotify:track:3dYD57lRAUcMHufyqn9GcI","Hozier","Take Me To Church","Universal-Island Records Ltd.",108,161,76,"5788242"
163,"spotify:track:4xqrdfXkTW4T0RauPLv3WA","Conan Gray","Heather","Republic Records",12,162,88,"5784817"
164,"spotify:track:5UWwZ5lm5PKu6eKsHAGxOk","Foo Fighters","Everlong","RCA Records Label",164,-1,1,"5764832"
165,"spotify:track:003vvx7Niy0yvhvHt4a68B","The Killers","Mr. Brightside","Island Records",98,156,88,"5747244"
166,"spotify:track:65MqlYPOWReasKWcuCaOCW","Daddy Yankee","REMIX","Republic Records",166,-1,1,"5734983"
167,"spotify:track:7iL6o9tox1zgHpKUfh9vuC","50 Cent","In Da Club","Shady Records",77,163,7,"5703777"
168,"spotify:track:6LtHYDgYHRCHoKK3snfr2w","Labrinth, Zendaya","I’m Tired (with Zendaya) - Bonus Track","Columbia",29,105,5,"5693766"
169,"spotify:track:0nrRP2bk19rLc0orkWPQk2","Avicii","Wake Me Up","Universal Music AB",13,172,69,"5690186"
170,"spotify:track:2N8m6CYs74qQO4mjVcXO30","Tones And I","Dance Monkey","Elektra (NEK)",1,167,141,"5687463"
171,"spotify:track:2ZRo7axmMPeSVUvDbGkJah","XXXTENTACION","Hope","Bad Vibes Forever, LLC",42,169,36,"5682183"
172,"spotify:track:5enxwA8aAbwZbf5qCHORXi","Taylor Swift","All Too Well (10 Minute Version) (Taylor's Version) (From The Vault)","Taylor Swift",1,158,20,"5670042"
173,"spotify:track:5lAnYvAIkSDNXqfo7DyFUm","Doja Cat","Ain't Shit","Kemosabe Records/RCA Records",22,187,22,"5656909"
174,"spotify:track:6K5ph5mq1qprHae3TrgTj5","Jessica Darrow","Surface Pressure - From ""Encanto""/Soundtrack Version","UME - Global Clearing House",23,143,13,"5655464"
175,"spotify:track:5JCoSi02qi3jJeHdZXMmR8","Olivia Rodrigo","favorite crime","Olivia Rodrigo PS",11,-1,40,"5646180"
176,"spotify:track:3tBZ60j1jQ7NJm8IjelyQe","Machine Gun Kelly, WILLOW","emo girl (feat. WILLOW)","Bad Boy / Interscope",111,-1,2,"5627820"
177,"spotify:track:0MMyJUC3WNnFS1lit5pTjk","Olivia Rodrigo","jealousy, jealousy","Olivia Rodrigo PS",17,-1,29,"5595588"
178,"spotify:track:07MDkzWARZaLEdKxo6yArG","THE ANXIETY, WILLOW, Tyler Cole","Meet Me At Our Spot","MSFTSMusic / Roc Nation Records, LLC",24,171,30,"5571220"
179,"spotify:track:48q0vSHcJdhK3IiXH8C5WJ","Arctic Monkeys","Why'd You Only Call Me When You're High?","Domino Recording Co",104,177,34,"5556958"
180,"spotify:track:22skzmqfdWrjJylampe0kt","Macklemore & Ryan Lewis, Macklemore, Ryan Lewis, Ray Dalton","Can't Hold Us (feat. Ray Dalton)","Macklemore",149,182,23,"5542621"
181,"spotify:track:53RxHysDJ0cjugMcPymwja","Luan Santana","ABALO EMOCIONAL - Ao Vivo","Sony Music Entertainment",181,194,2,"5511448"
182,"spotify:track:2BEcap3xJtmiPaHKyfQi4e","Rvssian, Rauw Alejandro, Chris Brown","Nostálgico","Sony Music Latin",40,154,29,"5508881"
183,"spotify:track:3UmaczJpikHgJFyBTAJVoz","Eminem, Dido","Stan","Interscope",138,196,7,"5503768"
184,"spotify:track:285pBltuF7vW8TeWk8hdRR","Juice WRLD","Lucid Dreams","Juice WRLD Mixtape / ISR P&D",3,178,195,"5493553"
185,"spotify:track:161DnLWsx1i3u1JT05lzqU","Bruno Mars","Talking to the Moon","Elektra (NEK)",45,185,51,"5485734"
186,"spotify:track:4UG2Fm0E98LhE2dlNxiAXx","JVKE","this is what falling in love feels like","JVKE",142,166,4,"5482443"
187,"spotify:track:6v3KW9xbzN5yKLt9YKDYA2","Shawn Mendes, Camila Cabello","Señorita","Island Records",1,195,139,"5466600"
188,"spotify:track:35mvY5S1H3J2QZyna3TFe0","Ariana Grande","positions","Republic Records",1,183,75,"5459262"
189,"spotify:track:5kqNIqFjijuzvVLhuY9B8j","Bad Bunny","La Zona","Rimas Entertainment LLC",60,160,8,"5433241"
190,"spotify:track:2vXKRlJBXyOcvZYTdNeckS","Gesaffelstein, The Weeknd","Lost in the Fire (feat. The Weeknd)","Columbia",12,179,22,"5431509"
191,"spotify:track:3rq5w4bQGigXOfdN30ATJt","Arctic Monkeys","Do I Wanna Know?","Domino Recording Co",117,193,35,"5431161"
192,"spotify:track:4gvrJnKCKIPiacNsWVQwEU","CKay, Dj Yo!, AX'EL","love nwantiti (feat. Dj Yo! & AX'EL) - Remix","WM South Africa",14,174,28,"5422191"
193,"spotify:track:272vIYVYzfAgHUQRUYWmhP","Daddy Yankee, Sech","PARA SIEMPRE","Republic Records",193,-1,1,"5418313"
194,"spotify:track:7FIWs0pqAYbP91WWM0vlTQ","Eminem, Juice WRLD","Godzilla (feat. Juice WRLD)","Shady/Aftermath/Interscope Records",4,181,77,"5399170"
195,"spotify:track:0IGUXY4JbK18bu9oD4mPIm","(G)I-DLE","TOMBOY","Cube Entertainment",189,189,2,"5393499"
196,"spotify:track:39LLxExYz6ewLAcYrzQQyP","Dua Lipa","Levitating","Warner Records",52,192,39,"5393395"
197,"spotify:track:02VBYrHfVwfEWXk5DXyf0T","Bruno Mars, Anderson .Paak, Silk Sonic","Leave The Door Open","Aftermath Entertainment/Atlantic",5,188,56,"5391575"
198,"spotify:track:7BqBn9nzAq8spo5e7cZ0dJ","Bruno Mars","Just the Way You Are","Elektra (NEK)",133,-1,22,"5363435"
199,"spotify:track:50kpGaPAhYJ3sGmk6vplg0","Justin Bieber","Love Yourself","RBMG/Def Jam",62,-1,50,"5355677"
200,"spotify:track:4cktbXiXOapiLBMprHFErI","Maroon 5","Memories","Interscope Records*",2,-1,123,"5339653"
