﻿rank,uri,artist_names,track_name,source,peak_rank,previous_rank,weeks_on_chart,streams
1,"spotify:track:0V3wPSX9ygBnCm8psDIegu","Taylor Swift","Anti-Hero","Taylor Swift",1,1,2,"58949095"
2,"spotify:track:3nqQXoyQOWXiESFLlDF1hG","Sam Smith, Kim Petras","Unholy (feat. Kim Petras)","Capitol Records UK / EMI",1,7,6,"50220272"
3,"spotify:track:5jQI2r1RdgtuT8S3iG8zFC","Taylor Swift","Lavender Haze","Taylor Swift",2,2,2,"33881864"
4,"spotify:track:3rWDp9tBPQR9z6U5YyRSK4","Taylor Swift","Midnight Rain","Taylor Swift",4,4,2,"32178610"
5,"spotify:track:4uUG5RXrOk84mYEfFvj3cK","David Guetta, Bebe Rexha","I'm Good (Blue)","Parlophone UK",2,15,10,"30595582"
6,"spotify:track:1wtOxkiel43cVs0Yux5Q4h","Taylor Swift, Lana Del Rey","Snow On The Beach (feat. Lana Del Rey)","Taylor Swift",3,3,2,"30018625"
7,"spotify:track:5ww2BF9slyYgNOk37BlC4u","Manuel Turizo","La Bachata","Sony Music Latin/La Industria",4,16,18,"29868946"
8,"spotify:track:4Dvkj6JhhA12EX05fT7y2e","Harry Styles","As It Was","Columbia",1,17,31,"29707689"
9,"spotify:track:3eX0NZfLtGzoLUxPNvRfqm","Taylor Swift","Maroon","Taylor Swift",5,5,2,"28792124"
10,"spotify:track:2tTmW7RDtMQtBk7m2rYeSw","Bizarrap, Quevedo","Quevedo: Bzrp Music Sessions, Vol. 52","DALE PLAY Records",1,18,17,"28661373"
11,"spotify:track:35ovElsgyAtQwYPYnZJECg","Rihanna","Lift Me Up - From Black Panther: Wakanda Forever - Music From and Inspired By","Black Panther 2 Rihanna Recordings",11,-1,1,"28236667"
12,"spotify:track:4D7BCuvgdJlYvlX5WlN54t","Taylor Swift","You're On Your Own, Kid","Taylor Swift",6,6,2,"27735011"
13,"spotify:track:7KokYm8cMIXCsGVmUvKtqf","Taylor Swift","Karma","Taylor Swift",8,8,2,"27374527"
14,"spotify:track:3qoftcUZaUOncvIYjFSPdE","Taylor Swift","Bejeweled","Taylor Swift",11,11,2,"25946651"
15,"spotify:track:1xwAWUI6Dj0WGC3KiUPN0O","Taylor Swift","Vigilante Shit","Taylor Swift",9,9,2,"25053111"
16,"spotify:track:5IgjP7X4th6nMNDh4akUHb","Chris Brown","Under The Influence","Chris Brown Entertainment/RCA Records",6,19,15,"24640344"
17,"spotify:track:0heeNYlwOGuUSe7TgUD27B","Taylor Swift","Question...?","Taylor Swift",10,10,2,"23260188"
18,"spotify:track:6Sq7ltF9Qa7SNFBsV5Cogx","Bad Bunny, Chencho Corleone","Me Porto Bonito","Rimas Entertainment LLC",2,21,26,"22623279"
19,"spotify:track:1IHWl5LamUGEuP4ozKQSXZ","Bad Bunny","Tití Me Preguntó","Rimas Entertainment LLC",4,22,26,"22287861"
20,"spotify:track:4h9wh7iOZ0GGn8QVp4RAOB","OneRepublic","I Ain't Worried","Interscope Records",7,20,22,"22232007"
21,"spotify:track:6G12ZafqofSq7YtrMqUm76","Shakira, Ozuna","Monotonía","Sony Music Latin",21,23,2,"22072944"
22,"spotify:track:4k6Uh1HXdhtusDW5y8Gbvy","Steve Lacy","Bad Habit","L-M Records/RCA Records",10,24,17,"21043358"
23,"spotify:track:73vIOb4Q7YN6HeJTbscRx5","Oliver Tree, Robin Schulz","Miss You","Atlantic Records",11,28,4,"20490659"
24,"spotify:track:53tfEupEzQRtVFOeZvk7xq","ROSALÍA","DESPECHÁ","Columbia",5,26,14,"19655946"
25,"spotify:track:34ZAzO78a5DAVNrYIGWcPm","SZA","Shirt","Top Dawg Entertainment/RCA Records",25,-1,1,"19555295"
26,"spotify:track:7FmYn9e7KHMXcxqGSj9LjH","Taylor Swift","Mastermind","Taylor Swift",13,13,2,"19534481"
27,"spotify:track:7jtQIBanIiJOMS6RyCx6jZ","Tom Odell","Another Love","ITNO/Columbia",15,32,82,"19305066"
28,"spotify:track:0A1JLUlkZkp2EFrosoNQi0","Taylor Swift","Labyrinth","Taylor Swift",12,12,2,"18951282"
29,"spotify:track:1xzi1Jcr7mEi9K2RfzLOqS","Beyoncé","CUFF IT","Parkwood Entertainment/Columbia",13,30,11,"18851877"
30,"spotify:track:5Eax0qFko2dh7Rl2lYs3bx","Bad Bunny","Efecto","Rimas Entertainment LLC",6,31,26,"18771747"
31,"spotify:track:0wavGRldH0AWyu2zvTz8zb","Taylor Swift","Sweet Nothing","Taylor Swift",14,14,2,"17940803"
32,"spotify:track:0h7QMc9ZRzA9QJrbEHytn2","JIN","The Astronaut","BIGHIT MUSIC",32,-1,1,"17902778"
33,"spotify:track:0QHEIqNKsMoOY5urbzN48u","Meghan Trainor","Made You Look","Epic",33,143,2,"17044116"
34,"spotify:track:76OGwb5RA9h4FxQPT33ekc","Rosa Linn","SNAP","Columbia",16,33,17,"16959178"
35,"spotify:track:0WtM2NBVQNNJLh6scP13H8","Rema, Selena Gomez","Calm Down (with Selena Gomez)","Mavin Records / Jonzing World",23,39,10,"16570218"
36,"spotify:track:1xK59OXxi2TAAAbmZK0kBL","d4vd","Romantic Homicide","Darkroom/Interscope Records",17,35,9,"16486935"
37,"spotify:track:6VhuP99TE6gYNQRJIlAWFD","Stephen Sanchez","Until I Found You","Republic Records",20,37,26,"16486599"
38,"spotify:track:3k3NWokhRRkEPhCzPmV8TW","Bad Bunny, Bomba Estéreo","Ojitos Lindos","Rimas Entertainment LLC",3,40,26,"16333904"
39,"spotify:track:54ipXppHLA8U4yqpOFTUhr","Imagine Dragons","Bones","Kid Ina Korner / Interscope",26,41,34,"16322618"
40,"spotify:track:2QjOHCTQ1Jl3zawyYOpxh6","The Neighbourhood","Sweater Weather","Columbia",19,38,114,"15938409"
41,"spotify:track:2LBqCSwhJGcFQeTHMVGwy3","The Weeknd","Die For You","Universal Republic Records",26,46,38,"15709948"
42,"spotify:track:1zsPaEkglFvxjAhrM8yhpr","Ozuna, Feid","Hey Mor","Aura Music Corp.",42,58,3,"15515874"
43,"spotify:track:5odlY52u43F5BjByhxg7wg","JVKE","golden hour","JVKE",43,49,10,"15494079"
44,"spotify:track:5XeFesFbtLpXzIVDNQP22n","Arctic Monkeys","I Wanna Be Yours","Domino Recording Co",27,43,17,"14756090"
45,"spotify:track:6xGruZOHLs39ZbVccQTuPZ","Joji","Glimpse of Us","88rising Music/Warner Records",1,44,21,"14557053"
46,"spotify:track:02MWAaffLxlfxAUY7c5dvx","Glass Animals","Heat Waves","Polydor Records",1,48,97,"14033340"
47,"spotify:track:3pUa0ZxdSeaJXm0EIydD3F","Taylor Swift","Would've, Could've, Should've","Taylor Swift",25,25,2,"13811226"
48,"spotify:track:7gRFDGEzF9UkBV233yv2dc","BLACKPINK","Shut Down","YG Entertainment/Interscope Records",1,42,7,"13758220"
49,"spotify:track:31i56LZnwE6uSu3exoHjtB","Bad Bunny","Neverita","Rimas Entertainment LLC",15,51,26,"13588654"
50,"spotify:track:6Xom58OOXk2SoU711L2IXO","Bad Bunny","Moscow Mule","Rimas Entertainment LLC",2,52,26,"13567752"
51,"spotify:track:5PjdY0CKGZdEuoNab3yDmX","The Kid LAROI, Justin Bieber","STAY (with Justin Bieber)","Columbia",1,53,69,"13418867"
52,"spotify:track:2CeKVsFFXG4QzA415QygGb","Feid","Feliz Cumpleaños Ferxxo","UMLE - Latino",38,54,11,"13374897"
53,"spotify:track:2yjlYDiNiQkdxVqTlaSrlX","Nicki Minaj","Super Freaky Girl","Republic Records",14,47,12,"13308802"
54,"spotify:track:0VjIjW4GlUZAMYd2vXMi3b","The Weeknd","Blinding Lights","Republic Records",1,64,153,"12689078"
55,"spotify:track:561jH07mF1jHuk7KlaeF0s","Eminem","Mockingbird","Aftermath",55,66,3,"12605405"
56,"spotify:track:2TDyyEBasw10wu5Uh94bR1","Rauw Alejandro, Baby Rasta","PUNTO 40","Sony Music Latin/Duars Entertainment",48,60,4,"12536155"
57,"spotify:track:5JhUm1v5AbI5Yu6jLKCPRO","Grupo Frontera","No Se Va - En Vivo","Grupo Frontera",36,59,6,"12430188"
58,"spotify:track:5BYl3SodS3rGmafWXRWmB7","Taylor Swift","The Great War","Taylor Swift",27,27,2,"12365564"
59,"spotify:track:7dSZ6zGTQx66c2GF91xCrb","KAROL G","PROVENZA","UMLE - Latino",6,55,28,"12342535"
60,"spotify:track:5Odq8ohlgIbQKMZivbWkEo","Charlie Puth, Jung Kook, BTS","Left and Right (Feat. Jung Kook of BTS)","Atlantic Records",7,62,19,"12310750"
61,"spotify:track:79HZAZNnOE97rb2hnI0XQr","Rauw Alejandro, Lyanno, Brray","LOKERA","Sony Music Latin/Duars Entertainment",38,57,12,"12088774"
62,"spotify:track:5zwwW9Oq7ubSxoCGyW1nbY","BLACKPINK","Pink Venom","YG Entertainment/Interscope Records",2,56,11,"11736012"
63,"spotify:track:2RJAKIw6nIkgZVsAIKhmqz","Juice WRLD","In My Head","Grade A Productions/Interscope Records",63,-1,1,"11645626"
64,"spotify:track:3jzbpOzoYa22FvzBkNkLvC","Taylor Swift","Bigger Than The Whole Sky","Taylor Swift",29,29,2,"11620695"
65,"spotify:track:1qEmFfgcLObUfQm0j1W2CK","Harry Styles","Late Night Talking","Columbia",2,61,24,"11084024"
66,"spotify:track:38T0tPVZHcPZyhtOcCP7pF","Lil Nas X","STAR WALKIN' (League of Legends Worlds Anthem)","Columbia",22,63,6,"10979559"
67,"spotify:track:3F5CgOj3wFlRv51JsHbxhe","Drake, 21 Savage","Jimmy Cooks (feat. 21 Savage)","OVO",7,74,20,"10918383"
68,"spotify:track:75FEaRjZTKLhTrFGsfMUXR","Kate Bush","Running Up That Hill (A Deal With God)","Fish People",1,72,23,"10832441"
69,"spotify:track:6J834IBcZJMH38ksrgAqwF","Taylor Swift","Paris","Taylor Swift",34,34,2,"10778092"
70,"spotify:track:6JIC3hbC28JZKZ8AlAqX8h","Elton John, Dua Lipa, PNAU","Cold Heart - PNAU Remix","EMI",4,68,64,"10684404"
71,"spotify:track:7iwJOi3hlMqZt6pj1sQOBj","Quevedo","VISTA AL MAR","Quevedo",45,69,8,"10519694"
72,"spotify:track:3LtpKP5abr2qqjunvjlX5i","Central Cee","Doja","Central Cee",15,65,15,"10298150"
73,"spotify:track:0O6u0VJ46W86TxN9wgyqDj","Post Malone, Doja Cat","I Like You (A Happier Song) (with Doja Cat)","Mercury Records/Republic Records",10,67,22,"10264074"
74,"spotify:track:2eAvDnpXP5W0cVtiI0PUxV","Ruth B.","Dandelions","Columbia",34,75,64,"10143511"
75,"spotify:track:4h4QlmocP3IuwYEj2j14p8","Nicky Youre, dazy","Sunroof","Thirty Knots/Columbia",28,71,26,"10016992"
76,"spotify:track:58ge6dfP91o9oXMzq3XkIS","Arctic Monkeys","505","Domino Recording Co",43,70,44,"9996206"
77,"spotify:track:7MXVkk9YMctZqd1Srtv4MB","The Weeknd, Daft Punk","Starboy","Universal Republic Records",1,83,109,"9984366"
78,"spotify:track:4356PL6jkERzJouVfQQkZo","Taylor Swift","High Infidelity","Taylor Swift",36,36,2,"9926574"
79,"spotify:track:4FyesJzVpA39hbYvcseO2d","Lil Uzi Vert","Just Wanna Rock","Generation Now/Atlantic",79,79,2,"9841072"
80,"spotify:track:4fsQ0K37TOXa3hEQfjEic1","LE SSERAFIM","ANTIFRAGILE","SOURCE MUSIC",80,96,2,"9831427"
81,"spotify:track:1cKHdTo9u0ZymJdPGSh6nq","The Weeknd, Gesaffelstein","I Was Never There","Universal Republic Records",17,82,22,"9698813"
82,"spotify:track:3AJwUDP919kvQ9QcozQPxg","Coldplay","Yellow","Parlophone UK",56,89,98,"9696211"
83,"spotify:track:7DbdUf8aHSYoliSjO6LZv6","Beach Weather","Sex, Drugs, Etc.","8123 / Arista Records",58,77,12,"9655528"
84,"spotify:track:1ga4PztXOIw1yBbdUt2X8v","KAROL G, Maldy","GATÚBELA","UMLE - Latino",33,76,10,"9505580"
85,"spotify:track:7wdwIaXUuzlu1grzWMFRJm","Ghost","Mary On A Cross","UME - Global Clearing House",36,100,12,"9472193"
86,"spotify:track:3khEEPRyBeOUabbmOPJzAG","Kenshi Yonezu","KICK BACK","Sony Music Labels Inc.",66,85,3,"9411752"
87,"spotify:track:0HYAsQwJIO6FLqpyTeD3l6","Fujii Kaze","Shinunoga E-Wa","Universal Music LLC",72,94,9,"9391281"
88,"spotify:track:6HMtHNpW6YPi1hrw9tgF8P","Lizzo","About Damn Time","Nice Life/Atlantic",9,81,27,"9391166"
89,"spotify:track:3EaJDYHA0KnX88JvDhL9oa","Steve Lacy","Dark Red","Three Quarter",66,90,65,"9315954"
90,"spotify:track:6TsVhM8qIkWN5cJVDIVbbz","Wisin & Yandel, ROSALÍA","Besos Moja2","Sony Music Latin",89,98,5,"9264090"
91,"spotify:track:5hnGrTBaEsdukpDF6aZg8a","Dean Lewis","How Do I Say Goodbye","Universal Music Australia Pty. Ltd.",86,86,5,"9196756"
92,"spotify:track:3WMj8moIAXJhHsyLaqIIHI","Zach Bryan","Something in the Orange","Warner Records",57,80,8,"9177669"
93,"spotify:track:41oY4WCTj5kccfesTVFnvN","Bad Bunny, JhayCo","Tarot","Rimas Entertainment LLC",9,92,26,"9117245"
94,"spotify:track:0u2P5u6lvoDfwTYjAADbn4","Billie Eilish, Khalid","lovely (with Khalid)","Darkroom",24,95,237,"9081087"
95,"spotify:track:2rurDawMfoKP4uHyb2kJBt","Shakira, Rauw Alejandro","Te Felicito","Sony Music Latin",13,78,28,"9074812"
96,"spotify:track:6RJBrG3VHz2hPITjv88chh","Taylor Swift","Glitch","Taylor Swift",45,45,2,"8978710"
97,"spotify:track:7lQ8MOhq6IN2w8EYcFNSUk","Eminem","Without Me","Aftermath",31,101,58,"8854496"
98,"spotify:track:6i1g5ZRmJZAkDwBaUZ3f2i","Luar La L","Caile","La Mafia Urbana Corp.",32,87,12,"8775027"
99,"spotify:track:59nOXPmaKlBfGMDeOVGrIK","Future, Drake, Tems","WAIT FOR U (feat. Drake & Tems)","Epic/Freebandz",10,108,27,"8758210"
100,"spotify:track:0fea68AdmYNygeTGI4RC18","J Balvin, Bad Bunny","LA CANCIÓN","Universal Music Latino / Rimas",17,118,89,"8750545"
101,"spotify:track:0kTMK4gNFfLXaTb62w1UaJ","Pablito Pesadilla, Polimá Westcoast, Nickoog Clk, Fran C","BABY OTAKU","BZR Music",47,84,6,"8746937"
102,"spotify:track:4tYFy8ALRjIZvnvSLw5lxN","Bad Bunny, Rauw Alejandro","Party","Rimas Entertainment LLC",6,109,26,"8715840"
103,"spotify:track:5QO79kh1waicV47BqGRL3g","The Weeknd","Save Your Tears","Republic Records",2,105,100,"8711582"
104,"spotify:track:09mEdoA6zrmBPgTEN5qXmN","The Weeknd","Call Out My Name","Universal Republic Records",1,104,54,"8669912"
105,"spotify:track:5TJEBoTCDbJXiKMdCN9pd3","Elton John, Britney Spears","Hold Me Closer","EMI",25,93,10,"8664360"
106,"spotify:track:3CIyK1V4JEJkg02E4EJnDl","Imagine Dragons, JID, Arcane, League of Legends","Enemy (with JID) - from the series Arcane League of Legends","Kid Ina Korner / Interscope",3,110,53,"8642814"
107,"spotify:track:5jt25aFjW2kNoBqaEVaz5W","Mora, Feid","LA INOCENTE","Rimas Entertainment LLC",74,111,18,"8537948"
108,"spotify:track:6qyS9qBy0mEk3qYaH8mPss","Kordhell","Murder In My Mind","Kordhell",85,113,12,"8532406"
109,"spotify:track:1DIXPcTDzTj8ZMHt3PDt8p","Coolio, L.V.","Gangsta's Paradise","Tommy Boy Music, LLC",40,107,53,"8510160"
110,"spotify:track:7lFNXsbcbds699xCWO3pSe","Taylor Swift","Dear Reader","Taylor Swift",50,50,2,"8473375"
111,"spotify:track:58HvfVOeJY7lUuCqF0m3ly","Elley Duhé","MIDDLE OF THE NIGHT","Not Fit For Society/RCA Records",11,103,45,"8455369"
112,"spotify:track:27ZZdyTSQWI7Cug2d2PkqV","Armani White","BILLIE EILISH.","Legendbound, LLC / Def Jam Recordings",67,102,10,"8418474"
113,"spotify:track:2TktkzfozZifbQhXjT6I33","Omar Apollo","Evergreen (You Didn’t Deserve Me At All)","Warner Records",54,88,7,"8387785"
114,"spotify:track:1Fid2jjqsHViMX6xNH70hE","Seafret","Atlantis","Sweet Jane Recordings",63,106,15,"8371175"
115,"spotify:track:39JofJHEtg8I4fSyo7Imft","Eliza Rose, Interplanetary Criminal","B.O.T.A. (Baddest Of Them All) - Edit","Warner Records",52,97,9,"8310695"
116,"spotify:track:1797zYiX4cKosMH836X9Gt","Bad Bunny, Tony Dize","La Corriente","Rimas Entertainment LLC",17,116,26,"8253614"
117,"spotify:track:2DB4DdfCFMw1iaR6JaR03a","Camila Cabello, Ed Sheeran","Bam Bam (feat. Ed Sheeran)","Epic",5,112,35,"8155446"
118,"spotify:track:0hquQWY3xvYqN4qtiquniF","Doja Cat","Vegas (From the Original Motion Picture Soundtrack ELVIS)","Kemosabe Records/RCA Records",26,119,22,"8132954"
119,"spotify:track:4zN21mbAuaD0WqtmaTZZeP","James Hype, Miggy Dela Rosa","Ferrari","Universal-Island Records Ltd.",34,115,22,"8120767"
120,"spotify:track:1Ame8XTX6QHY0l0ahqUhgv","Måneskin","THE LONELIEST","Epic",50,91,4,"8082925"
121,"spotify:track:68Dni7IE4VyPkTOH9mRWHr","J. Cole","No Role Modelz","Roc Nation Records LLC",76,129,67,"8053218"
122,"spotify:track:6I3mqTwhRpn34SLVafSH7G","Justin Bieber","Ghost","RBMG/Def Jam",11,117,59,"8049979"
123,"spotify:track:3xWGA8pa0IKFI7IMPri4P0","Ed Sheeran","Shivers","Atlantic Records UK",4,114,60,"8004277"
124,"spotify:track:7ef4DlsgrMEH11cDZd32M6","Calvin Harris, Dua Lipa","One Kiss (with Dua Lipa)","Sony Music UK",2,126,95,"7952111"
125,"spotify:track:0pqnGHJpmpxLKifKRmU6WP","Imagine Dragons","Believer","Kid Ina Korner / Interscope",16,130,300,"7951612"
126,"spotify:track:5Z9KJZvQzH6PFmb8SNkxuk","Lil Nas X, Jack Harlow","INDUSTRY BABY (feat. Jack Harlow)","Columbia",2,120,67,"7947745"
127,"spotify:track:3yfqSUWxFvZELEM4PmlwIR","Eminem","The Real Slim Shady","Interscope",51,133,74,"7924881"
128,"spotify:track:6UelLqGlWMcVH1E5c4H7lY","Harry Styles","Watermelon Sugar","Columbia",4,127,155,"7912940"
129,"spotify:track:6NnCWIWV740gP7DQ8kqdIE","(G)I-DLE","Nxde","Cube Entertainment",125,125,2,"7911979"
130,"spotify:track:7qEHsqek33rTcFNT9PFqLf","Lewis Capaldi","Someone You Loved","Vertigo Berlin",4,132,200,"7875518"
131,"spotify:track:46HNZY1i7O6jwTA7Slo2PI","Coldplay, BTS","My Universe","Parlophone UK",3,157,58,"7838521"
132,"spotify:track:5QM0SsyzmBM0pbFY52Xj1X","Sam Smith","I'm Not The Only One","Capitol",82,123,15,"7807717"
133,"spotify:track:0T2pB7P1VdXPhLdQZ488uH","Feid","Normal","UMLE - Latino",57,150,17,"7794390"
134,"spotify:track:3AVrVz5rK8Hrqo9YGiVGN5","Cigarettes After Sex","Apocalypse","Partisan Records",89,124,17,"7750224"
135,"spotify:track:1mea3bSkSGXuIRvnydlB5b","Coldplay","Viva La Vida","Parlophone UK",125,145,10,"7723200"
136,"spotify:track:4SqWKzw0CbA05TGszDgMlc","The Walters","I Love You So","Warner Records",21,134,56,"7675860"
137,"spotify:track:5FVd6KXrgO9B3JPmC8OPst","Arctic Monkeys","Do I Wanna Know?","Domino Recording Co",98,121,60,"7668258"
138,"spotify:track:46IZ0fSY2mpAiktS3KOqds","Adele","Easy On Me","Columbia",1,137,55,"7649918"
139,"spotify:track:1R0a2iXumgCiFb7HEZ7gUE","Taylor Swift","Don’t Blame Me","Big Machine Records, LLC",72,99,25,"7634266"
140,"spotify:track:6mmPpaltUZK7xjNlBPQQ0p","Rauw Alejandro, Chencho Corleone","Desesperados","Sony Music Latin/Duars Entertainment",8,144,47,"7577105"
141,"spotify:track:6Uj1ctrBOjOas8xZXGqKk4","Doja Cat","Woman","Kemosabe Records/RCA Records",6,139,69,"7553022"
142,"spotify:track:3fjN3y5x4hN53rykAN2LHQ","Rels B","cómo dormiste?","DALE PLAY Records / Flakk Team",24,135,13,"7511399"
143,"spotify:track:4ASA1PZyWGbuc4d9N8OAcF","Gustavo Mioto, Mari Fernandez","Eu Gosto Assim - Ao Vivo","Universal Music Ltda.",121,136,4,"7490197"
144,"spotify:track:74loibzxXRL875X20kenvk","Lil Yachty","Poland","Quality Control Music/Motown Records",33,73,3,"7471622"
145,"spotify:track:4woTEX1wYOTGDqNXuavlRC","Eminem, Dina Rae","Superman","Aftermath",145,151,5,"7448398"
146,"spotify:track:2J2Z1SkXYghSajLibnQHOa","Sia","Unstoppable","Monkey Puzzle Records/RCA Records",107,153,38,"7415182"
147,"spotify:track:4UMIv5jd9gK98a39BQRD9X","Pritam, Arijit Singh, Amitabh Bhattacharya","Kesariya","Sony Music Entertainment India Pvt. Ltd.",33,128,16,"7345853"
148,"spotify:track:086myS9r57YsLbJpU0TgK9","Arctic Monkeys","Why'd You Only Call Me When You're High?","Domino Recording Co",104,138,52,"7325154"
149,"spotify:track:5uSFGgIfHMT3osrAd9n9ym","Lewis Capaldi","Forget Me","Vertigo Berlin",57,141,8,"7304955"
150,"spotify:track:6IPwKM3fUUzlElbvKw2sKl","girl in red","we fell in love in october","world in red",78,176,9,"7289917"
151,"spotify:track:1FEiijYPJtyswChfcpv3p0","Lana Del Rey","Summertime Sadness","Polydor Records",94,131,15,"7268964"
152,"spotify:track:5TXDeTFVRVY7Cvt0Dw4vWW","XXXTENTACION","Revenge","Bad Vibes Forever / EMPIRE",63,149,36,"7260102"
153,"spotify:track:5FkJHVudUByVjanCqFXRql","Mr.Kitty","After Dark","Juggernaut Music Group",112,161,29,"7183779"
154,"spotify:track:22skzmqfdWrjJylampe0kt","Macklemore & Ryan Lewis, Macklemore, Ryan Lewis, Ray Dalton","Can't Hold Us (feat. Ray Dalton)","Macklemore",149,177,44,"7165214"
155,"spotify:track:5PfFHceiEv61KldMOuVrv8","Peso Pluma, Luis R Conriquez","Siempre Pendientes","Prajin Records",97,148,11,"7144383"
156,"spotify:track:0tgVpDi06FyKpA1z0VMD4v","Ed Sheeran","Perfect","Atlantic Records UK",4,159,294,"7134614"
157,"spotify:track:5O2P9iiztwhomNh8xkR9lJ","One Direction","Night Changes","Syco Music",108,142,23,"7107134"
158,"spotify:track:6ex1Pz3pntgy4NPtxHXN2V","Ed Sheeran","Bad Habits","Atlantic Records UK",3,146,71,"7097496"
159,"spotify:track:7fBv7CLKzipRk6EC6TWHOB","The Weeknd","The Hills","Universal Republic Records",52,163,62,"7092567"
160,"spotify:track:1oFAF1hdPOickyHgbuRjyX","The Weeknd, Ariana Grande","Save Your Tears (Remix) (with Ariana Grande) - Bonus Track","XO / Republic Records",5,160,80,"7078365"
161,"spotify:track:5NxhMcHSVY3Z7ykWxZf3aj","JhayCo, Feid, Sech","En La De Ella","N&E Entertainment LLC",161,170,2,"7074352"
162,"spotify:track:1O2pcBJGej0pmH2Y9XZMs6","Cris Mj","Una Noche en Medellín","Nabru Records LLC",9,147,36,"7046514"
163,"spotify:track:5nujrmhLynf4yMoMtj8AQF","Dua Lipa, DaBaby","Levitating (feat. DaBaby)","Warner Records",4,167,109,"7037813"
164,"spotify:track:5gDWsRxpJ2lZAffh5p7K0w","The Weeknd, Lana Del Rey","Stargirl Interlude","Universal Republic Records",131,165,16,"7024103"
165,"spotify:track:0ll8uFnc0nANY35E0Lfxvg","Keane","Somewhere Only We Know","Universal-Island Records Ltd.",120,152,8,"6984428"
166,"spotify:track:4a9RlnJ0v1T7HgLtps1HvI","The Citizens of Halloween","This Is Halloween","EMI Gold",166,-1,1,"6971970"
167,"spotify:track:2JPLbjOn0wPCngEot2STUS","Bad Bunny","Yonaguni","Rimas Entertainment LLC",3,185,74,"6971279"
168,"spotify:track:3BnDvpeuGOj21Ir2aVEtQo","Rema","Calm Down","Mavin Records / Jonzing World",119,178,17,"6961474"
169,"spotify:track:7FlQk2gJ6TBrHHiidvdR2O","Becky G, KAROL G","MAMIII","Kemosabe Records/RCA Records",5,168,38,"6894090"
170,"spotify:track:1v7L65Lzy0j0vdpRjJewt1","Eminem","Lose Yourself - From ""8 Mile"" Soundtrack","Aftermath",44,174,98,"6884166"
171,"spotify:track:78Sw5GDo6AlGwTwanjXbGh","d4vd","Here With Me","Darkroom/Interscope Records",171,-1,1,"6873828"
172,"spotify:track:0B7wvvmu9EISAwZnOpjhNI","Bruno Mars","When I Was Your Man","Atlantic Records",161,175,10,"6838656"
173,"spotify:track:4RVwu0g32PAqgUiJoXsdF8","Billie Eilish","Happier Than Ever","Darkroom/Interscope Records",6,155,66,"6832283"
174,"spotify:track:4tRhRLBxIZ34Iw0eCuiC03","southstar","Miss You","Columbia/B1 Recordings",86,158,4,"6755195"
175,"spotify:track:0a4MMyCrzT0En247IhqZbD","NewJeans","Hype Boy","ADOR",85,188,12,"6727206"
176,"spotify:track:2B4GHvToeLTOBB4QLzW3Ni","Farruko","Pepas","Sony Music Latin",4,190,69,"6723085"
177,"spotify:track:3uUuGVFu1V7jTQL60S1r8z","Lost Frequencies, Calum Scott","Where Are You Now","Epic Amsterdam",18,169,61,"6707589"
178,"spotify:track:1u8c2t2Cy7UBoG4ArRcF5g","Taylor Swift","Blank Space","Big Machine Records, LLC",113,122,52,"6707110"
179,"spotify:track:3sNVsP50132BTNlImLx70i","Kanye West","Bound 2","Rock The World/IDJ/Kanye/LP6",77,162,9,"6691436"
180,"spotify:track:4xqrdfXkTW4T0RauPLv3WA","Conan Gray","Heather","Republic Records",12,172,119,"6689522"
181,"spotify:track:0RiRZpuVRbi7oqRdSMwhQY","Post Malone, Swae Lee","Sunflower - Spider-Man: Into the Spider-Verse","Republic Records",1,181,211,"6644137"
182,"spotify:track:4MzXwWMhyBbmu6hOcLVD49","Bad Bunny, JhayCo","DÁKITI","Rimas Entertainment LLC",1,194,105,"6599461"
183,"spotify:track:1XGmzt0PVuFgQYYnV2It7A","Maroon 5, Wiz Khalifa","Payphone","Interscope Records*",70,184,46,"6559824"
184,"spotify:track:5CZ40GBx1sQ9agT82CLQCT","Olivia Rodrigo","traitor","Olivia Rodrigo PS",7,156,76,"6530616"
185,"spotify:track:6thXB4RmajS4oZPNiBAKy0","Ray Parker Jr.","Ghostbusters","Arista/Legacy",185,-1,2,"6525834"
186,"spotify:track:4jbmgIyjGoXjY01XxatOx6","Katy Perry, Juicy J","Dark Horse","Capitol Records (CAP)",186,-1,1,"6518133"
187,"spotify:track:4ZtFanR9U6ndgddUvNcjcG","Olivia Rodrigo","good 4 u","Olivia Rodrigo PS",1,166,77,"6508959"
188,"spotify:track:7yq4Qj7cqayVTp3FF9CWbm","Vance Joy","Riptide","F-Stop Records/Atlantic",122,182,96,"6479344"
189,"spotify:track:2tpWsVSb9UEmDRxAl1zhX1","OneRepublic","Counting Stars","Mosley / Interscope",101,187,86,"6454174"
190,"spotify:track:13Irp51zj01BZu2XtDrnAg","Lizzo","2 Be Loved (Am I Ready)","Nice Life/Atlantic",141,173,7,"6448080"
191,"spotify:track:5wANPM4fQCJwkGd4rN57mH","Olivia Rodrigo","drivers license","Olivia Rodrigo PS",1,164,95,"6420648"
192,"spotify:track:6RUKPb4LETWmmr3iAEQktW","The Chainsmokers, Coldplay","Something Just Like This","Disruptor Records/Columbia",2,-1,187,"6401468"
193,"spotify:track:5OX1JvE7gTkOd1DSzlrtFw","Morat, Feid","Salir Con Vida","Universal Music Spain S.L.",193,-1,1,"6387829"
194,"spotify:track:4RvWPyQ5RL0ao9LPZeSouE","Tears For Fears","Everybody Wants To Rule The World","UMC (Universal Music Catalogue)",105,199,22,"6377896"
195,"spotify:track:3S2R0EVwBSAVMd5UMgKTL0","Michael Jackson","Thriller","Epic/Legacy",90,-1,5,"6371382"
196,"spotify:track:1JSTJqkT5qHq8MDJnJbRE1","The Police","Every Breath You Take","Polydor Records",109,189,73,"6360300"
197,"spotify:track:3hxIUxnT27p5WcmjGUXNwx","Hotel Ugly","Shut up My Moms Calling","Hotel Ugly, under exclusive license to Amuseio AB",197,-1,2,"6319887"
198,"spotify:track:3GYlZ7tbxLOxe6ewMNVTkw","Billie Eilish","TV","Darkroom/Interscope Records",27,-1,6,"6275571"
199,"spotify:track:5g7sDjBhZ4I3gcFIpkrLuI","Bruno Mars","Locked out of Heaven","Atlantic Records",106,196,44,"6264357"
200,"spotify:track:5qaEfEh1AtSdrdrByCP7qR","Imagine Dragons","Demons","Kid Ina Korner / Interscope",174,-1,10,"6257960"
