"","rank","uri","artist_names","track_name","source","peak_rank","previous_rank","weeks_on_chart","streams","id","danceability","valence","speechiness","energy","liveness","tempo","loudness","acousticness","instrumentalness","main_artist","artist.id","genres"
"1","1","spotify:track:4LRPiXqCikLlN15c3yImP7","Harry Styles","As It Was","Columbia","1","1","2","67265741","4LRPiXqCikLlN15c3yImP7","0.52","0.662","0.0557","0.731","0.311","173.93","-5.338","0.342","0.00101","Harry Styles","6KImCVD70vtIoJWnq6nGn3","pop"
"2","2","spotify:track:1rDQ4oMwGJI7B4tovsBOxc","Jack Harlow","First Class","Generation Now/Atlantic","2","-1","1","50438229","1rDQ4oMwGJI7B4tovsBOxc","0.905","0.324","0.102","0.563","0.113","106.998","-6.135","0.0254","9.71e-06","Jack Harlow","2LIk90788K0zvyj2JJVwkJ","deep underground hip hop,kentucky hip hop,pop,rap"
"3","3","spotify:track:02MWAaffLxlfxAUY7c5dvx","Glass Animals","Heat Waves","Polydor Records","1","2","68","29307788","02MWAaffLxlfxAUY7c5dvx","0.761","0.531","0.0944","0.525","0.0921","80.87","-6.9","0.44","6.7e-06","Glass Animals","4yvcSjfu4PC0CYQyLy4wSq","gauze pop,indietronica,shiver pop"
"4","4","spotify:track:5PjdY0CKGZdEuoNab3yDmX","The Kid LAROI, Justin Bieber","STAY (with Justin Bieber)","Columbia","1","3","40","23354880","5PjdY0CKGZdEuoNab3yDmX","0.591","0.478","0.0483","0.764","0.103","169.928","-5.484","0.0383","0","The Kid LAROI","2tIP7SsRs7vjIcLrU85W8J","australian hip hop,pop"
"5","5","spotify:track:1HhNoOuqm1a5MXYEgAFl8o","Imagine Dragons, JID, Arcane, League of Legends","Enemy (with JID) - from the series Arcane League of Legends","Kid Ina Korner / Interscope","3","4","24","21330285","1HhNoOuqm1a5MXYEgAFl8o","0.728","0.555","0.266","0.783","0.434","77.011","-4.424","0.237","0","Imagine Dragons","53XhwfbYqKCa1cC15pYq2q","modern rock,rock"
"6","6","spotify:track:3FkeNbs9Zeiqkr3WkbOiGp","Anitta","Envolver","Warner Records","2","5","6","20197006","3FkeNbs9Zeiqkr3WkbOiGp","0.812","0.396","0.0833","0.736","0.0914","91.993","-5.421","0.152","0.00254","Anitta","7FNnA9vBm6EKceENgCGRMb","funk pop,funk rj,pagode baiano,pop nacional"
"7","7","spotify:track:2DB4DdfCFMw1iaR6JaR03a","Camila Cabello, Ed Sheeran","Bam Bam (feat. Ed Sheeran)","Epic","7","13","6","19880318","2DB4DdfCFMw1iaR6JaR03a","0.756","0.956","0.0401","0.697","0.333","94.996","-6.377","0.182","0","Camila Cabello","4nDoRrQiYLoBzwC5BhVJzF","dance pop,pop,post-teen pop"
"8","8","spotify:track:5Z9KJZvQzH6PFmb8SNkxuk","Lil Nas X, Jack Harlow","INDUSTRY BABY (feat. Jack Harlow)","Columbia","2","7","38","19597143","5Z9KJZvQzH6PFmb8SNkxuk","0.741","0.892","0.0672","0.691","0.0476","150.087","-7.395","0.0221","0","Lil Nas X","7jVv8c5Fj3E9VhNjxT4snq","lgbtq+ hip hop,pop"
"9","9","spotify:track:7rglLriMNBPAyuJOMGwi39","Elton John, Dua Lipa, PNAU","Cold Heart - PNAU Remix","EMI","4","6","35","19484288","7rglLriMNBPAyuJOMGwi39","0.795","0.934","0.0309","0.8","0.0915","116.032","-6.32","0.0354","7.25e-05","Elton John","3PhoLpVuITZKcymswpck5b","glam rock,mellow gold,piano rock"
"10","10","spotify:track:4fouWK6XVHhzl78KzQ1UjL","GAYLE","abcdefu","Atlantic/Arthouse Records","1","8","22","17829865","4fouWK6XVHhzl78KzQ1UjL","0.695","0.415","0.0493","0.54","0.367","121.932","-5.692","0.299","0","GAYLE","2VSHKHBTiXWplO8lxcnUC9","modern alternative pop"
"11","11","spotify:track:1O2pcBJGej0pmH2Y9XZMs6","Cris Mj","Una Noche en Medellín","Nabru Records LLC","11","12","7","17798164","1O2pcBJGej0pmH2Y9XZMs6","0.87","0.832","0.077","0.548","0.0534","96.018","-5.253","0.0924","4.6e-05","Cris Mj","1Yj5Xey7kTwvZla8sqdsdE","mambo chileno,urbano chileno,urbano latino"
"12","12","spotify:track:1ri9ZUkBJVFUdgwzCnfcYs","Becky G, KAROL G","MAMIII","Kemosabe Records/RCA Records","5","10","9","16698428","1ri9ZUkBJVFUdgwzCnfcYs","0.843","0.899","0.0803","0.7","0.14","93.991","-3.563","0.0934","0","Becky G","4obzFoKoKRHIphyHzJ35G3","dance pop,latin pop,latin viral pop,pop,rap latina,reggaeton"
"13","13","spotify:track:6I3mqTwhRpn34SLVafSH7G","Justin Bieber","Ghost","RBMG/Def Jam","11","11","30","16595476","6I3mqTwhRpn34SLVafSH7G","0.601","0.441","0.0478","0.741","0.415","153.96","-5.569","0.185","2.91e-05","Justin Bieber","1uNFoZAHBGtllmzznpCI3s","canadian pop,pop"
"14","14","spotify:track:58HvfVOeJY7lUuCqF0m3ly","Elley Duhé","MIDDLE OF THE NIGHT","Not Fit For Society/RCA Records","13","14","16","16461829","58HvfVOeJY7lUuCqF0m3ly","0.41","0.0899","0.0467","0.611","0.116","185.727","-8.271","0.0228","0","Elley Duhé","67MNhiAICFY6Pwc2YxCO0K","alt z,electropop,pop"
"15","15","spotify:track:6mmPpaltUZK7xjNlBPQQ0p","Rauw Alejandro, Chencho Corleone","Desesperados","Sony Music Latin/Duars Entertainment","8","15","18","16373173","6mmPpaltUZK7xjNlBPQQ0p","0.869","0.511","0.0783","0.694","0.0878","90.02","-3.35","0.356","0.00125","Rauw Alejandro","1mcTU81TzQhprhouKaTkpq","puerto rican pop,trap latino,urbano latino"
"16","16","spotify:track:2gpQi3hbcUAcEG8m2dlgfB","Paulo Londra","Plan A","WEA Latina","4","9","4","16170790","2gpQi3hbcUAcEG8m2dlgfB","0.583","0.557","0.0444","0.834","0.0658","173.935","-4.875","0.0495","0","Paulo Londra","3vQ0GE3mI0dAaxIMYe5g7z","argentine hip hop,trap argentino,trap latino,urbano latino"
"17","17","spotify:track:6Uj1ctrBOjOas8xZXGqKk4","Doja Cat","Woman","Kemosabe Records/RCA Records","6","16","40","16023747","6Uj1ctrBOjOas8xZXGqKk4","0.824","0.881","0.0854","0.764","0.117","107.998","-4.175","0.0888","0.00294","Doja Cat","5cj0lLjcoR7YOSnhnX0Po5","dance pop,pop"
"18","18","spotify:track:50nfwKoDiSYg8zOCREWAm5","Ed Sheeran","Shivers","Atlantic Records UK","4","17","31","15782353","50nfwKoDiSYg8zOCREWAm5","0.788","0.822","0.0856","0.859","0.0424","141.02","-2.724","0.281","0","Ed Sheeran","6eUKZXaKkcviH0Ku9w2n3V","pop,uk pop"
"19","19","spotify:track:4ZtFanR9U6ndgddUvNcjcG","Olivia Rodrigo","good 4 u","Olivia Rodrigo PS","1","19","48","15047921","4ZtFanR9U6ndgddUvNcjcG","0.563","0.688","0.154","0.664","0.0849","166.928","-5.044","0.335","0","Olivia Rodrigo","1McMsnEElThX1knmY4oliG","pop"
"20","20","spotify:track:46IZ0fSY2mpAiktS3KOqds","Adele","Easy On Me","Columbia","1","18","26","14822740","46IZ0fSY2mpAiktS3KOqds","0.604","0.13","0.0282","0.366","0.133","141.981","-7.519","0.578","0","Adele","4dpARuHxo51G3z768sgnrY","british soul,pop,pop soul,uk pop"
"21","21","spotify:track:0e8nrvls4Qqv5Rfa2UhqmO","Lil Nas X","THATS WHAT I WANT","Columbia","3","20","30","14565439","0e8nrvls4Qqv5Rfa2UhqmO","0.737","0.546","0.22","0.846","0.0486","87.981","-4.51","0.00614","0","Lil Nas X","7jVv8c5Fj3E9VhNjxT4snq","lgbtq+ hip hop,pop"
"22","22","spotify:track:1UdzJEpgJxtuXAlCOvD4S0","Danny Ocean","Fuera del mercado","Atlantic Records","22","28","4","14478655","1UdzJEpgJxtuXAlCOvD4S0","0.453","0.266","0.144","0.673","0.131","92.06","-5.649","0.32","0","Danny Ocean","5H1nN1SzW0qNeUEZvuXjAj","latin pop,pop venezolano,reggaeton,urbano latino"
"23","23","spotify:track:3uUuGVFu1V7jTQL60S1r8z","Lost Frequencies, Calum Scott","Where Are You Now","Epic Amsterdam","18","22","32","13813462","3uUuGVFu1V7jTQL60S1r8z","0.671","0.262","0.103","0.636","0.172","120.966","-8.117","0.515","0.000411","Lost Frequencies","7f5Zgnp2spUuuzKplmRkt7","belgian edm,edm,pop,pop dance,tropical house"
"24","24","spotify:track:48AJSd42lXpicsGqcgopof","Daddy Yankee, Bad Bunny","X ÚLTIMA VEZ","Republic Records","24","36","3","13647742","48AJSd42lXpicsGqcgopof","0.812","0.573","0.0554","0.855","0.108","90.04","-3.725","0.0789","0.000167","Daddy Yankee","4VMYDCV2IEDYJArk749S6m","latin hip hop,reggaeton,urbano latino"
"25","25","spotify:track:3rmo8F54jFF8OgYsqTxm5d","Ed Sheeran","Bad Habits","Atlantic Records UK","3","23","42","13485317","3rmo8F54jFF8OgYsqTxm5d","0.807","0.537","0.0347","0.893","0.366","126.011","-3.745","0.0451","2.79e-05","Ed Sheeran","6eUKZXaKkcviH0Ku9w2n3V","pop,uk pop"
"26","26","spotify:track:2B4GHvToeLTOBB4QLzW3Ni","Farruko","Pepas","Sony Music Latin","4","27","40","13313163","2B4GHvToeLTOBB4QLzW3Ni","0.762","0.442","0.0343","0.766","0.128","130.001","-3.955","0.00776","6.98e-05","Farruko","329e4yvIujISKGKz1BZZbO","latin hip hop,reggaeton,trap latino,urbano latino"
"27","27","spotify:track:18asYwWugKjjsihZ0YvRxO","Tiësto, Ava Max","The Motto","Atlantic Records","22","26","23","13103793","18asYwWugKjjsihZ0YvRxO","0.754","0.464","0.0435","0.763","0.0901","117.953","-4.627","0.0301","2.23e-05","Tiësto","2o5jDhtHVPhrJdv3cEQ99Z","big room,brostep,dutch edm,edm,house,pop dance,slap house,trance"
"28","28","spotify:track:46HNZY1i7O6jwTA7Slo2PI","Coldplay, BTS","My Universe","Parlophone UK","3","25","29","12871674","46HNZY1i7O6jwTA7Slo2PI","0.573","0.47","0.0406","0.711","0.328","105.006","-6.268","0.0114","0","Coldplay","4gzpq5DPGxSnKTe4SA8HAU","permanent wave,pop"
"29","29","spotify:track:59CfNbkERJ3NoTXDvoURjj","Dove Cameron","Boyfriend","Disruptor Records/Columbia","11","24","9","12599643","59CfNbkERJ3NoTXDvoURjj","0.345","0.232","0.0608","0.612","0.194","179.773","-6.543","0.232","0","Dove Cameron","2W8yFh0Ga6Yf3jiayVxwkE","pop,post-teen pop"
"30","30","spotify:track:3AVXwaOGCEL8cmBecfcsFJ","Charlie Puth","Light Switch","Atlantic Records","19","41","12","12385538","3AVXwaOGCEL8cmBecfcsFJ","0.69","0.912","0.306","0.626","0.0881","184.009","-5.693","0.105","0.000335","Charlie Puth","6VuMaDnrHyPL1p4EHjYLi7","dance pop,pop,viral pop"
"31","31","spotify:track:0VjIjW4GlUZAMYd2vXMi3b","The Weeknd","Blinding Lights","Republic Records","1","32","124","12235707","0VjIjW4GlUZAMYd2vXMi3b","0.514","0.334","0.0598","0.73","0.0897","171.005","-5.934","0.00146","9.54e-05","The Weeknd","1Xyo4u8uXC1ZmMpatF05PJ","canadian contemporary r&b,canadian pop,pop"
"32","32","spotify:track:0U1W2LZVUX7qTm7dDpqxh6","Shawn Mendes","When You're Gone","Shawn Mendes LP4-5 PS/ Island","21","21","2","12148322","0U1W2LZVUX7qTm7dDpqxh6","0.603","0.577","0.0372","0.691","0.583","147.148","-5.805","0.0248","0","Shawn Mendes","7n2wHs1TKAczGzO7Dd2rGr","canadian pop,dance pop,pop,viral pop"
"33","33","spotify:track:7jtQIBanIiJOMS6RyCx6jZ","Tom Odell","Another Love","ITNO/Columbia","29","29","53","12033422","7jtQIBanIiJOMS6RyCx6jZ","0.442","0.139","0.0451","0.538","0.09","122.758","-8.55","0.717","2.95e-05","Tom Odell","2txHhyCwHjUEpJjWrEyqyX","chill pop,pop"
"34","34","spotify:track:1SOClUWhOi8vHZYMz3GluK","Jaymes Young","Infinity","Atlantic Records","11","31","24","11778030","1SOClUWhOi8vHZYMz3GluK","0.671","0.494","0.0444","0.673","0.304","121.963","-6.941","0.148","5.29e-05","Jaymes Young","6QrQ7OrISRYIfS5mtacaw2","indie poptimism,modern rock,pop"
"35","35","spotify:track:5CZ40GBx1sQ9agT82CLQCT","Olivia Rodrigo","traitor","Olivia Rodrigo PS","7","35","47","11725620","5CZ40GBx1sQ9agT82CLQCT","0.38","0.0849","0.0338","0.339","0.12","100.607","-7.885","0.691","0","Olivia Rodrigo","1McMsnEElThX1knmY4oliG","pop"
"36","36","spotify:track:2QjOHCTQ1Jl3zawyYOpxh6","The Neighbourhood","Sweater Weather","Columbia","29","34","85","11391367","2QjOHCTQ1Jl3zawyYOpxh6","0.612","0.398","0.0336","0.807","0.101","124.053","-2.81","0.0495","0.0177","The Neighbourhood","77SW9BnxLY8rJ0RciFqkHh","modern alternative rock,modern rock,pop,shimmer pop"
"37","37","spotify:track:4gzsuuZypVbxs0Af1LSZyB","Tainy, Bad Bunny, Julieta Venegas","Lo Siento BB:/ (with Bad Bunny & Julieta Venegas)","Neon16","12","37","28","11375542","4gzsuuZypVbxs0Af1LSZyB","0.639","0.138","0.0794","0.703","0.0865","169.888","-6.33","0.0889","1.78e-06","Tainy","0GM7qgcRCORpGnfcN2tCiB","latin hip hop,latin pop,pop reggaeton,reggaeton,reggaeton flow,trap latino,urbano latino"
"38","38","spotify:track:1HvTxgCj0mTzQlEo0zLvFb","Lil Tjay","In My Head","Columbia","30","30","2","11172613","1HvTxgCj0mTzQlEo0zLvFb","0.684","0.407","0.121","0.545","0.102","143.049","-6.885","0.159","0","Lil Tjay","6jGMq4yGs7aQzuGsMgVgZR","brooklyn drill,melodic rap,nyc rap"
"39","39","spotify:track:3DarAbFujv6eYNliUTyqtz","Doja Cat, SZA","Kiss Me More (feat. SZA)","Kemosabe Records/RCA Records","3","38","53","11113796","3DarAbFujv6eYNliUTyqtz","0.764","0.781","0.0284","0.705","0.12","110.97","-3.463","0.259","8.92e-05","Doja Cat","5cj0lLjcoR7YOSnhnX0Po5","dance pop,pop"
"40","40","spotify:track:2eAvDnpXP5W0cVtiI0PUxV","Ruth B.","Dandelions","Columbia","34","40","35","11028009","2eAvDnpXP5W0cVtiI0PUxV","0.609","0.454","0.0259","0.692","0.0864","116.959","-2.958","0.0157","0","Ruth B.","2WzaAvm2bBCf4pEhyuDgCY","alt z,canadian contemporary r&b,canadian pop,pop"
"41","41","spotify:track:6UelLqGlWMcVH1E5c4H7lY","Harry Styles","Watermelon Sugar","Columbia","4","44","126","10981156","6UelLqGlWMcVH1E5c4H7lY","0.548","0.557","0.0465","0.816","0.335","95.39","-4.209","0.122","0","Harry Styles","6KImCVD70vtIoJWnq6nGn3","pop"
"42","42","spotify:track:3Vi5XqYrmQgOYBajMWSvCi","Doja Cat","Need to Know","Kemosabe Records/RCA Records","6","39","44","10888489","3Vi5XqYrmQgOYBajMWSvCi","0.664","0.194","0.0707","0.609","0.0926","130.041","-6.509","0.304","0","Doja Cat","5cj0lLjcoR7YOSnhnX0Po5","dance pop,pop"
"43","43","spotify:track:5wANPM4fQCJwkGd4rN57mH","Olivia Rodrigo","drivers license","Olivia Rodrigo PS","1","42","66","10784110","5wANPM4fQCJwkGd4rN57mH","0.561","0.137","0.0578","0.431","0.106","143.875","-8.81","0.768","1.42e-05","Olivia Rodrigo","1McMsnEElThX1knmY4oliG","pop"
"44","44","spotify:track:4SqWKzw0CbA05TGszDgMlc","The Walters","I Love You So","Warner Records","21","33","27","10748432","4SqWKzw0CbA05TGszDgMlc","0.575","0.466","0.0358","0.648","0.115","75.977","-4.891","0.583","0","The Walters","027TpXKGwdXP7iwbjUSpV8","chicago indie"
"45","45","spotify:track:2JPLbjOn0wPCngEot2STUS","Bad Bunny","Yonaguni","Rimas Entertainment LLC","3","43","45","10699029","2JPLbjOn0wPCngEot2STUS","0.644","0.44","0.118","0.648","0.135","179.951","-4.601","0.276","0","Bad Bunny","4q3ewBCX7sLwd24euuV69X","reggaeton,trap latino,urbano latino"
"46","46","spotify:track:0y60itmpH0aPKsFiGxmtnh","WILLOW","Wait a Minute!","Roc Nation W Smith P&D","46","61","4","10082842","0y60itmpH0aPKsFiGxmtnh","0.764","0.672","0.0278","0.705","0.0943","101.003","-5.279","0.0371","1.94e-05","WILLOW","3rWZHrfrsPBxVy692yAIxF","afrofuturism,pop,post-teen pop"
"47","47","spotify:track:5nujrmhLynf4yMoMtj8AQF","Dua Lipa, DaBaby","Levitating (feat. DaBaby)","Warner Records","4","46","80","9962295","5nujrmhLynf4yMoMtj8AQF","0.702","0.915","0.0601","0.825","0.0674","102.977","-3.787","0.00883","0","Dua Lipa","6M2wZ9GZgrQXHCFfjv46we","dance pop,pop,uk pop"
"48","48","spotify:track:2rDZhKnPaPG054ExZ6nXUS","Ryan Castro","Jordan","King Records","48","52","7","9884249","2rDZhKnPaPG054ExZ6nXUS","0.796","0.71","0.37","0.68","0.103","179.923","-5.555","0.0575","0.000683","Ryan Castro","7j6DKwmjbxvpQO8h914uEz","reggaeton,trap colombiano,urbano latino"
"49","49","spotify:track:4RVwu0g32PAqgUiJoXsdF8","Billie Eilish","Happier Than Ever","Darkroom/Interscope Records","6","48","37","9728759","4RVwu0g32PAqgUiJoXsdF8","0.332","0.297","0.0348","0.225","0.128","81.055","-8.697","0.767","0.00349","Billie Eilish","6qqNVTkY8uBg9cP3Jd7DAH","art pop,electropop,pop"
"50","50","spotify:track:5QO79kh1waicV47BqGRL3g","The Weeknd","Save Your Tears","Republic Records","2","47","71","9529151","5QO79kh1waicV47BqGRL3g","0.68","0.644","0.0309","0.826","0.543","118.051","-5.487","0.0212","1.24e-05","The Weeknd","1Xyo4u8uXC1ZmMpatF05PJ","canadian contemporary r&b,canadian pop,pop"
"51","51","spotify:track:0Q5VnK2DYzRyfqQRJuUtvi","IVE","LOVE DIVE","STARSHIP Entertainment","51","-1","1","9499980","0Q5VnK2DYzRyfqQRJuUtvi","0.703","0.538","0.0433","0.709","0.333","117.941","-4.169","0.00379","5.43e-05","IVE","6RHTUrRF63xao58xh9FXYJ","k-pop girl group"
"52","52","spotify:track:20on25jryn53hWghthWWW3","ACRAZE, Cherish","Do It To It","Thrive Music, LLC","9","45","24","9453459","20on25jryn53hWghthWWW3","0.854","0.637","0.0886","0.806","0.0703","124.927","-8.262","0.0209","0.0542","ACRAZE","4pnp4w9g30yLfVIAFnZMRd","covertronica,dance pop,edm,pop dance,tropical house"
"53","53","spotify:track:1oFAF1hdPOickyHgbuRjyX","The Weeknd, Ariana Grande","Save Your Tears (Remix) (with Ariana Grande) - Bonus Track","XO / Republic Records","5","64","51","9377436","1oFAF1hdPOickyHgbuRjyX","0.65","0.593","0.0325","0.825","0.0936","118.091","-4.645","0.0215","2.44e-05","The Weeknd","1Xyo4u8uXC1ZmMpatF05PJ","canadian contemporary r&b,canadian pop,pop"
"54","54","spotify:track:6HU7h9RYOaPRFeh0R3UeAr","Olivia Rodrigo","deja vu","Olivia Rodrigo PS","3","53","54","9341302","6HU7h9RYOaPRFeh0R3UeAr","0.442","0.178","0.112","0.612","0.37","180.917","-7.222","0.584","5.7e-06","Olivia Rodrigo","1McMsnEElThX1knmY4oliG","pop"
"55","55","spotify:track:4srcMdbm2qzVG98tJajHxp","Alejo, Feid, ROBI","Pantysito","UMLE - Latino","55","60","4","9279709","4srcMdbm2qzVG98tJajHxp","0.83","0.631","0.0627","0.739","0.162","97.993","-5.395","0.136","2.11e-06","Alejo","50sIhX3HytFEwQXZJLUZQE","reggaeton,urbano latino"
"56","56","spotify:track:2SJZdZ5DLtlRosJ2xHJJJa","Paulo Londra","Chance","WEA Latina","56","-1","1","9229773","2SJZdZ5DLtlRosJ2xHJJJa","0.721","0.216","0.0646","0.463","0.0929","137.915","-9.483","0.241","0","Paulo Londra","3vQ0GE3mI0dAaxIMYe5g7z","argentine hip hop,trap argentino,trap latino,urbano latino"
"57","57","spotify:track:58ge6dfP91o9oXMzq3XkIS","Arctic Monkeys","505","Domino Recording Co","56","56","15","8943191","58ge6dfP91o9oXMzq3XkIS","0.52","0.234","0.0543","0.852","0.0733","140.267","-5.866","0.00237","5.79e-05","Arctic Monkeys","7Ln80lUS6He07XvHI8qqHH","garage rock,modern rock,permanent wave,rock,sheffield indie"
"58","58","spotify:track:3AJwUDP919kvQ9QcozQPxg","Coldplay","Yellow","Parlophone UK","58","70","69","8897952","3AJwUDP919kvQ9QcozQPxg","0.429","0.285","0.0281","0.661","0.234","173.372","-7.227","0.00239","0.000121","Coldplay","4gzpq5DPGxSnKTe4SA8HAU","permanent wave,pop"
"59","59","spotify:track:1SC5rEoYDGUK4NfG82494W","Lil Nas X","MONTERO (Call Me By Your Name)","Columbia","1","55","55","8824372","1SC5rEoYDGUK4NfG82494W","0.593","0.71","0.22","0.503","0.405","178.781","-6.725","0.293","0","Lil Nas X","7jVv8c5Fj3E9VhNjxT4snq","lgbtq+ hip hop,pop"
"60","60","spotify:track:531KGXtBroSrOX9LVmiIgc","Dave","Starlight","Dave / Neighbourhood Recordings","44","50","6","8745106","531KGXtBroSrOX9LVmiIgc","0.954","0.372","0.288","0.367","0.0979","124.026","-9.551","0.341","5.48e-06","Dave","6Ip8FS7vWT1uKkJSweANQK","uk hip hop"
"61","61","spotify:track:5gflgO9EPbIBf16n5TKnQS","Zion & Lennox","Yo Voy (feat. Daddy Yankee)","Baby Records Inc","61","62","8","8660824","5gflgO9EPbIBf16n5TKnQS","0.808","0.554","0.241","0.697","0.0546","95.06","-5.899","0.041","0","Zion & Lennox","21451j1KhjAiaYKflxBjr1","latin hip hop,reggaeton,urbano latino"
"62","62","spotify:track:7lQ8MOhq6IN2w8EYcFNSUk","Eminem","Without Me","Aftermath","31","58","29","8628693","7lQ8MOhq6IN2w8EYcFNSUk","0.908","0.662","0.0738","0.669","0.237","112.238","-2.827","0.00286","0","Eminem","7dGJo4pcD2V6oG8kP0tJRR","detroit hip hop,hip hop,rap"
"63","63","spotify:track:0HqZX76SFLDz2aW8aiqi7G","Imagine Dragons","Bones","KIDinaKORNER/Interscope Records","59","65","5","8627328","0HqZX76SFLDz2aW8aiqi7G","0.773","0.571","0.046","0.742","0.0754","114.071","-3.678","0.0206","0","Imagine Dragons","53XhwfbYqKCa1cC15pYq2q","modern rock,rock"
"64","64","spotify:track:3uwnnTQcHM1rDqSfA4gQNz","Demi Lovato","Cool for the Summer","Hollywood Records","42","51","4","8600367","3uwnnTQcHM1rDqSfA4gQNz","0.583","0.336","0.0382","0.61","0.14","114.06","-5.639","0.00425","0.000105","Demi Lovato","6S2OmqARrzebs0tKUEyXyp","dance pop,pop,post-teen pop"
"65","65","spotify:track:2K7xn816oNHJZ0aVqdQsha","The Neighbourhood","Softcore","Columbia","35","54","14","8546331","2K7xn816oNHJZ0aVqdQsha","0.575","0.37","0.03","0.568","0.286","93.986","-5.509","0.0484","0.000417","The Neighbourhood","77SW9BnxLY8rJ0RciFqkHh","modern alternative rock,modern rock,pop,shimmer pop"
"66","66","spotify:track:6lX6l7OuA3qrnIRfdsr0dw","Blessd, Justin Quiles, Lenny Tavárez","Medallo","WEA Latina","48","59","21","8535514","6lX6l7OuA3qrnIRfdsr0dw","0.787","0.791","0.0768","0.7","0.663","90.02","-4.598","0.568","0.00051","Blessd","1TA5sGRlKUJXBN4ZyJuDIX","reggaeton,urbano latino"
"67","67","spotify:track:52xJxFP6TqMuO4Yt0eOkMz","Carolina Gaitán - La Gaita, Mauro Castillo, Adassa, Rhenzy Feliz, Diane Guerrero, Stephanie Beatriz, Encanto - Cast","We Don't Talk About Bruno","Walt Disney Records","8","49","16","8519776","52xJxFP6TqMuO4Yt0eOkMz","0.577","0.83","0.0834","0.45","0.111","205.863","-8.516","0.357","0","Carolina Gaitán - La Gaita","29PgYEggDV3cDP9QYTogwv","latin viral pop"
"68","68","spotify:track:4MzXwWMhyBbmu6hOcLVD49","Bad Bunny, JhayCo","DÁKITI","Rimas Entertainment LLC","1","66","76","8315846","4MzXwWMhyBbmu6hOcLVD49","0.731","0.145","0.0544","0.573","0.113","109.928","-10.059","0.401","5.22e-05","Bad Bunny","4q3ewBCX7sLwd24euuV69X","reggaeton,trap latino,urbano latino"
"69","69","spotify:track:62Yo3FDddWY8ydu6PW2wyz","Jack Harlow","Nail Tech","Generation Now/Atlantic","36","120","8","8288950","62Yo3FDddWY8ydu6PW2wyz","0.677","0.1","0.0694","0.557","0.0984","150.127","-8.409","0.00508","8.36e-06","Jack Harlow","2LIk90788K0zvyj2JJVwkJ","deep underground hip hop,kentucky hip hop,pop,rap"
"70","70","spotify:track:1mWdTewIgB3gtBM3TOSFhB","BTS","Butter","BIGHIT MUSIC","2","63","47","8153620","1mWdTewIgB3gtBM3TOSFhB","0.759","0.695","0.0948","0.459","0.0906","109.997","-5.187","0.00323","0","BTS","3Nrfpe0tUJi4K4DXYWgMUX","k-pop,k-pop boy group"
"71","71","spotify:track:73cnVqsbZygieKi8xF10sO","Camila Cabello, WILLOW","psychofreak (feat. WILLOW)","Epic","71","-1","1","8149985","73cnVqsbZygieKi8xF10sO","0.629","0.448","0.0752","0.64","0.0928","179.989","-7.638","0.342","1.17e-05","Camila Cabello","4nDoRrQiYLoBzwC5BhVJzF","dance pop,pop,post-teen pop"
"72","72","spotify:track:0IuVhCflrQPMGRrOyoY5RW","Tate McRae","she's all i wanna be","RCA Records Label","38","69","10","7983967","0IuVhCflrQPMGRrOyoY5RW","0.614","0.651","0.0426","0.644","0.117","160.036","-5.372","0.0134","7.07e-06","Tate McRae","45dkTj5sMRSjrmBSBeiHym","pop"
"73","73","spotify:track:6ylDpki1VpIsc525KC1ojF","Sebastian Yatra","Tacones Rojos","UMLE - Latino","45","72","21","7971926","6ylDpki1VpIsc525KC1ojF","0.746","0.934","0.0359","0.844","0.149","123.014","-3.499","0.062","0","Sebastian Yatra","07YUOmWljBTXwIseAUd9TW","colombian pop,latin pop,reggaeton colombiano"
"74","74","spotify:track:4iJyoBOLtHqaGxP12qzhQI","Justin Bieber, Daniel Caesar, Giveon","Peaches (feat. Daniel Caesar & Giveon)","RBMG/Def Jam","1","67","56","7952241","4iJyoBOLtHqaGxP12qzhQI","0.677","0.464","0.119","0.696","0.42","90.03","-6.181","0.321","0","Justin Bieber","1uNFoZAHBGtllmzznpCI3s","canadian pop,pop"
"75","75","spotify:track:3GaGWoU1KfVqgl7vnRHP55","C. Tangana","Demasiadas Mujeres","Sony Music Entertainment","75","82","6","7894289","3GaGWoU1KfVqgl7vnRHP55","0.658","0.358","0.39","0.453","0.0848","126.043","-7.378","0.131","2e-04","C. Tangana","5TYxZTjIPqKM8K8NuP9woO","urbano espanol"
"76","76","spotify:track:3Wrjm47oTz2sjIgck11l5e","Måneskin","Beggin'","RCA Records Label","1","73","45","7713741","3Wrjm47oTz2sjIgck11l5e","0.714","0.589","0.0504","0.8","0.359","134.002","-4.808","0.127","0","Måneskin","0lAWpj5szCSwM4rUMHYmrr","indie rock italiano,italian pop"
"77","77","spotify:track:0pqnGHJpmpxLKifKRmU6WP","Imagine Dragons","Believer","Kid Ina Korner / Interscope","16","84","271","7650917","0pqnGHJpmpxLKifKRmU6WP","0.776","0.666","0.128","0.78","0.081","124.949","-4.374","0.0622","0","Imagine Dragons","53XhwfbYqKCa1cC15pYq2q","modern rock,rock"
"78","78","spotify:track:0Bv7O6fmZk3GrNQFYJaXPn","La Pantera, Quevedo, Juseph, Abhir Hathi, Bejo, Cruz Cafuné, EL IMA","Cayó La Noche (feat. Cruz Cafuné, Abhir Hathi, Bejo, EL IMA) [Remix]","La Pantera","58","71","11","7606012","0Bv7O6fmZk3GrNQFYJaXPn","0.672","0.739","0.3","0.745","0.0699","173.974","-5.269","0.438","9.29e-06","La Pantera","0IEzMvarfVycBJAXjjEZOL","rap canario"
"79","79","spotify:track:5TMLavqGRKNxgzMBrVpC9R","zzoilo, Aitana","Mon Amour - Remix","Universal Music Spain S.L.","34","75","32","7601390","5TMLavqGRKNxgzMBrVpC9R","0.748","0.362","0.102","0.761","0.0984","116.041","-6.621","0.122","6.56e-06","zzoilo","7c53ZFyajVMTo08HmvoB6b",""
"80","80","spotify:track:0oA9wBGDY4uyILLg4GymWP","AnnenMayKantereit, Giant Rooks","Tom's Diner","Vertigo Berlin","65","68","4","7591490","0oA9wBGDY4uyILLg4GymWP","0.68","0.334","0.135","0.428","0.355","98.222","-8.107","0.376","0.000344","AnnenMayKantereit","23xqmJEN3oVxwzqtNIyR5m","cologne indie,german singer-songwriter"
"81","81","spotify:track:3yfqSUWxFvZELEM4PmlwIR","Eminem","The Real Slim Shady","Interscope","51","78","45","7581166","3yfqSUWxFvZELEM4PmlwIR","0.949","0.76","0.0572","0.661","0.0454","104.504","-4.244","0.0302","0","Eminem","7dGJo4pcD2V6oG8kP0tJRR","detroit hip hop,hip hop,rap"
"82","82","spotify:track:6bTdZ7xfKp3NqqADJ8HLyj","Matuê, WIU, Teto","Vampiro","Sony Music Entertainment","82","-1","1","7581144","6bTdZ7xfKp3NqqADJ8HLyj","0.782","0.627","0.0438","0.643","0.0654","114.994","-4.956","0.0136","0","Matuê","5nP8x4uEFjAAmDzwOEc9b8","r&b brasileiro,rap cearense,trap brasileiro"
"83","83","spotify:track:2gQPv5jvVPqU2a9HhMNO1v","BoyWithUke","Toxic","Republic Records","23","76","26","7576104","2gQPv5jvVPqU2a9HhMNO1v","0.594","0.687","0.363","0.612","0.461","179.629","-6.627","0.835","0","BoyWithUke","1Cd373x8qzC7SNUg5IToqp","sad rap"
"84","84","spotify:track:2m6Ko3CY1qXNNja8AlugNc","Troye Sivan","Angel Baby","EMI Recorded Music Australia Pty Ltd","84","126","2","7511381","2m6Ko3CY1qXNNja8AlugNc","0.559","0.338","0.0358","0.559","0.138","72.498","-6.425","0.0145","0","Troye Sivan","3WGpXCj9YhhfX11TToZcXP","australian pop,dance pop,electropop,pop,viral pop"
"85","85","spotify:track:5QDLhrAOJJdNAmCTJ8xMyW","BTS","Dynamite","BIGHIT MUSIC","2","92","86","7453841","5QDLhrAOJJdNAmCTJ8xMyW","0.746","0.737","0.0993","0.765","0.0936","114.044","-4.41","0.0112","0","BTS","3Nrfpe0tUJi4K4DXYWgMUX","k-pop,k-pop boy group"
"86","86","spotify:track:6bQ5823aHmFVKLZW8E7rRo","Duki, De La Ghetto, Quevedo","Si Quieren Frontear","DALE PLAY Records / SSJ Records","86","113","2","7452393","6bQ5823aHmFVKLZW8E7rRo","0.789","0.476","0.23","0.837","0.209","81.536","-3.247","0.125","0","Duki","1bAftSH8umNcGZ0uyV7LMg","argentine hip hop,trap argentino,trap latino,trap triste,urbano latino"
"87","87","spotify:track:02VBYrHfVwfEWXk5DXyf0T","Bruno Mars, Anderson .Paak, Silk Sonic","Leave The Door Open","Aftermath Entertainment/Atlantic","5","89","58","7450857","02VBYrHfVwfEWXk5DXyf0T","0.586","0.719","0.0324","0.616","0.0927","148.088","-7.964","0.182","0","Bruno Mars","0du5cEVh5yTK9QJze8zA0C","dance pop,pop"
"88","88","spotify:track:2Xr1dTzJee307rmrkt8c0g","CKay","love nwantiti (ah ah ah)","Chocolate City Music","9","79","31","7439489","2Xr1dTzJee307rmrkt8c0g","0.727","0.533","0.0411","0.739","0.161","93.005","-3.805","0.365","0.00137","CKay","048LktY5zMnakWq7PTtFrz","afro r&b"
"89","89","spotify:track:5zNxUkUW9WiV5oyg6gh2wB","PEDRO SAMPAIO, Mc Pedrinho","DANÇARINA","WM Brazil","32","74","8","7385013","5zNxUkUW9WiV5oyg6gh2wB","0.778","0.554","0.0788","0.571","0.0964","134.999","-4.776","0.0423","0","PEDRO SAMPAIO","5wbf52LA6kcaboHSN6NEF1","funk carioca,funk rj"
"90","90","spotify:track:3rdAz1fbUfZxYgaCviYhRo","Rauw Alejandro","Todo De Ti","Sony Music Latin/Duars Entertainment","2","94","47","7377356","3rdAz1fbUfZxYgaCviYhRo","0.78","0.336","0.0506","0.719","0.0931","127.962","-3.613","0.302","0.000196","Rauw Alejandro","1mcTU81TzQhprhouKaTkpq","puerto rican pop,trap latino,urbano latino"
"91","91","spotify:track:7mFj0LlWtEJaEigguaWqYh","Megan Thee Stallion, Dua Lipa","Sweetest Pie","300 Entertainment","17","77","5","7334703","7mFj0LlWtEJaEigguaWqYh","0.814","0.677","0.221","0.628","0.101","123.977","-7.178","0.167","0","Megan Thee Stallion","181bsRPaVXVlUKXrxwZfHK","dance pop,houston rap,pop,rap,trap queen"
"92","92","spotify:track:2WL6GQzPuK9Nrpy9XwNEbz","Nirvana","Something In The Way","Geffen","19","57","6","7333912","2WL6GQzPuK9Nrpy9XwNEbz","0.426","0.0643","0.0291","0.225","0.11","104.506","-12.422","0.823","0.367","Nirvana","6olE6TJLqED3rqDCT0FyPh","grunge,permanent wave,rock"
"93","93","spotify:track:4r9jkMEnArtWGH2rL2FZl0","Bad Bunny","A Tu Merced","Rimas Entertainment LLC","52","83","22","7330987","4r9jkMEnArtWGH2rL2FZl0","0.86","0.887","0.0568","0.791","0.106","92.023","-4.784","0.169","0.000106","Bad Bunny","4q3ewBCX7sLwd24euuV69X","reggaeton,trap latino,urbano latino"
"94","94","spotify:track:3PfIrDoz19wz7qK7tYeu62","Dua Lipa","Don't Start Now","Warner Records","2","87","128","7322355","3PfIrDoz19wz7qK7tYeu62","0.793","0.679","0.083","0.793","0.0951","123.95","-4.521","0.0123","0","Dua Lipa","6M2wZ9GZgrQXHCFfjv46we","dance pop,pop,uk pop"
"95","95","spotify:track:3sd2p4kE7xQmFH3lPnFl6h","Davi Kneip, Mc Frog, Dj Gabriel do Borel, Luísa Sonza","sentaDONA (Remix) s2","Davi Kneip","48","81","4","7281568","3sd2p4kE7xQmFH3lPnFl6h","0.925","0.771","0.273","0.454","0.128","135.02","-3.533","0.252","4.19e-06","Davi Kneip","6rygauyIMQJrXRC4e5rQJP","deboxe,funk bh,funk carioca,funk consciente,funk mtg"
"96","96","spotify:track:68Dni7IE4VyPkTOH9mRWHr","J. Cole","No Role Modelz","Roc Nation Records LLC","96","101","38","7228519","68Dni7IE4VyPkTOH9mRWHr","0.69","0.494","0.339","0.521","0.0534","100.028","-8.492","0.324","0","J. Cole","6l3HvQ5sa6mXTsMTB19rO5","conscious hip hop,hip hop,north carolina hip hop,rap"
"97","97","spotify:track:00Blm7zeNqgYLPtW6zg8cj","Post Malone, The Weeknd","One Right Now (with The Weeknd)","Republic Records","9","86","23","7215789","00Blm7zeNqgYLPtW6zg8cj","0.687","0.688","0.053","0.781","0.0755","97.014","-4.806","0.0361","0","Post Malone","246dkjvS1zLTtiykXe5h60","dfw rap,melodic rap,rap"
"98","98","spotify:track:0u2P5u6lvoDfwTYjAADbn4","Billie Eilish, Khalid","lovely (with Khalid)","Darkroom","24","91","208","7193355","0u2P5u6lvoDfwTYjAADbn4","0.351","0.12","0.0333","0.296","0.095","115.284","-10.109","0.934","0","Billie Eilish","6qqNVTkY8uBg9cP3Jd7DAH","art pop,electropop,pop"
"99","99","spotify:track:0RiRZpuVRbi7oqRdSMwhQY","Post Malone, Swae Lee","Sunflower - Spider-Man: Into the Spider-Verse","Republic Records","1","95","182","7161998","0RiRZpuVRbi7oqRdSMwhQY","0.755","0.925","0.0575","0.522","0.0685","89.96","-4.368","0.533","0","Post Malone","246dkjvS1zLTtiykXe5h60","dfw rap,melodic rap,rap"
"100","100","spotify:track:37y7iDayfwm3WXn5BiAoRk","Steve Lacy","Dark Red","Three Quarter","66","96","36","7092426","37y7iDayfwm3WXn5BiAoRk","0.603","0.775","0.062","0.783","0.119","172.041","-4.023","0.449","7.96e-06","Steve Lacy","57vWImR43h4CaDao012Ofp","afrofuturism"
"101","101","spotify:track:3GZD6HmiNUhxXYf8Gch723","Frank Ocean","Lost","Red Zone Entertainment / IDJ","50","93","13","7082706","3GZD6HmiNUhxXYf8Gch723","0.913","0.497","0.226","0.603","0.167","123.061","-4.892","0.0272","0.000503","Frank Ocean","2h93pZq0e7k5yf4dywlkpM","hip hop,lgbtq+ hip hop,neo soul"
"102","102","spotify:track:2vmfvSoZBFAt9hhRoEByLi","Aventura, Bad Bunny","Volví","Rimas Entertainment LLC","10","97","37","6937350","2vmfvSoZBFAt9hhRoEByLi","0.725","0.791","0.182","0.86","0.0674","175.896","-3.726","0.422","0.000284","Aventura","1qto4hHid1P71emI6Fd8xi","bachata,bachata dominicana,latin hip hop,latin pop,tropical,urbano latino"
"103","103","spotify:track:6ws54n2IzyrIxxyzlG2bVJ","Lil Baby","Right On","Quality Control Music/Motown Records","103","-1","1","6931213","6ws54n2IzyrIxxyzlG2bVJ","0.535","0.211","0.382","0.618","0.103","165.991","-5.668","0.0245","0","Lil Baby","5f7VJjfbwm532GiveGC0ZK","atl hip hop,atl trap,rap,trap"
"104","104","spotify:track:0fea68AdmYNygeTGI4RC18","J Balvin, Bad Bunny","LA CANCIÓN","Universal Music Latino / Rimas","17","104","67","6915620","0fea68AdmYNygeTGI4RC18","0.754","0.429","0.317","0.646","0.108","176.089","-5.795","0.152","1.85e-05","J Balvin","1vyhD5VmyZ7KMfW5gqLgo5","reggaeton,reggaeton colombiano,urbano latino"
"105","105","spotify:track:3o9kpgkIcffx0iSwxhuNI2","Em Beihold","Numb Little Bug","Republic Records/Moon Projects, LLC.","69","90","11","6907334","3o9kpgkIcffx0iSwxhuNI2","0.742","0.638","0.0769","0.527","0.25","84.974","-6.892","0.327","0","Em Beihold","7o2ZQYM7nTsaVdkXY38UAA","alt z,gen z singer-songwriter"
"106","106","spotify:track:3Kkjo3cT83cw09VJyrLNwX","Adele","Oh My God","Columbia","3","98","21","6906619","3Kkjo3cT83cw09VJyrLNwX","0.534","0.55","0.046","0.725","0.0264","88.098","-3.906","0.091","0","Adele","4dpARuHxo51G3z768sgnrY","british soul,pop,pop soul,uk pop"
"107","107","spotify:track:7qEHsqek33rTcFNT9PFqLf","Lewis Capaldi","Someone You Loved","Vertigo Berlin","4","102","171","6894337","7qEHsqek33rTcFNT9PFqLf","0.501","0.446","0.0319","0.405","0.105","109.891","-5.679","0.751","0","Lewis Capaldi","4GNC7GD6oZMSxPGyXy4MNB","pop,uk pop"
"108","108","spotify:track:1v7L65Lzy0j0vdpRjJewt1","Eminem","Lose Yourself - From ""8 Mile"" Soundtrack","Aftermath","44","100","69","6858861","1v7L65Lzy0j0vdpRjJewt1","0.686","0.0596","0.264","0.735","0.342","171.355","-4.616","0.00921","0.00066","Eminem","7dGJo4pcD2V6oG8kP0tJRR","detroit hip hop,hip hop,rap"
"109","109","spotify:track:3XjN0mvFkQp1FMVM9Ro5hm","Daddy Yankee","RUMBATÓN","Republic Records","58","99","3","6816430","3XjN0mvFkQp1FMVM9Ro5hm","0.685","0.922","0.0396","0.909","0.35","95.004","-4.034","0.0471","0","Daddy Yankee","4VMYDCV2IEDYJArk749S6m","latin hip hop,reggaeton,urbano latino"
"110","110","spotify:track:2gpWyfu7eZ01zzncHpxOtA","Swedish House Mafia, The Weeknd","Moth To A Flame (with The Weeknd)","Republic Records","7","108","25","6816123","2gpWyfu7eZ01zzncHpxOtA","0.542","0.109","0.0389","0.659","0.105","120.122","-7.289","0.00279","0","Swedish House Mafia","1h6Cn3P4NGzXbaXidqURXs","dance pop,edm,electro house,pop,pop dance,progressive electro house"
"111","111","spotify:track:2J2Z1SkXYghSajLibnQHOa","Sia","Unstoppable","Monkey Puzzle Records/RCA Records","111","116","9","6814555","2J2Z1SkXYghSajLibnQHOa","0.468","0.26","0.0779","0.779","0.101","173.799","-4.839","0.112","0.000373","Sia","5WUlDfRSoLAfcVSX1WnrxN","australian dance,australian pop,dance pop,pop"
"112","112","spotify:track:1jIMjbzcGCcCQn5iMu9CUc","Charlie Puth","That's Hilarious","Atlantic Records","112","-1","1","6805417","1jIMjbzcGCcCQn5iMu9CUc","0.714","0.546","0.0605","0.442","0.114","108.039","-5.909","0.742","0","Charlie Puth","6VuMaDnrHyPL1p4EHjYLi7","dance pop,pop,viral pop"
"113","113","spotify:track:1XGmzt0PVuFgQYYnV2It7A","Maroon 5, Wiz Khalifa","Payphone","Interscope Records*","113","129","17","6770541","1XGmzt0PVuFgQYYnV2It7A","0.743","0.545","0.0414","0.752","0.287","110.015","-4.813","0.0188","0","Maroon 5","04gDigrS5kc9YWfZHwBETP","pop"
"114","114","spotify:track:2tpWsVSb9UEmDRxAl1zhX1","OneRepublic","Counting Stars","Mosley / Interscope","114","118","57","6760956","2tpWsVSb9UEmDRxAl1zhX1","0.664","0.477","0.0382","0.705","0.118","122.016","-4.972","0.0654","0","OneRepublic","5Pwc4xIPtQLFEnJriah9YJ","piano rock,pop"
"115","115","spotify:track:0gucTLf7trAf37Ua1uAyAu","Nirvana","Smells Like Teen Spirit","Geffen","109","109","66","6743962","0gucTLf7trAf37Ua1uAyAu","0.489","0.691","0.0554","0.918","0.0908","116.731","-4.502","3.53e-05","7.64e-05","Nirvana","6olE6TJLqED3rqDCT0FyPh","grunge,permanent wave,rock"
"116","116","spotify:track:74WROFXsox6wkeUrEK2DS6","Eden Muñoz","Chale","Lizos Music","75","103","6","6737738","74WROFXsox6wkeUrEK2DS6","0.551","0.862","0.0428","0.436","0.0719","188.651","-8.029","0.395","0","Eden Muñoz","1gJdf4Yybu4X5A2xYV3NMV","nueva musica mexicana"
"117","117","spotify:track:5g7sDjBhZ4I3gcFIpkrLuI","Bruno Mars","Locked out of Heaven","Atlantic Records","111","114","15","6721034","5g7sDjBhZ4I3gcFIpkrLuI","0.728","0.87","0.0456","0.697","0.282","143.986","-4.125","0.0556","0","Bruno Mars","0du5cEVh5yTK9QJze8zA0C","dance pop,pop"
"118","118","spotify:track:503OTo2dSqe7qk76rgsbep","Dr. Dre, Snoop Dogg","Still D.R.E.","Aftermath","29","110","9","6711750","503OTo2dSqe7qk76rgsbep","0.816","0.527","0.234","0.775","0.0543","93.431","-3.323","0.16","0.00031","Dr. Dre","6DPYiyq5kWVQS4RGwxzPC7","g funk,gangster rap,hip hop,rap,west coast rap"
"119","119","spotify:track:40w8JmvwYUP2HUiXPxjy99","Ak4:20, Pailita, Cris Mj","Me Arrepentí","Ak4:20","80","80","2","6681010","40w8JmvwYUP2HUiXPxjy99","0.861","0.907","0.164","0.786","0.601","92.031","-4.934","0.289","0","Ak4:20","1SiLK8gdECx2iEm2SSj0Bl","urbano chileno,urbano latino"
"120","120","spotify:track:2tGvwE8GcFKwNdAXMnlbfl","Olivia Rodrigo","happier","Olivia Rodrigo PS","12","119","47","6677662","2tGvwE8GcFKwNdAXMnlbfl","0.395","0.338","0.133","0.443","0.0839","168.924","-9.72","0.765","9.67e-06","Olivia Rodrigo","1McMsnEElThX1knmY4oliG","pop"
"121","121","spotify:track:3yMC1KsTwh0ceXdIe4QQAQ","Lauren Spencer Smith","Fingers Crossed","Three Name Productions, Inc./ Island Records & Republic Records","17","106","14","6648222","3yMC1KsTwh0ceXdIe4QQAQ","0.56","0.441","0.0533","0.473","0.31","109.414","-7.23","0.618","0","Lauren Spencer Smith","79AyR6ATpj2LTPxfb6FX50","alt z,gen z singer-songwriter,pop"
"122","122","spotify:track:69vlMrzHwATKzupwNcUPyK","Bad Bunny, Daddy Yankee","La Santa","Rimas Entertainment LLC","14","111","26","6617604","69vlMrzHwATKzupwNcUPyK","0.744","0.586","0.047","0.868","0.0822","93.037","-4.524","0.0326","0","Bad Bunny","4q3ewBCX7sLwd24euuV69X","reggaeton,trap latino,urbano latino"
"123","123","spotify:track:1ZdhOMWyFR8Iv9eylMGYg2","Labrinth","Mount Everest","Syco Music","36","85","10","6560294","1ZdhOMWyFR8Iv9eylMGYg2","0.494","0.44","0.205","0.428","0.0816","87.724","-7.239","0.236","0.0698","Labrinth","2feDdbD5araYcm6JhFHHw7","indie poptimism,pop"
"124","124","spotify:track:6Y46tOTRhkBamosyuWa6YX","ROSALÍA, The Weeknd","LA FAMA","Columbia","32","136","18","6542675","6Y46tOTRhkBamosyuWa6YX","0.766","0.805","0.0464","0.295","0.119","136.016","-7.893","0.947","4.44e-05","ROSALÍA","7ltDVBr6mKbRvohxheJ9h1","r&b en espanol"
"125","125","spotify:track:0k4d5YPDr1r7FX77VdqWez","Doja Cat, The Weeknd","You Right","Kemosabe Records/RCA Records","15","115","42","6504505","0k4d5YPDr1r7FX77VdqWez","0.828","0.436","0.0565","0.621","0.0845","128.986","-6.414","0.0164","0.00233","Doja Cat","5cj0lLjcoR7YOSnhnX0Po5","dance pop,pop"
"126","126","spotify:track:0sTlGEld0h8kIPZaKDYUf4","The Rare Occasions","Notion","Elektra (NEK)","67","107","14","6501202","0sTlGEld0h8kIPZaKDYUf4","0.309","0.312","0.0808","0.883","0.0849","159.488","-3.825","0.0673","0.00111","The Rare Occasions","1QfpRUtH14JLoY6F6AYmwt","la indie"
"127","127","spotify:track:0MMyJUC3WNnFS1lit5pTjk","Olivia Rodrigo","jealousy, jealousy","Olivia Rodrigo PS","17","145","31","6412263","0MMyJUC3WNnFS1lit5pTjk","0.695","0.699","0.116","0.575","0.0614","163.929","-6.334","0.198","0","Olivia Rodrigo","1McMsnEElThX1knmY4oliG","pop"
"128","128","spotify:track:4u7EnebtmKWzUH433cf5Qv","Queen","Bohemian Rhapsody - Remastered 2011","EMI","11","130","185","6392669","4u7EnebtmKWzUH433cf5Qv","0.414","0.224","0.0499","0.404","0.3","71.105","-9.928","0.271","0","Queen","1dfeR4HaWDbWqFHLkxsg1d","classic rock,glam rock,rock"
"129","129","spotify:track:7qiZfU4dY1lWllzX7mPBI3","Ed Sheeran","Shape of You","Atlantic Records UK","1","125","272","6385817","7qiZfU4dY1lWllzX7mPBI3","0.825","0.931","0.0802","0.652","0.0931","95.977","-3.183","0.581","0","Ed Sheeran","6eUKZXaKkcviH0Ku9w2n3V","pop,uk pop"
"130","130","spotify:track:5TXDeTFVRVY7Cvt0Dw4vWW","XXXTENTACION","Revenge","Bad Vibes Forever / EMPIRE","63","112","15","6375798","5TXDeTFVRVY7Cvt0Dw4vWW","0.746","0.18","0.259","0.251","0.106","139.999","-16.169","0.782","0.00203","XXXTENTACION","15UsOTVnJzReFVN1VCnxy4","emo rap,miami hip hop"
"131","131","spotify:track:7hU3IHwjX150XLoTVmjD0q","LISA","MONEY","YG Entertainment/Interscope Records","5","122","31","6357650","7hU3IHwjX150XLoTVmjD0q","0.831","0.396","0.218","0.554","0.152","140.026","-9.998","0.161","6.12e-05","LISA","5L1lO4eRHmJ7a0Q6csE5cT","k-pop"
"132","132","spotify:track:5JCoSi02qi3jJeHdZXMmR8","Olivia Rodrigo","favorite crime","Olivia Rodrigo PS","11","124","42","6344037","5JCoSi02qi3jJeHdZXMmR8","0.369","0.218","0.0364","0.272","0.147","172.929","-10.497","0.866","0","Olivia Rodrigo","1McMsnEElThX1knmY4oliG","pop"
"133","133","spotify:track:7EkWXAI1wn8Ii883ecd9xr","Surf Curse","Freaks","Surf Curse","55","123","50","6328725","7EkWXAI1wn8Ii883ecd9xr","0.345","0.407","0.0466","0.941","0.0511","179.626","-9.918","3.84e-05","0.633","Surf Curse","1gl0S9pS0Zw0qfa14rDD3D","dreamo,indie surf,surf punk,vegas indie"
"134","134","spotify:track:1u8c2t2Cy7UBoG4ArRcF5g","Taylor Swift","Blank Space","Big Machine Records, LLC","130","135","23","6312349","1u8c2t2Cy7UBoG4ArRcF5g","0.76","0.57","0.054","0.703","0.0913","95.997","-5.412","0.103","0","Taylor Swift","06HL4z0CvFAxyc27GXpf02","pop"
"135","135","spotify:track:2Gq636OOGgxCTqEuzCZhsa","Bizarrap, Tiago PZK","Tiago PZK: Bzrp Music Sessions, Vol. 48","DALE PLAY Records","37","121","15","6311451","2Gq636OOGgxCTqEuzCZhsa","0.656","0.755","0.315","0.823","0.103","96.474","-3.059","0.47","0","Bizarrap","716NhGYqD1jl2wI1Qkgq36","argentine hip hop,pop venezolano,trap argentino,trap latino,urbano latino"
"136","136","spotify:track:6HJIZUOiZDE814XMhRGSZN","Yahritza Y Su Esencia","Soy El Unico","Lumbre Music/Columbia","97","105","3","6276880","6HJIZUOiZDE814XMhRGSZN","0.708","0.63","0.0286","0.449","0.111","84.396","-4.369","0.451","0","Yahritza Y Su Esencia","51ZSh80McCt7vbqHouzW0A","nueva musica mexicana,sad sierreno"
"137","137","spotify:track:0ct6r3EGTcMLPtrXHDvVjc","Avicii","The Nights","Universal Music AB","44","146","57","6269899","0ct6r3EGTcMLPtrXHDvVjc","0.527","0.654","0.0433","0.835","0.249","125.983","-5.298","0.0166","0","Avicii","1vCWHaC5f2uS3yhpwWbIA6","dance pop,edm,pop,pop dance,pop rap"
"138","138","spotify:track:6RUKPb4LETWmmr3iAEQktW","The Chainsmokers, Coldplay","Something Just Like This","Disruptor Records/Columbia","2","144","175","6245591","6RUKPb4LETWmmr3iAEQktW","0.617","0.446","0.0317","0.635","0.164","103.019","-6.769","0.0498","1.44e-05","The Chainsmokers","69GGBxA162lTqCwzJG5jLp","dance pop,edm,electropop,pop,pop dance,tropical house"
"139","139","spotify:track:3jjujdWJ72nww5eGnfs2E7","Harry Styles","Adore You","Columbia","6","117","97","6227873","3jjujdWJ72nww5eGnfs2E7","0.676","0.569","0.0483","0.771","0.102","99.048","-3.675","0.0237","7e-06","Harry Styles","6KImCVD70vtIoJWnq6nGn3","pop"
"140","140","spotify:track:1DIXPcTDzTj8ZMHt3PDt8p","Coolio, L.V.","Gangsta's Paradise","Tommy Boy Music, LLC","116","151","25","6205196","1DIXPcTDzTj8ZMHt3PDt8p","0.647","0.386","0.0593","0.514","0.398","79.975","-10.05","0.0655","0","Coolio","3y24n3XhZ96wgwRXjvS17T","g funk,gangster rap,hip hop,rap,west coast rap"
"141","141","spotify:track:7yq4Qj7cqayVTp3FF9CWbm","Vance Joy","Riptide","F-Stop Records/Atlantic","122","147","67","6155690","7yq4Qj7cqayVTp3FF9CWbm","0.484","0.51","0.0379","0.731","0.151","101.654","-6.694","0.431","0","Vance Joy","10exVja0key0uqUkk6LJRT","folk-pop,pop"
"142","142","spotify:track:0bBd6K5X4W7t9GyXcaVOA7","J Balvin, Ed Sheeran","Sigue","Universal Music Latino / Asylum Records UK","45","88","3","6145184","0bBd6K5X4W7t9GyXcaVOA7","0.889","0.588","0.0668","0.641","0.19","87.99","-4.494","0.0515","2.75e-05","J Balvin","1vyhD5VmyZ7KMfW5gqLgo5","reggaeton,reggaeton colombiano,urbano latino"
"143","143","spotify:track:2BcMwX1MPV6ZHP4tUT9uq6","Drake, 21 Savage, Project Pat","Knife Talk (with 21 Savage ft. Project Pat)","OVO","10","140","32","6118985","2BcMwX1MPV6ZHP4tUT9uq6","0.849","0.153","0.324","0.424","0.0834","145.887","-9.579","0.0635","0","Drake","3TVXtAsR1Inumwj472S9r4","canadian hip hop,canadian pop,hip hop,rap,toronto rap"
"144","144","spotify:track:5E30LdtzQTGqRvNd7l6kG5","The Neighbourhood","Daddy Issues","Columbia","99","127","79","6117938","5E30LdtzQTGqRvNd7l6kG5","0.588","0.337","0.0329","0.521","0.123","85.012","-9.461","0.0678","0.149","The Neighbourhood","77SW9BnxLY8rJ0RciFqkHh","modern alternative rock,modern rock,pop,shimmer pop"
"145","145","spotify:track:003vvx7Niy0yvhvHt4a68B","The Killers","Mr. Brightside","Island Records","98","149","90","6042502","003vvx7Niy0yvhvHt4a68B","0.352","0.236","0.0747","0.911","0.0995","148.033","-5.23","0.00121","0","The Killers","0C0XlULifJtAgn6ZNCW2eu","alternative rock,dance rock,modern rock,permanent wave,rock"
"146","146","spotify:track:4xkOaSrkexMciUUogZKVTS","Eminem, Nate Dogg","Till I Collapse","Aftermath","81","143","42","6033511","4xkOaSrkexMciUUogZKVTS","0.548","0.1","0.186","0.847","0.0816","171.447","-3.237","0.0622","0","Eminem","7dGJo4pcD2V6oG8kP0tJRR","detroit hip hop,hip hop,rap"
"147","147","spotify:track:78kygHp1dvW1kncYjBgbe1","Ryan Castro","Mujeriego","Sony Music Entertainment","92","142","11","6024225","78kygHp1dvW1kncYjBgbe1","0.758","0.92","0.125","0.621","0.0809","79.949","-8.033","0.0628","0","Ryan Castro","7j6DKwmjbxvpQO8h914uEz","reggaeton,trap colombiano,urbano latino"
"148","148","spotify:track:0tgVpDi06FyKpA1z0VMD4v","Ed Sheeran","Perfect","Atlantic Records UK","4","150","265","5976487","0tgVpDi06FyKpA1z0VMD4v","0.599","0.168","0.0232","0.448","0.106","95.05","-6.312","0.163","0","Ed Sheeran","6eUKZXaKkcviH0Ku9w2n3V","pop,uk pop"
"149","149","spotify:track:7afaZ37wJJL6880z1NRgJS","Teto","Fim de Semana no Rio","Sony Music Entertainment","139","139","2","5975833","7afaZ37wJJL6880z1NRgJS","0.867","0.29","0.084","0.494","0.101","118.868","-6.514","0.118","0","Teto","68YeXpLt3jB7JHQS5ZjMGo","trap baiano"
"150","150","spotify:track:6f5ExP43esnvdKPddwKXJH","NEIKED, Mae Muller, Polo G","Better Days (NEIKED x Mae Muller x Polo G)","Capitol Records UK / EMI","32","154","26","5948350","6f5ExP43esnvdKPddwKXJH","0.717","0.699","0.0337","0.671","0.0921","110.054","-5.077","0.0018","2.54e-06","NEIKED","5H6xmHXjsq98NLbEjuE29f","dance pop,edm,pop,pop dance,scandipop,tropical house"
"151","151","spotify:track:3dYD57lRAUcMHufyqn9GcI","Hozier","Take Me To Church","Universal-Island Records Ltd.","108","155","78","5938353","3dYD57lRAUcMHufyqn9GcI","0.566","0.437","0.0464","0.664","0.116","128.945","-5.303","0.634","0","Hozier","2FXC3k01G6Gw61bmprjgqS","irish singer-songwriter,pop"
"152","152","spotify:track:1ZMiCix7XSAbfAJlEZWMCp","Harry Styles","Falling","Columbia","29","128","82","5935963","1ZMiCix7XSAbfAJlEZWMCp","0.567","0.0592","0.0299","0.267","0.089","110.011","-6.502","0.839","1.46e-06","Harry Styles","6KImCVD70vtIoJWnq6nGn3","pop"
"153","153","spotify:track:3XOalgusokruzA5ZBA2Qcb","Gunna, Future, Young Thug","pushin P (feat. Young Thug)","300 Entertainment","14","137","14","5923481","3XOalgusokruzA5ZBA2Qcb","0.773","0.488","0.187","0.422","0.129","77.502","-4.572","0.00783","0.00693","Gunna","2hlmm7s2ICUX0LVIhVFlZQ","atl hip hop,hip hop,melodic rap,rap,trap"
"154","154","spotify:track:4QWumyD2uwiePBBha9XBHI","Felipe Amorim","No Ouvidinho","One Play","154","-1","1","5911552","4QWumyD2uwiePBBha9XBHI","0.885","0.84","0.0394","0.834","0.0865","124.018","-3.374","0.403","3.22e-05","Felipe Amorim","3CIIaeZuFYrAD6PRVyuO4U","arrocha,arrochadeira"
"155","155","spotify:track:0G2zPzWqVjR68iNPmx2TBe","Mora, Bad Bunny, Sech","Volando - Remix","Rimas Entertainment LLC","19","133","40","5911436","0G2zPzWqVjR68iNPmx2TBe","0.659","0.632","0.0673","0.688","0.113","153.979","-4.649","0.207","0","Mora","0Q8NcsJwoCbZOHHW63su5S","trap latino,urbano latino"
"156","156","spotify:track:1zi7xx7UVEFkmKfv06H8x0","Drake, Wizkid, Kyla","One Dance","Cash Money Records/Young Money Ent./Universal Rec.","12","157","123","5892829","1zi7xx7UVEFkmKfv06H8x0","0.792","0.37","0.0536","0.625","0.329","103.967","-5.609","0.00776","0.0018","Drake","3TVXtAsR1Inumwj472S9r4","canadian hip hop,canadian pop,hip hop,rap,toronto rap"
"157","157","spotify:track:0nrRP2bk19rLc0orkWPQk2","Avicii","Wake Me Up","Universal Music AB","13","164","71","5850636","0nrRP2bk19rLc0orkWPQk2","0.532","0.643","0.0523","0.783","0.161","124.08","-5.697","0.0038","0.0012","Avicii","1vCWHaC5f2uS3yhpwWbIA6","dance pop,edm,pop,pop dance,pop rap"
"158","158","spotify:track:21jGcNKet2qwijlDFuPiPb","Post Malone","Circles","Republic Records","1","159","137","5849784","21jGcNKet2qwijlDFuPiPb","0.695","0.553","0.0395","0.762","0.0863","120.042","-3.497","0.192","0.00244","Post Malone","246dkjvS1zLTtiykXe5h60","dfw rap,melodic rap,rap"
"159","159","spotify:track:4jPy3l0RUwlUI9T5XHBW2m","24kGoldn, iann dior","Mood (feat. iann dior)","Records/Columbia","1","161","88","5839381","4jPy3l0RUwlUI9T5XHBW2m","0.701","0.732","0.0361","0.716","0.324","91.007","-3.671","0.174","0","24kGoldn","6fWVd57NKTalqvmjRd2t8Z","cali rap,pop,pop rap,rap"
"160","160","spotify:track:2N8m6CYs74qQO4mjVcXO30","Tones And I","Dance Monkey","Elektra (NEK)","1","167","143","5837587","2N8m6CYs74qQO4mjVcXO30","0.824","0.514","0.0937","0.587","0.149","98.029","-6.401","0.69","0.000105","Tones And I","2NjfBq1NflQcKSeiDooVjY","australian pop,dance pop,pop"
"161","161","spotify:track:4xqrdfXkTW4T0RauPLv3WA","Conan Gray","Heather","Republic Records","12","153","90","5818480","4xqrdfXkTW4T0RauPLv3WA","0.357","0.27","0.0333","0.425","0.322","102.078","-7.301","0.584","0","Conan Gray","4Uc8Dsxct0oMqx0P6i60ea","bedroom pop,pop"
"162","162","spotify:track:5vUnjhBzRJJIAOJPde6zDx","Jnr Choi, Sam Tompkins","TO THE MOON","Jnr Choi/Epic","55","132","14","5760899","5vUnjhBzRJJIAOJPde6zDx","0.745","0.386","0.346","0.65","0.111","144.047","-11.814","0.0451","0.00758","Jnr Choi","1Z25ZlGHqqlr3o1UGQOfNn","gambian hip hop"
"163","163","spotify:track:7JJmb5XwzOO8jgpou264Ml","Shawn Mendes","There's Nothing Holdin' Me Back","Island Records","5","183","60","5730938","7JJmb5XwzOO8jgpou264Ml","0.866","0.969","0.0554","0.813","0.0779","121.998","-4.063","0.38","0","Shawn Mendes","7n2wHs1TKAczGzO7Dd2rGr","canadian pop,dance pop,pop,viral pop"
"164","164","spotify:track:0bI7K9Becu2dtXK1Q3cZNB","Tiësto, KAROL G","Don't Be Shy","Atlantic Records","38","158","35","5726657","0bI7K9Becu2dtXK1Q3cZNB","0.77","0.513","0.0583","0.787","0.262","119.986","-3.748","0.198","0","Tiësto","2o5jDhtHVPhrJdv3cEQ99Z","big room,brostep,dutch edm,edm,house,pop dance,slap house,trance"
"165","165","spotify:track:22skzmqfdWrjJylampe0kt","Macklemore & Ryan Lewis, Macklemore, Ryan Lewis, Ray Dalton","Can't Hold Us (feat. Ray Dalton)","Macklemore","149","176","25","5726116","22skzmqfdWrjJylampe0kt","0.633","0.88","0.0839","0.927","0.0986","146.097","-4.468","0.0267","0","Macklemore & Ryan Lewis","5BcAKTbp20cv7tC5VqPFoC","dance pop,pop,pop rap,seattle hip hop"
"166","166","spotify:track:1Y5Jvi3eLi4Chwqch9GMem","Kodak Black","Super Gremlin","Atlantic Records","45","160","18","5720331","1Y5Jvi3eLi4Chwqch9GMem","0.825","0.106","0.144","0.414","0.357","72.993","-6.634","0.00265","0","Kodak Black","46SHBwWsqBkxI7EeeBEQG7","florida drill,florida rap,hip hop,melodic rap,miami hip hop,rap,trap,trap latino"
"167","167","spotify:track:2Foc5Q5nqNiosCNqttzHof","Daft Punk, Pharrell Williams, Nile Rodgers","Get Lucky (feat. Pharrell Williams & Nile Rodgers) - Radio Edit","Columbia","167","-1","1","5644865","2Foc5Q5nqNiosCNqttzHof","0.794","0.862","0.038","0.811","0.101","116.047","-8.966","0.0426","1.07e-06","Daft Punk","4tZwfgrHOc3mvqYlEYSvVi","electro,filter house"
"168","168","spotify:track:48QmG1dfvMuYLxMPt7KSRA","Sean Paul, Dua Lipa","No Lie","Universal-Island Records Ltd.","80","173","37","5615438","48QmG1dfvMuYLxMPt7KSRA","0.742","0.463","0.117","0.882","0.206","102.04","-2.862","0.0466","0","Sean Paul","3Isy6kedDrgPYoTS1dazA9","dance pop,dancehall,pop rap"
"169","169","spotify:track:6v3KW9xbzN5yKLt9YKDYA2","Shawn Mendes, Camila Cabello","Señorita","Island Records","1","184","141","5615303","6v3KW9xbzN5yKLt9YKDYA2","0.759","0.749","0.029","0.548","0.0828","116.967","-6.049","0.0392","0","Shawn Mendes","7n2wHs1TKAczGzO7Dd2rGr","canadian pop,dance pop,pop,viral pop"
"170","170","spotify:track:7BDHDiidJ8WV349p3HTxTV","Stray Kids","MANIAC","Republic Records - Stray Kids","39","138","4","5603880","7BDHDiidJ8WV349p3HTxTV","0.744","0.722","0.266","0.8","0.0746","89.925","-2.63","0.181","0","Stray Kids","2dIgFjalVxs4ThymZ67YCE","k-pop,k-pop boy group"
"171","171","spotify:track:161DnLWsx1i3u1JT05lzqU","Bruno Mars","Talking to the Moon","Elektra (NEK)","45","162","53","5599137","161DnLWsx1i3u1JT05lzqU","0.498","0.0784","0.032","0.59","0.107","145.867","-4.721","0.511","0","Bruno Mars","0du5cEVh5yTK9QJze8zA0C","dance pop,pop"
"172","172","spotify:track:6Jrdb6CFOJEGaHjaa6c4WR","BoyWithUke, blackbear","IDGAF (with blackbear)","Republic Records","74","156","4","5579906","6Jrdb6CFOJEGaHjaa6c4WR","0.783","0.88","0.078","0.75","0.241","97.953","-5.762","0.426","0","BoyWithUke","1Cd373x8qzC7SNUg5IToqp","sad rap"
"173","173","spotify:track:7KA4W4McWYRpgf0fWsJZWB","Tyler, The Creator, Kali Uchis","See You Again (feat. Kali Uchis)","Columbia","144","197","3","5557747","7KA4W4McWYRpgf0fWsJZWB","0.558","0.62","0.0959","0.559","0.109","78.558","-9.222","0.371","7.49e-06","Tyler","4V8LLVI7PbaPR0K2TGSxFF","hip hop,rap"
"174","174","spotify:track:7iL6o9tox1zgHpKUfh9vuC","50 Cent","In Da Club","Shady Records","77","169","9","5554949","7iL6o9tox1zgHpKUfh9vuC","0.899","0.777","0.366","0.713","0.0708","90.051","-2.752","0.255","0","50 Cent","3q7HBObVc0L8jNeTe5Gofh","east coast hip hop,gangster rap,hip hop,pop rap,queens hip hop,rap"
"175","175","spotify:track:5lAnYvAIkSDNXqfo7DyFUm","Doja Cat","Ain't Shit","Kemosabe Records/RCA Records","22","171","24","5548046","5lAnYvAIkSDNXqfo7DyFUm","0.855","0.619","0.208","0.488","0.347","124.097","-4.601","0.506","0","Doja Cat","5cj0lLjcoR7YOSnhnX0Po5","dance pop,pop"
"176","176","spotify:track:4bV5sf2B4hWBBd5HQ8S7KB","4*TOWN (From Disney and Pixar’s Turning Red), Jordan Fisher, Finneas O'Connell, Topher Ngo, Grayson Villanueva, Josh Levi","Nobody Like U","Walt Disney Records","124","141","4","5545112","4bV5sf2B4hWBBd5HQ8S7KB","0.905","0.751","0.177","0.631","0.101","105.026","-10.06","0.129","0","4*TOWN (From Disney and Pixar’s Turning Red)","7jLpPyJ5gQxCvwiBsUfFu6","movie tunes"
"177","177","spotify:track:7BqBn9nzAq8spo5e7cZ0dJ","Bruno Mars","Just the Way You Are","Elektra (NEK)","133","165","24","5536182","7BqBn9nzAq8spo5e7cZ0dJ","0.635","0.424","0.0422","0.841","0.0622","109.021","-5.379","0.0134","0","Bruno Mars","0du5cEVh5yTK9QJze8zA0C","dance pop,pop"
"178","178","spotify:track:1WCEAGGRD066z2Q89ObXTq","David Guetta, Becky Hill, Ella Henderson","Crazy What Love Can Do","Parlophone UK","178","-1","1","5532443","1WCEAGGRD066z2Q89ObXTq","0.601","0.464","0.0449","0.713","0.158","122.872","-3.758","0.0282","0","David Guetta","1Cs0zKBU1kc0i8ypK3B9ai","big room,dance pop,edm,pop,pop dance"
"179","179","spotify:track:3UmaczJpikHgJFyBTAJVoz","Eminem, Dido","Stan","Interscope","138","179","9","5515390","3UmaczJpikHgJFyBTAJVoz","0.78","0.507","0.238","0.768","0.518","80.063","-4.325","0.0371","2.34e-06","Eminem","7dGJo4pcD2V6oG8kP0tJRR","detroit hip hop,hip hop,rap"
"180","180","spotify:track:45S5WTQEGOB1VHr1Q4FuPl","Harry Styles","Golden","Columbia","44","134","35","5512816","45S5WTQEGOB1VHr1Q4FuPl","0.448","0.254","0.0557","0.838","0.131","139.863","-5.257","0.21","0.000131","Harry Styles","6KImCVD70vtIoJWnq6nGn3","pop"
"181","181","spotify:track:2SLwbpExuoBDZBpjfefCtV","The Weeknd","Out of Time","XO / Republic Records","10","-1","5","5476468","2SLwbpExuoBDZBpjfefCtV","0.65","0.838","0.0446","0.76","0.339","93.057","-4.422","0.255","0","The Weeknd","1Xyo4u8uXC1ZmMpatF05PJ","canadian contemporary r&b,canadian pop,pop"
"182","182","spotify:track:3Oww84xrmgjyr5J1ilOmAf","Luude, Colin Hay","Down Under (feat. Colin Hay)","Sweat It Out","72","186","13","5468815","3Oww84xrmgjyr5J1ilOmAf","0.308","0.0387","0.168","0.86","0.277","171.835","-4.111","0.0116","0.000828","Luude","20cmhoGvN0eyzhmsHJH1Mg","aussietronica"
"183","183","spotify:track:35mvY5S1H3J2QZyna3TFe0","Ariana Grande","positions","Republic Records","1","178","77","5467895","35mvY5S1H3J2QZyna3TFe0","0.737","0.682","0.0878","0.802","0.0931","144.015","-4.771","0.468","0","Ariana Grande","66CXWjxzNUsdJxJ2JdwvnR","dance pop,pop"
"184","184","spotify:track:0W6I02J9xcqK8MtSeosEXb","Doja Cat","Get Into It (Yuh)","Kemosabe Records/RCA Records","36","180","37","5460583","0W6I02J9xcqK8MtSeosEXb","0.912","0.793","0.162","0.655","0.0894","91.942","-6.029","0.315","3.39e-05","Doja Cat","5cj0lLjcoR7YOSnhnX0Po5","dance pop,pop"
"185","185","spotify:track:5719MEdRQcH4c3phXqX7WN","Hugo & Guilherme, Marília Mendonça","Mal Feito - Ao Vivo","Som Livre","72","199","13","5459168","5719MEdRQcH4c3phXqX7WN","0.732","0.684","0.0691","0.831","0.903","123.942","-3.791","0.554","0","Hugo & Guilherme","1LIuN7ov1IBQDdLsU83ojl","arrocha,sertanejo pop"
"186","186","spotify:track:3TSLqZssCoCdDlMhCJ08XW","BIGBANG","Still Life","YG Entertainment","148","148","2","5439065","3TSLqZssCoCdDlMhCJ08XW","0.68","0.239","0.034","0.584","0.0628","118.06","-4.457","0.443","0","BIGBANG","4Kxlr1PRlDKEB0ekOCyHgX","k-pop,k-pop boy group"
"187","187","spotify:track:48q0vSHcJdhK3IiXH8C5WJ","Arctic Monkeys","Why'd You Only Call Me When You're High?","Domino Recording Co","104","177","36","5433890","48q0vSHcJdhK3IiXH8C5WJ","0.691","0.8","0.0368","0.631","0.104","92.004","-6.478","0.0483","1.13e-05","Arctic Monkeys","7Ln80lUS6He07XvHI8qqHH","garage rock,modern rock,permanent wave,rock,sheffield indie"
"188","188","spotify:track:0UXlu64mDLvfzR8IXMz06J","Christian Nodal","Ya No Somos Ni Seremos","Producciones Ladon, S.A de C.V.","37","175","8","5423320","0UXlu64mDLvfzR8IXMz06J","0.588","0.734","0.0268","0.452","0.344","139.953","-4.75","0.437","0","Christian Nodal","0XwVARXT135rw8lyw1EeWP","mariachi,musica mexicana,nueva musica mexicana,ranchera"
"189","189","spotify:track:3U4isOIWM3VvDubwSI3y7a","John Legend","All of Me","G.O.O.D. Music/Columbia","110","185","155","5379340","3U4isOIWM3VvDubwSI3y7a","0.422","0.331","0.0322","0.264","0.132","119.93","-7.064","0.922","0","John Legend","5y2Xq6xcjJb2jVM54GHK3t","neo mellow,neo soul,pop,pop soul,r&b,urban contemporary"
"190","190","spotify:track:4cktbXiXOapiLBMprHFErI","Maroon 5","Memories","Interscope Records*","2","200","125","5368476","4cktbXiXOapiLBMprHFErI","0.775","0.595","0.0557","0.327","0.0821","91.05","-7.241","0.841","0","Maroon 5","04gDigrS5kc9YWfZHwBETP","pop"
"191","191","spotify:track:5enxwA8aAbwZbf5qCHORXi","Taylor Swift","All Too Well (10 Minute Version) (Taylor's Version) (From The Vault)","Taylor Swift","1","152","22","5353373","5enxwA8aAbwZbf5qCHORXi","0.631","0.205","0.0303","0.518","0.088","93.023","-8.771","0.274","0","Taylor Swift","06HL4z0CvFAxyc27GXpf02","pop"
"192","192","spotify:track:32BeYxKPrig1LefHsC0Xuo","Billie Eilish","Happier Than Ever - Edit","Darkroom/Interscope Records","70","-1","19","5352619","32BeYxKPrig1LefHsC0Xuo","0.334","0.127","0.0365","0.599","0.205","161.74","-5.742","0.0468","0.000392","Billie Eilish","6qqNVTkY8uBg9cP3Jd7DAH","art pop,electropop,pop"
"193","193","spotify:track:6EtKlIQmGPB9SX8UjDJG5s","Labrinth","Formula","Masterworks","68","163","13","5352453","6EtKlIQmGPB9SX8UjDJG5s","0.574","0.226","0.0409","0.664","0.146","144.654","-6.068","0.0448","0.0553","Labrinth","2feDdbD5araYcm6JhFHHw7","indie poptimism,pop"
"194","194","spotify:track:7FIWs0pqAYbP91WWM0vlTQ","Eminem, Juice WRLD","Godzilla (feat. Juice WRLD)","Shady/Aftermath/Interscope Records","4","195","79","5346272","7FIWs0pqAYbP91WWM0vlTQ","0.808","0.829","0.342","0.745","0.292","165.995","-5.26","0.145","0","Eminem","7dGJo4pcD2V6oG8kP0tJRR","detroit hip hop,hip hop,rap"
"195","195","spotify:track:2ZRo7axmMPeSVUvDbGkJah","XXXTENTACION","Hope","Bad Vibes Forever, LLC","42","182","38","5344673","2ZRo7axmMPeSVUvDbGkJah","0.592","0.225","0.0603","0.457","0.146","146.04","-6.081","0.661","0.000331","XXXTENTACION","15UsOTVnJzReFVN1VCnxy4","emo rap,miami hip hop"
"196","196","spotify:track:0B7wvvmu9EISAwZnOpjhNI","Bruno Mars","When I Was Your Man","Atlantic Records","181","181","3","5343982","0B7wvvmu9EISAwZnOpjhNI","0.601","0.411","0.0403","0.271","0.144","145.494","-8.688","0.937","0","Bruno Mars","0du5cEVh5yTK9QJze8zA0C","dance pop,pop"
"197","197","spotify:track:3rq5w4bQGigXOfdN30ATJt","Arctic Monkeys","Do I Wanna Know?","Domino Recording Co","117","187","37","5343118","3rq5w4bQGigXOfdN30ATJt","0.548","0.405","0.0323","0.532","0.217","85.03","-7.596","0.186","0.000263","Arctic Monkeys","7Ln80lUS6He07XvHI8qqHH","garage rock,modern rock,permanent wave,rock,sheffield indie"
"198","198","spotify:track:285pBltuF7vW8TeWk8hdRR","Juice WRLD","Lucid Dreams","Juice WRLD Mixtape / ISR P&D","3","189","197","5327259","285pBltuF7vW8TeWk8hdRR","0.511","0.218","0.2","0.566","0.34","83.903","-7.23","0.349","0","Juice WRLD","4MCBfE4596Uoi2O4DtmEMz","chicago rap,melodic rap"
"199","199","spotify:track:2BEcap3xJtmiPaHKyfQi4e","Rvssian, Rauw Alejandro, Chris Brown","Nostálgico","Sony Music Latin","40","190","31","5325711","2BEcap3xJtmiPaHKyfQi4e","0.734","0.604","0.0489","0.846","0.235","98.026","-3.425","0.166","1.74e-06","Rvssian","1fctva4kpRbg2k3v7kwRuS","latin hip hop,reggaeton,reggaeton flow,trap latino,urbano latino"
"200","200","spotify:track:2VxeLyX666F8uXCJ0dZF8B","Lady Gaga, Bradley Cooper","Shallow","A Star is Born OST","3","-1","177","5321975","2VxeLyX666F8uXCJ0dZF8B","0.572","0.323","0.0308","0.385","0.231","95.799","-6.362","0.371","0","Lady Gaga","1HY2Jd0NmPuamShAr6KMms","art pop,dance pop,pop"
