"","rank","uri","artist_names","track_name","source","peak_rank","previous_rank","weeks_on_chart","streams","id","danceability","valence","speechiness","energy","liveness","tempo","loudness","acousticness","instrumentalness","main_artist","artist.id","genres"
"1","1","spotify:track:4fouWK6XVHhzl78KzQ1UjL","GAYLE","abcdefu","Atlantic/Arthouse Records","1","2","9","32267898","4fouWK6XVHhzl78KzQ1UjL","0.695","0.415","0.0493","0.54","0.367","121.932","-5.692","0.299","0","GAYLE","2VSHKHBTiXWplO8lxcnUC9","modern alternative pop"
"2","2","spotify:track:5PjdY0CKGZdEuoNab3yDmX","The Kid LAROI, Justin Bieber","STAY (with Justin Bieber)","Columbia","1","1","27","30097622","5PjdY0CKGZdEuoNab3yDmX","0.591","0.478","0.0483","0.764","0.103","169.928","-5.484","0.0383","0","The Kid LAROI","2tIP7SsRs7vjIcLrU85W8J","australian hip hop,pop"
"3","3","spotify:track:1nH2PkJL1XoUq8oE6tBZoU","The Weeknd","Sacrifice","XO / Republic Records","3","-1","1","29522371","1nH2PkJL1XoUq8oE6tBZoU","0.735","0.905","0.113","0.795","0.0678","122","-6.523","0.0296","3.18e-05","The Weeknd","1Xyo4u8uXC1ZmMpatF05PJ","canadian contemporary r&b,canadian pop,pop"
"4","4","spotify:track:02MWAaffLxlfxAUY7c5dvx","Glass Animals","Heat Waves","Polydor Records","3","3","55","28898527","02MWAaffLxlfxAUY7c5dvx","0.761","0.531","0.0944","0.525","0.0921","80.87","-6.9","0.44","6.7e-06","Glass Animals","4yvcSjfu4PC0CYQyLy4wSq","gauze pop,indietronica,shiver pop"
"5","5","spotify:track:46IZ0fSY2mpAiktS3KOqds","Adele","Easy On Me","Columbia","1","5","13","27202948","46IZ0fSY2mpAiktS3KOqds","0.604","0.13","0.0282","0.366","0.133","141.981","-7.519","0.578","0","Adele","4dpARuHxo51G3z768sgnrY","british soul,pop,pop soul,uk pop"
"6","6","spotify:track:1r9xUipOqoNwggBpENDsvJ","Imagine Dragons, JID, Arcane, League of Legends","Enemy (with JID) - from the series Arcane League of Legends","KIDinaKORNER/Interscope Records","6","7","11","26297758","1r9xUipOqoNwggBpENDsvJ","0.728","0.555","0.266","0.783","0.434","77.011","-4.424","0.237","0","Imagine Dragons","53XhwfbYqKCa1cC15pYq2q","modern rock,rock"
"7","7","spotify:track:7rglLriMNBPAyuJOMGwi39","Elton John, Dua Lipa, PNAU","Cold Heart - PNAU Remix","EMI","4","4","22","25912109","7rglLriMNBPAyuJOMGwi39","0.795","0.934","0.0309","0.8","0.0915","116.032","-6.32","0.0354","7.25e-05","Elton John","3PhoLpVuITZKcymswpck5b","glam rock,mellow gold,piano rock"
"8","8","spotify:track:5Z9KJZvQzH6PFmb8SNkxuk","Lil Nas X, Jack Harlow","INDUSTRY BABY (feat. Jack Harlow)","Columbia","2","6","25","24897973","5Z9KJZvQzH6PFmb8SNkxuk","0.741","0.892","0.0672","0.691","0.0476","150.087","-7.395","0.0221","0","Lil Nas X","7jVv8c5Fj3E9VhNjxT4snq","lgbtq+ hip hop,pop"
"9","9","spotify:track:50nfwKoDiSYg8zOCREWAm5","Ed Sheeran","Shivers","Atlantic Records UK","4","10","18","20117876","50nfwKoDiSYg8zOCREWAm5","0.788","0.822","0.0856","0.859","0.0424","141.02","-2.724","0.281","0","Ed Sheeran","6eUKZXaKkcviH0Ku9w2n3V","pop,uk pop"
"10","10","spotify:track:2SLwbpExuoBDZBpjfefCtV","The Weeknd","Out of Time","XO / Republic Records","10","-1","1","19101458","2SLwbpExuoBDZBpjfefCtV","0.65","0.838","0.0446","0.76","0.339","93.057","-4.422","0.255","0","The Weeknd","1Xyo4u8uXC1ZmMpatF05PJ","canadian contemporary r&b,canadian pop,pop"
"11","11","spotify:track:0mL82sxCRjrs3br407IdJh","The Weeknd","Is There Someone Else?","XO / Republic Records","11","-1","1","19068950","0mL82sxCRjrs3br407IdJh","0.702","0.608","0.0313","0.586","0.156","134.951","-7.83","0.0388","7.27e-05","The Weeknd","1Xyo4u8uXC1ZmMpatF05PJ","canadian contemporary r&b,canadian pop,pop"
"12","12","spotify:track:20on25jryn53hWghthWWW3","ACRAZE, Cherish","Do It To It","Thrive Music, LLC","9","9","11","19010114","20on25jryn53hWghthWWW3","0.854","0.637","0.0886","0.806","0.0703","124.927","-8.262","0.0209","0.0542","ACRAZE","4pnp4w9g30yLfVIAFnZMRd","covertronica,dance pop,edm,pop dance,tropical house"
"13","13","spotify:track:3KyKxJ4P3pVCgaZwaq2rUC","The Weeknd","Gasoline","XO / Republic Records","13","-1","1","18876791","3KyKxJ4P3pVCgaZwaq2rUC","0.728","0.31","0.0473","0.741","0.33","123.006","-7.075","0.000582","0.00206","The Weeknd","1Xyo4u8uXC1ZmMpatF05PJ","canadian contemporary r&b,canadian pop,pop"
"14","14","spotify:track:2Ghp894n1laIf2w98VeAOJ","The Weeknd","How Do I Make You Love Me?","XO / Republic Records","14","-1","1","18711962","2Ghp894n1laIf2w98VeAOJ","0.805","0.636","0.0737","0.498","0.085","121.006","-7.927","0.0203","2.37e-05","The Weeknd","1Xyo4u8uXC1ZmMpatF05PJ","canadian contemporary r&b,canadian pop,pop"
"15","15","spotify:track:2B4GHvToeLTOBB4QLzW3Ni","Farruko","Pepas","Sony Music Latin","4","8","27","18706747","2B4GHvToeLTOBB4QLzW3Ni","0.762","0.442","0.0343","0.766","0.128","130.001","-3.955","0.00776","6.98e-05","Farruko","329e4yvIujISKGKz1BZZbO","latin hip hop,reggaeton,trap latino,urbano latino"
"16","16","spotify:track:52xJxFP6TqMuO4Yt0eOkMz","Carolina Gaitán - La Gaita, Mauro Castillo, Adassa, Rhenzy Feliz, Diane Guerrero, Stephanie Beatriz, Encanto - Cast","We Don't Talk About Bruno","Walt Disney Records","16","19","3","18355324","52xJxFP6TqMuO4Yt0eOkMz","0.577","0.83","0.0834","0.45","0.111","205.863","-8.516","0.357","0","Carolina Gaitán - La Gaita","29PgYEggDV3cDP9QYTogwv","latin viral pop"
"17","17","spotify:track:5S9Zs5g9lTWnLIboN1pdlU","Lauren Spencer Smith","Fingers Crossed","Three Name Productions, Inc./ Island Records & Republic Records","17","-1","1","18286101","5S9Zs5g9lTWnLIboN1pdlU","0.603","0.446","0.0511","0.473","0.31","109.494","-7.23","0.616","0","Lauren Spencer Smith","79AyR6ATpj2LTPxfb6FX50","alt z,gen z singer-songwriter,pop"
"18","18","spotify:track:3rmo8F54jFF8OgYsqTxm5d","Ed Sheeran","Bad Habits","Atlantic Records UK","3","11","29","17096657","3rmo8F54jFF8OgYsqTxm5d","0.807","0.537","0.0347","0.893","0.366","126.011","-3.745","0.0451","2.79e-05","Ed Sheeran","6eUKZXaKkcviH0Ku9w2n3V","pop,uk pop"
"19","19","spotify:track:46HNZY1i7O6jwTA7Slo2PI","Coldplay, BTS","My Universe","Parlophone UK","3","12","16","16328409","46HNZY1i7O6jwTA7Slo2PI","0.573","0.47","0.0406","0.711","0.328","105.006","-6.268","0.0114","0","Coldplay","4gzpq5DPGxSnKTe4SA8HAU","permanent wave,pop"
"20","20","spotify:track:6Uj1ctrBOjOas8xZXGqKk4","Doja Cat","Woman","Kemosabe Records/RCA Records","6","13","27","16258279","6Uj1ctrBOjOas8xZXGqKk4","0.824","0.881","0.0854","0.764","0.117","107.998","-4.175","0.0888","0.00294","Doja Cat","5cj0lLjcoR7YOSnhnX0Po5","dance pop,pop"
"21","21","spotify:track:1SOClUWhOi8vHZYMz3GluK","Jaymes Young","Infinity","Atlantic Records","16","16","11","15985746","1SOClUWhOi8vHZYMz3GluK","0.671","0.494","0.0444","0.673","0.304","121.963","-6.941","0.148","5.29e-05","Jaymes Young","6QrQ7OrISRYIfS5mtacaw2","indie poptimism,modern rock,pop"
"22","22","spotify:track:2vgUijXOTRMnWXDtvgMp2b","The Weeknd","Take My Breath","XO / Republic Records","22","-1","1","15936947","2vgUijXOTRMnWXDtvgMp2b","0.698","0.354","0.0368","0.769","0.238","121.02","-7.154","0.0128","0.00166","The Weeknd","1Xyo4u8uXC1ZmMpatF05PJ","canadian contemporary r&b,canadian pop,pop"
"23","23","spotify:track:2D4dV2KXDTszzJ3p3cFqhA","The Weeknd","Less Than Zero","XO / Republic Records","23","-1","1","15342843","2D4dV2KXDTszzJ3p3cFqhA","0.535","0.5","0.0327","0.791","0.0788","142.981","-5.55","0.00096","0.000155","The Weeknd","1Xyo4u8uXC1ZmMpatF05PJ","canadian contemporary r&b,canadian pop,pop"
"24","24","spotify:track:4ZtFanR9U6ndgddUvNcjcG","Olivia Rodrigo","good 4 u","Olivia Rodrigo PS","1","14","35","15066560","4ZtFanR9U6ndgddUvNcjcG","0.563","0.688","0.154","0.664","0.0849","166.928","-5.044","0.335","0","Olivia Rodrigo","1McMsnEElThX1knmY4oliG","pop"
"25","25","spotify:track:1NhjYYcYTRywc0di98xHxf","The Weeknd, Tyler, The Creator","Here We Go… Again (feat. Tyler, the Creator)","XO / Republic Records","25","-1","1","14848877","1NhjYYcYTRywc0di98xHxf","0.469","0.198","0.0302","0.623","0.588","134.943","-4.432","0.345","0","The Weeknd","1Xyo4u8uXC1ZmMpatF05PJ","canadian contemporary r&b,canadian pop,pop"
"26","26","spotify:track:1E5Xu8dur0fAjSP1VpVhAZ","The Weeknd","Best Friends","XO / Republic Records","26","-1","1","14588300","1E5Xu8dur0fAjSP1VpVhAZ","0.737","0.528","0.105","0.564","0.351","90","-7.045","0.436","0","The Weeknd","1Xyo4u8uXC1ZmMpatF05PJ","canadian contemporary r&b,canadian pop,pop"
"27","27","spotify:track:6krYS8KtmNAYyb5uTZiYW4","The Weeknd","Dawn FM","XO / Republic Records","27","-1","1","14262747","6krYS8KtmNAYyb5uTZiYW4","0.28","0.0807","0.037","0.478","0.483","111.65","-8.755","0.674","5.85e-05","The Weeknd","1Xyo4u8uXC1ZmMpatF05PJ","canadian contemporary r&b,canadian pop,pop"
"28","28","spotify:track:5XbA7TAqsD0fj0dGBrbb0D","The Weeknd, Lil Wayne","I Heard You’re Married (feat. Lil Wayne)","XO / Republic Records","28","-1","1","14029224","5XbA7TAqsD0fj0dGBrbb0D","0.736","0.784","0.171","0.848","0.299","109.946","-5.494","0.103","0","The Weeknd","1Xyo4u8uXC1ZmMpatF05PJ","canadian contemporary r&b,canadian pop,pop"
"29","29","spotify:track:3DarAbFujv6eYNliUTyqtz","Doja Cat, SZA","Kiss Me More (feat. SZA)","Kemosabe Records/RCA Records","3","15","40","13767122","3DarAbFujv6eYNliUTyqtz","0.764","0.781","0.0284","0.705","0.12","110.97","-3.463","0.259","8.92e-05","Doja Cat","5cj0lLjcoR7YOSnhnX0Po5","dance pop,pop"
"30","30","spotify:track:0VjIjW4GlUZAMYd2vXMi3b","The Weeknd","Blinding Lights","Republic Records","1","17","111","13373320","0VjIjW4GlUZAMYd2vXMi3b","0.514","0.334","0.0598","0.73","0.0897","171.005","-5.934","0.00146","9.54e-05","The Weeknd","1Xyo4u8uXC1ZmMpatF05PJ","canadian contemporary r&b,canadian pop,pop"
"31","31","spotify:track:6I3mqTwhRpn34SLVafSH7G","Justin Bieber","Ghost","RBMG/Def Jam","25","25","17","13254490","6I3mqTwhRpn34SLVafSH7G","0.601","0.441","0.0478","0.741","0.415","153.96","-5.569","0.185","2.91e-05","Justin Bieber","1uNFoZAHBGtllmzznpCI3s","canadian pop,pop"
"32","32","spotify:track:3Vi5XqYrmQgOYBajMWSvCi","Doja Cat","Need to Know","Kemosabe Records/RCA Records","6","21","31","13161411","3Vi5XqYrmQgOYBajMWSvCi","0.664","0.194","0.0707","0.609","0.0926","130.041","-6.509","0.304","0","Doja Cat","5cj0lLjcoR7YOSnhnX0Po5","dance pop,pop"
"33","33","spotify:track:3uUuGVFu1V7jTQL60S1r8z","Lost Frequencies, Calum Scott","Where Are You Now","Epic Amsterdam","24","24","19","13161110","3uUuGVFu1V7jTQL60S1r8z","0.671","0.262","0.103","0.636","0.172","120.966","-8.117","0.515","0.000411","Lost Frequencies","7f5Zgnp2spUuuzKplmRkt7","belgian edm,edm,pop,pop dance,tropical house"
"34","34","spotify:track:1SC5rEoYDGUK4NfG82494W","Lil Nas X","MONTERO (Call Me By Your Name)","Columbia","1","18","42","12666479","1SC5rEoYDGUK4NfG82494W","0.593","0.71","0.22","0.503","0.405","178.781","-6.725","0.293","0","Lil Nas X","7jVv8c5Fj3E9VhNjxT4snq","lgbtq+ hip hop,pop"
"35","35","spotify:track:6zzdyvVWjGrQBraSvuqJPY","The Weeknd","Starry Eyes","XO / Republic Records","35","-1","1","12612116","6zzdyvVWjGrQBraSvuqJPY","0.309","0.146","0.031","0.418","0.295","134.23","-8.622","0.465","7.58e-05","The Weeknd","1Xyo4u8uXC1ZmMpatF05PJ","canadian contemporary r&b,canadian pop,pop"
"36","36","spotify:track:2Xr1dTzJee307rmrkt8c0g","CKay","love nwantiti (ah ah ah)","Chocolate City Music","9","20","18","12433678","2Xr1dTzJee307rmrkt8c0g","0.727","0.533","0.0411","0.739","0.161","93.005","-3.805","0.365","0.00137","CKay","048LktY5zMnakWq7PTtFrz","afro r&b"
"37","37","spotify:track:2JPLbjOn0wPCngEot2STUS","Bad Bunny","Yonaguni","Rimas Entertainment LLC","3","22","32","12371670","2JPLbjOn0wPCngEot2STUS","0.644","0.44","0.118","0.648","0.135","179.951","-4.601","0.276","0","Bad Bunny","4q3ewBCX7sLwd24euuV69X","reggaeton,trap latino,urbano latino"
"38","38","spotify:track:4SqWKzw0CbA05TGszDgMlc","The Walters","I Love You So","Warner Records","31","31","14","12265070","4SqWKzw0CbA05TGszDgMlc","0.575","0.466","0.0358","0.648","0.115","75.977","-4.891","0.583","0","The Walters","027TpXKGwdXP7iwbjUSpV8","chicago indie"
"39","39","spotify:track:0e8nrvls4Qqv5Rfa2UhqmO","Lil Nas X","THATS WHAT I WANT","Columbia","3","28","17","11883830","0e8nrvls4Qqv5Rfa2UhqmO","0.737","0.546","0.22","0.846","0.0486","87.981","-4.51","0.00614","0","Lil Nas X","7jVv8c5Fj3E9VhNjxT4snq","lgbtq+ hip hop,pop"
"40","40","spotify:track:3Wrjm47oTz2sjIgck11l5e","Måneskin","Beggin'","RCA Records Label","1","23","32","11779332","3Wrjm47oTz2sjIgck11l5e","0.714","0.589","0.0504","0.8","0.359","134.002","-4.808","0.127","0","Måneskin","0lAWpj5szCSwM4rUMHYmrr","indie rock italiano,italian pop"
"41","41","spotify:track:760jhRscwGbIIe1m1IIQpU","Jessica Darrow","Surface Pressure","Walt Disney Records","41","54","2","11698516","760jhRscwGbIIe1m1IIQpU","0.65","0.37","0.307","0.584","0.042","180.088","-8.286","0.0174","1.54e-06","Jessica Darrow","4vdAAzZBUKbsrvHi6UR7B7",""
"42","42","spotify:track:00Blm7zeNqgYLPtW6zg8cj","Post Malone, The Weeknd","One Right Now (with The Weeknd)","Republic Records","9","32","10","11666361","00Blm7zeNqgYLPtW6zg8cj","0.687","0.688","0.053","0.781","0.0755","97.014","-4.806","0.0361","0","Post Malone","246dkjvS1zLTtiykXe5h60","dfw rap,melodic rap,rap"
"43","43","spotify:track:4gzsuuZypVbxs0Af1LSZyB","Tainy, Bad Bunny, Julieta Venegas","Lo Siento BB:/ (with Bad Bunny & Julieta Venegas)","Neon16","12","27","15","11583791","4gzsuuZypVbxs0Af1LSZyB","0.639","0.138","0.0794","0.703","0.0865","169.888","-6.33","0.0889","1.78e-06","Tainy","0GM7qgcRCORpGnfcN2tCiB","latin hip hop,latin pop,pop reggaeton,reggaeton,reggaeton flow,trap latino,urbano latino"
"44","44","spotify:track:5TMLavqGRKNxgzMBrVpC9R","zzoilo, Aitana","Mon Amour - Remix","Universal Music Spain S.L.","40","40","19","11481148","5TMLavqGRKNxgzMBrVpC9R","0.748","0.362","0.102","0.761","0.0984","116.041","-6.621","0.122","6.56e-06","zzoilo","7c53ZFyajVMTo08HmvoB6b",""
"45","45","spotify:track:2QjOHCTQ1Jl3zawyYOpxh6","The Neighbourhood","Sweater Weather","Columbia","35","36","72","11387618","2QjOHCTQ1Jl3zawyYOpxh6","0.612","0.398","0.0336","0.807","0.101","124.053","-2.81","0.0495","0.0177","The Neighbourhood","77SW9BnxLY8rJ0RciFqkHh","modern alternative rock,modern rock,pop,shimmer pop"
"46","46","spotify:track:7hU3IHwjX150XLoTVmjD0q","LISA","MONEY","YG Entertainment/Interscope Records","5","29","18","11362984","7hU3IHwjX150XLoTVmjD0q","0.831","0.396","0.218","0.554","0.152","140.026","-9.998","0.161","6.12e-05","LISA","5L1lO4eRHmJ7a0Q6csE5cT","k-pop"
"47","47","spotify:track:18asYwWugKjjsihZ0YvRxO","Tiësto, Ava Max","The Motto","Atlantic Records","35","35","10","11344479","18asYwWugKjjsihZ0YvRxO","0.754","0.464","0.0435","0.763","0.0901","117.953","-4.627","0.0301","2.23e-05","Tiësto","2o5jDhtHVPhrJdv3cEQ99Z","big room,brostep,dutch edm,edm,house,pop dance,slap house,trance"
"48","48","spotify:track:2gpWyfu7eZ01zzncHpxOtA","Swedish House Mafia, The Weeknd","Moth To A Flame (with The Weeknd)","Republic Records","7","46","12","11160908","2gpWyfu7eZ01zzncHpxOtA","0.542","0.109","0.0389","0.659","0.105","120.122","-7.289","0.00279","0","Swedish House Mafia","1h6Cn3P4NGzXbaXidqURXs","dance pop,edm,electro house,pop,pop dance,progressive electro house"
"49","49","spotify:track:4RVwu0g32PAqgUiJoXsdF8","Billie Eilish","Happier Than Ever","Darkroom/Interscope Records","6","34","24","11114296","4RVwu0g32PAqgUiJoXsdF8","0.332","0.297","0.0348","0.225","0.128","81.055","-8.697","0.767","0.00349","Billie Eilish","6qqNVTkY8uBg9cP3Jd7DAH","art pop,electropop,pop"
"50","50","spotify:track:5nujrmhLynf4yMoMtj8AQF","Dua Lipa, DaBaby","Levitating (feat. DaBaby)","Warner Records","4","26","67","10890222","5nujrmhLynf4yMoMtj8AQF","0.702","0.915","0.0601","0.825","0.0674","102.977","-3.787","0.00883","0","Dua Lipa","6M2wZ9GZgrQXHCFfjv46we","dance pop,pop,uk pop"
"51","51","spotify:track:0NBgyml7T0IvUNbXIkcSpH","Xamã, Gustah, Neo Beats, Bagua Records","Malvadão 3","Bagua Records","33","33","3","10865853","0NBgyml7T0IvUNbXIkcSpH","0.821","0.516","0.268","0.609","0.136","133.133","-6.541","0.378","0","Xamã","5YwzDz4RJfTiMHS4tdR5Lf","brazilian hip hop,funk carioca,trap brasileiro"
"52","52","spotify:track:5CZ40GBx1sQ9agT82CLQCT","Olivia Rodrigo","traitor","Olivia Rodrigo PS","7","43","34","10820592","5CZ40GBx1sQ9agT82CLQCT","0.38","0.0849","0.0338","0.339","0.12","100.607","-7.885","0.691","0","Olivia Rodrigo","1McMsnEElThX1knmY4oliG","pop"
"53","53","spotify:track:2gQPv5jvVPqU2a9HhMNO1v","BoyWithUke","Toxic","Republic Records","23","38","13","10803508","2gQPv5jvVPqU2a9HhMNO1v","0.594","0.687","0.363","0.612","0.461","179.629","-6.627","0.835","0","BoyWithUke","1Cd373x8qzC7SNUg5IToqp","sad rap"
"54","54","spotify:track:759ndr57jb0URg4j9YSWml","The Weeknd","A Tale By Quincy","XO / Republic Records","54","-1","1","10644730","759ndr57jb0URg4j9YSWml","0.447","0.572","0.127","0.513","0.096","67.289","-8.67","0.679","2.98e-05","The Weeknd","1Xyo4u8uXC1ZmMpatF05PJ","canadian contemporary r&b,canadian pop,pop"
"55","55","spotify:track:6a4GH1gljLL7VvmO9u5O92","The Weeknd","Don’t Break My Heart","XO / Republic Records","55","-1","1","10589657","6a4GH1gljLL7VvmO9u5O92","0.767","0.243","0.032","0.618","0.179","121.959","-7.163","0.31","0","The Weeknd","1Xyo4u8uXC1ZmMpatF05PJ","canadian contemporary r&b,canadian pop,pop"
"56","56","spotify:track:5wANPM4fQCJwkGd4rN57mH","Olivia Rodrigo","drivers license","Olivia Rodrigo PS","1","42","53","10503717","5wANPM4fQCJwkGd4rN57mH","0.561","0.137","0.0578","0.431","0.106","143.875","-8.81","0.768","1.42e-05","Olivia Rodrigo","1McMsnEElThX1knmY4oliG","pop"
"57","57","spotify:track:6mmPpaltUZK7xjNlBPQQ0p","Rauw Alejandro, Chencho Corleone","Desesperados","Sony Music Latin/Duars Entertainment","57","60","5","10421911","6mmPpaltUZK7xjNlBPQQ0p","0.869","0.511","0.0783","0.694","0.0878","90.02","-3.35","0.356","0.00125","Rauw Alejandro","1mcTU81TzQhprhouKaTkpq","puerto rican pop,trap latino,urbano latino"
"58","58","spotify:track:3Kkjo3cT83cw09VJyrLNwX","Adele","Oh My God","Columbia","3","48","8","10189540","3Kkjo3cT83cw09VJyrLNwX","0.534","0.55","0.046","0.725","0.0264","88.098","-3.906","0.091","0","Adele","4dpARuHxo51G3z768sgnrY","british soul,pop,pop soul,uk pop"
"59","59","spotify:track:5enxwA8aAbwZbf5qCHORXi","Taylor Swift","All Too Well (10 Minute Version) (Taylor's Version) (From The Vault)","Taylor Swift","1","30","9","10121514","5enxwA8aAbwZbf5qCHORXi","0.631","0.205","0.0303","0.518","0.088","93.023","-8.771","0.274","0","Taylor Swift","06HL4z0CvFAxyc27GXpf02","pop"
"60","60","spotify:track:37BZB0z9T8Xu7U3e65qxFy","The Weeknd, Ariana Grande","Save Your Tears (with Ariana Grande) (Remix)","Republic Records","5","41","38","10057161","37BZB0z9T8Xu7U3e65qxFy","0.65","0.593","0.0325","0.825","0.0936","118.091","-4.645","0.0215","2.44e-05","The Weeknd","1Xyo4u8uXC1ZmMpatF05PJ","canadian contemporary r&b,canadian pop,pop"
"61","61","spotify:track:4TGwERXRlyQtBdggYTHo6j","Tiago PZK, LIT killah, Maria Becerra, Nicki Nicole","Entre Nosotros (Remix) [con Nicki Nicole]","WEA Latina","61","-1","1","9996959","4TGwERXRlyQtBdggYTHo6j","0.7","0.605","0.0433","0.438","0.373","170.106","-5.784","0.401","0","Tiago PZK","5Y3MV9DZ0d87NnVm56qSY1","trap argentino,urbano latino"
"62","62","spotify:track:3vJcz8exedHCjQ9ed95NqU","The Weeknd","Every Angel is Terrifying","XO / Republic Records","62","-1","1","9616013","3vJcz8exedHCjQ9ed95NqU","0.447","0.46","0.348","0.959","0.0498","118.167","-5.59","0.109","2.75e-05","The Weeknd","1Xyo4u8uXC1ZmMpatF05PJ","canadian contemporary r&b,canadian pop,pop"
"63","63","spotify:track:6lX6l7OuA3qrnIRfdsr0dw","Blessd, Justin Quiles, Lenny Tavárez","Medallo","WEA Latina","53","53","8","9548437","6lX6l7OuA3qrnIRfdsr0dw","0.787","0.791","0.0768","0.7","0.663","90.02","-4.598","0.568","0.00051","Blessd","1TA5sGRlKUJXBN4ZyJuDIX","reggaeton,urbano latino"
"64","64","spotify:track:5dXWFMwD7I7zXsInONVl0H","SZA","I Hate U","Top Dawg Entertainment/RCA Records","19","45","6","9440285","5dXWFMwD7I7zXsInONVl0H","0.535","0.412","0.155","0.388","0.11","106.703","-9.805","0.507","0","SZA","7tYKF4w9nC0nq9CsPZTHyP","pop,r&b"
"65","65","spotify:track:3nOz1U41SZZ0N3fuUWr9nb","Emmy Meli","I AM WOMAN","Disruptor Records/Arista Records","51","51","7","9269736","3nOz1U41SZZ0N3fuUWr9nb","0.646","0.455","0.157","0.471","0.125","170.084","-9.247","0.122","0","Emmy Meli","71szvmFWd7TUa7b6XmXj9k","high vibe"
"66","66","spotify:track:3rdAz1fbUfZxYgaCviYhRo","Rauw Alejandro","Todo De Ti","Sony Music Latin/Duars Entertainment","2","39","34","9261151","3rdAz1fbUfZxYgaCviYhRo","0.78","0.336","0.0506","0.719","0.0931","127.962","-3.613","0.302","0.000196","Rauw Alejandro","1mcTU81TzQhprhouKaTkpq","puerto rican pop,trap latino,urbano latino"
"67","67","spotify:track:2vmfvSoZBFAt9hhRoEByLi","Aventura, Bad Bunny","Volví","Rimas Entertainment LLC","10","49","24","9182371","2vmfvSoZBFAt9hhRoEByLi","0.725","0.791","0.182","0.86","0.0674","175.896","-3.726","0.422","0.000284","Aventura","1qto4hHid1P71emI6Fd8xi","bachata,bachata dominicana,latin hip hop,latin pop,tropical,urbano latino"
"68","68","spotify:track:2KnLkZ3z7PO3kgVGHGqDpD","Shawn Mendes","It'll Be Okay","Shawn Mendes LP4-5 PS/ Island","57","57","6","9124887","2KnLkZ3z7PO3kgVGHGqDpD","0.398","0.0666","0.033","0.286","0.0912","78.262","-11.881","0.616","0.000146","Shawn Mendes","7n2wHs1TKAczGzO7Dd2rGr","canadian pop,dance pop,pop,viral pop"
"69","69","spotify:track:3LnpBazWpD31QMTn6LgVGv","Gunna, Future, Young Thug","pushin P (feat. Young Thug)","300 Entertainment","69","-1","1","9123927","3LnpBazWpD31QMTn6LgVGv","0.773","0.488","0.187","0.422","0.129","77.502","-4.572","0.00783","0.00693","Gunna","2hlmm7s2ICUX0LVIhVFlZQ","atl hip hop,hip hop,melodic rap,rap,trap"
"70","70","spotify:track:4gvrJnKCKIPiacNsWVQwEU","CKay, Dj Yo!, AX'EL","love nwantiti (feat. Dj Yo! & AX'EL) - Remix","WM South Africa","14","47","17","8974375","4gvrJnKCKIPiacNsWVQwEU","0.579","0.443","0.0561","0.596","0.0549","119.9","-4.823","0.436","0.0938","CKay","048LktY5zMnakWq7PTtFrz","afro r&b"
"71","71","spotify:track:4A8cWXxKfIL3lAyUDzXbCF","Kodak Black","Super Gremlin","Atlantic/Sniper Gang","67","67","5","8956656","4A8cWXxKfIL3lAyUDzXbCF","0.825","0.106","0.144","0.414","0.357","72.993","-6.634","0.00265","0","Kodak Black","46SHBwWsqBkxI7EeeBEQG7","florida drill,florida rap,hip hop,melodic rap,miami hip hop,rap,trap,trap latino"
"72","72","spotify:track:7sMBvZCSUl99bJLXZaLa0b","Bruno Mars, Anderson .Paak, Silk Sonic","Smokin Out The Window","Aftermath Entertainment/Atlantic","8","44","10","8801685","7sMBvZCSUl99bJLXZaLa0b","0.627","0.848","0.0437","0.618","0.351","82.03","-8.529","0.0558","0","Bruno Mars","0du5cEVh5yTK9QJze8zA0C","dance pop,pop"
"73","73","spotify:track:5QO79kh1waicV47BqGRL3g","The Weeknd","Save Your Tears","Republic Records","2","71","58","8735830","5QO79kh1waicV47BqGRL3g","0.68","0.644","0.0309","0.826","0.543","118.051","-5.487","0.0212","1.24e-05","The Weeknd","1Xyo4u8uXC1ZmMpatF05PJ","canadian contemporary r&b,canadian pop,pop"
"74","74","spotify:track:0Be7sopyKMv8Y8npsUkax2","Sebastian Yatra","Tacones Rojos","UMLE - Latino","58","58","8","8727303","0Be7sopyKMv8Y8npsUkax2","0.748","0.927","0.0348","0.856","0.142","123.031","-3.517","0.0824","0","Sebastian Yatra","07YUOmWljBTXwIseAUd9TW","colombian pop,latin pop,reggaeton colombiano"
"75","75","spotify:track:4MzXwWMhyBbmu6hOcLVD49","Bad Bunny, JhayCo","DÁKITI","Rimas Entertainment LLC","1","50","63","8594022","4MzXwWMhyBbmu6hOcLVD49","0.731","0.145","0.0544","0.573","0.113","109.928","-10.059","0.401","5.22e-05","Bad Bunny","4q3ewBCX7sLwd24euuV69X","reggaeton,trap latino,urbano latino"
"76","76","spotify:track:07MDkzWARZaLEdKxo6yArG","THE ANXIETY, WILLOW, Tyler Cole","Meet Me At Our Spot","MSFTSMusic / Roc Nation Records, LLC","24","55","19","8586908","07MDkzWARZaLEdKxo6yArG","0.773","0.399","0.0299","0.47","0.0851","94.995","-7.93","0.0153","0.000193","THE ANXIETY","64H8UqGLbJFHwKtGxiV8OP","modern alternative pop"
"77","77","spotify:track:4iJyoBOLtHqaGxP12qzhQI","Justin Bieber, Daniel Caesar, Giveon","Peaches (feat. Daniel Caesar & Giveon)","RBMG/Def Jam","1","52","43","8484750","4iJyoBOLtHqaGxP12qzhQI","0.677","0.464","0.119","0.696","0.42","90.03","-6.181","0.321","0","Justin Bieber","1uNFoZAHBGtllmzznpCI3s","canadian pop,pop"
"78","78","spotify:track:2K7xn816oNHJZ0aVqdQsha","The Neighbourhood","Softcore","Columbia","78","-1","1","8457969","2K7xn816oNHJZ0aVqdQsha","0.575","0.37","0.03","0.568","0.286","93.986","-5.509","0.0484","0.000417","The Neighbourhood","77SW9BnxLY8rJ0RciFqkHh","modern alternative rock,modern rock,pop,shimmer pop"
"79","79","spotify:track:2eAvDnpXP5W0cVtiI0PUxV","Ruth B.","Dandelions","Columbia","78","78","22","8399738","2eAvDnpXP5W0cVtiI0PUxV","0.609","0.454","0.0259","0.692","0.0864","116.959","-2.958","0.0157","0","Ruth B.","2WzaAvm2bBCf4pEhyuDgCY","alt z,canadian contemporary r&b,canadian pop,pop"
"80","80","spotify:track:2Gq636OOGgxCTqEuzCZhsa","Bizarrap, Tiago PZK","Tiago PZK: Bzrp Music Sessions, Vol. 48","DALE PLAY Records","37","37","2","8288528","2Gq636OOGgxCTqEuzCZhsa","0.656","0.755","0.315","0.823","0.103","96.474","-3.059","0.47","0","Bizarrap","716NhGYqD1jl2wI1Qkgq36","argentine hip hop,pop venezolano,trap argentino,trap latino,urbano latino"
"81","81","spotify:track:0RiRZpuVRbi7oqRdSMwhQY","Post Malone, Swae Lee","Sunflower - Spider-Man: Into the Spider-Verse","Republic Records","1","59","169","8250893","0RiRZpuVRbi7oqRdSMwhQY","0.755","0.925","0.0575","0.522","0.0685","89.96","-4.368","0.533","0","Post Malone","246dkjvS1zLTtiykXe5h60","dfw rap,melodic rap,rap"
"82","82","spotify:track:6UelLqGlWMcVH1E5c4H7lY","Harry Styles","Watermelon Sugar","Columbia","4","56","113","8239840","6UelLqGlWMcVH1E5c4H7lY","0.548","0.557","0.0465","0.816","0.335","95.39","-4.209","0.122","0","Harry Styles","6KImCVD70vtIoJWnq6nGn3","pop"
"83","83","spotify:track:2BEcap3xJtmiPaHKyfQi4e","Rvssian, Rauw Alejandro, Chris Brown","Nostálgico","Sony Music Latin","40","61","18","8226210","2BEcap3xJtmiPaHKyfQi4e","0.734","0.604","0.0489","0.846","0.235","98.026","-3.425","0.166","1.74e-06","Rvssian","1fctva4kpRbg2k3v7kwRuS","latin hip hop,reggaeton,reggaeton flow,trap latino,urbano latino"
"84","84","spotify:track:37y7iDayfwm3WXn5BiAoRk","Steve Lacy","Dark Red","Three Quarter","66","73","23","8112858","37y7iDayfwm3WXn5BiAoRk","0.603","0.775","0.062","0.783","0.119","172.041","-4.023","0.449","7.96e-06","Steve Lacy","57vWImR43h4CaDao012Ofp","afrofuturism"
"85","85","spotify:track:0eu4C55hL6x29mmeAjytzC","Oliver Tree","Life Goes On","Atlantic Records","15","62","19","7996431","0eu4C55hL6x29mmeAjytzC","0.7","0.569","0.076","0.49","0.117","79.982","-5.187","0.186","0","Oliver Tree","6TLwD7HPWuiOzvXEa3oCNe","alternative hip hop"
"86","86","spotify:track:6f5ExP43esnvdKPddwKXJH","NEIKED, Mae Muller, Polo G","Better Days (NEIKED x Mae Muller x Polo G)","Capitol Records UK / EMI","32","63","13","7933920","6f5ExP43esnvdKPddwKXJH","0.717","0.699","0.0337","0.671","0.0921","110.054","-5.077","0.0018","2.54e-06","NEIKED","5H6xmHXjsq98NLbEjuE29f","dance pop,edm,pop,pop dance,scandipop,tropical house"
"87","87","spotify:track:0k4d5YPDr1r7FX77VdqWez","Doja Cat, The Weeknd","You Right","Kemosabe Records/RCA Records","15","77","29","7790200","0k4d5YPDr1r7FX77VdqWez","0.828","0.436","0.0565","0.621","0.0845","128.986","-6.414","0.0164","0.00233","Doja Cat","5cj0lLjcoR7YOSnhnX0Po5","dance pop,pop"
"88","88","spotify:track:1mWdTewIgB3gtBM3TOSFhB","BTS","Butter","BIGHIT MUSIC","2","65","34","7755465","1mWdTewIgB3gtBM3TOSFhB","0.759","0.695","0.0948","0.459","0.0906","109.997","-5.187","0.00323","0","BTS","3Nrfpe0tUJi4K4DXYWgMUX","k-pop,k-pop boy group"
"89","89","spotify:track:09gysnJpfQ3ublBmJDfcEC","Amaarae, Kali Uchis, Moliy","SAD GIRLZ LUV MONEY Remix (feat. Kali Uchis and Moliy)","0207 Def Jam","23","72","11","7747830","09gysnJpfQ3ublBmJDfcEC","0.87","0.319","0.0602","0.523","0.113","110.02","-8.052","0.433","2.07e-05","Amaarae","21UPYSRWFKwtqvSAnFnSvS","afro r&b,alternative r&b,ghanaian alternative,ghanaian pop"
"90","90","spotify:track:5QDLhrAOJJdNAmCTJ8xMyW","BTS","Dynamite","BIGHIT MUSIC","2","70","73","7716670","5QDLhrAOJJdNAmCTJ8xMyW","0.746","0.737","0.0993","0.765","0.0936","114.044","-4.41","0.0112","0","BTS","3Nrfpe0tUJi4K4DXYWgMUX","k-pop,k-pop boy group"
"91","91","spotify:track:6HU7h9RYOaPRFeh0R3UeAr","Olivia Rodrigo","deja vu","Olivia Rodrigo PS","3","76","41","7683109","6HU7h9RYOaPRFeh0R3UeAr","0.442","0.178","0.112","0.612","0.37","180.917","-7.222","0.584","5.7e-06","Olivia Rodrigo","1McMsnEElThX1knmY4oliG","pop"
"92","92","spotify:track:1NlK2NtpuUazpziLhnJwEV","The Weeknd","Phantom Regret by Jim","XO / Republic Records","92","-1","1","7629008","1NlK2NtpuUazpziLhnJwEV","0.394","0.241","0.0465","0.519","0.129","110.113","-11.042","0.75","0.195","The Weeknd","1Xyo4u8uXC1ZmMpatF05PJ","canadian contemporary r&b,canadian pop,pop"
"93","93","spotify:track:7qEHsqek33rTcFNT9PFqLf","Lewis Capaldi","Someone You Loved","Vertigo Berlin","4","80","158","7558076","7qEHsqek33rTcFNT9PFqLf","0.501","0.446","0.0319","0.405","0.105","109.891","-5.679","0.751","0","Lewis Capaldi","4GNC7GD6oZMSxPGyXy4MNB","pop,uk pop"
"94","94","spotify:track:3XLbDUB5BX2WqL2qoAsvtb","Gunna, 21 Savage","thought i was playing","300 Entertainment","94","-1","1","7379453","3XLbDUB5BX2WqL2qoAsvtb","0.679","0.292","0.0689","0.73","0.0736","148.038","-7.483","0.00421","0","Gunna","2hlmm7s2ICUX0LVIhVFlZQ","atl hip hop,hip hop,melodic rap,rap,trap"
"95","95","spotify:track:0G2zPzWqVjR68iNPmx2TBe","Mora, Bad Bunny, Sech","Volando - Remix","Rimas Entertainment LLC","19","82","27","7329506","0G2zPzWqVjR68iNPmx2TBe","0.659","0.632","0.0673","0.688","0.113","153.979","-4.649","0.207","0","Mora","0Q8NcsJwoCbZOHHW63su5S","trap latino,urbano latino"
"96","96","spotify:track:3PfIrDoz19wz7qK7tYeu62","Dua Lipa","Don't Start Now","Warner Records","2","64","115","7288461","3PfIrDoz19wz7qK7tYeu62","0.793","0.679","0.083","0.793","0.0951","123.95","-4.521","0.0123","0","Dua Lipa","6M2wZ9GZgrQXHCFfjv46we","dance pop,pop,uk pop"
"97","97","spotify:track:0pqnGHJpmpxLKifKRmU6WP","Imagine Dragons","Believer","Kid Ina Korner / Interscope","16","81","258","7286204","0pqnGHJpmpxLKifKRmU6WP","0.776","0.666","0.128","0.78","0.081","124.949","-4.374","0.0622","0","Imagine Dragons","53XhwfbYqKCa1cC15pYq2q","modern rock,rock"
"98","98","spotify:track:6P096SaOzrgGxs8NWOfX7M","Tiago PZK, Trueno","Salimo de Noche","WM Chile","72","79","11","7193066","6P096SaOzrgGxs8NWOfX7M","0.669","0.784","0.0526","0.628","0.124","83.803","-4.177","0.294","1.83e-05","Tiago PZK","5Y3MV9DZ0d87NnVm56qSY1","trap argentino,urbano latino"
"99","99","spotify:track:1LPSkqVhWVRUkKE03YUkpB","Bruno Mars, Anderson .Paak, Silk Sonic","Leave The Door Open","Aftermath Entertainment/Atlantic","5","69","45","7181617","1LPSkqVhWVRUkKE03YUkpB","0.586","0.719","0.0324","0.616","0.0927","148.088","-7.964","0.182","0","Bruno Mars","0du5cEVh5yTK9QJze8zA0C","dance pop,pop"
"100","100","spotify:track:0hYFc3HSZHDaDzquLVRwBH","Jnr Choi, Sam Tompkins","TO THE MOON","Jnr Choi/Epic","100","120","2","7173091","0hYFc3HSZHDaDzquLVRwBH","0.744","0.387","0.35","0.648","0.109","144.036","-11.819","0.045","0.00614","Jnr Choi","1Z25ZlGHqqlr3o1UGQOfNn","gambian hip hop"
"101","101","spotify:track:2vXKRlJBXyOcvZYTdNeckS","Gesaffelstein, The Weeknd","Lost in the Fire (feat. The Weeknd)","Columbia","12","114","11","7150919","2vXKRlJBXyOcvZYTdNeckS","0.658","0.166","0.0363","0.671","0.115","100.966","-12.21","0.0933","0.000927","Gesaffelstein","3hteYQFiMFbJY7wS0xDymP","dark clubbing,destroy techno"
"102","102","spotify:track:6dmXZ9B5HdFAyzHeTneYBK","ROSALÍA, The Weeknd","LA FAMA","Columbia","32","84","9","7107165","6dmXZ9B5HdFAyzHeTneYBK","0.77","0.821","0.0466","0.302","0.125","136.01","-7.911","0.946","3.38e-05","ROSALÍA","7ltDVBr6mKbRvohxheJ9h1","r&b en espanol"
"103","103","spotify:track:0bI7K9Becu2dtXK1Q3cZNB","Tiësto, KAROL G","Don't Be Shy","Atlantic Records","38","74","22","7051405","0bI7K9Becu2dtXK1Q3cZNB","0.77","0.513","0.0583","0.787","0.262","119.986","-3.748","0.198","0","Tiësto","2o5jDhtHVPhrJdv3cEQ99Z","big room,brostep,dutch edm,edm,house,pop dance,slap house,trance"
"104","104","spotify:track:2BcMwX1MPV6ZHP4tUT9uq6","Drake, 21 Savage, Project Pat","Knife Talk (with 21 Savage ft. Project Pat)","OVO","10","92","19","7031718","2BcMwX1MPV6ZHP4tUT9uq6","0.849","0.153","0.324","0.424","0.0834","145.887","-9.579","0.0635","0","Drake","3TVXtAsR1Inumwj472S9r4","canadian hip hop,canadian pop,hip hop,rap,toronto rap"
"105","105","spotify:track:0u2P5u6lvoDfwTYjAADbn4","Billie Eilish, Khalid","lovely (with Khalid)","Darkroom","24","94","195","6934093","0u2P5u6lvoDfwTYjAADbn4","0.351","0.12","0.0333","0.296","0.095","115.284","-10.109","0.934","0","Billie Eilish","6qqNVTkY8uBg9cP3Jd7DAH","art pop,electropop,pop"
"106","106","spotify:track:7jtQIBanIiJOMS6RyCx6jZ","Tom Odell","Another Love","ITNO/Columbia","76","100","40","6875651","7jtQIBanIiJOMS6RyCx6jZ","0.442","0.139","0.0451","0.538","0.09","122.758","-8.55","0.717","2.95e-05","Tom Odell","2txHhyCwHjUEpJjWrEyqyX","chill pop,pop"
"107","107","spotify:track:4b1yxSdlumA8N4fEk4UOZp","Stephanie Beatriz, Olga Merediz, Encanto - Cast","The Family Madrigal","Walt Disney Records","107","-1","1","6834955","4b1yxSdlumA8N4fEk4UOZp","0.594","0.556","0.359","0.628","0.0582","141.391","-6.345","0.12","0","Stephanie Beatriz","5PYToRCsrnvikZg3yl2JMr","hollywood,show tunes"
"108","108","spotify:track:7lQ8MOhq6IN2w8EYcFNSUk","Eminem","Without Me","Aftermath","105","105","16","6765572","7lQ8MOhq6IN2w8EYcFNSUk","0.908","0.662","0.0738","0.669","0.237","112.238","-2.827","0.00286","0","Eminem","7dGJo4pcD2V6oG8kP0tJRR","detroit hip hop,hip hop,rap"
"109","109","spotify:track:1c4htMHiolERc0YJvZNdlc","George Henrique & Rodrigo, Marília Mendonça","Vai Lá Em Casa Hoje","Worldshow Promoções e Eventos","66","66","8","6715222","1c4htMHiolERc0YJvZNdlc","0.456","0.619","0.281","0.83","0.968","157.628","-3.646","0.53","0","George Henrique & Rodrigo","3FlCKtwOEYQQYyGVEbxG2Z","arrocha,sertanejo,sertanejo pop,sertanejo universitario"
"110","110","spotify:track:4jPy3l0RUwlUI9T5XHBW2m","24kGoldn, iann dior","Mood (feat. iann dior)","Records/Columbia","1","83","75","6702300","4jPy3l0RUwlUI9T5XHBW2m","0.701","0.732","0.0361","0.716","0.324","91.007","-3.671","0.174","0","24kGoldn","6fWVd57NKTalqvmjRd2t8Z","cali rap,pop,pop rap,rap"
"111","111","spotify:track:7EkWXAI1wn8Ii883ecd9xr","Surf Curse","Freaks","Surf Curse","55","96","37","6701215","7EkWXAI1wn8Ii883ecd9xr","0.345","0.407","0.0466","0.941","0.0511","179.626","-9.918","3.84e-05","0.633","Surf Curse","1gl0S9pS0Zw0qfa14rDD3D","dreamo,indie surf,surf punk,vegas indie"
"112","112","spotify:track:5rohUzwEoRsUvAA1Bf3DLo","Sebastian Yatra","Dos Oruguitas","Walt Disney Records","112","-1","1","6651000","5rohUzwEoRsUvAA1Bf3DLo","0.423","0.465","0.0454","0.355","0.0915","93.788","-10.565","0.761","0","Sebastian Yatra","07YUOmWljBTXwIseAUd9TW","colombian pop,latin pop,reggaeton colombiano"
"113","113","spotify:track:3eJH2nAjvNXdmPfBkALiPZ","Jason Derulo","Acapulco","Atlantic Records","90","90","14","6649835","3eJH2nAjvNXdmPfBkALiPZ","0.774","0.507","0.0523","0.792","0.155","122.062","-4.021","0.051","0","Jason Derulo","07YZf4WDAMNwqr4jfgOZ8y","dance pop,pop,pop rap,post-teen pop"
"114","114","spotify:track:1kjs5eR4DMzyB0gm1Z8waV","Trueno","DANCE CRIP","©️ Ⓟ 2022 Sur Capital Records ™️ ( por Tierra Agencia SRL )","79","86","8","6592979","1kjs5eR4DMzyB0gm1Z8waV","0.857","0.864","0.0978","0.766","0.0817","106.024","-3.699","0.108","0","Trueno","2x7PC78TmgqpEIjaGAZ0Oz","argentine hip hop,bases de freestyle,trap argentino"
"115","115","spotify:track:5Ts1DYOuouQLgzTaisxWYh","Edison Lighthouse","Love Grows (Where My Rosemary Goes)","Crimson","115","165","2","6589275","5Ts1DYOuouQLgzTaisxWYh","0.568","0.753","0.0299","0.824","0.0855","108.625","-4.613","0.403","0","Edison Lighthouse","1NRzxuPpdGushT8YmF5NAa","bubblegum pop"
"116","116","spotify:track:5E30LdtzQTGqRvNd7l6kG5","The Neighbourhood","Daddy Issues","Columbia","99","122","66","6523787","5E30LdtzQTGqRvNd7l6kG5","0.588","0.337","0.0329","0.521","0.123","85.012","-9.461","0.0678","0.149","The Neighbourhood","77SW9BnxLY8rJ0RciFqkHh","modern alternative rock,modern rock,pop,shimmer pop"
"117","117","spotify:track:3XoYqtiWHhsk59frZupImG","Diane Guerrero, Stephanie Beatriz","What Else Can I Do?","Walt Disney Records","117","-1","1","6397908","3XoYqtiWHhsk59frZupImG","0.718","0.54","0.039","0.709","0.101","119.974","-5.568","0.258","0","Diane Guerrero","18MFcGBHtyW0mU3ufcm0X1",""
"118","118","spotify:track:7n2FZQsaLb7ZRfRPfEeIvr","IVE","ELEVEN","STARSHIP Entertainment","103","103","6","6374358","7n2FZQsaLb7ZRfRPfEeIvr","0.828","0.587","0.111","0.731","0.048","119.978","-3.033","0.0617","0","IVE","6RHTUrRF63xao58xh9FXYJ","k-pop girl group"
"119","119","spotify:track:0tgVpDi06FyKpA1z0VMD4v","Ed Sheeran","Perfect","Atlantic Records UK","4","112","252","6350259","0tgVpDi06FyKpA1z0VMD4v","0.599","0.168","0.0232","0.448","0.106","95.05","-6.312","0.163","0","Ed Sheeran","6eUKZXaKkcviH0Ku9w2n3V","pop,uk pop"
"120","120","spotify:track:4xqrdfXkTW4T0RauPLv3WA","Conan Gray","Heather","Republic Records","12","123","77","6318608","4xqrdfXkTW4T0RauPLv3WA","0.357","0.27","0.0333","0.425","0.322","102.078","-7.301","0.584","0","Conan Gray","4Uc8Dsxct0oMqx0P6i60ea","bedroom pop,pop"
"121","121","spotify:track:4HzqWEdAbzcVFDv0pvxV4w","Maluma","Sobrio","Sony Music Latin","41","91","27","6290197","4HzqWEdAbzcVFDv0pvxV4w","0.762","0.631","0.223","0.77","0.15","177.998","-2.758","0.138","0","Maluma","1r4hJ1h58CWwUQe3MxPuau","reggaeton,reggaeton colombiano,urbano latino"
"122","122","spotify:track:4hJhHbkhZFnxmWbAkZRoe0","Fireboy DML, Ed Sheeran","Peru","YBNL Nation / EMPIRE","89","89","3","6279942","4hJhHbkhZFnxmWbAkZRoe0","0.956","0.714","0.0926","0.417","0.0782","108.015","-7.892","0.572","0.00071","Fireboy DML","75VKfyoBlkmrJFDqo1o2VY","afro dancehall"
"123","123","spotify:track:6IAZHEBUIGJ6NJKxxOBIEr","Adele","Rolling in the Deep","XL Recordings","36","104","15","6222028","6IAZHEBUIGJ6NJKxxOBIEr","0.73","0.507","0.0298","0.769","0.0473","104.948","-5.114","0.138","0","Adele","4dpARuHxo51G3z768sgnrY","british soul,pop,pop soul,uk pop"
"124","124","spotify:track:2tGvwE8GcFKwNdAXMnlbfl","Olivia Rodrigo","happier","Olivia Rodrigo PS","12","115","34","6221080","2tGvwE8GcFKwNdAXMnlbfl","0.395","0.338","0.133","0.443","0.0839","168.924","-9.72","0.765","9.67e-06","Olivia Rodrigo","1McMsnEElThX1knmY4oliG","pop"
"125","125","spotify:track:58HvfVOeJY7lUuCqF0m3ly","Elley Duhé","MIDDLE OF THE NIGHT","Not Fit For Society/RCA Records","125","139","3","6212543","58HvfVOeJY7lUuCqF0m3ly","0.41","0.0899","0.0467","0.611","0.116","185.727","-8.271","0.0228","0","Elley Duhé","67MNhiAICFY6Pwc2YxCO0K","alt z,electropop,pop"
"126","126","spotify:track:5g7sDjBhZ4I3gcFIpkrLuI","Bruno Mars","Locked out of Heaven","Atlantic Records","111","111","2","6209927","5g7sDjBhZ4I3gcFIpkrLuI","0.728","0.87","0.0456","0.697","0.282","143.986","-4.125","0.0556","0","Bruno Mars","0du5cEVh5yTK9QJze8zA0C","dance pop,pop"
"127","127","spotify:track:3AJwUDP919kvQ9QcozQPxg","Coldplay","Yellow","Parlophone UK","101","117","56","6200610","3AJwUDP919kvQ9QcozQPxg","0.429","0.285","0.0281","0.661","0.234","173.372","-7.227","0.00239","0.000121","Coldplay","4gzpq5DPGxSnKTe4SA8HAU","permanent wave,pop"
"128","128","spotify:track:0W6I02J9xcqK8MtSeosEXb","Doja Cat","Get Into It (Yuh)","Kemosabe Records/RCA Records","36","95","24","6191817","0W6I02J9xcqK8MtSeosEXb","0.912","0.793","0.162","0.655","0.0894","91.942","-6.029","0.315","3.39e-05","Doja Cat","5cj0lLjcoR7YOSnhnX0Po5","dance pop,pop"
"129","129","spotify:track:0WSEq9Ko4kFPt8yo3ICd6T","Kanye West","Praise God","Rock The World/IDJ/Kanye LP7","16","129","18","6160262","0WSEq9Ko4kFPt8yo3ICd6T","0.798","0.212","0.168","0.545","0.258","118.029","-6.466","0.00904","9.48e-05","Kanye West","5K4W6rqBFWDnAN6FQUkS6x","chicago rap,rap"
"130","130","spotify:track:29TPjc8wxfz4XMn21O7VsZ","Playboi Carti","Sky","AWGE/Interscope Records","113","116","13","6149446","29TPjc8wxfz4XMn21O7VsZ","0.785","0.565","0.21","0.903","0.169","139.98","-4.184","0.258","0","Playboi Carti","699OTQXzgjhIYAHMy9RyPD","atl hip hop,hip hop,plugg,pluggnb,rap"
"131","131","spotify:track:3yfqSUWxFvZELEM4PmlwIR","Eminem","The Real Slim Shady","Interscope","123","141","32","6125752","3yfqSUWxFvZELEM4PmlwIR","0.949","0.76","0.0572","0.661","0.0454","104.504","-4.244","0.0302","0","Eminem","7dGJo4pcD2V6oG8kP0tJRR","detroit hip hop,hip hop,rap"
"132","132","spotify:track:2USlegnFJLrVLpoVfPimKB","Gabry Ponte, LUM!X, Prezioso","Thunder","Spinnin' Records","110","110","6","6106341","2USlegnFJLrVLpoVfPimKB","0.67","0.403","0.058","0.896","0.344","101.216","-4.673","0.0342","3.21e-05","Gabry Ponte","5ENS85nZShljwNgg4wFD7D","edm,eurodance,europop,italo dance,pop dance,slap house,tropical house"
"133","133","spotify:track:2gMXnyrvIjhVBUZwvLZDMP","Lewis Capaldi","Before You Go","Vertigo Berlin","19","134","112","6103960","2gMXnyrvIjhVBUZwvLZDMP","0.459","0.183","0.0573","0.575","0.0885","111.881","-4.858","0.604","0","Lewis Capaldi","4GNC7GD6oZMSxPGyXy4MNB","pop,uk pop"
"134","134","spotify:track:6f3Slt0GbA2bPZlz0aIFXN","Tiësto","The Business","Atlantic Records","9","87","63","6076343","6f3Slt0GbA2bPZlz0aIFXN","0.798","0.235","0.232","0.62","0.112","120.031","-7.079","0.414","0.0192","Tiësto","2o5jDhtHVPhrJdv3cEQ99Z","big room,brostep,dutch edm,edm,house,pop dance,slap house,trance"
"135","135","spotify:track:6gPPoRYJwCsoB2VVdPJfmo","David Kushner","Miserable Man","David Kushner","135","-1","1","6048754","6gPPoRYJwCsoB2VVdPJfmo","0.632","0.307","0.0346","0.349","0.294","109.981","-10.289","0.926","7.5e-05","David Kushner","33NVpKoXjItPwUJTMZIOiY","gen z singer-songwriter,pop"
"136","136","spotify:track:4qsOrxBv09HhNSpsgMRXdC","Marília Mendonça, Maiara & Maraisa","Esqueça-Me Se For Capaz","Som Livre","67","85","10","6033256","4qsOrxBv09HhNSpsgMRXdC","0.799","0.623","0.0725","0.685","0.13","122.013","-5.366","0.276","0","Marília Mendonça","1yR65psqiazQpeM79CcGh8","arrocha,sertanejo"
"137","137","spotify:track:35mvY5S1H3J2QZyna3TFe0","Ariana Grande","positions","Republic Records","1","130","64","5974113","35mvY5S1H3J2QZyna3TFe0","0.737","0.682","0.0878","0.802","0.0931","144.015","-4.771","0.468","0","Ariana Grande","66CXWjxzNUsdJxJ2JdwvnR","dance pop,pop"
"138","138","spotify:track:4pt5fDVTg5GhEvEtlz9dKk","Måneskin","I WANNA BE YOUR SLAVE","RCA Records Label","8","102","34","5951207","4pt5fDVTg5GhEvEtlz9dKk","0.75","0.958","0.0387","0.608","0.178","132.507","-4.008","0.00165","0","Måneskin","0lAWpj5szCSwM4rUMHYmrr","indie rock italiano,italian pop"
"139","139","spotify:track:5JCoSi02qi3jJeHdZXMmR8","Olivia Rodrigo","favorite crime","Olivia Rodrigo PS","11","155","30","5921683","5JCoSi02qi3jJeHdZXMmR8","0.369","0.218","0.0364","0.272","0.147","172.929","-10.497","0.866","0","Olivia Rodrigo","1McMsnEElThX1knmY4oliG","pop"
"140","140","spotify:track:4XvcHTUfIlWfyJTRG0aqlo","Sleepy Hallow","2055","Winners Circle/RCA Records","31","126","26","5883775","4XvcHTUfIlWfyJTRG0aqlo","0.829","0.638","0.187","0.512","0.12","80.511","-5.865","0.492","0","Sleepy Hallow","6EPlBSH2RSiettczlz7ihV","brooklyn drill,nyc rap"
"141","141","spotify:track:0boodYr1uIpSVmGSP65Fmk","Gunna, Lil Baby","25k jacket (feat. Lil Baby)","300 Entertainment","141","-1","1","5873003","0boodYr1uIpSVmGSP65Fmk","0.903","0.737","0.283","0.537","0.129","115.013","-6.854","0.16","0","Gunna","2hlmm7s2ICUX0LVIhVFlZQ","atl hip hop,hip hop,melodic rap,rap,trap"
"142","142","spotify:track:6E90gq0KO6FYZVOXx8kCcC","Masked Wolf","Astronaut In The Ocean","Elektra (NEK)","3","125","52","5870106","6E90gq0KO6FYZVOXx8kCcC","0.778","0.472","0.0913","0.695","0.15","149.996","-6.865","0.175","0","Masked Wolf","1uU7g3DNSbsu0QjSEqZtEd","australian hip hop"
"143","143","spotify:track:7fBv7CLKzipRk6EC6TWHOB","The Weeknd","The Hills","Universal Republic Records","52","190","37","5868583","7fBv7CLKzipRk6EC6TWHOB","0.585","0.137","0.0515","0.564","0.135","113.003","-7.063","0.0671","0","The Weeknd","1Xyo4u8uXC1ZmMpatF05PJ","canadian contemporary r&b,canadian pop,pop"
"144","144","spotify:track:3JCaq3KDSROg3TXhdiDa9n","JhayCo, Anuel AA","Ley Seca","N&E Entertainment LLC","44","119","19","5857667","3JCaq3KDSROg3TXhdiDa9n","0.759","0.584","0.096","0.842","0.134","105.059","-3.758","0.101","0","JhayCo","6nVcHLIgY5pE2YCl8ubca1","reggaeton,trap latino,urbano latino"
"145","145","spotify:track:2N8m6CYs74qQO4mjVcXO30","Tones And I","Dance Monkey","Elektra (NEK)","1","97","130","5845179","2N8m6CYs74qQO4mjVcXO30","0.824","0.514","0.0937","0.587","0.149","98.029","-6.401","0.69","0.000105","Tones And I","2NjfBq1NflQcKSeiDooVjY","australian pop,dance pop,pop"
"146","146","spotify:track:2iCDO8ePNuCvMiMFc0FQdA","Gunna","alotta cake","300 Entertainment","146","-1","1","5835703","2iCDO8ePNuCvMiMFc0FQdA","0.895","0.555","0.298","0.543","0.12","120.078","-6.766","0.181","0","Gunna","2hlmm7s2ICUX0LVIhVFlZQ","atl hip hop,hip hop,melodic rap,rap,trap"
"147","147","spotify:track:48QmG1dfvMuYLxMPt7KSRA","Sean Paul, Dua Lipa","No Lie","Universal-Island Records Ltd.","80","138","24","5816323","48QmG1dfvMuYLxMPt7KSRA","0.742","0.463","0.117","0.882","0.206","102.04","-2.862","0.0466","0","Sean Paul","3Isy6kedDrgPYoTS1dazA9","dance pop,dancehall,pop rap"
"148","148","spotify:track:0ct6r3EGTcMLPtrXHDvVjc","Avicii","The Nights","Universal Music AB","44","133","44","5799312","0ct6r3EGTcMLPtrXHDvVjc","0.527","0.654","0.0433","0.835","0.249","125.983","-5.298","0.0166","0","Avicii","1vCWHaC5f2uS3yhpwWbIA6","dance pop,edm,pop,pop dance,pop rap"
"149","149","spotify:track:2tpWsVSb9UEmDRxAl1zhX1","OneRepublic","Counting Stars","Mosley / Interscope","138","143","44","5781248","2tpWsVSb9UEmDRxAl1zhX1","0.664","0.477","0.0382","0.705","0.118","122.016","-4.972","0.0654","0","OneRepublic","5Pwc4xIPtQLFEnJriah9YJ","piano rock,pop"
"150","150","spotify:track:0k1WUmIRnG3xU6fvvDVfRG","Drake, Future, Young Thug","Way 2 Sexy (with Future & Young Thug)","OVO","5","128","19","5775630","0k1WUmIRnG3xU6fvvDVfRG","0.803","0.331","0.141","0.597","0.323","136.008","-6.035","0.000619","4.5e-06","Drake","3TVXtAsR1Inumwj472S9r4","canadian hip hop,canadian pop,hip hop,rap,toronto rap"
"151","151","spotify:track:7qiZfU4dY1lWllzX7mPBI3","Ed Sheeran","Shape of You","Atlantic Records UK","1","113","259","5764562","7qiZfU4dY1lWllzX7mPBI3","0.825","0.931","0.0802","0.652","0.0931","95.977","-3.183","0.581","0","Ed Sheeran","6eUKZXaKkcviH0Ku9w2n3V","pop,uk pop"
"152","152","spotify:track:2LBqCSwhJGcFQeTHMVGwy3","The Weeknd","Die For You","Universal Republic Records","152","-1","7","5757845","2LBqCSwhJGcFQeTHMVGwy3","0.586","0.508","0.0615","0.525","0.134","133.629","-7.163","0.111","0","The Weeknd","1Xyo4u8uXC1ZmMpatF05PJ","canadian contemporary r&b,canadian pop,pop"
"153","153","spotify:track:6Dy1jexKYriXAVG6evyUTJ","Joel Corry, Jax Jones, Charli XCX, Saweetie","OUT OUT (feat. Charli XCX & Saweetie)","Atlantic Records UK","42","88","20","5756873","6Dy1jexKYriXAVG6evyUTJ","0.787","0.796","0.0478","0.833","0.0374","123.97","-4.403","0.018","0.00747","Joel Corry","6DgP9otnZw5z6daOntINxp","dance pop,edm,pop,pop dance,tropical house,uk dance"
"154","154","spotify:track:21jGcNKet2qwijlDFuPiPb","Post Malone","Circles","Republic Records","1","108","124","5748871","21jGcNKet2qwijlDFuPiPb","0.695","0.553","0.0395","0.762","0.0863","120.042","-3.497","0.192","0.00244","Post Malone","246dkjvS1zLTtiykXe5h60","dfw rap,melodic rap,rap"
"155","155","spotify:track:6D2TCm4nf5nxAcdGJ7w3QP","J Balvin, Maria Becerra","Qué Más Pues?","Sueños Globales, LLC","9","101","33","5746363","6D2TCm4nf5nxAcdGJ7w3QP","0.903","0.732","0.095","0.817","0.242","102.014","-3.972","0.0272","0.000311","J Balvin","1vyhD5VmyZ7KMfW5gqLgo5","reggaeton,reggaeton colombiano,urbano latino"
"156","156","spotify:track:4cG7HUWYHBV6R6tHn1gxrl","Riton, Nightcrawlers, Mufasa & Hypeman, Dopamine","Friday (feat. Mufasa & Hypeman) - Dopamine Re-Edit","Ministry of Sound Recordings","15","68","47","5741857","4cG7HUWYHBV6R6tHn1gxrl","0.824","0.801","0.126","0.862","0.303","122.98","-3.424","0.0076","0.000132","Riton","7i9j813KFoSBMldGqlh2Z1","dance pop,edm,house,pop dance,tropical house,uk dance"
"157","157","spotify:track:1FlL8ycld6uVDDyhV7P5FA","Rauw Alejandro","Cúrame","Sony Music Latin/Duars Entertainment","35","109","25","5724502","1FlL8ycld6uVDDyhV7P5FA","0.765","0.262","0.0548","0.625","0.112","102.101","-3.599","0.584","0.00111","Rauw Alejandro","1mcTU81TzQhprhouKaTkpq","puerto rican pop,trap latino,urbano latino"
"158","158","spotify:track:1qE8DOtw7zdXHMgZm20eLM","TWICE","The Feels","Republic Records - TWICE","57","137","15","5722518","1qE8DOtw7zdXHMgZm20eLM","0.808","0.922","0.0729","0.903","0.0816","120.044","-2.179","0.0899","0","TWICE","7n2Ycct7Beij7Dj7meI4X0","k-pop,k-pop girl group"
"159","159","spotify:track:161DnLWsx1i3u1JT05lzqU","Bruno Mars","Talking to the Moon","Elektra (NEK)","45","162","40","5690273","161DnLWsx1i3u1JT05lzqU","0.498","0.0784","0.032","0.59","0.107","145.867","-4.721","0.511","0","Bruno Mars","0du5cEVh5yTK9QJze8zA0C","dance pop,pop"
"160","160","spotify:track:2ZGEjmwyeZ3rpEezkZwqOP","Gunna, Young Thug","mop (feat. Young Thug)","300 Entertainment","160","-1","1","5679681","2ZGEjmwyeZ3rpEezkZwqOP","0.878","0.399","0.284","0.575","0.273","144.918","-8.732","0.00293","0","Gunna","2hlmm7s2ICUX0LVIhVFlZQ","atl hip hop,hip hop,melodic rap,rap,trap"
"161","161","spotify:track:3FAJ6O0NOHQV8Mc5Ri6ENp","Giveon","Heartbreak Anniversary","Epic/Not So Fast","8","160","46","5679397","3FAJ6O0NOHQV8Mc5Ri6ENp","0.449","0.543","0.0791","0.465","0.303","89.087","-8.964","0.524","1.02e-06","Giveon","4fxd5Ee7UefO4CUXgwJ7IP","pop,r&b"
"162","162","spotify:track:3dYD57lRAUcMHufyqn9GcI","Hozier","Take Me To Church","Universal-Island Records Ltd.","108","152","65","5675208","3dYD57lRAUcMHufyqn9GcI","0.566","0.437","0.0464","0.664","0.116","128.945","-5.303","0.634","0","Hozier","2FXC3k01G6Gw61bmprjgqS","irish singer-songwriter,pop"
"163","163","spotify:track:285pBltuF7vW8TeWk8hdRR","Juice WRLD","Lucid Dreams","Juice WRLD Mixtape / ISR P&D","3","147","184","5673891","285pBltuF7vW8TeWk8hdRR","0.511","0.218","0.2","0.566","0.34","83.903","-7.23","0.349","0","Juice WRLD","4MCBfE4596Uoi2O4DtmEMz","chicago rap,melodic rap"
"164","164","spotify:track:05bfbizlM5AX6Mf1RRyMho","Nio Garcia, J Balvin, Bad Bunny","AM Remix","Flow La Movie","14","127","29","5671323","05bfbizlM5AX6Mf1RRyMho","0.743","0.785","0.159","0.655","0.0764","172.031","-5.015","0.114","0","Nio Garcia","5hdhHgpxyniooUiQVaPxQ0","latin hip hop,reggaeton,reggaeton flow,trap latino,urbano latino"
"165","165","spotify:track:48q0vSHcJdhK3IiXH8C5WJ","Arctic Monkeys","Why'd You Only Call Me When You're High?","Domino Recording Co","104","154","23","5661457","48q0vSHcJdhK3IiXH8C5WJ","0.691","0.8","0.0368","0.631","0.104","92.004","-6.478","0.0483","1.13e-05","Arctic Monkeys","7Ln80lUS6He07XvHI8qqHH","garage rock,modern rock,permanent wave,rock,sheffield indie"
"166","166","spotify:track:0gucTLf7trAf37Ua1uAyAu","Nirvana","Smells Like Teen Spirit","Geffen","109","144","53","5660164","0gucTLf7trAf37Ua1uAyAu","0.489","0.691","0.0554","0.918","0.0908","116.731","-4.502","3.53e-05","7.64e-05","Nirvana","6olE6TJLqED3rqDCT0FyPh","grunge,permanent wave,rock"
"167","167","spotify:track:6M3PsepEj5gyJoIi7Xvr7u","The Weeknd","Take My Breath - Single Version","XO / Republic Records","7","146","21","5656219","6M3PsepEj5gyJoIi7Xvr7u","0.747","0.523","0.0487","0.739","0.101","120.996","-6.008","0.0106","2.22e-05","The Weeknd","1Xyo4u8uXC1ZmMpatF05PJ","canadian contemporary r&b,canadian pop,pop"
"168","168","spotify:track:2VxeLyX666F8uXCJ0dZF8B","Lady Gaga, Bradley Cooper","Shallow","A Star is Born OST","3","150","170","5624453","2VxeLyX666F8uXCJ0dZF8B","0.572","0.323","0.0308","0.385","0.231","95.799","-6.362","0.371","0","Lady Gaga","1HY2Jd0NmPuamShAr6KMms","art pop,dance pop,pop"
"169","169","spotify:track:45bE4HXI0AwGZXfZtMp8JR","Tate McRae","you broke me first","RCA Records Label","13","171","77","5616046","45bE4HXI0AwGZXfZtMp8JR","0.667","0.0823","0.05","0.373","0.0906","124.148","-9.389","0.785","0","Tate McRae","45dkTj5sMRSjrmBSBeiHym","pop"
"170","170","spotify:track:0lJE8f0lx8mUSfMyxeYpiC","TINI, L-Gante","Bar","Sony Music Latin","99","136","9","5615787","0lJE8f0lx8mUSfMyxeYpiC","0.523","0.677","0.0833","0.691","0.327","94.148","-3.802","0.133","0","TINI","7vXDAI8JwjW531ouMGbfcp","latin pop,pop argentino"
"171","171","spotify:track:58ge6dfP91o9oXMzq3XkIS","Arctic Monkeys","505","Domino Recording Co","171","178","2","5606655","58ge6dfP91o9oXMzq3XkIS","0.52","0.234","0.0543","0.852","0.0733","140.267","-5.866","0.00237","5.79e-05","Arctic Monkeys","7Ln80lUS6He07XvHI8qqHH","garage rock,modern rock,permanent wave,rock,sheffield indie"
"172","172","spotify:track:04sN26COy28wTXYj3dMoiZ","Billie Eilish","Bored","Darkroom","51","164","15","5601632","04sN26COy28wTXYj3dMoiZ","0.614","0.112","0.0478","0.318","0.0795","119.959","-12.695","0.896","0.00239","Billie Eilish","6qqNVTkY8uBg9cP3Jd7DAH","art pop,electropop,pop"
"173","173","spotify:track:0So2sgVa8aJiARPl2P29u2","SALES","Pope Is a Rockstar","SALES","108","121","5","5600646","0So2sgVa8aJiARPl2P29u2","0.725","0.311","0.0287","0.446","0.107","90.024","-8.958","0.85","0.243","SALES","6vVztIuqdDHvYWxOEXCzjN","orlando indie"
"174","174","spotify:track:003vvx7Niy0yvhvHt4a68B","The Killers","Mr. Brightside","Island Records","98","98","77","5600080","003vvx7Niy0yvhvHt4a68B","0.352","0.236","0.0747","0.911","0.0995","148.033","-5.23","0.00121","0","The Killers","0C0XlULifJtAgn6ZNCW2eu","alternative rock,dance rock,modern rock,permanent wave,rock"
"175","175","spotify:track:5VTjBl3ddZEiG2LrH4VzyR","Zé Felipe, Mc Danny","Toma Toma Vapo Vapo","Som Livre","75","75","7","5598108","5VTjBl3ddZEiG2LrH4VzyR","0.763","0.813","0.0479","0.859","0.117","164.055","-3.3","0.322","3e-04","Zé Felipe","7cmuxPnXRJxwuYDHfbD8Eu","arrocha,arrochadeira"
"176","176","spotify:track:3U4isOIWM3VvDubwSI3y7a","John Legend","All of Me","G.O.O.D. Music/Columbia","110","176","144","5563960","3U4isOIWM3VvDubwSI3y7a","0.422","0.331","0.0322","0.264","0.132","119.93","-7.064","0.922","0","John Legend","5y2Xq6xcjJb2jVM54GHK3t","neo mellow,neo soul,pop,pop soul,r&b,urban contemporary"
"177","177","spotify:track:32BeYxKPrig1LefHsC0Xuo","Billie Eilish","Happier Than Ever - Edit","Darkroom/Interscope Records","70","180","16","5552712","32BeYxKPrig1LefHsC0Xuo","0.334","0.127","0.0365","0.599","0.205","161.74","-5.742","0.0468","0.000392","Billie Eilish","6qqNVTkY8uBg9cP3Jd7DAH","art pop,electropop,pop"
"178","178","spotify:track:68HocO7fx9z0MgDU0ZPHro","NIKI","Every Summertime","MARVEL/Hollywood Records, Inc./Interscope Records","178","-1","1","5539950","68HocO7fx9z0MgDU0ZPHro","0.628","0.723","0.0424","0.676","0.0978","78.996","-4.227","0.393","6.94e-05","NIKI","2kxP07DLgs4xlWz8YHlvfh","indonesian r&b,pop"
"179","179","spotify:track:40iJIUlhi6renaREYGeIDS","Drake, Travis Scott","Fair Trade (with Travis Scott)","OVO","3","151","18","5527494","40iJIUlhi6renaREYGeIDS","0.666","0.292","0.26","0.465","0.215","167.937","-8.545","0.0503","0","Drake","3TVXtAsR1Inumwj472S9r4","canadian hip hop,canadian pop,hip hop,rap,toronto rap"
"180","180","spotify:track:6nkoWsFZeFt5dUdNmlIceh","Gusttavo Lima","Bloqueado - Ao Vivo","Sony Music Entertainment","131","131","3","5500938","6nkoWsFZeFt5dUdNmlIceh","0.828","0.651","0.0558","0.721","0.547","129.092","-4.274","0.153","0","Gusttavo Lima","7MiDcPa6UiV3In7lIM71IN","arrocha,sertanejo,sertanejo universitario"
"181","181","spotify:track:5UlnuulVAVmmesw4VzqHdG","Imagine Dragons, Arcane, League of Legends","Enemy - From the series Arcane League of Legends","KIDinaKORNER/Interscope Records","181","188","2","5489922","5UlnuulVAVmmesw4VzqHdG","0.722","0.52","0.256","0.745","0.419","77.029","-4.164","0.247","0","Imagine Dragons","53XhwfbYqKCa1cC15pYq2q","modern rock,rock"
"182","182","spotify:track:5uCax9HTNlzGybIStD3vDh","James Arthur","Say You Won't Let Go","Columbia","7","192","258","5487171","5uCax9HTNlzGybIStD3vDh","0.358","0.494","0.059","0.557","0.0902","85.043","-7.398","0.695","0","James Arthur","4IWBUUAFIplrNtaOHcJPRM","pop,talent show,uk pop"
"183","183","spotify:track:1J14CdDAvBTE1AJYUOwl6C","Duncan Laurence","Arcade","Universal Music, a division of Universal International Music BV","23","167","51","5486252","1J14CdDAvBTE1AJYUOwl6C","0.453","0.279","0.0425","0.35","0.144","72.017","-11.639","0.827","0.00122","Duncan Laurence","3klZnJvYGIbWritVwQD434","dutch pop"
"184","184","spotify:track:0yL7K9MzC20uBesZTPY81r","DJ Matt D, Menor MC, MC GP, Vulgo FK","Pandora","GREE CASSUA","161","161","2","5479072","0yL7K9MzC20uBesZTPY81r","0.688","0.559","0.588","0.458","0.407","124.553","-9.138","0.14","0","DJ Matt D","1rIc4yTieeRq25NA3T8RQ5","funk carioca,funk consciente,funk mtg,funk ostentacao"
"185","185","spotify:track:18vXApRmJSgQ6wG2ll9AOg","Polo G","RAPSTAR","Columbia","3","140","39","5466233","18vXApRmJSgQ6wG2ll9AOg","0.789","0.437","0.242","0.536","0.129","81.039","-6.862","0.41","0","Polo G","6AgTAQt8XS6jRWi4sX7w49","chicago rap,rap"
"186","186","spotify:track:1u8c2t2Cy7UBoG4ArRcF5g","Taylor Swift","Blank Space","Big Machine Records, LLC","140","174","10","5438050","1u8c2t2Cy7UBoG4ArRcF5g","0.76","0.57","0.054","0.703","0.0913","95.997","-5.412","0.103","0","Taylor Swift","06HL4z0CvFAxyc27GXpf02","pop"
"187","187","spotify:track:60ynsPSSKe6O3sfwRnIBRf","Doja Cat","Streets","Kemosabe Records/RCA Records","9","163","37","5431665","60ynsPSSKe6O3sfwRnIBRf","0.749","0.189","0.0842","0.463","0.338","90.035","-8.433","0.21","0.0382","Doja Cat","5cj0lLjcoR7YOSnhnX0Po5","dance pop,pop"
"188","188","spotify:track:5W1qmxHrMlQGGAiFA3ZQqP","Dímelo Flow, Dalex, Sech, Justin Quiles, Arcángel, De La Ghetto, Lenny Tavárez","Se Le Ve","Rich Music","188","195","2","5429947","5W1qmxHrMlQGGAiFA3ZQqP","0.562","0.609","0.112","0.755","0.143","83.997","-4.367","0.0967","2.25e-05","Dímelo Flow","3fZk3Gm5dN5v5yfYMQ04Bx","reggaeton,reggaeton flow,urbano latino"
"189","189","spotify:track:3QFInJAm9eyaho5vBzxInN","Baby Keem, Kendrick Lamar","family ties (with Kendrick Lamar)","Columbia","30","157","19","5426660","3QFInJAm9eyaho5vBzxInN","0.711","0.144","0.33","0.611","0.23","134.093","-5.453","0.00588","0","Baby Keem","5SXuuuRpukkTvsLuUknva1","hip hop,rap"
"190","190","spotify:track:5902W4uHWzhtOff1UK7the","Alesso, Katy Perry","When I’m Gone (with Katy Perry)","10:22PM/Astralwerks","135","135","2","5415421","5902W4uHWzhtOff1UK7the","0.685","0.615","0.034","0.886","0.481","125.034","-4.179","0.028","0","Alesso","4AVFqumd2ogHFlRbKIjp1t","dance pop,edm,electro house,pop,pop dance,progressive electro house,tropical house"
"191","191","spotify:track:4u7EnebtmKWzUH433cf5Qv","Queen","Bohemian Rhapsody - Remastered 2011","EMI","11","132","173","5414622","4u7EnebtmKWzUH433cf5Qv","0.414","0.224","0.0499","0.404","0.3","71.105","-9.928","0.271","0","Queen","1dfeR4HaWDbWqFHLkxsg1d","classic rock,glam rock,rock"
"192","192","spotify:track:4cktbXiXOapiLBMprHFErI","Maroon 5","Memories","Interscope Records*","2","166","115","5399066","4cktbXiXOapiLBMprHFErI","0.775","0.595","0.0557","0.327","0.0821","91.05","-7.241","0.841","0","Maroon 5","04gDigrS5kc9YWfZHwBETP","pop"
"193","193","spotify:track:0cOa970mzTWAxKtltpkpLc","TINI, Maria Becerra","Miénteme","Sony Music Latin","41","142","34","5385105","0cOa970mzTWAxKtltpkpLc","0.85","0.916","0.0674","0.541","0.286","92.003","-4.522","0.161","5.01e-06","TINI","7vXDAI8JwjW531ouMGbfcp","latin pop,pop argentino"
"194","194","spotify:track:04S1pkp1VaIqjg8zZqknR5","Taylor Swift","Enchanted","Big Machine Records, LLC","61","177","9","5377619","04S1pkp1VaIqjg8zZqknR5","0.535","0.228","0.0273","0.618","0.169","81.975","-3.913","0.0716","0.000388","Taylor Swift","06HL4z0CvFAxyc27GXpf02","pop"
"195","195","spotify:track:4qu63nuBpdn0qHUHuObEj1","Marshmello, Jonas Brothers","Leave Before You Love Me (with Jonas Brothers)","Republic Records","52","183","29","5327133","4qu63nuBpdn0qHUHuObEj1","0.721","0.637","0.0403","0.738","0.118","119.976","-4.77","0.00226","4.41e-06","Marshmello","64KEffDW9EtZ1y2vBYgq8T","brostep,dance pop,edm,pop,pop dance,progressive electro house"
"196","196","spotify:track:3XYRV7ZSHqIRDG87DKTtry","BTS","Permission to Dance","BIGHIT MUSIC","5","186","25","5311836","3XYRV7ZSHqIRDG87DKTtry","0.702","0.646","0.0427","0.741","0.337","124.925","-5.33","0.00544","0","BTS","3Nrfpe0tUJi4K4DXYWgMUX","k-pop,k-pop boy group"
"197","197","spotify:track:7MXVkk9YMctZqd1Srtv4MB","The Weeknd, Daft Punk","Starboy","Universal Republic Records","1","-1","83","5310334","7MXVkk9YMctZqd1Srtv4MB","0.679","0.486","0.276","0.587","0.137","186.003","-7.015","0.141","6.35e-06","The Weeknd","1Xyo4u8uXC1ZmMpatF05PJ","canadian contemporary r&b,canadian pop,pop"
"198","198","spotify:track:6v3KW9xbzN5yKLt9YKDYA2","Shawn Mendes, Camila Cabello","Señorita","Island Records","1","168","128","5299432","6v3KW9xbzN5yKLt9YKDYA2","0.759","0.749","0.029","0.548","0.0828","116.967","-6.049","0.0392","0","Shawn Mendes","7n2wHs1TKAczGzO7Dd2rGr","canadian pop,dance pop,pop,viral pop"
"199","199","spotify:track:4xkOaSrkexMciUUogZKVTS","Eminem, Nate Dogg","Till I Collapse","Aftermath","144","-1","29","5281784","4xkOaSrkexMciUUogZKVTS","0.548","0.1","0.186","0.847","0.0816","171.447","-3.237","0.0622","0","Eminem","7dGJo4pcD2V6oG8kP0tJRR","detroit hip hop,hip hop,rap"
"200","200","spotify:track:7yq4Qj7cqayVTp3FF9CWbm","Vance Joy","Riptide","F-Stop Records/Atlantic","122","193","54","5265901","7yq4Qj7cqayVTp3FF9CWbm","0.484","0.51","0.0379","0.731","0.151","101.654","-6.694","0.431","0","Vance Joy","10exVja0key0uqUkk6LJRT","folk-pop,pop"
