"","rank","uri","artist_names","track_name","source","peak_rank","previous_rank","weeks_on_chart","streams","id","danceability","valence","speechiness","energy","liveness","tempo","loudness","acousticness","instrumentalness","main_artist","artist.id","genres"
"1","1","spotify:track:0bYg9bo50gSsH3LtXe2SQn","Mariah Carey","All I Want for Christmas Is You","Columbia","1","1","47","41921397","0bYg9bo50gSsH3LtXe2SQn","0.336","0.35","0.0384","0.627","0.0708","150.273","-7.463","0.164","0","Mariah Carey","4iHNK0tOyZPYnBU7nGAgpQ","dance pop,urban contemporary"
"2","2","spotify:track:2FRnf9qhLbvw8fu4IBXx78","Wham!","Last Christmas","Epic","2","4","40","36598697","2FRnf9qhLbvw8fu4IBXx78","0.735","0.947","0.0293","0.478","0.355","107.682","-12.472","0.189","2.48e-06","Wham!","5lpH0xAS4fVfLkACg9DAuM","europop,new romantic,new wave pop,synthpop"
"3","3","spotify:track:1Qrg8KqiBpW07V7PNxwwwL","SZA","Kill Bill","Top Dawg Entertainment/RCA Records","3","-1","1","35511837","1Qrg8KqiBpW07V7PNxwwwL","0.644","0.418","0.0391","0.735","0.161","88.98","-5.747","0.0521","0.144","SZA","7tYKF4w9nC0nq9CsPZTHyP","pop,r&b"
"4","4","spotify:track:2EjXfH91m7f8HiJN1yQg97","Brenda Lee","Rockin' Around The Christmas Tree","MCA Nashville","4","7","35","34725307","2EjXfH91m7f8HiJN1yQg97","0.589","0.898","0.0502","0.472","0.505","67.196","-8.749","0.614","0","Brenda Lee","4cPHsZM98sKzmV26wlwD2W","adult standards,lounge"
"5","5","spotify:track:3nqQXoyQOWXiESFLlDF1hG","Sam Smith, Kim Petras","Unholy (feat. Kim Petras)","Capitol Records UK / EMI","1","2","12","34294170","3nqQXoyQOWXiESFLlDF1hG","0.714","0.238","0.0864","0.472","0.266","131.121","-7.375","0.013","4.51e-06","Sam Smith","2wY79sveU1sp5g7SokKOiI","pop,uk pop"
"6","6","spotify:track:2dHHgzDwk4BJdRwy9uXhTO","Metro Boomin, The Weeknd, 21 Savage","Creepin' (with The Weeknd & 21 Savage)","Republic Records","3","3","2","32050031","2dHHgzDwk4BJdRwy9uXhTO","0.715","0.172","0.0484","0.62","0.0822","97.95","-6.005","0.417","0","Metro Boomin","0iEtIxbK0KxaSlF7G42ZOp","rap"
"7","7","spotify:track:7vQbuQcyTflfCIOu3Uzzya","Bobby Helms","Jingle Bell Rock","Geffen","6","12","34","29842872","7vQbuQcyTflfCIOu3Uzzya","0.754","0.806","0.0363","0.424","0.0652","119.705","-8.463","0.643","0","Bobby Helms","38EmEgXkgK51MT2tPY0EoC","adult standards"
"8","8","spotify:track:4Dvkj6JhhA12EX05fT7y2e","Harry Styles","As It Was","Columbia","1","5","37","28470436","4Dvkj6JhhA12EX05fT7y2e","0.52","0.662","0.0557","0.731","0.311","173.93","-5.338","0.342","0.00101","Harry Styles","6KImCVD70vtIoJWnq6nGn3","pop"
"9","9","spotify:track:1rv46mRwDqMEhOBZ7vODg3","Michael Bublé","It's Beginning to Look a Lot like Christmas","Reprise","6","14","34","27389287","1rv46mRwDqMEhOBZ7vODg3","0.331","0.355","0.0338","0.223","0.343","92.896","-11.274","0.88","5.92e-06","Michael Bublé","1GxkXlMwML1oSg5eLPiAz3","adult standards,canadian pop,jazz pop,lounge"
"10","10","spotify:track:5ww2BF9slyYgNOk37BlC4u","Manuel Turizo","La Bachata","Sony Music Latin/La Industria","4","8","24","26976360","5ww2BF9slyYgNOk37BlC4u","0.835","0.85","0.0364","0.679","0.218","124.98","-5.329","0.583","1.98e-06","Manuel Turizo","0tmwSHipWxN12fsoLcFU3B","colombian pop,reggaeton,reggaeton colombiano,urbano latino"
"11","11","spotify:track:0V3wPSX9ygBnCm8psDIegu","Taylor Swift","Anti-Hero","Taylor Swift","1","6","8","26782674","0V3wPSX9ygBnCm8psDIegu","0.637","0.533","0.0519","0.643","0.142","97.008","-6.571","0.13","1.8e-06","Taylor Swift","06HL4z0CvFAxyc27GXpf02","pop"
"12","12","spotify:track:5Y35SjAfXjjG0sFQ3KOxmm","SZA","Nobody Gets Me","Top Dawg Entertainment/RCA Records","12","-1","1","26444929","5Y35SjAfXjjG0sFQ3KOxmm","0.358","0.276","0.0285","0.284","0.183","99.796","-8.285","0.805","0","SZA","7tYKF4w9nC0nq9CsPZTHyP","pop,r&b"
"13","13","spotify:track:0lizgQ7Qw35od7CYaoMBZb","Ariana Grande","Santa Tell Me","Universal Records","3","17","35","24641305","0lizgQ7Qw35od7CYaoMBZb","0.525","0.591","0.116","0.621","0.294","191.9","-7.364","0.0489","0","Ariana Grande","66CXWjxzNUsdJxJ2JdwvnR","dance pop,pop"
"14","14","spotify:track:2mnXxnrX5vCGolNkaFvVeM","Arcángel, Bad Bunny","La Jumpa","Rimas Entertainment LLC.","9","9","2","24540889","2mnXxnrX5vCGolNkaFvVeM","0.887","0.197","0.178","0.234","0.13","140.02","-14.52","0.111","0.67","Arcángel","4SsVbpTthjScTS7U2hmr1X","latin hip hop,reggaeton,urbano latino"
"15","15","spotify:track:4uUG5RXrOk84mYEfFvj3cK","David Guetta, Bebe Rexha","I'm Good (Blue)","Parlophone UK","2","10","16","24429252","4uUG5RXrOk84mYEfFvj3cK","0.561","0.304","0.0343","0.965","0.371","128.04","-3.673","0.00383","7.07e-06","David Guetta","1Cs0zKBU1kc0i8ypK3B9ai","big room,dance pop,edm,pop,pop dance"
"16","16","spotify:track:2tTmW7RDtMQtBk7m2rYeSw","Bizarrap, Quevedo","Quevedo: Bzrp Music Sessions, Vol. 52","DALE PLAY Records","1","11","23","23651868","2tTmW7RDtMQtBk7m2rYeSw","0.621","0.55","0.044","0.782","0.23","128.033","-5.548","0.0125","0.033","Bizarrap","716NhGYqD1jl2wI1Qkgq36","argentine hip hop,pop venezolano,trap argentino,trap latino,urbano latino"
"17","17","spotify:track:1IcR6RlgvDczfvoWJSSY2A","Andy Williams","It's the Most Wonderful Time of the Year","Columbia/Legacy","8","23","33","23338217","1IcR6RlgvDczfvoWJSSY2A","0.234","0.649","0.0411","0.526","0.122","201.739","-11.656","0.871","2.34e-06","Andy Williams","4sj6D0zlMOl25nprDJBiU9","adult standards,easy listening,lounge"
"18","18","spotify:track:1bDbXMyjaUIooNwFE9wn0N","Drake, 21 Savage","Rich Flex","OVO / Republic Records","2","13","6","21667114","1bDbXMyjaUIooNwFE9wn0N","0.561","0.424","0.244","0.52","0.355","153.15","-9.342","0.0503","1.86e-06","Drake","3TVXtAsR1Inumwj472S9r4","canadian hip hop,canadian pop,hip hop,rap,toronto rap"
"19","19","spotify:track:2uFaJJtFpPDc5Pa95XzTvg","Dean Martin","Let It Snow! Let It Snow! Let It Snow!","Capitol Records","11","27","23","21461000","2uFaJJtFpPDc5Pa95XzTvg","0.451","0.701","0.0351","0.24","0.175","134.009","-14.014","0.912","2.45e-06","Dean Martin","49e4v89VmlDcFCMyDv9wQ9","adult standards,easy listening,lounge"
"20","20","spotify:track:6Sq7ltF9Qa7SNFBsV5Cogx","Bad Bunny, Chencho Corleone","Me Porto Bonito","Rimas Entertainment LLC","2","16","32","20801348","6Sq7ltF9Qa7SNFBsV5Cogx","0.911","0.425","0.0817","0.712","0.0933","92.005","-5.105","0.0901","2.68e-05","Bad Bunny","4q3ewBCX7sLwd24euuV69X","reggaeton,trap latino,urbano latino"
"21","21","spotify:track:2wSTnntOPRi7aQneobFtU4","SZA","Shirt","Top Dawg Entertainment/RCA Records","21","110","7","20410336","2wSTnntOPRi7aQneobFtU4","0.848","0.572","0.102","0.512","0.0879","120.009","-7.72","0.228","0.00232","SZA","7tYKF4w9nC0nq9CsPZTHyP","pop,r&b"
"22","22","spotify:track:0QHEIqNKsMoOY5urbzN48u","Meghan Trainor","Made You Look","Epic","8","19","8","20339744","0QHEIqNKsMoOY5urbzN48u","0.838","0.884","0.0665","0.525","0.0771","144.981","-3.562","0.345","1.92e-06","Meghan Trainor","6JL8zeS1NmiOftqZTRgdTz","dance pop,hip pop,pop"
"23","23","spotify:track:3qCeq0rWK67SoBDgFd2sId","José Feliciano","Feliz Navidad","RCA Records Label","14","39","27","20281372","3qCeq0rWK67SoBDgFd2sId","0.514","0.967","0.0451","0.818","0.299","148.733","-9.642","0.406","1.93e-06","José Feliciano","7K78lVZ8XzkjfRSI7570FF","latin pop,puerto rican pop"
"24","24","spotify:track:2CSRrnOEELmhpq8iaAi9cd","SZA","Blind","Top Dawg Entertainment/RCA Records","24","-1","1","19906708","2CSRrnOEELmhpq8iaAi9cd","0.461","0.599","0.0373","0.279","0.205","114.225","-11.776","0.911","0","SZA","7tYKF4w9nC0nq9CsPZTHyP","pop,r&b"
"25","25","spotify:track:1IHWl5LamUGEuP4ozKQSXZ","Bad Bunny","Tití Me Preguntó","Rimas Entertainment LLC","4","18","32","19593080","1IHWl5LamUGEuP4ozKQSXZ","0.65","0.187","0.253","0.715","0.126","106.672","-5.198","0.0993","0.000291","Bad Bunny","4q3ewBCX7sLwd24euuV69X","reggaeton,trap latino,urbano latino"
"26","26","spotify:track:7jtQIBanIiJOMS6RyCx6jZ","Tom Odell","Another Love","ITNO/Columbia","15","21","88","19477516","7jtQIBanIiJOMS6RyCx6jZ","0.442","0.139","0.0451","0.538","0.09","122.758","-8.55","0.717","2.95e-05","Tom Odell","2txHhyCwHjUEpJjWrEyqyX","chill pop,pop"
"27","27","spotify:track:1zsPaEkglFvxjAhrM8yhpr","Ozuna, Feid","Hey Mor","Aura Music Corp.","14","22","9","19218547","1zsPaEkglFvxjAhrM8yhpr","0.901","0.399","0.289","0.589","0.0992","98.002","-6.713","0.00302","0.000237","Ozuna","1i8SpTcr7yvPOmcqrbnVXY","puerto rican pop,reggaeton,trap latino,urbano latino"
"28","28","spotify:track:5IgjP7X4th6nMNDh4akUHb","Chris Brown","Under The Influence","Chris Brown Entertainment/RCA Records","6","20","21","18992709","5IgjP7X4th6nMNDh4akUHb","0.733","0.31","0.0427","0.69","0.105","116.992","-5.529","0.0635","1.18e-06","Chris Brown","7bXgB6jMjp9ATFy66eO08Z","dance pop,r&b"
"29","29","spotify:track:2GAhgAjOhEmItWLfgisyOn","SZA","Low","Top Dawg Entertainment/RCA Records","29","-1","1","18756469","2GAhgAjOhEmItWLfgisyOn","0.698","0.335","0.0559","0.546","0.16","145.044","-7.234","0.425","0.00314","SZA","7tYKF4w9nC0nq9CsPZTHyP","pop,r&b"
"30","30","spotify:track:3nAp4IvdMPPWEH9uuXFFV5","Kelly Clarkson","Underneath the Tree","RCA Records Label","9","38","25","18666703","3nAp4IvdMPPWEH9uuXFFV5","0.509","0.689","0.0537","0.812","0.214","159.876","-5.438","0.0013","1.99e-05","Kelly Clarkson","3BmGtnKgCSGYIUhmivXKWX","dance pop,pop,post-teen pop,talent show"
"31","31","spotify:track:7uoFMmxln0GPXQ0AcCBXRq","Sia","Snowman","Monkey Puzzle/Atlantic","12","44","24","18652177","7uoFMmxln0GPXQ0AcCBXRq","0.716","0.326","0.0331","0.512","0.0928","104.957","-6.257","0.483","0","Sia","5WUlDfRSoLAfcVSX1WnrxN","australian dance,australian pop,dance pop,pop"
"32","32","spotify:track:6tjituizSxwSmBB5vtgHZE","Michael Bublé","Holly Jolly Christmas","Reprise","21","45","29","18437855","6tjituizSxwSmBB5vtgHZE","0.647","0.699","0.0428","0.465","0.0882","151.251","-8.308","0.865","0","Michael Bublé","1GxkXlMwML1oSg5eLPiAz3","adult standards,canadian pop,jazz pop,lounge"
"33","33","spotify:track:11BKm0j4eYoCPPpCONAVwA","Lady Gaga","Bloody Mary","Interscope","31","31","3","18338550","11BKm0j4eYoCPPpCONAVwA","0.591","0.432","0.03","0.637","0.113","99.998","-6.365","0.0107","1.95e-06","Lady Gaga","1HY2Jd0NmPuamShAr6KMms","art pop,dance pop,pop"
"34","34","spotify:track:0vjeOZ3Ft5jvAi9SBFJm1j","Metro Boomin, Future, Chris Brown","Superhero (Heroes & Villains) [with Future & Chris Brown]","Republic Records","15","15","2","18011717","0vjeOZ3Ft5jvAi9SBFJm1j","0.526","0.492","0.259","0.606","0.194","116.622","-5.3","0.152","2.36e-06","Metro Boomin","0iEtIxbK0KxaSlF7G42ZOp","rap"
"35","35","spotify:track:2LBqCSwhJGcFQeTHMVGwy3","The Weeknd","Die For You","Universal Republic Records","25","25","44","17908567","2LBqCSwhJGcFQeTHMVGwy3","0.586","0.508","0.0615","0.525","0.134","133.629","-7.163","0.111","0","The Weeknd","1Xyo4u8uXC1ZmMpatF05PJ","canadian contemporary r&b,canadian pop,pop"
"36","36","spotify:track:4h9wh7iOZ0GGn8QVp4RAOB","OneRepublic","I Ain't Worried","Interscope Records","7","26","28","17669598","4h9wh7iOZ0GGn8QVp4RAOB","0.704","0.825","0.0475","0.797","0.0546","139.994","-5.927","0.0826","0.000745","OneRepublic","5Pwc4xIPtQLFEnJriah9YJ","piano rock,pop"
"37","37","spotify:track:0WtM2NBVQNNJLh6scP13H8","Rema, Selena Gomez","Calm Down (with Selena Gomez)","Mavin Records / Jonzing World","23","41","16","17336906","0WtM2NBVQNNJLh6scP13H8","0.801","0.802","0.0381","0.806","0.114","106.999","-5.206","0.382","0.000669","Rema","46pWGuE3dSwY3bMMXGBvVS","nigerian pop"
"38","38","spotify:track:73vIOb4Q7YN6HeJTbscRx5","Oliver Tree, Robin Schulz","Miss You","Atlantic Records","11","28","10","17109458","73vIOb4Q7YN6HeJTbscRx5","0.587","0.199","0.0529","0.742","0.146","145.007","-6.64","0.0128","0.00107","Oliver Tree","6TLwD7HPWuiOzvXEa3oCNe","alternative hip hop"
"39","39","spotify:track:6eT2V7nKXyMf47TwPbtgAD","SZA","Seek & Destroy","Top Dawg Entertainment/RCA Records","39","-1","1","17025862","6eT2V7nKXyMf47TwPbtgAD","0.651","0.345","0.0654","0.647","0.205","152.069","-5.415","0.437","0.175","SZA","7tYKF4w9nC0nq9CsPZTHyP","pop,r&b"
"40","40","spotify:track:5odlY52u43F5BjByhxg7wg","JVKE","golden hour","JVKE","30","46","16","16874836","5odlY52u43F5BjByhxg7wg","0.515","0.153","0.0322","0.593","0.25","94.467","-4.801","0.653","0.162","JVKE","164Uj4eKjl6zTBKfJLFKKK","modern indie pop"
"41","41","spotify:track:561jH07mF1jHuk7KlaeF0s","Eminem","Mockingbird","Aftermath","24","37","9","16828470","561jH07mF1jHuk7KlaeF0s","0.637","0.254","0.266","0.678","0.156","84.039","-3.798","0.209","0","Eminem","7dGJo4pcD2V6oG8kP0tJRR","detroit hip hop,hip hop,rap"
"42","42","spotify:track:5Eax0qFko2dh7Rl2lYs3bx","Bad Bunny","Efecto","Rimas Entertainment LLC","6","30","32","16597716","5Eax0qFko2dh7Rl2lYs3bx","0.801","0.234","0.0516","0.475","0.0639","98.047","-8.797","0.141","1.73e-05","Bad Bunny","4q3ewBCX7sLwd24euuV69X","reggaeton,trap latino,urbano latino"
"43","43","spotify:track:1eIXYZWEfJO3Na2LCCnIJE","SZA","Love Language","Top Dawg Entertainment/RCA Records","43","-1","1","16497665","1eIXYZWEfJO3Na2LCCnIJE","0.707","0.545","0.0784","0.261","0.127","65.038","-10.139","0.853","0","SZA","7tYKF4w9nC0nq9CsPZTHyP","pop,r&b"
"44","44","spotify:track:53tfEupEzQRtVFOeZvk7xq","ROSALÍA","DESPECHÁ","Columbia","5","32","20","16297504","53tfEupEzQRtVFOeZvk7xq","0.914","0.77","0.0892","0.622","0.0632","130.04","-6.538","0.146","1.68e-05","ROSALÍA","7ltDVBr6mKbRvohxheJ9h1","r&b en espanol"
"45","45","spotify:track:7xapw9Oy21WpfEcib2ErSA","Justin Bieber","Mistletoe","RBMG/Def Jam","15","54","32","16154827","7xapw9Oy21WpfEcib2ErSA","0.657","0.854","0.0467","0.56","0.0794","161.993","-9.049","0.498","0","Justin Bieber","1uNFoZAHBGtllmzznpCI3s","canadian pop,pop"
"46","46","spotify:track:5XeFesFbtLpXzIVDNQP22n","Arctic Monkeys","I Wanna Be Yours","Domino Recording Co","27","40","23","16136204","5XeFesFbtLpXzIVDNQP22n","0.464","0.479","0.0256","0.417","0.0974","67.528","-9.345","0.136","0.022","Arctic Monkeys","7Ln80lUS6He07XvHI8qqHH","garage rock,modern rock,permanent wave,rock,sheffield indie"
"47","47","spotify:track:3k3NWokhRRkEPhCzPmV8TW","Bad Bunny, Bomba Estéreo","Ojitos Lindos","Rimas Entertainment LLC","3","34","32","16133920","3k3NWokhRRkEPhCzPmV8TW","0.647","0.268","0.0413","0.686","0.528","79.928","-5.745","0.08","1.34e-06","Bad Bunny","4q3ewBCX7sLwd24euuV69X","reggaeton,trap latino,urbano latino"
"48","48","spotify:track:4k6Uh1HXdhtusDW5y8Gbvy","Steve Lacy","Bad Habit","L-M Records/RCA Records","10","29","23","15825641","4k6Uh1HXdhtusDW5y8Gbvy","0.686","0.7","0.0355","0.494","0.402","168.946","-7.093","0.613","5.8e-05","Steve Lacy","57vWImR43h4CaDao012Ofp","afrofuturism"
"49","49","spotify:track:7fUYUcWy853HS8YJn0b3Sr","The Ronettes","Sleigh Ride","Legacy Recordings","16","59","24","15811537","7fUYUcWy853HS8YJn0b3Sr","0.529","0.853","0.0287","0.772","0.316","91.751","-7.013","0.403","2.21e-06","The Ronettes","7CyeXFnOrfC1N6z4naIpgo","adult standards,brill building pop,classic girl group,soul"
"50","50","spotify:track:4NqkE7kRUvMDEdcqD96EDO","SZA, Don Toliver","Used (feat. Don Toliver)","Top Dawg Entertainment/RCA Records","50","-1","1","15648228","4NqkE7kRUvMDEdcqD96EDO","0.733","0.837","0.0533","0.685","0.333","150.073","-6.228","0.363","0.000238","SZA","7tYKF4w9nC0nq9CsPZTHyP","pop,r&b"
"51","51","spotify:track:1Y3LN4zO1Edc2EluIoSPJN","Stephen Sanchez, Em Beihold","Until I Found You (with Em Beihold) - Em Beihold Version","Republic Records","51","86","2","15593927","1Y3LN4zO1Edc2EluIoSPJN","0.551","0.342","0.0286","0.55","0.202","101.19","-5.339","0.777","0","Stephen Sanchez","5XKFrudbV4IiuE5WuTPRmT","gen z singer-songwriter,pop"
"52","52","spotify:track:5WxVXxCMRnvxUKFq40ELwq","RAYE, 070 Shake","Escapism.","Human Re Sources","52","56","3","15461761","5WxVXxCMRnvxUKFq40ELwq","0.538","0.25","0.114","0.742","0.0934","96.107","-5.355","0.138","4.67e-05","RAYE","5KKpBU5eC2tJDzf0wmlRp2","dance pop,pop,uk contemporary r&b"
"53","53","spotify:track:1xK59OXxi2TAAAbmZK0kBL","d4vd","Romantic Homicide","Darkroom/Interscope Records","17","47","15","15222000","1xK59OXxi2TAAAbmZK0kBL","0.571","0.216","0.0299","0.544","0.322","132.052","-10.613","0.453","0.00805","d4vd","5y8tKLUfMvliMe8IKamR32","bedroom pop"
"54","54","spotify:track:78Sw5GDo6AlGwTwanjXbGh","d4vd","Here With Me","Darkroom/Interscope Records","49","51","7","15221521","78Sw5GDo6AlGwTwanjXbGh","0.574","0.288","0.0254","0.469","0.128","132.023","-8.209","0.534","9.21e-05","d4vd","5y8tKLUfMvliMe8IKamR32","bedroom pop"
"55","55","spotify:track:2QjOHCTQ1Jl3zawyYOpxh6","The Neighbourhood","Sweater Weather","Columbia","19","43","120","15088286","2QjOHCTQ1Jl3zawyYOpxh6","0.612","0.398","0.0336","0.807","0.101","124.053","-2.81","0.0495","0.0177","The Neighbourhood","77SW9BnxLY8rJ0RciFqkHh","modern alternative rock,modern rock,pop,shimmer pop"
"56","56","spotify:track:5xMw6qCcpd2gBXPGTegC4W","SZA","SOS","Top Dawg Entertainment/RCA Records","56","-1","1","14944982","5xMw6qCcpd2gBXPGTegC4W","0.507","0.506","0.233","0.657","0.0947","119.159","-7.356","0.669","6.97e-06","SZA","7tYKF4w9nC0nq9CsPZTHyP","pop,r&b"
"57","57","spotify:track:4iZ4pt7kvcaH6Yo8UoZ4s2","SZA","Snooze","Top Dawg Entertainment/RCA Records","57","-1","1","14501654","4iZ4pt7kvcaH6Yo8UoZ4s2","0.559","0.392","0.132","0.551","0.11","143.008","-7.231","0.141","0","SZA","7tYKF4w9nC0nq9CsPZTHyP","pop,r&b"
"58","58","spotify:track:4h5x3XHLVYFJaItKuO2rhy","SZA, Phoebe Bridgers","Ghost in the Machine (feat. Phoebe Bridgers)","Top Dawg Entertainment/RCA Records","58","-1","1","14137765","4h5x3XHLVYFJaItKuO2rhy","0.624","0.589","0.0467","0.433","0.113","124.979","-9.572","0.837","0.0294","SZA","7tYKF4w9nC0nq9CsPZTHyP","pop,r&b"
"59","59","spotify:track:1RDvyOk4WtPCtoqciJwVn8","Jung Kook, BTS, FIFA Sound","Dreamers [Music from the FIFA World Cup Qatar 2022 Official Soundtrack]","Katara Studios | 2101 Records under exclusive license to UnitedMasters LLC","14","36","4","14092838","1RDvyOk4WtPCtoqciJwVn8","0.71","0.341","0.0422","0.879","0.439","114.993","-4.218","0.158","0.00142","Jung Kook","6HaGTQPmzraVmaVxvz6EUc","k-pop"
"60","60","spotify:track:76OGwb5RA9h4FxQPT33ekc","Rosa Linn","SNAP","Columbia","16","53","23","13980164","76OGwb5RA9h4FxQPT33ekc","0.565","0.525","0.0638","0.636","0.447","170.01","-8.198","0.107","9.9e-06","Rosa Linn","46xBNx0j6cwY6sD9LgMTm1","alt z"
"61","61","spotify:track:77khP2fIVhSW23NwxrRluh","Burl Ives","A Holly Jolly Christmas","Geffen","37","77","25","13958610","77khP2fIVhSW23NwxrRluh","0.683","0.888","0.0303","0.375","0.076","140.467","-13.056","0.579","0","Burl Ives","0MHgLfmQdutffmvWe5XBTN","adult standards,american folk revival"
"62","62","spotify:track:27RYrbL6S02LNVhDWVl38b","John Lennon, Yoko Ono","Happy Xmas (War Is Over) - Remastered 2010","EMI Catalogue","13","78","27","13926119","27RYrbL6S02LNVhDWVl38b","0.321","0.414","0.0324","0.64","0.718","146.172","-10.023","0.28","0","John Lennon","4x1nvY2FN8jxqAFA0DA02H","album rock,beatlesque,classic rock,mellow gold,rock"
"63","63","spotify:track:6RQ5IwG7uADz9LDWliJGjU","SZA","Special","Top Dawg Entertainment/RCA Records","63","-1","1","13737191","6RQ5IwG7uADz9LDWliJGjU","0.604","0.191","0.05","0.199","0.109","76.134","-11.831","0.777","0","SZA","7tYKF4w9nC0nq9CsPZTHyP","pop,r&b"
"64","64","spotify:track:1xzi1Jcr7mEi9K2RfzLOqS","Beyoncé","CUFF IT","Parkwood Entertainment/Columbia","13","52","17","13643606","1xzi1Jcr7mEi9K2RfzLOqS","0.78","0.642","0.141","0.689","0.0698","115.042","-5.668","0.0368","9.69e-06","Beyoncé","6vWDO969PvNqNYHIOW5v0m","dance pop,pop,r&b"
"65","65","spotify:track:02MWAaffLxlfxAUY7c5dvx","Glass Animals","Heat Waves","Polydor Records","1","49","103","13543828","02MWAaffLxlfxAUY7c5dvx","0.761","0.531","0.0944","0.525","0.0921","80.87","-6.9","0.44","6.7e-06","Glass Animals","4yvcSjfu4PC0CYQyLy4wSq","gauze pop,indietronica,shiver pop"
"66","66","spotify:track:4ewazQLXFTDC8XvCbhvtXs","Joji","Glimpse of Us","88rising Music/Warner Records","1","50","27","13344648","4ewazQLXFTDC8XvCbhvtXs","0.44","0.268","0.0531","0.317","0.141","169.914","-9.258","0.891","4.78e-06","Joji","3MZsBdqDrRTJihTHQrO6Dq","viral pop"
"67","67","spotify:track:31i56LZnwE6uSu3exoHjtB","Bad Bunny","Neverita","Rimas Entertainment LLC","15","57","32","13253766","31i56LZnwE6uSu3exoHjtB","0.876","0.428","0.0478","0.498","0.143","122.016","-7.511","0.0706","0","Bad Bunny","4q3ewBCX7sLwd24euuV69X","reggaeton,trap latino,urbano latino"
"68","68","spotify:track:5PjdY0CKGZdEuoNab3yDmX","The Kid LAROI, Justin Bieber","STAY (with Justin Bieber)","Columbia","1","55","75","13056717","5PjdY0CKGZdEuoNab3yDmX","0.591","0.478","0.0483","0.764","0.103","169.928","-5.484","0.0383","0","The Kid LAROI","2tIP7SsRs7vjIcLrU85W8J","australian hip hop,pop"
"69","69","spotify:track:4PS1e8f2LvuTFgUs1Cn3ON","Nat King Cole","The Christmas Song (Merry Christmas To You)","CAPITOL CATALOG MKT (C92)","30","93","26","13008139","4PS1e8f2LvuTFgUs1Cn3ON","0.319","0.209","0.0341","0.21","0.138","78.696","-15.231","0.92","8.06e-05","Nat King Cole","7v4imS0moSyGdXyLgVTIV7","adult standards"
"70","70","spotify:track:1418IuVKQPTYqt7QNJ9RXN","King","Maan Meri Jaan","Warner Music India","55","67","4","12909634","1418IuVKQPTYqt7QNJ9RXN","0.698","0.396","0.0356","0.505","0.0995","95.868","-8.242","0.354","0","King","5NHm4TU5Twz7owibYxJfFU","hindi hip hop"
"71","71","spotify:track:4Yg2w0P29BBBMixyeNjDtj","Band Aid","Do They Know It's Christmas? - 1984 Version","EMI","12","82","29","12848755","4Yg2w0P29BBBMixyeNjDtj","0.598","0.349","0.0364","0.643","0.0992","115.41","-6.933","0.164","3.35e-05","Band Aid","35S20clEkkSNUo23ViaslZ","musical advocacy"
"72","72","spotify:track:2CeKVsFFXG4QzA415QygGb","Feid","Feliz Cumpleaños Ferxxo","UMLE - Latino","38","58","17","12839588","2CeKVsFFXG4QzA415QygGb","0.865","0.563","0.0678","0.573","0.305","94.999","-5.501","0.0863","0","Feid","2LRoIwlKmHjgvigdNGBHNo","colombian pop,pop reggaeton,reggaeton colombiano,urbano latino"
"73","73","spotify:track:54ipXppHLA8U4yqpOFTUhr","Imagine Dragons","Bones","Kid Ina Korner / Interscope","26","62","40","12666081","54ipXppHLA8U4yqpOFTUhr","0.772","0.587","0.0455","0.75","0.074","114.061","-3.67","0.0201","0","Imagine Dragons","53XhwfbYqKCa1cC15pYq2q","modern rock,rock"
"74","74","spotify:track:2TE4xW3ImvpltVU0cPcKUn","Shakin' Stevens","Merry Christmas Everyone","Sony Music CG","34","71","26","12624041","2TE4xW3ImvpltVU0cPcKUn","0.534","0.96","0.0369","0.904","0.128","202.899","-3.315","0.129","0","Shakin' Stevens","0wi4yTYlGtEnbGo4ltZTib","classic uk pop,europop,new wave pop,rock-and-roll,rockabilly,soft rock"
"75","75","spotify:track:1SV1fxF65n9NhRHp3KlBuu","Paul McCartney","Wonderful Christmastime - Edited Version / Remastered 2011","Paul McCartney Catalog","15","95","28","12562002","1SV1fxF65n9NhRHp3KlBuu","0.774","0.771","0.0319","0.511","0.0672","94.736","-8.914","0.322","0","Paul McCartney","4STHEaNw4mPZ2tzheohgXB","album rock,art rock,beatlesque,classic rock,folk rock,mellow gold,rock,soft rock"
"76","76","spotify:track:33cF8aTmGJ6TsEf23uqGIN","Rauw Alejandro, Lyanno, Brray","LOKERA","Sony Music Latin/Duars Entertainment","38","75","18","12510870","33cF8aTmGJ6TsEf23uqGIN","0.836","0.579","0.0461","0.826","0.0814","102.025","-2.66","0.213","6.03e-06","Rauw Alejandro","1mcTU81TzQhprhouKaTkpq","puerto rican pop,trap latino,urbano latino"
"77","77","spotify:track:4kKdvXD0ez7jp1296JmAts","Frank Sinatra, B. Swanson Quartet","Let It Snow! Let It Snow! Let It Snow! (with The B. Swanson Quartet)","Columbia/Legacy","19","94","29","12442988","4kKdvXD0ez7jp1296JmAts","0.652","0.836","0.0595","0.259","0.362","142.169","-13.336","0.903","0","Frank Sinatra","1Mxqyy3pSjf8kZZL4QVxS0","adult standards,easy listening,lounge"
"78","78","spotify:track:4fnNBPN9W6AoOYSQS3FJxT","SZA","Notice Me","Top Dawg Entertainment/RCA Records","78","-1","1","12169328","4fnNBPN9W6AoOYSQS3FJxT","0.724","0.777","0.117","0.68","0.11","159.919","-6.822","0.275","9.91e-05","SZA","7tYKF4w9nC0nq9CsPZTHyP","pop,r&b"
"79","79","spotify:track:2Sjx8DWZO5zaTyTAmgo2gY","SZA","Gone Girl","Top Dawg Entertainment/RCA Records","79","-1","1","12135149","2Sjx8DWZO5zaTyTAmgo2gY","0.428","0.418","0.0591","0.439","0.153","150.007","-7.674","0.57","0","SZA","7tYKF4w9nC0nq9CsPZTHyP","pop,r&b"
"80","80","spotify:track:6VhuP99TE6gYNQRJIlAWFD","Stephen Sanchez","Until I Found You","Republic Records","20","66","32","11975723","6VhuP99TE6gYNQRJIlAWFD","0.346","0.191","0.0388","0.5","0.189","202.466","-6.097","0.757","0","Stephen Sanchez","5XKFrudbV4IiuE5WuTPRmT","gen z singer-songwriter,pop"
"81","81","spotify:track:4PMqSO5qyjpvzhlLI5GnID","SZA","Good Days","Top Dawg Entertainment/RCA Records","5","-1","33","11919118","4PMqSO5qyjpvzhlLI5GnID","0.461","0.383","0.0568","0.651","0.782","121.07","-8.81","0.418","1.26e-05","SZA","7tYKF4w9nC0nq9CsPZTHyP","pop,r&b"
"82","82","spotify:track:6koKhrBBcExADvWuOgceNZ","SZA, Travis Scott","Open Arms (feat. Travis Scott)","Top Dawg Entertainment/RCA Records","82","-1","1","11916187","6koKhrBBcExADvWuOgceNZ","0.434","0.239","0.138","0.586","0.146","78.259","-7.612","0.753","0.0144","SZA","7tYKF4w9nC0nq9CsPZTHyP","pop,r&b"
"83","83","spotify:track:7MXVkk9YMctZqd1Srtv4MB","The Weeknd, Daft Punk","Starboy","Universal Republic Records","1","70","115","11912125","7MXVkk9YMctZqd1Srtv4MB","0.679","0.486","0.276","0.587","0.137","186.003","-7.015","0.141","6.35e-06","The Weeknd","1Xyo4u8uXC1ZmMpatF05PJ","canadian contemporary r&b,canadian pop,pop"
"84","84","spotify:track:6Xom58OOXk2SoU711L2IXO","Bad Bunny","Moscow Mule","Rimas Entertainment LLC","2","64","32","11906930","6Xom58OOXk2SoU711L2IXO","0.804","0.292","0.0333","0.674","0.115","99.968","-5.453","0.294","1.18e-06","Bad Bunny","4q3ewBCX7sLwd24euuV69X","reggaeton,trap latino,urbano latino"
"85","85","spotify:track:4FyesJzVpA39hbYvcseO2d","Lil Uzi Vert","Just Wanna Rock","Generation Now/Atlantic","50","76","8","11873010","4FyesJzVpA39hbYvcseO2d","0.486","0.0385","0.0336","0.545","0.0642","150.187","-7.924","0.0652","0.00474","Lil Uzi Vert","4O15NlyKLIASxsJ0PrXPfz","melodic rap,philly rap,rap,trap"
"86","86","spotify:track:2e2AXpIiJpet5b4qg85Gh6","SZA","F2F","Top Dawg Entertainment/RCA Records","86","-1","1","11791864","2e2AXpIiJpet5b4qg85Gh6","0.533","0.465","0.0359","0.74","0.337","89.934","-5.767","0.089","2.95e-06","SZA","7tYKF4w9nC0nq9CsPZTHyP","pop,r&b"
"87","87","spotify:track:6G12ZafqofSq7YtrMqUm76","Shakira, Ozuna","Monotonía","Sony Music Latin","21","60","8","11775307","6G12ZafqofSq7YtrMqUm76","0.873","0.823","0.0459","0.695","0.211","131.963","-4.207","0.419","1.23e-06","Shakira","0EmeFodog0BfCgMzAIvKQp","colombian pop,dance pop,latin pop"
"88","88","spotify:track:4WuOWVnAqvEQxgSRrspBgt","Metro Boomin, Travis Scott, 21 Savage","Niagara Falls (Foot or 2) [with Travis Scott & 21 Savage]","Republic Records","24","24","2","11766296","4WuOWVnAqvEQxgSRrspBgt","0.671","0.257","0.309","0.658","0.147","87.933","-5.567","0.189","8.66e-05","Metro Boomin","0iEtIxbK0KxaSlF7G42ZOp","rap"
"89","89","spotify:track:0VjIjW4GlUZAMYd2vXMi3b","The Weeknd","Blinding Lights","Republic Records","1","72","159","11592558","0VjIjW4GlUZAMYd2vXMi3b","0.514","0.334","0.0598","0.73","0.0897","171.005","-5.934","0.00146","9.54e-05","The Weeknd","1Xyo4u8uXC1ZmMpatF05PJ","canadian contemporary r&b,canadian pop,pop"
"90","90","spotify:track:4so0Wek9Ig1p6CRCHuINwW","Bing Crosby, Ken Darby Singers, John Scott Trotter & His Orchestra","White Christmas","Geffen","26","96","27","11523726","4so0Wek9Ig1p6CRCHuINwW","0.317","0.247","0.0381","0.158","0.338","130.503","-16.485","0.673","0.353","Bing Crosby","6ZjFtWeHP9XN7FeKSUe80S","adult standards,easy listening"
"91","91","spotify:track:27qAMKrDdKEs8HDXcvR24R","Chris Rea","Driving Home for Christmas - 2019 Remaster","Rhino","21","83","26","11450337","27qAMKrDdKEs8HDXcvR24R","0.513","0.866","0.038","0.583","0.18","180.183","-10.863","0.355","1.96e-05","Chris Rea","5KEG7G8LDYlHgFDqZyEEs2","album rock,art rock,blues rock,classic rock,mellow gold,soft rock,sophisti-pop"
"92","92","spotify:track:3rWDp9tBPQR9z6U5YyRSK4","Taylor Swift","Midnight Rain","Taylor Swift","4","68","8","10983548","3rWDp9tBPQR9z6U5YyRSK4","0.643","0.23","0.0767","0.363","0.115","139.865","-11.738","0.69","5.17e-05","Taylor Swift","06HL4z0CvFAxyc27GXpf02","pop"
"93","93","spotify:track:47ohYW8e7dxCYn9qbUMBCI","Darlene Love","Christmas (Baby Please Come Home)","Legacy Recordings","50","122","14","10965641","47ohYW8e7dxCYn9qbUMBCI","0.325","0.36","0.053","0.759","0.0773","126.627","-7.146","0.395","0.000362","Darlene Love","391oLRVmoTkumiN79HkTWu","adult standards"
"94","94","spotify:track:2Hh3ETdQKrmSI3QS0hme7g","Metro Boomin, Future, Don Toliver","Too Many Nights (feat. Don Toliver & with Future)","Republic Records","33","33","2","10961645","2Hh3ETdQKrmSI3QS0hme7g","0.684","0.156","0.0464","0.671","0.122","88.048","-4.392","0.189","2.37e-05","Metro Boomin","0iEtIxbK0KxaSlF7G42ZOp","rap"
"95","95","spotify:track:25Jf61edvM78rQHYaWRiIL","Bellakath","Gatita","La Mafia del Perreo","95","138","3","10957090","25Jf61edvM78rQHYaWRiIL","0.895","0.762","0.0573","0.81","0.331","100.999","-6.722","0.151","0.238","Bellakath","4yjm4SvYqC5FFuLbB6TyHr","perreo,urbano latino,urbano mexicano"
"96","96","spotify:track:4jTs7ny5eSRnKTzxdrFv5I","SZA","Smoking on my Ex Pack","Top Dawg Entertainment/RCA Records","96","-1","1","10834231","4jTs7ny5eSRnKTzxdrFv5I","0.466","0.333","0.38","0.676","0.224","81.227","-8.097","0.241","0.00318","SZA","7tYKF4w9nC0nq9CsPZTHyP","pop,r&b"
"97","97","spotify:track:0oBtwScT4B4BR5kZitNWd5","Quevedo","PUNTO G","Quevedo","84","89","6","10773883","0oBtwScT4B4BR5kZitNWd5","0.751","0.553","0.15","0.761","0.0991","92.032","-4.113","0.251","0.000238","Quevedo","52iwsT98xCoGgiGntTiR7K","rap canario"
"98","98","spotify:track:5jQI2r1RdgtuT8S3iG8zFC","Taylor Swift","Lavender Haze","Taylor Swift","2","69","8","10552239","5jQI2r1RdgtuT8S3iG8zFC","0.733","0.0976","0.08","0.436","0.157","96.985","-10.489","0.258","0.000573","Taylor Swift","06HL4z0CvFAxyc27GXpf02","pop"
"99","99","spotify:track:6JIC3hbC28JZKZ8AlAqX8h","Elton John, Dua Lipa, PNAU","Cold Heart - PNAU Remix","EMI","4","80","70","10528068","6JIC3hbC28JZKZ8AlAqX8h","0.795","0.934","0.0309","0.8","0.0915","116.032","-6.32","0.0354","7.25e-05","Elton John","3PhoLpVuITZKcymswpck5b","glam rock,mellow gold,piano rock"
"100","100","spotify:track:1cKHdTo9u0ZymJdPGSh6nq","The Weeknd, Gesaffelstein","I Was Never There","Universal Republic Records","17","84","28","10516556","1cKHdTo9u0ZymJdPGSh6nq","0.323","0.155","0.0338","0.737","0.163","113.26","-4.008","0.142","0.000162","The Weeknd","1Xyo4u8uXC1ZmMpatF05PJ","canadian contemporary r&b,canadian pop,pop"
"101","101","spotify:track:4hTej08FutmriOs7S1hWWy","SZA","Conceited","Top Dawg Entertainment/RCA Records","101","-1","1","10422042","4hTej08FutmriOs7S1hWWy","0.791","0.772","0.0673","0.458","0.106","150.046","-8.236","0.0486","4.08e-05","SZA","7tYKF4w9nC0nq9CsPZTHyP","pop,r&b"
"102","102","spotify:track:2eAvDnpXP5W0cVtiI0PUxV","Ruth B.","Dandelions","Columbia","34","85","70","10368138","2eAvDnpXP5W0cVtiI0PUxV","0.609","0.454","0.0259","0.692","0.0864","116.959","-2.958","0.0157","0","Ruth B.","2WzaAvm2bBCf4pEhyuDgCY","alt z,canadian contemporary r&b,canadian pop,pop"
"103","103","spotify:track:0o9zmvc5f3EFApU52PPIyW","Fujii Kaze","Shinunoga E-Wa","Universal Music LLC","66","98","15","10310145","0o9zmvc5f3EFApU52PPIyW","0.6","0.519","0.0452","0.76","0.189","158.078","-6.124","0.166","4.09e-05","Fujii Kaze","6bDWAcdtVR3WHz2xtiIPUi","japanese teen pop"
"104","104","spotify:track:7dSZ6zGTQx66c2GF91xCrb","KAROL G","PROVENZA","UMLE - Latino","6","88","34","10256580","7dSZ6zGTQx66c2GF91xCrb","0.87","0.53","0.0541","0.516","0.11","111.005","-8.006","0.656","0.00823","KAROL G","790FomKkXshlbRYZFtlgla","reggaeton,reggaeton colombiano,urbano latino"
"105","105","spotify:track:1597vvneWf0zoQrg2D8yH6","MC MENOR HR, MC MENOR SG, DJ ESCOBAR","Evoque Prata","GUETTO RECORDS","69","108","5","10096557","1597vvneWf0zoQrg2D8yH6","0.872","0.52","0.244","0.519","0.276","86.768","-4.467","0.306","0","MC MENOR HR","33yjk1kQbu7otNngO5pQb8","deboxe,funk carioca,funk mtg,funk rj"
"106","106","spotify:track:2aJnyNu4PQxQ2lyj5boiMG","SZA","I Hate U","Top Dawg Entertainment/RCA Records","19","-1","16","10096234","2aJnyNu4PQxQ2lyj5boiMG","0.533","0.376","0.148","0.417","0.114","106.534","-8.665","0.514","0","SZA","7tYKF4w9nC0nq9CsPZTHyP","pop,r&b"
"107","107","spotify:track:5JhUm1v5AbI5Yu6jLKCPRO","Grupo Frontera","No Se Va - En Vivo","Grupo Frontera","36","104","12","10040986","5JhUm1v5AbI5Yu6jLKCPRO","0.594","0.692","0.0335","0.527","0.234","172.712","-9.335","0.121","0","Grupo Frontera","6XkjpgcEsYab502Vr1bBeW","musica chihuahuense,nueva musica mexicana"
"108","108","spotify:track:2pXpURmn6zC5ZYDMms6fwa","Perry Como, The Fontane Sisters, Mitchell Ayres & His Orchestra","It's Beginning to Look a Lot Like Christmas (with Mitchell Ayres & His Orchestra)","RCA Records Label","51","117","23","9955766","2pXpURmn6zC5ZYDMms6fwa","0.724","0.718","0.0599","0.276","0.116","112.874","-12.25","0.76","0","Perry Como","5v8jlSmAQfrkTjAlpUfWtu","adult standards,easy listening,lounge"
"109","109","spotify:track:58ge6dfP91o9oXMzq3XkIS","Arctic Monkeys","505","Domino Recording Co","43","100","50","9944699","58ge6dfP91o9oXMzq3XkIS","0.52","0.234","0.0543","0.852","0.0733","140.267","-5.866","0.00237","5.79e-05","Arctic Monkeys","7Ln80lUS6He07XvHI8qqHH","garage rock,modern rock,permanent wave,rock,sheffield indie"
"110","110","spotify:track:0rHToGels2lt8Y0mCYoF90","Nat King Cole","Deck The Halls","CAPITOL CATALOG MKT (C92)","110","-1","1","9837559","0rHToGels2lt8Y0mCYoF90","0.684","0.964","0.0491","0.437","0.224","107.607","-10.522","0.742","1.58e-05","Nat King Cole","7v4imS0moSyGdXyLgVTIV7","adult standards"
"111","111","spotify:track:58cEG7FsVoipRiRKUMgOjo","Rauw Alejandro, Baby Rasta","PUNTO 40","Sony Music Latin/Duars Entertainment","48","87","10","9806836","58cEG7FsVoipRiRKUMgOjo","0.857","0.208","0.0842","0.829","0.255","106.993","-0.484","0.00112","0.015","Rauw Alejandro","1mcTU81TzQhprhouKaTkpq","puerto rican pop,trap latino,urbano latino"
"112","112","spotify:track:5Odq8ohlgIbQKMZivbWkEo","Charlie Puth, Jung Kook, BTS","Left and Right (Feat. Jung Kook of BTS)","Atlantic Records","7","90","25","9740042","5Odq8ohlgIbQKMZivbWkEo","0.881","0.719","0.0324","0.592","0.0901","101.058","-4.898","0.619","1.32e-05","Charlie Puth","6VuMaDnrHyPL1p4EHjYLi7","dance pop,pop,viral pop"
"113","113","spotify:track:3F5CgOj3wFlRv51JsHbxhe","Drake, 21 Savage","Jimmy Cooks (feat. 21 Savage)","OVO","7","81","26","9731788","3F5CgOj3wFlRv51JsHbxhe","0.529","0.366","0.175","0.673","0.093","165.921","-4.711","0.000307","2.41e-06","Drake","3TVXtAsR1Inumwj472S9r4","canadian hip hop,canadian pop,hip hop,rap,toronto rap"
"114","114","spotify:track:4Mteyd60tfstDuzfkGqXx1","SZA","Too Late","Top Dawg Entertainment/RCA Records","114","-1","1","9634104","4Mteyd60tfstDuzfkGqXx1","0.415","0.355","0.0763","0.692","0.341","101.867","-7.52","0.773","0.000624","SZA","7tYKF4w9nC0nq9CsPZTHyP","pop,r&b"
"115","115","spotify:track:6TsVhM8qIkWN5cJVDIVbbz","Wisin & Yandel, ROSALÍA","Besos Moja2","Sony Music Latin","64","99","11","9629724","6TsVhM8qIkWN5cJVDIVbbz","0.736","0.644","0.0571","0.727","0.0976","94.048","-4.642","0.0584","1.91e-06","Wisin & Yandel","1wZtkThiXbVNtj6hee6dz9","electro latino,latin hip hop,reggaeton,urbano latino"
"116","116","spotify:track:26hOm7dTtBi0TdpDGl141t","Joji","Die For You","88rising Music/Warner Records","21","101","6","9593202","26hOm7dTtBi0TdpDGl141t","0.472","0.154","0.051","0.518","0.289","147.805","-7.379","0.383","0.127","Joji","3MZsBdqDrRTJihTHQrO6Dq","viral pop"
"117","117","spotify:track:0aoUM0zcu0kCX7Cv7O939I","Ed Sheeran, Elton John","Merry Christmas","Atlantic Records UK","23","137","6","9578581","0aoUM0zcu0kCX7Cv7O939I","0.594","0.602","0.0357","0.935","0.102","113.99","-2.018","0.243","2.36e-06","Ed Sheeran","6eUKZXaKkcviH0Ku9w2n3V","pop,uk pop"
"118","118","spotify:track:5QO79kh1waicV47BqGRL3g","The Weeknd","Save Your Tears","Republic Records","2","105","106","9554124","5QO79kh1waicV47BqGRL3g","0.68","0.644","0.0309","0.826","0.543","118.051","-5.487","0.0212","1.24e-05","The Weeknd","1Xyo4u8uXC1ZmMpatF05PJ","canadian contemporary r&b,canadian pop,pop"
"119","119","spotify:track:6sCvvleqKbeyOkQDieBYgp","Rihanna","Lift Me Up - From Black Panther: Wakanda Forever - Music From and Inspired By","Roc Nation/Def Jam/Hollywood","11","91","7","9544947","6sCvvleqKbeyOkQDieBYgp","0.247","0.172","0.0315","0.299","0.131","177.115","-6.083","0.899","0","Rihanna","5pKCCKE2ajJHZ9KAiaK11H","barbadian pop,pop,urban contemporary"
"120","120","spotify:track:7gRFDGEzF9UkBV233yv2dc","BLACKPINK","Shut Down","YG Entertainment/Interscope Records","1","103","13","9389578","7gRFDGEzF9UkBV233yv2dc","0.818","0.688","0.0454","0.69","0.186","110.071","-5.119","0.00327","0","BLACKPINK","41MozSoPIsD1dJM0CLPjZF","k-pop,k-pop girl group"
"121","121","spotify:track:09mEdoA6zrmBPgTEN5qXmN","The Weeknd","Call Out My Name","Universal Republic Records","1","106","60","9377997","09mEdoA6zrmBPgTEN5qXmN","0.461","0.175","0.0356","0.593","0.307","134.17","-4.954","0.17","0","The Weeknd","1Xyo4u8uXC1ZmMpatF05PJ","canadian contemporary r&b,canadian pop,pop"
"122","122","spotify:track:4fsQ0K37TOXa3hEQfjEic1","LE SSERAFIM","ANTIFRAGILE","SOURCE MUSIC","80","112","8","9361975","4fsQ0K37TOXa3hEQfjEic1","0.882","0.824","0.0819","0.797","0.113","105.025","-3.299","0.0821","0","LE SSERAFIM","4SpbR6yFEvexJuaBpgAU5p",""
"123","123","spotify:track:7iwJOi3hlMqZt6pj1sQOBj","Quevedo","VISTA AL MAR","Quevedo","45","109","14","9321985","7iwJOi3hlMqZt6pj1sQOBj","0.759","0.491","0.131","0.561","0.101","104.915","-5.643","0.803","0.121","Quevedo","52iwsT98xCoGgiGntTiR7K","rap canario"
"124","124","spotify:track:4xqrdfXkTW4T0RauPLv3WA","Conan Gray","Heather","Republic Records","12","63","125","9321360","4xqrdfXkTW4T0RauPLv3WA","0.357","0.27","0.0333","0.425","0.322","102.078","-7.301","0.584","0","Conan Gray","4Uc8Dsxct0oMqx0P6i60ea","bedroom pop,pop"
"125","125","spotify:track:6WbAhuwE6fCOriBu5786X1","KAROL G, Ovy On The Drums","CAIRO","UMLE - Latino","75","102","4","9290109","6WbAhuwE6fCOriBu5786X1","0.951","0.431","0.312","0.692","0.0894","115.047","-4.038","0.472","0.000182","KAROL G","790FomKkXshlbRYZFtlgla","reggaeton,reggaeton colombiano,urbano latino"
"126","126","spotify:track:74NI58MQexwZjNu1Gu6GjT","SZA","Far","Top Dawg Entertainment/RCA Records","126","-1","1","9261055","74NI58MQexwZjNu1Gu6GjT","0.612","0.477","0.0833","0.549","0.163","115.915","-7.401","0.672","0.000203","SZA","7tYKF4w9nC0nq9CsPZTHyP","pop,r&b"
"127","127","spotify:track:1qEmFfgcLObUfQm0j1W2CK","Harry Styles","Late Night Talking","Columbia","2","97","30","9238239","1qEmFfgcLObUfQm0j1W2CK","0.714","0.901","0.0468","0.728","0.106","114.996","-4.595","0.298","0","Harry Styles","6KImCVD70vtIoJWnq6nGn3","pop"
"128","128","spotify:track:6qyS9qBy0mEk3qYaH8mPss","Kordhell","Murder In My Mind","Kordhell","85","116","18","9229843","6qyS9qBy0mEk3qYaH8mPss","0.712","0.568","0.112","0.972","0.128","119.966","-0.514","0.00547","7.06e-05","Kordhell","2W6WP4pHQTFlbr2z9S4n54","drift phonk"
"129","129","spotify:track:5p8ThxM2OhJ0igfxkz0Z1q","RM, Youjeen","Wild Flower (with youjeen)","BIGHIT MUSIC","35","35","2","9219254","5p8ThxM2OhJ0igfxkz0Z1q","0.486","0.417","0.0938","0.766","0.123","154.992","-5.821","0.0282","0","RM","2auC28zjQyVTsiZKNgPRGs","k-rap"
"130","130","spotify:track:0u2P5u6lvoDfwTYjAADbn4","Billie Eilish, Khalid","lovely (with Khalid)","Darkroom","24","121","243","9155420","0u2P5u6lvoDfwTYjAADbn4","0.351","0.12","0.0333","0.296","0.095","115.284","-10.109","0.934","0","Billie Eilish","6qqNVTkY8uBg9cP3Jd7DAH","art pop,electropop,pop"
"131","131","spotify:track:0YWUHZPJVg4iujddsJDwhM","Britney Spears","My Only Wish (This Year)","Jive","64","164","17","9137758","0YWUHZPJVg4iujddsJDwhM","0.669","0.702","0.0268","0.843","0.195","147.08","-3.766","0.169","0","Britney Spears","26dSoYclwsYLMAKD3tpOr4","dance pop,pop"
"132","132","spotify:track:4OH5Cd8ZOI1eSgJSC9PYmU","Mert Demir, Mabel Matiz","Antidepresan","Pale Records & Pose Records","132","139","2","9097214","4OH5Cd8ZOI1eSgJSC9PYmU","0.7","0.915","0.0281","0.589","0.0987","100.014","-9.974","0.0297","1.4e-05","Mert Demir","1Zj4GtouAnxHq4qw7ooLfm","turkish alt pop"
"133","133","spotify:track:7lQ8MOhq6IN2w8EYcFNSUk","Eminem","Without Me","Aftermath","31","115","64","9060613","7lQ8MOhq6IN2w8EYcFNSUk","0.908","0.662","0.0738","0.669","0.237","112.238","-2.827","0.00286","0","Eminem","7dGJo4pcD2V6oG8kP0tJRR","detroit hip hop,hip hop,rap"
"134","134","spotify:track:1pacwLXyRO47ka0v6LTIiY","Metro Boomin, Travis Scott","Raindrops (Insane) [with Travis Scott]","Republic Records","42","42","2","9051675","1pacwLXyRO47ka0v6LTIiY","0.796","0.123","0.0433","0.539","0.343","111.988","-5.974","0.103","0","Metro Boomin","0iEtIxbK0KxaSlF7G42ZOp","rap"
"135","135","spotify:track:3CIyK1V4JEJkg02E4EJnDl","Imagine Dragons, JID, Arcane, League of Legends","Enemy (with JID) - from the series Arcane League of Legends","Kid Ina Korner / Interscope","3","111","59","8872816","3CIyK1V4JEJkg02E4EJnDl","0.728","0.555","0.266","0.783","0.434","77.011","-4.424","0.237","0","Imagine Dragons","53XhwfbYqKCa1cC15pYq2q","modern rock,rock"
"136","136","spotify:track:38T0tPVZHcPZyhtOcCP7pF","Lil Nas X","STAR WALKIN' (League of Legends Worlds Anthem)","Columbia","22","125","12","8785320","38T0tPVZHcPZyhtOcCP7pF","0.637","0.308","0.0455","0.715","0.0892","141.872","-4.971","0.148","0","Lil Nas X","7jVv8c5Fj3E9VhNjxT4snq","lgbtq+ hip hop,pop"
"137","137","spotify:track:0fea68AdmYNygeTGI4RC18","J Balvin, Bad Bunny","LA CANCIÓN","Universal Music Latino / Rimas","17","130","95","8736360","0fea68AdmYNygeTGI4RC18","0.754","0.429","0.317","0.646","0.108","176.089","-5.795","0.152","1.85e-05","J Balvin","1vyhD5VmyZ7KMfW5gqLgo5","reggaeton,reggaeton colombiano,urbano latino"
"138","138","spotify:track:3AJwUDP919kvQ9QcozQPxg","Coldplay","Yellow","Parlophone UK","56","126","104","8727908","3AJwUDP919kvQ9QcozQPxg","0.429","0.285","0.0281","0.661","0.234","173.372","-7.227","0.00239","0.000121","Coldplay","4gzpq5DPGxSnKTe4SA8HAU","permanent wave,pop"
"139","139","spotify:track:0O6u0VJ46W86TxN9wgyqDj","Post Malone, Doja Cat","I Like You (A Happier Song) (with Doja Cat)","Mercury Records/Republic Records","10","120","28","8721181","0O6u0VJ46W86TxN9wgyqDj","0.733","0.472","0.0751","0.67","0.121","100.964","-6.009","0.121","0","Post Malone","246dkjvS1zLTtiykXe5h60","dfw rap,melodic rap,rap"
"140","140","spotify:track:7DbdUf8aHSYoliSjO6LZv6","Beach Weather","Sex, Drugs, Etc.","8123 / Arista Records","58","123","18","8485702","7DbdUf8aHSYoliSjO6LZv6","0.572","0.465","0.0377","0.839","0.522","143.969","-5.083","0.013","0.00976","Beach Weather","7I3bkknknQkIiatWiupQgD",""
"141","141","spotify:track:6I3mqTwhRpn34SLVafSH7G","Justin Bieber","Ghost","RBMG/Def Jam","11","129","65","8478317","6I3mqTwhRpn34SLVafSH7G","0.601","0.441","0.0478","0.741","0.415","153.96","-5.569","0.185","2.91e-05","Justin Bieber","1uNFoZAHBGtllmzznpCI3s","canadian pop,pop"
"142","142","spotify:track:3BnDvpeuGOj21Ir2aVEtQo","Rema","Calm Down","Mavin Records / Jonzing World","119","170","23","8451973","3BnDvpeuGOj21Ir2aVEtQo","0.814","0.842","0.0405","0.789","0.137","107.003","-6.29","0.365","0.000502","Rema","46pWGuE3dSwY3bMMXGBvVS","nigerian pop"
"143","143","spotify:track:3EaJDYHA0KnX88JvDhL9oa","Steve Lacy","Dark Red","Three Quarter","66","131","71","8417109","3EaJDYHA0KnX88JvDhL9oa","0.603","0.769","0.062","0.784","0.119","172.041","-4.023","0.446","8.32e-06","Steve Lacy","57vWImR43h4CaDao012Ofp","afrofuturism"
"144","144","spotify:track:4woTEX1wYOTGDqNXuavlRC","Eminem, Dina Rae","Superman","Aftermath","116","143","11","8396035","4woTEX1wYOTGDqNXuavlRC","0.802","0.58","0.0564","0.755","0.295","130.027","-3.138","0.0215","0","Eminem","7dGJo4pcD2V6oG8kP0tJRR","detroit hip hop,hip hop,rap"
"145","145","spotify:track:3LtpKP5abr2qqjunvjlX5i","Central Cee","Doja","Central Cee","15","135","21","8391732","3LtpKP5abr2qqjunvjlX5i","0.911","0.972","0.288","0.573","0.403","140.04","-7.43","0.38","0","Central Cee","5H4yInM5zmHqpKIoMNAx4r","melodic drill"
"146","146","spotify:track:5zwwW9Oq7ubSxoCGyW1nbY","BLACKPINK","Pink Venom","YG Entertainment/Interscope Records","2","119","17","8374968","5zwwW9Oq7ubSxoCGyW1nbY","0.693","0.708","0.202","0.734","0.217","180.06","-6.189","0.0145","0","BLACKPINK","41MozSoPIsD1dJM0CLPjZF","k-pop,k-pop girl group"
"147","147","spotify:track:3AVrVz5rK8Hrqo9YGiVGN5","Cigarettes After Sex","Apocalypse","Partisan Records","89","133","23","8316575","3AVrVz5rK8Hrqo9YGiVGN5","0.369","0.174","0.0274","0.467","0.109","94.473","-9.018","0.0194","0.46","Cigarettes After Sex","1QAJqy2dA3ihHBFIHRphZj","ambient pop,dream pop,el paso indie,shoegaze"
"148","148","spotify:track:68Dni7IE4VyPkTOH9mRWHr","J. Cole","No Role Modelz","Roc Nation Records LLC","76","128","73","8315476","68Dni7IE4VyPkTOH9mRWHr","0.69","0.494","0.339","0.521","0.0534","100.028","-8.492","0.324","0","J. Cole","6l3HvQ5sa6mXTsMTB19rO5","conscious hip hop,hip hop,north carolina hip hop,rap"
"149","149","spotify:track:2J2Z1SkXYghSajLibnQHOa","Sia","Unstoppable","Monkey Puzzle Records/RCA Records","107","158","44","8263644","2J2Z1SkXYghSajLibnQHOa","0.468","0.26","0.0779","0.779","0.101","173.799","-4.839","0.112","0.000373","Sia","5WUlDfRSoLAfcVSX1WnrxN","australian dance,australian pop,dance pop,pop"
"150","150","spotify:track:4UldILPVpnZO69ffK4B9aA","Dj LK da Escócia, Tchakabum, MC Ryan SP, mc jhenny, Mc RF","Tubarão Te Amo","Nas Nuvens Catalog","150","195","2","8262496","4UldILPVpnZO69ffK4B9aA","0.889","0.479","0.358","0.742","0.066","130.089","-3.495","0.299","0.000568","Dj LK da Escócia","6WIjKbyqeO9MkfNMFJsF50","funk rj"
"151","151","spotify:track:7yBEKiv1LmO7GM4rOejhcW","ThxSoMch","SPIT IN MY FACE!","Elektra (NEK)","110","140","5","8175359","7yBEKiv1LmO7GM4rOejhcW","0.73","0.652","0.055","0.785","0.111","94.107","-6.512","0.0464","0.0227","ThxSoMch","4MvZhE1iuzttcoyepkpfdF",""
"152","152","spotify:track:7H0ya83CMmgFcOhw0UB6ow","Beach House","Space Song","Bella Union","152","160","12","8160020","7H0ya83CMmgFcOhw0UB6ow","0.508","0.601","0.0297","0.792","0.145","147.067","-7.311","0.229","0.124","Beach House","56ZTgzPBDge0OvCGgMO3OY","baltimore indie,dream pop,dreamo,modern dream pop"
"153","153","spotify:track:1wtOxkiel43cVs0Yux5Q4h","Taylor Swift, Lana Del Rey","Snow On The Beach (feat. Lana Del Rey)","Taylor Swift","3","113","8","8136026","1wtOxkiel43cVs0Yux5Q4h","0.663","0.193","0.0375","0.319","0.117","109.957","-13.481","0.69","0.000993","Taylor Swift","06HL4z0CvFAxyc27GXpf02","pop"
"154","154","spotify:track:2pnPe4pJtq7689i5ydzvJJ","Chuck Berry","Run Rudolph Run","Geffen*","65","-1","15","8134878","2pnPe4pJtq7689i5ydzvJJ","0.681","0.957","0.0912","0.715","0.0777","152.132","-10.609","0.812","9.43e-06","Chuck Berry","293zczrfYafIItmnmM3coR","classic rock,rock,rock-and-roll,rockabilly"
"155","155","spotify:track:3WMj8moIAXJhHsyLaqIIHI","Zach Bryan","Something in the Orange","Warner Records","57","146","14","8100120","3WMj8moIAXJhHsyLaqIIHI","0.369","0.148","0.04","0.192","0.0954","175.212","-12.151","0.555","8.35e-06","Zach Bryan","40ZNYROS4zLfyyBSs2PGe2","oklahoma country"
"156","156","spotify:track:4SqWKzw0CbA05TGszDgMlc","The Walters","I Love You So","Warner Records","21","145","62","8087806","4SqWKzw0CbA05TGszDgMlc","0.575","0.466","0.0358","0.648","0.115","75.977","-4.891","0.583","0","The Walters","027TpXKGwdXP7iwbjUSpV8","chicago indie"
"157","157","spotify:track:41oY4WCTj5kccfesTVFnvN","Bad Bunny, JhayCo","Tarot","Rimas Entertainment LLC","9","136","32","8079159","41oY4WCTj5kccfesTVFnvN","0.795","0.419","0.0419","0.684","0.658","114.011","-3.971","0.0225","0","Bad Bunny","4q3ewBCX7sLwd24euuV69X","reggaeton,trap latino,urbano latino"
"158","158","spotify:track:4o6v3Oooyt7HF20idztRD4","Israel & Rodolffo, Ana Castela","Bombonzinho - Ao Vivo","Som Livre","131","184","5","8076892","4o6v3Oooyt7HF20idztRD4","0.651","0.722","0.0539","0.947","0.92","158.046","-3.669","0.305","0","Israel & Rodolffo","41QLxRXlc2NwfJZkHGHKid","arrocha,sertanejo pop,sertanejo universitario"
"159","159","spotify:track:6UelLqGlWMcVH1E5c4H7lY","Harry Styles","Watermelon Sugar","Columbia","4","152","161","8064974","6UelLqGlWMcVH1E5c4H7lY","0.548","0.557","0.0465","0.816","0.335","95.39","-4.209","0.122","0","Harry Styles","6KImCVD70vtIoJWnq6nGn3","pop"
"160","160","spotify:track:4HEOgBHRCExyYVeTyrXsnL","Frank Sinatra","Jingle Bells - Remastered 1999","Capitol Records","82","-1","6","8051767","4HEOgBHRCExyYVeTyrXsnL","0.512","0.951","0.0498","0.339","0.0977","174.609","-13.119","0.727","0","Frank Sinatra","1Mxqyy3pSjf8kZZL4QVxS0","adult standards,easy listening,lounge"
"161","161","spotify:track:4D7BCuvgdJlYvlX5WlN54t","Taylor Swift","You're On Your Own, Kid","Taylor Swift","6","118","8","8020032","4D7BCuvgdJlYvlX5WlN54t","0.696","0.38","0.0656","0.396","0.125","120.041","-10.289","0.401","5.2e-06","Taylor Swift","06HL4z0CvFAxyc27GXpf02","pop"
"162","162","spotify:track:1aOl53hkZGHkl2Snhr7opL","Dean Lewis","How Do I Say Goodbye","Universal Music Australia Pty. Ltd.","86","163","11","7974277","1aOl53hkZGHkl2Snhr7opL","0.4","0.393","0.0674","0.641","0.0656","81.552","-6.303","0.214","0","Dean Lewis","3QSQFmccmX81fWCUSPTS7y","australian pop,pop"
"163","163","spotify:track:37F7E7BKEw2E4O2L7u0IEp","Freddie Dredd","Limbo","Doomshop Records/RCA Records","158","175","5","7971047","37F7E7BKEw2E4O2L7u0IEp","0.802","0.457","0.459","0.623","0.113","74.987","-5.862","0.0292","0.055","Freddie Dredd","0dlDsD7y6ccmDm8tuWCU6F","aesthetic rap,phonk"
"164","164","spotify:track:1mea3bSkSGXuIRvnydlB5b","Coldplay","Viva La Vida","Parlophone UK","122","162","16","7958467","1mea3bSkSGXuIRvnydlB5b","0.486","0.417","0.0287","0.617","0.109","138.015","-7.115","0.0954","3.23e-06","Coldplay","4gzpq5DPGxSnKTe4SA8HAU","permanent wave,pop"
"165","165","spotify:track:5xlS0QkVrSH7ssEbBgBzbM","The Beach Boys","Little Saint Nick - 1991 Remix","Capitol Records","149","-1","7","7932404","5xlS0QkVrSH7ssEbBgBzbM","0.602","0.971","0.0328","0.553","0.0512","130.594","-9.336","0.108","0","The Beach Boys","3oDbviiivRWhXwIE8hxkVV","adult standards,baroque pop,classic rock,psychedelic rock,rock,sunshine pop"
"166","166","spotify:track:3yfqSUWxFvZELEM4PmlwIR","Eminem","The Real Slim Shady","Interscope","51","156","80","7913493","3yfqSUWxFvZELEM4PmlwIR","0.949","0.76","0.0572","0.661","0.0454","104.504","-4.244","0.0302","0","Eminem","7dGJo4pcD2V6oG8kP0tJRR","detroit hip hop,hip hop,rap"
"167","167","spotify:track:4ASA1PZyWGbuc4d9N8OAcF","Gustavo Mioto, Mari Fernandez","Eu Gosto Assim - Ao Vivo","Universal Music Ltda.","109","191","10","7905361","4ASA1PZyWGbuc4d9N8OAcF","0.636","0.61","0.0439","0.909","0.719","154.189","-3.685","0.149","0","Gustavo Mioto","1X6ORK7IekgmyjV6IFPszP","arrocha,sertanejo,sertanejo pop,sertanejo universitario"
"168","168","spotify:track:3eX0NZfLtGzoLUxPNvRfqm","Taylor Swift","Maroon","Taylor Swift","5","114","8","7897764","3eX0NZfLtGzoLUxPNvRfqm","0.637","0.0374","0.0564","0.398","0.101","108.075","-8.294","0.0573","1.03e-06","Taylor Swift","06HL4z0CvFAxyc27GXpf02","pop"
"169","169","spotify:track:2OQ6a4CfUeYskpTTgyawyJ","Gwen Stefani, Blake Shelton","You Make It Feel Like Christmas (feat. Blake Shelton)","UMGRI Interscope","88","-1","6","7891579","2OQ6a4CfUeYskpTTgyawyJ","0.635","0.912","0.04","0.87","0.118","92.999","-4.291","0.0152","0","Gwen Stefani","4yiQZ8tQPux8cPriYMWUFP","dance pop,pop"
"170","170","spotify:track:75FEaRjZTKLhTrFGsfMUXR","Kate Bush","Running Up That Hill (A Deal With God)","Fish People","1","127","29","7878284","75FEaRjZTKLhTrFGsfMUXR","0.629","0.197","0.055","0.547","0.0604","108.375","-13.123","0.72","0.00314","Kate Bush","1aSxMhuvixZ8h9dK9jIDwL","art pop,art rock,baroque pop,new wave pop,permanent wave,piano rock,singer-songwriter"
"171","171","spotify:track:4h4QlmocP3IuwYEj2j14p8","Nicky Youre, dazy","Sunroof","Thirty Knots/Columbia","28","149","32","7872208","4h4QlmocP3IuwYEj2j14p8","0.768","0.842","0.0401","0.714","0.15","131.443","-5.11","0.352","0","Nicky Youre","7qmpXeNz2ojlMl2EEfkeLs","pop"
"172","172","spotify:track:5TXDeTFVRVY7Cvt0Dw4vWW","XXXTENTACION","Revenge","Bad Vibes Forever / EMPIRE","63","176","42","7865158","5TXDeTFVRVY7Cvt0Dw4vWW","0.746","0.18","0.259","0.251","0.106","139.999","-16.169","0.782","0.00203","XXXTENTACION","15UsOTVnJzReFVN1VCnxy4","emo rap,miami hip hop"
"173","173","spotify:track:3qoftcUZaUOncvIYjFSPdE","Taylor Swift","Bejeweled","Taylor Swift","11","124","8","7861971","3qoftcUZaUOncvIYjFSPdE","0.696","0.433","0.0693","0.559","0.0887","163.999","-9.19","0.0618","5.58e-05","Taylor Swift","06HL4z0CvFAxyc27GXpf02","pop"
"174","174","spotify:track:2Yt4SXIgmoaPZHGdRafp4P","Metro Boomin, 21 Savage, Young Nudy","Umbrella (with 21 Savage & Young Nudy)","Republic Records","48","48","2","7857365","2Yt4SXIgmoaPZHGdRafp4P","0.822","0.389","0.173","0.788","0.359","111.016","-3.634","0.0838","0.000173","Metro Boomin","0iEtIxbK0KxaSlF7G42ZOp","rap"
"175","175","spotify:track:58HvfVOeJY7lUuCqF0m3ly","Elley Duhé","MIDDLE OF THE NIGHT","Not Fit For Society/RCA Records","11","144","51","7848635","58HvfVOeJY7lUuCqF0m3ly","0.41","0.0899","0.0467","0.611","0.116","185.727","-8.271","0.0228","0","Elley Duhé","67MNhiAICFY6Pwc2YxCO0K","alt z,pop"
"176","176","spotify:track:3xWGA8pa0IKFI7IMPri4P0","Ed Sheeran","Shivers","Atlantic Records UK","4","147","66","7842566","3xWGA8pa0IKFI7IMPri4P0","0.788","0.822","0.0856","0.859","0.0424","141.02","-2.724","0.281","0","Ed Sheeran","6eUKZXaKkcviH0Ku9w2n3V","pop,uk pop"
"177","177","spotify:track:5Z9KJZvQzH6PFmb8SNkxuk","Lil Nas X, Jack Harlow","INDUSTRY BABY (feat. Jack Harlow)","Columbia","2","148","73","7836332","5Z9KJZvQzH6PFmb8SNkxuk","0.741","0.892","0.0672","0.691","0.0476","150.087","-7.395","0.0221","0","Lil Nas X","7jVv8c5Fj3E9VhNjxT4snq","lgbtq+ hip hop,pop"
"178","178","spotify:track:0YFqKxV9uNu6LUeYkLOKRS","Metro Boomin, John Legend","On Time (with John Legend)","Republic Records","61","61","2","7832984","0YFqKxV9uNu6LUeYkLOKRS","0.364","0.491","0.0555","0.62","0.429","79.904","-6.638","0.736","0.00225","Metro Boomin","0iEtIxbK0KxaSlF7G42ZOp","rap"
"179","179","spotify:track:46IZ0fSY2mpAiktS3KOqds","Adele","Easy On Me","Columbia","1","150","61","7827620","46IZ0fSY2mpAiktS3KOqds","0.604","0.13","0.0282","0.366","0.133","141.981","-7.519","0.578","0","Adele","4dpARuHxo51G3z768sgnrY","british soul,pop,pop soul,uk pop"
"180","180","spotify:track:0pqnGHJpmpxLKifKRmU6WP","Imagine Dragons","Believer","Kid Ina Korner / Interscope","16","166","306","7796912","0pqnGHJpmpxLKifKRmU6WP","0.776","0.666","0.128","0.78","0.081","124.949","-4.374","0.0622","0","Imagine Dragons","53XhwfbYqKCa1cC15pYq2q","modern rock,rock"
"181","181","spotify:track:2yjlYDiNiQkdxVqTlaSrlX","Nicki Minaj","Super Freaky Girl","Republic Records","14","141","18","7727383","2yjlYDiNiQkdxVqTlaSrlX","0.951","0.923","0.211","0.878","0.321","133.014","-2.565","0.0509","1.61e-05","Nicki Minaj","0hCNtLu0JehylgoiP8L4Gh","dance pop,hip pop,pop,queens hip hop,rap"
"182","182","spotify:track:3tAQNhm1o0kzldsI5QkrB1","Aerosmith","Dream On","Aerosmith P&D - Sony","104","168","6","7721358","3tAQNhm1o0kzldsI5QkrB1","0.393","0.238","0.0255","0.433","0.234","79.588","-10.045","0.39","8.41e-05","Aerosmith","7Ey4PD4MYsKc5I2dolUwbH","album rock,classic rock,hard rock,rock"
"183","183","spotify:track:4tYFy8ALRjIZvnvSLw5lxN","Bad Bunny, Rauw Alejandro","Party","Rimas Entertainment LLC","6","159","32","7707922","4tYFy8ALRjIZvnvSLw5lxN","0.829","0.471","0.0897","0.799","0.242","97.013","-5.389","0.0151","0.000543","Bad Bunny","4q3ewBCX7sLwd24euuV69X","reggaeton,trap latino,urbano latino"
"184","184","spotify:track:59nOXPmaKlBfGMDeOVGrIK","Future, Drake, Tems","WAIT FOR U (feat. Drake & Tems)","Epic/Freebandz","10","157","33","7674824","59nOXPmaKlBfGMDeOVGrIK","0.463","0.339","0.34","0.642","0.0686","83.389","-4.474","0.314","0","Future","1RyvyyTE3xzB2ZywiAwp0i","atl hip hop,rap,southern hip hop,trap"
"185","185","spotify:track:7qEHsqek33rTcFNT9PFqLf","Lewis Capaldi","Someone You Loved","Vertigo Berlin","4","177","206","7655509","7qEHsqek33rTcFNT9PFqLf","0.501","0.446","0.0319","0.405","0.105","109.891","-5.679","0.751","0","Lewis Capaldi","4GNC7GD6oZMSxPGyXy4MNB","pop,uk pop"
"186","186","spotify:track:7fBv7CLKzipRk6EC6TWHOB","The Weeknd","The Hills","Universal Republic Records","52","161","68","7655054","7fBv7CLKzipRk6EC6TWHOB","0.585","0.137","0.0515","0.564","0.135","113.003","-7.063","0.0671","0","The Weeknd","1Xyo4u8uXC1ZmMpatF05PJ","canadian contemporary r&b,canadian pop,pop"
"187","187","spotify:track:3PIDciSFdrQxSQSihim3hN","Mariah Carey","Christmas (Baby Please Come Home)","Columbia","65","194","15","7653720","3PIDciSFdrQxSQSihim3hN","0.561","0.704","0.0317","0.782","0.109","127.148","-7.444","0.022","0","Mariah Carey","4iHNK0tOyZPYnBU7nGAgpQ","dance pop,urban contemporary"
"188","188","spotify:track:7KokYm8cMIXCsGVmUvKtqf","Taylor Swift","Karma","Taylor Swift","8","134","8","7650789","7KokYm8cMIXCsGVmUvKtqf","0.642","0.0969","0.0666","0.62","0.483","90.02","-7.091","0.0734","0","Taylor Swift","06HL4z0CvFAxyc27GXpf02","pop"
"189","189","spotify:track:3QiAAp20rPC3dcAtKtMaqQ","Elvis Presley","Blue Christmas","RCA Victor","59","187","23","7641383","3QiAAp20rPC3dcAtKtMaqQ","0.465","0.58","0.0425","0.27","0.145","94.518","-16.661","0.9","0.00104","Elvis Presley","43ZHCT0cAZBISjO8DG9PnE","rock-and-roll,rockabilly"
"190","190","spotify:track:0tgVpDi06FyKpA1z0VMD4v","Ed Sheeran","Perfect","Atlantic Records UK","4","179","300","7615962","0tgVpDi06FyKpA1z0VMD4v","0.599","0.168","0.0232","0.448","0.106","95.05","-6.312","0.163","0","Ed Sheeran","6eUKZXaKkcviH0Ku9w2n3V","pop,uk pop"
"191","191","spotify:track:5O2P9iiztwhomNh8xkR9lJ","One Direction","Night Changes","Syco Music","108","174","29","7614964","5O2P9iiztwhomNh8xkR9lJ","0.672","0.37","0.0353","0.52","0.115","120.001","-7.747","0.859","0","One Direction","4AK6F7OLvEQ5QYCBNiQWHq","boy band,pop,post-teen pop,talent show"
"192","192","spotify:track:0B7wvvmu9EISAwZnOpjhNI","Bruno Mars","When I Was Your Man","Atlantic Records","161","183","16","7579978","0B7wvvmu9EISAwZnOpjhNI","0.601","0.411","0.0403","0.271","0.144","145.494","-8.688","0.937","0","Bruno Mars","0du5cEVh5yTK9QJze8zA0C","dance pop,pop"
"193","193","spotify:track:5FVd6KXrgO9B3JPmC8OPst","Arctic Monkeys","Do I Wanna Know?","Domino Recording Co","98","178","66","7563913","5FVd6KXrgO9B3JPmC8OPst","0.548","0.405","0.0323","0.532","0.217","85.03","-7.596","0.186","0.000263","Arctic Monkeys","7Ln80lUS6He07XvHI8qqHH","garage rock,modern rock,permanent wave,rock,sheffield indie"
"194","194","spotify:track:0JXXNGljqupsJaZsgSbMZV","Miguel","Sure Thing","Jive","194","-1","1","7534482","0JXXNGljqupsJaZsgSbMZV","0.684","0.498","0.1","0.607","0.191","81.001","-8.127","0.0267","0.000307","Miguel","360IAlyVv4PCEVjgyMZrxK","dance pop,pop,r&b"
"195","195","spotify:track:5gDWsRxpJ2lZAffh5p7K0w","The Weeknd, Lana Del Rey","Stargirl Interlude","Universal Republic Records","131","173","22","7525888","5gDWsRxpJ2lZAffh5p7K0w","0.715","0.426","0.0772","0.47","0.104","89.965","-12.638","0.353","0.0923","The Weeknd","1Xyo4u8uXC1ZmMpatF05PJ","canadian contemporary r&b,canadian pop,pop"
"196","196","spotify:track:2JPLbjOn0wPCngEot2STUS","Bad Bunny","Yonaguni","Rimas Entertainment LLC","3","172","79","7518721","2JPLbjOn0wPCngEot2STUS","0.644","0.44","0.118","0.648","0.135","179.951","-4.601","0.276","0","Bad Bunny","4q3ewBCX7sLwd24euuV69X","reggaeton,trap latino,urbano latino"
"197","197","spotify:track:6a1hzBiTkgqTsDA0Xgfh9z","The Jackson 5","Santa Claus Is Coming To Town","UNI/MOTOWN","59","-1","14","7487205","6a1hzBiTkgqTsDA0Xgfh9z","0.682","0.943","0.0352","0.577","0.0796","147.331","-11.309","0.271","0.000786","The Jackson 5","2iE18Oxc8YSumAU232n4rW","adult standards,motown"
"198","198","spotify:track:5U1OEoEW4xnalSAToamwZL","Lana Del Rey","Did you know that there's a tunnel under Ocean Blvd","Polydor Records","198","-1","1","7477577","5U1OEoEW4xnalSAToamwZL","0.431","0.0529","0.0311","0.34","0.12","119.877","-9.384","0.794","0.0108","Lana Del Rey","00FQb4jTyendYWaN8pK0wa","art pop,pop"
"199","199","spotify:track:6HMtHNpW6YPi1hrw9tgF8P","Lizzo","About Damn Time","Nice Life/Atlantic","9","153","33","7462020","6HMtHNpW6YPi1hrw9tgF8P","0.836","0.723","0.0653","0.743","0.335","108.965","-6.305","0.0974","0","Lizzo","56oDRnqbIiwx4mymNEv7dS","dance pop,escape room,minnesota hip hop,pop,trap queen"
"200","200","spotify:track:086myS9r57YsLbJpU0TgK9","Arctic Monkeys","Why'd You Only Call Me When You're High?","Domino Recording Co","104","188","58","7405220","086myS9r57YsLbJpU0TgK9","0.691","0.8","0.0368","0.631","0.104","92.004","-6.478","0.0483","1.13e-05","Arctic Monkeys","7Ln80lUS6He07XvHI8qqHH","garage rock,modern rock,permanent wave,rock,sheffield indie"
