"","rank","uri","artist_names","track_name","source","peak_rank","previous_rank","weeks_on_chart","streams","id","danceability","valence","speechiness","energy","liveness","tempo","loudness","acousticness","instrumentalness","main_artist","artist.id","genres"
"1","1","spotify:track:4LRPiXqCikLlN15c3yImP7","Harry Styles","As It Was","Columbia","1","1","6","57385688","4LRPiXqCikLlN15c3yImP7","0.52","0.662","0.0557","0.731","0.311","173.93","-5.338","0.342","0.00101","Harry Styles","6KImCVD70vtIoJWnq6nGn3","pop"
"2","2","spotify:track:6Xom58OOXk2SoU711L2IXO","Bad Bunny","Moscow Mule","Rimas Entertainment LLC","2","-1","1","51387060","6Xom58OOXk2SoU711L2IXO","0.804","0.292","0.0333","0.674","0.115","99.968","-5.453","0.294","1.18e-06","Bad Bunny","4q3ewBCX7sLwd24euuV69X","reggaeton,trap latino,urbano latino"
"3","3","spotify:track:6Sq7ltF9Qa7SNFBsV5Cogx","Bad Bunny, Chencho Corleone","Me Porto Bonito","Rimas Entertainment LLC","3","-1","1","38454334","6Sq7ltF9Qa7SNFBsV5Cogx","0.911","0.425","0.0817","0.712","0.0933","92.005","-5.105","0.0901","2.68e-05","Bad Bunny","4q3ewBCX7sLwd24euuV69X","reggaeton,trap latino,urbano latino"
"4","4","spotify:track:3k3NWokhRRkEPhCzPmV8TW","Bad Bunny, Bomba Estéreo","Ojitos Lindos","Rimas Entertainment LLC","4","-1","1","38207348","3k3NWokhRRkEPhCzPmV8TW","0.647","0.268","0.0413","0.686","0.528","79.928","-5.745","0.08","1.34e-06","Bad Bunny","4q3ewBCX7sLwd24euuV69X","reggaeton,trap latino,urbano latino"
"5","5","spotify:track:1IHWl5LamUGEuP4ozKQSXZ","Bad Bunny","Tití Me Preguntó","Rimas Entertainment LLC","5","-1","1","35141825","1IHWl5LamUGEuP4ozKQSXZ","0.65","0.187","0.253","0.715","0.126","106.672","-5.198","0.0993","0.000291","Bad Bunny","4q3ewBCX7sLwd24euuV69X","reggaeton,trap latino,urbano latino"
"6","6","spotify:track:4tYFy8ALRjIZvnvSLw5lxN","Bad Bunny, Rauw Alejandro","Party","Rimas Entertainment LLC","6","-1","1","34175557","4tYFy8ALRjIZvnvSLw5lxN","0.829","0.471","0.0897","0.799","0.242","97.013","-5.389","0.0151","0.000543","Bad Bunny","4q3ewBCX7sLwd24euuV69X","reggaeton,trap latino,urbano latino"
"7","7","spotify:track:1dm6z1fWB0cErMszU25dy2","Bad Bunny","Después de la Playa","Rimas Entertainment LLC","7","-1","1","34102478","1dm6z1fWB0cErMszU25dy2","0.564","0.607","0.307","0.903","0.175","78.293","-3.221","0.356","0","Bad Bunny","4q3ewBCX7sLwd24euuV69X","reggaeton,trap latino,urbano latino"
"8","8","spotify:track:0wHFktze2PHC5jDt3B17DC","Jack Harlow","First Class","Generation Now/Atlantic","2","2","5","33973445","0wHFktze2PHC5jDt3B17DC","0.902","0.332","0.109","0.582","0.111","107.005","-5.902","0.111","3.18e-06","Jack Harlow","2LIk90788K0zvyj2JJVwkJ","deep underground hip hop,kentucky hip hop,pop,rap"
"9","9","spotify:track:41oY4WCTj5kccfesTVFnvN","Bad Bunny, JhayCo","Tarot","Rimas Entertainment LLC","9","-1","1","31952895","41oY4WCTj5kccfesTVFnvN","0.795","0.419","0.0419","0.684","0.658","114.011","-3.971","0.0225","0","Bad Bunny","4q3ewBCX7sLwd24euuV69X","reggaeton,trap latino,urbano latino"
"10","10","spotify:track:5CzixCxDkRXX9mScCmah8O","Bad Bunny","Un Ratito","Rimas Entertainment LLC","10","-1","1","29179148","5CzixCxDkRXX9mScCmah8O","0.787","0.222","0.0532","0.546","0.122","93.05","-7.094","0.305","4.55e-05","Bad Bunny","4q3ewBCX7sLwd24euuV69X","reggaeton,trap latino,urbano latino"
"11","11","spotify:track:5kVZxyMY1gfdCLiChsfjn1","Bad Bunny","Yo No Soy Celoso","Rimas Entertainment LLC","11","-1","1","26785831","5kVZxyMY1gfdCLiChsfjn1","0.872","0.93","0.0492","0.588","0.17","142.004","-6.276","0.275","0","Bad Bunny","4q3ewBCX7sLwd24euuV69X","reggaeton,trap latino,urbano latino"
"12","12","spotify:track:7dSZ6zGTQx66c2GF91xCrb","KAROL G","PROVENZA","UMLE - Latino","6","6","3","26685343","7dSZ6zGTQx66c2GF91xCrb","0.87","0.53","0.0541","0.516","0.11","111.005","-8.006","0.656","0.00823","KAROL G","790FomKkXshlbRYZFtlgla","reggaeton,reggaeton colombiano,urbano latino"
"13","13","spotify:track:02MWAaffLxlfxAUY7c5dvx","Glass Animals","Heat Waves","Polydor Records","1","3","72","25889513","02MWAaffLxlfxAUY7c5dvx","0.761","0.531","0.0944","0.525","0.0921","80.87","-6.9","0.44","6.7e-06","Glass Animals","4yvcSjfu4PC0CYQyLy4wSq","gauze pop,indietronica,shiver pop"
"14","14","spotify:track:28GCbKgjlVD9eDmasGbe0T","Bad Bunny","Me Fui de Vacaciones","Rimas Entertainment LLC","14","-1","1","25735690","28GCbKgjlVD9eDmasGbe0T","0.714","0.434","0.0514","0.645","0.0942","85.046","-5.493","0.229","0.00083","Bad Bunny","4q3ewBCX7sLwd24euuV69X","reggaeton,trap latino,urbano latino"
"15","15","spotify:track:31i56LZnwE6uSu3exoHjtB","Bad Bunny","Neverita","Rimas Entertainment LLC","15","-1","1","24810933","31i56LZnwE6uSu3exoHjtB","0.876","0.428","0.0478","0.498","0.143","122.016","-7.511","0.0706","0","Bad Bunny","4q3ewBCX7sLwd24euuV69X","reggaeton,trap latino,urbano latino"
"16","16","spotify:track:1PckUlxKqWQs3RlWXVBLw3","Lizzo","About Damn Time","Nice Life/Atlantic","16","31","2","24416367","1PckUlxKqWQs3RlWXVBLw3","0.836","0.722","0.0656","0.743","0.335","108.966","-6.305","0.0995","0","Lizzo","56oDRnqbIiwx4mymNEv7dS","dance pop,escape room,minnesota hip hop,pop,trap queen"
"17","17","spotify:track:1797zYiX4cKosMH836X9Gt","Bad Bunny, Tony Dize","La Corriente","Rimas Entertainment LLC","17","-1","1","24143589","1797zYiX4cKosMH836X9Gt","0.663","0.579","0.195","0.786","0.219","196.12","-3.51","0.229","0","Bad Bunny","4q3ewBCX7sLwd24euuV69X","reggaeton,trap latino,urbano latino"
"18","18","spotify:track:5Eax0qFko2dh7Rl2lYs3bx","Bad Bunny","Efecto","Rimas Entertainment LLC","18","-1","1","22990841","5Eax0qFko2dh7Rl2lYs3bx","0.801","0.234","0.0516","0.475","0.0639","98.047","-8.797","0.141","1.73e-05","Bad Bunny","4q3ewBCX7sLwd24euuV69X","reggaeton,trap latino,urbano latino"
"19","19","spotify:track:4d4ZXH4dr5bYfgErHiZCX2","Bad Bunny","Dos Mil 16","Rimas Entertainment LLC","19","-1","1","22964487","4d4ZXH4dr5bYfgErHiZCX2","0.817","0.495","0.0506","0.67","0.128","130.058","-6.534","0.123","1.92e-06","Bad Bunny","4q3ewBCX7sLwd24euuV69X","reggaeton,trap latino,urbano latino"
"20","20","spotify:track:18HOjcvTVV7W8YzBuOsAPS","Bad Bunny","Un Verano Sin Ti","Rimas Entertainment LLC","20","-1","1","22085111","18HOjcvTVV7W8YzBuOsAPS","0.503","0.412","0.0556","0.496","0.123","187.844","-9.123","0.693","0","Bad Bunny","4q3ewBCX7sLwd24euuV69X","reggaeton,trap latino,urbano latino"
"21","21","spotify:track:44XjoNvtwevktFKjvVe1vH","Bad Bunny, Buscabulla","Andrea","Rimas Entertainment LLC","21","-1","1","20944879","44XjoNvtwevktFKjvVe1vH","0.797","0.451","0.375","0.616","0.0979","103.071","-10.229","0.762","0.000293","Bad Bunny","4q3ewBCX7sLwd24euuV69X","reggaeton,trap latino,urbano latino"
"22","22","spotify:track:2uflssWlCaJ6CbTMOsUpNI","Bad Bunny","Aguacero","Rimas Entertainment LLC","22","-1","1","20922222","2uflssWlCaJ6CbTMOsUpNI","0.861","0.668","0.0743","0.645","0.349","121.391","-6.96","0.423","0.000592","Bad Bunny","4q3ewBCX7sLwd24euuV69X","reggaeton,trap latino,urbano latino"
"23","23","spotify:track:5PjdY0CKGZdEuoNab3yDmX","The Kid LAROI, Justin Bieber","STAY (with Justin Bieber)","Columbia","1","4","44","20786223","5PjdY0CKGZdEuoNab3yDmX","0.591","0.478","0.0483","0.764","0.103","169.928","-5.484","0.0383","0","The Kid LAROI","2tIP7SsRs7vjIcLrU85W8J","australian hip hop,pop"
"24","24","spotify:track:0E0DRHf5PfMeor0ZCwB3oT","Bad Bunny, The Marías","Otro Atardecer","Rimas Entertainment LLC","24","-1","1","20727239","0E0DRHf5PfMeor0ZCwB3oT","0.777","0.546","0.0375","0.595","0.0669","108.02","-6.79","0.59","0.00139","Bad Bunny","4q3ewBCX7sLwd24euuV69X","reggaeton,trap latino,urbano latino"
"25","25","spotify:track:6VrQTLzzuyGIYjUDe4kAZk","Bad Bunny","Un Coco","Rimas Entertainment LLC","25","-1","1","20405953","6VrQTLzzuyGIYjUDe4kAZk","0.839","0.744","0.0615","0.69","0.176","151.991","-4.464","0.207","8.33e-06","Bad Bunny","4q3ewBCX7sLwd24euuV69X","reggaeton,trap latino,urbano latino"
"26","26","spotify:track:2DB4DdfCFMw1iaR6JaR03a","Camila Cabello, Ed Sheeran","Bam Bam (feat. Ed Sheeran)","Epic","5","5","10","20257207","2DB4DdfCFMw1iaR6JaR03a","0.756","0.956","0.0401","0.697","0.333","94.996","-6.377","0.182","0","Camila Cabello","4nDoRrQiYLoBzwC5BhVJzF","dance pop,pop,post-teen pop"
"27","27","spotify:track:2NMjggapJcXXM7WccGEBUO","Bad Bunny","Enséñame a Bailar","Rimas Entertainment LLC","27","-1","1","19758937","2NMjggapJcXXM7WccGEBUO","0.81","0.77","0.0846","0.789","0.467","105.009","-5.08","0.191","1.08e-05","Bad Bunny","4q3ewBCX7sLwd24euuV69X","reggaeton,trap latino,urbano latino"
"28","28","spotify:track:0UvZcEfpzVyx47QsRbjyBz","Bad Bunny","El Apagón","Rimas Entertainment LLC","28","-1","1","18620094","0UvZcEfpzVyx47QsRbjyBz","0.629","0.599","0.308","0.698","0.0909","117.765","-4.485","0.0509","0.00166","Bad Bunny","4q3ewBCX7sLwd24euuV69X","reggaeton,trap latino,urbano latino"
"29","29","spotify:track:6JIC3hbC28JZKZ8AlAqX8h","Elton John, Dua Lipa, PNAU","Cold Heart - PNAU Remix","EMI","4","7","39","18099556","6JIC3hbC28JZKZ8AlAqX8h","0.795","0.934","0.0309","0.8","0.0915","116.032","-6.32","0.0354","7.25e-05","Elton John","3PhoLpVuITZKcymswpck5b","glam rock,mellow gold,piano rock"
"30","30","spotify:track:0wihfILRNOwE2156Shezc8","Bad Bunny","Agosto","Rimas Entertainment LLC","30","-1","1","17716688","0wihfILRNOwE2156Shezc8","0.849","0.724","0.115","0.584","0.492","115.018","-8.195","0.0929","6.18e-06","Bad Bunny","4q3ewBCX7sLwd24euuV69X","reggaeton,trap latino,urbano latino"
"31","31","spotify:track:58HvfVOeJY7lUuCqF0m3ly","Elley Duhé","MIDDLE OF THE NIGHT","Not Fit For Society/RCA Records","11","11","20","17463521","58HvfVOeJY7lUuCqF0m3ly","0.41","0.0899","0.0467","0.611","0.116","185.727","-8.271","0.0228","0","Elley Duhé","67MNhiAICFY6Pwc2YxCO0K","alt z,pop"
"32","32","spotify:track:1HhNoOuqm1a5MXYEgAFl8o","Imagine Dragons, JID, Arcane, League of Legends","Enemy (with JID) - from the series Arcane League of Legends","Kid Ina Korner / Interscope","3","8","28","17032657","1HhNoOuqm1a5MXYEgAFl8o","0.728","0.555","0.266","0.783","0.434","77.011","-4.424","0.237","0","Imagine Dragons","53XhwfbYqKCa1cC15pYq2q","modern rock,rock"
"33","33","spotify:track:71wFwRo8xGc4lrcyKwsvba","Bad Bunny, Tainy","Callaita","Rimas Entertainment LLC","7","-1","54","16946832","71wFwRo8xGc4lrcyKwsvba","0.608","0.246","0.301","0.626","0.25","176.086","-4.773","0.597","2.16e-06","Bad Bunny","4q3ewBCX7sLwd24euuV69X","reggaeton,trap latino,urbano latino"
"34","34","spotify:track:5Z9KJZvQzH6PFmb8SNkxuk","Lil Nas X, Jack Harlow","INDUSTRY BABY (feat. Jack Harlow)","Columbia","2","13","42","16786541","5Z9KJZvQzH6PFmb8SNkxuk","0.741","0.892","0.0672","0.691","0.0476","150.087","-7.395","0.0221","0","Lil Nas X","7jVv8c5Fj3E9VhNjxT4snq","lgbtq+ hip hop,pop"
"35","35","spotify:track:1ri9ZUkBJVFUdgwzCnfcYs","Becky G, KAROL G","MAMIII","Kemosabe Records/RCA Records","5","12","13","16193657","1ri9ZUkBJVFUdgwzCnfcYs","0.843","0.899","0.0803","0.7","0.14","93.991","-3.563","0.0934","0","Becky G","4obzFoKoKRHIphyHzJ35G3","dance pop,latin pop,latin viral pop,pop,rap latina,reggaeton"
"36","36","spotify:track:1O2pcBJGej0pmH2Y9XZMs6","Cris Mj","Una Noche en Medellín","Nabru Records LLC","9","9","11","16173181","1O2pcBJGej0pmH2Y9XZMs6","0.87","0.832","0.077","0.548","0.0534","96.018","-5.253","0.0924","4.6e-05","Cris Mj","1Yj5Xey7kTwvZla8sqdsdE","mambo chileno,urbano chileno,urbano latino"
"37","37","spotify:track:0LnS7aOdOdI1dNKZqdOLz4","Jack Harlow","Dua Lipa","Generation Now/Atlantic","37","-1","1","15731952","0LnS7aOdOdI1dNKZqdOLz4","0.833","0.405","0.0762","0.652","0.106","158.022","-6.942","0.00161","0.0985","Jack Harlow","2LIk90788K0zvyj2JJVwkJ","deep underground hip hop,kentucky hip hop,pop,rap"
"38","38","spotify:track:59nOXPmaKlBfGMDeOVGrIK","Future, Drake, Tems","WAIT FOR U (feat. Drake & Tems)","Epic/Freebandz","10","10","2","15716903","59nOXPmaKlBfGMDeOVGrIK","0.463","0.339","0.34","0.642","0.0686","83.389","-4.474","0.314","0","Future","1RyvyyTE3xzB2ZywiAwp0i","atl hip hop,rap,southern hip hop,trap"
"39","39","spotify:track:6I3mqTwhRpn34SLVafSH7G","Justin Bieber","Ghost","RBMG/Def Jam","11","16","34","15714419","6I3mqTwhRpn34SLVafSH7G","0.601","0.441","0.0478","0.741","0.415","153.96","-5.569","0.185","2.91e-05","Justin Bieber","1uNFoZAHBGtllmzznpCI3s","canadian pop,pop"
"40","40","spotify:track:3FkeNbs9Zeiqkr3WkbOiGp","Anitta","Envolver","Warner Records","2","15","10","14941269","3FkeNbs9Zeiqkr3WkbOiGp","0.812","0.396","0.0833","0.736","0.0914","91.993","-5.421","0.152","0.00254","Anitta","7FNnA9vBm6EKceENgCGRMb","funk pop,funk rj,pagode baiano,pop nacional"
"41","41","spotify:track:50nfwKoDiSYg8zOCREWAm5","Ed Sheeran","Shivers","Atlantic Records UK","4","17","35","14494816","50nfwKoDiSYg8zOCREWAm5","0.788","0.822","0.0856","0.859","0.0424","141.02","-2.724","0.281","0","Ed Sheeran","6eUKZXaKkcviH0Ku9w2n3V","pop,uk pop"
"42","42","spotify:track:6mmPpaltUZK7xjNlBPQQ0p","Rauw Alejandro, Chencho Corleone","Desesperados","Sony Music Latin/Duars Entertainment","8","20","22","14040697","6mmPpaltUZK7xjNlBPQQ0p","0.869","0.511","0.0783","0.694","0.0878","90.02","-3.35","0.356","0.00125","Rauw Alejandro","1mcTU81TzQhprhouKaTkpq","puerto rican pop,trap latino,urbano latino"
"43","43","spotify:track:6Uj1ctrBOjOas8xZXGqKk4","Doja Cat","Woman","Kemosabe Records/RCA Records","6","18","44","13972322","6Uj1ctrBOjOas8xZXGqKk4","0.824","0.881","0.0854","0.764","0.117","107.998","-4.175","0.0888","0.00294","Doja Cat","5cj0lLjcoR7YOSnhnX0Po5","dance pop,pop"
"44","44","spotify:track:5MMW4CZsZiZt2iuqAXzzWC","Kendrick Lamar","The Heart Part 5","pgLang/Top Dawg Entertainment/Aftermath/Interscope Records","44","-1","1","13887401","5MMW4CZsZiZt2iuqAXzzWC","0.7","0.801","0.297","0.812","0.0756","97.405","-8.128","0.183","0","Kendrick Lamar","2YZyLoL8N0Wb9xBt1NhZWg","conscious hip hop,hip hop,rap,west coast rap"
"45","45","spotify:track:4fouWK6XVHhzl78KzQ1UjL","GAYLE","abcdefu","Atlantic/Arthouse Records","1","19","26","13783910","4fouWK6XVHhzl78KzQ1UjL","0.695","0.415","0.0493","0.54","0.367","121.932","-5.692","0.299","0","GAYLE","2VSHKHBTiXWplO8lxcnUC9","modern alternative pop"
"46","46","spotify:track:3uUuGVFu1V7jTQL60S1r8z","Lost Frequencies, Calum Scott","Where Are You Now","Epic Amsterdam","18","23","36","13323184","3uUuGVFu1V7jTQL60S1r8z","0.671","0.262","0.103","0.636","0.172","120.966","-8.117","0.515","0.000411","Lost Frequencies","7f5Zgnp2spUuuzKplmRkt7","belgian edm,edm,pop,pop dance,tropical house"
"47","47","spotify:track:4ZtFanR9U6ndgddUvNcjcG","Olivia Rodrigo","good 4 u","Olivia Rodrigo PS","1","24","52","12907155","4ZtFanR9U6ndgddUvNcjcG","0.563","0.688","0.154","0.664","0.0849","166.928","-5.044","0.335","0","Olivia Rodrigo","1McMsnEElThX1knmY4oliG","pop"
"48","48","spotify:track:48AJSd42lXpicsGqcgopof","Daddy Yankee, Bad Bunny","X ÚLTIMA VEZ","Republic Records","18","22","7","12629598","48AJSd42lXpicsGqcgopof","0.812","0.573","0.0554","0.855","0.108","90.04","-3.725","0.0789","0.000167","Daddy Yankee","4VMYDCV2IEDYJArk749S6m","latin hip hop,reggaeton,urbano latino"
"49","49","spotify:track:46IZ0fSY2mpAiktS3KOqds","Adele","Easy On Me","Columbia","1","26","30","12590487","46IZ0fSY2mpAiktS3KOqds","0.604","0.13","0.0282","0.366","0.133","141.981","-7.519","0.578","0","Adele","4dpARuHxo51G3z768sgnrY","british soul,pop,pop soul,uk pop"
"50","50","spotify:track:4d1CG5ei1E2vGbvmgf5KKv","Taylor Swift","This Love (Taylor’s Version)","Taylor Swift","50","-1","1","12562347","4d1CG5ei1E2vGbvmgf5KKv","0.47","0.0524","0.0349","0.494","0.0672","144.039","-8.672","0.302","0","Taylor Swift","06HL4z0CvFAxyc27GXpf02","pop"
"51","51","spotify:track:18asYwWugKjjsihZ0YvRxO","Tiësto, Ava Max","The Motto","Atlantic Records","22","30","27","12443866","18asYwWugKjjsihZ0YvRxO","0.754","0.464","0.0435","0.763","0.0901","117.953","-4.627","0.0301","2.23e-05","Tiësto","2o5jDhtHVPhrJdv3cEQ99Z","big room,brostep,dutch edm,edm,house,pop dance,slap house,trance"
"52","52","spotify:track:3rmo8F54jFF8OgYsqTxm5d","Ed Sheeran","Bad Habits","Atlantic Records UK","3","32","46","12118348","3rmo8F54jFF8OgYsqTxm5d","0.807","0.537","0.0347","0.893","0.366","126.011","-3.745","0.0451","2.79e-05","Ed Sheeran","6eUKZXaKkcviH0Ku9w2n3V","pop,uk pop"
"53","53","spotify:track:0e8nrvls4Qqv5Rfa2UhqmO","Lil Nas X","THATS WHAT I WANT","Columbia","3","27","34","12117799","0e8nrvls4Qqv5Rfa2UhqmO","0.737","0.546","0.22","0.846","0.0486","87.981","-4.51","0.00614","0","Lil Nas X","7jVv8c5Fj3E9VhNjxT4snq","lgbtq+ hip hop,pop"
"54","54","spotify:track:5oH4DQAuu1J1800RzUsBWa","PSY, SUGA","That That (prod. & feat. SUGA of BTS)","P NATION","21","21","2","12099052","5oH4DQAuu1J1800RzUsBWa","0.905","0.906","0.0856","0.962","0.0272","129.969","-3.197","0.0299","0","PSY","2dd5mrQZvg6SmahdgVKDzh","k-pop,k-rap,korean old school hip hop"
"55","55","spotify:track:2B4GHvToeLTOBB4QLzW3Ni","Farruko","Pepas","Sony Music Latin","4","35","44","11806957","2B4GHvToeLTOBB4QLzW3Ni","0.762","0.442","0.0343","0.766","0.128","130.001","-3.955","0.00776","6.98e-05","Farruko","329e4yvIujISKGKz1BZZbO","latin hip hop,reggaeton,trap latino,urbano latino"
"56","56","spotify:track:0y60itmpH0aPKsFiGxmtnh","WILLOW","Wait a Minute!","Roc Nation W Smith P&D","28","28","8","11782016","0y60itmpH0aPKsFiGxmtnh","0.764","0.672","0.0278","0.705","0.0943","101.003","-5.279","0.0371","1.94e-05","WILLOW","3rWZHrfrsPBxVy692yAIxF","afrofuturism,pop,post-teen pop"
"57","57","spotify:track:3EMp20j5E42MxfFbsEsIvD","Jack Harlow, Drake","Churchill Downs (feat. Drake)","Generation Now/Atlantic","57","-1","1","11694583","3EMp20j5E42MxfFbsEsIvD","0.71","0.37","0.36","0.522","0.11","96.448","-9.102","0.615","0","Jack Harlow","2LIk90788K0zvyj2JJVwkJ","deep underground hip hop,kentucky hip hop,pop,rap"
"58","58","spotify:track:1UdzJEpgJxtuXAlCOvD4S0","Danny Ocean","Fuera del mercado","Atlantic Records","22","25","8","11435986","1UdzJEpgJxtuXAlCOvD4S0","0.453","0.266","0.144","0.673","0.131","92.06","-5.649","0.32","0","Danny Ocean","5H1nN1SzW0qNeUEZvuXjAj","latin pop,pop venezolano,reggaeton,urbano latino"
"59","59","spotify:track:7jtQIBanIiJOMS6RyCx6jZ","Tom Odell","Another Love","ITNO/Columbia","29","37","57","11428788","7jtQIBanIiJOMS6RyCx6jZ","0.442","0.139","0.0451","0.538","0.09","122.758","-8.55","0.717","2.95e-05","Tom Odell","2txHhyCwHjUEpJjWrEyqyX","chill pop,pop"
"60","60","spotify:track:6UelLqGlWMcVH1E5c4H7lY","Harry Styles","Watermelon Sugar","Columbia","4","36","130","11386125","6UelLqGlWMcVH1E5c4H7lY","0.548","0.557","0.0465","0.816","0.335","95.39","-4.209","0.122","0","Harry Styles","6KImCVD70vtIoJWnq6nGn3","pop"
"61","61","spotify:track:2rDZhKnPaPG054ExZ6nXUS","Ryan Castro","Jordan","King Records","33","33","11","11295849","2rDZhKnPaPG054ExZ6nXUS","0.796","0.71","0.37","0.68","0.103","179.923","-5.555","0.0575","0.000683","Ryan Castro","7j6DKwmjbxvpQO8h914uEz","reggaeton,trap colombiano,urbano latino"
"62","62","spotify:track:0VjIjW4GlUZAMYd2vXMi3b","The Weeknd","Blinding Lights","Republic Records","1","39","128","11216791","0VjIjW4GlUZAMYd2vXMi3b","0.514","0.334","0.0598","0.73","0.0897","171.005","-5.934","0.00146","9.54e-05","The Weeknd","1Xyo4u8uXC1ZmMpatF05PJ","canadian contemporary r&b,canadian pop,pop"
"63","63","spotify:track:2uky0VCI2EZni0nArOPznM","Bizarrap, Paulo Londra","Paulo Londra: Bzrp Music Sessions, Vol. 23","DALE PLAY Records","14","14","3","10757587","2uky0VCI2EZni0nArOPznM","0.456","0.329","0.136","0.91","0.0921","95.927","-2.659","0.256","0","Bizarrap","716NhGYqD1jl2wI1Qkgq36","argentine hip hop,pop venezolano,trap argentino,trap latino,urbano latino"
"64","64","spotify:track:46HNZY1i7O6jwTA7Slo2PI","Coldplay, BTS","My Universe","Parlophone UK","3","38","33","10708641","46HNZY1i7O6jwTA7Slo2PI","0.573","0.47","0.0406","0.711","0.328","105.006","-6.268","0.0114","0","Coldplay","4gzpq5DPGxSnKTe4SA8HAU","permanent wave,pop"
"65","65","spotify:track:2eAvDnpXP5W0cVtiI0PUxV","Ruth B.","Dandelions","Columbia","34","43","39","10702504","2eAvDnpXP5W0cVtiI0PUxV","0.609","0.454","0.0259","0.692","0.0864","116.959","-2.958","0.0157","0","Ruth B.","2WzaAvm2bBCf4pEhyuDgCY","alt z,canadian contemporary r&b,canadian pop,pop"
"66","66","spotify:track:2QjOHCTQ1Jl3zawyYOpxh6","The Neighbourhood","Sweater Weather","Columbia","29","42","89","10695256","2QjOHCTQ1Jl3zawyYOpxh6","0.612","0.398","0.0336","0.807","0.101","124.053","-2.81","0.0495","0.0177","The Neighbourhood","77SW9BnxLY8rJ0RciFqkHh","modern alternative rock,modern rock,pop,shimmer pop"
"67","67","spotify:track:3AVXwaOGCEL8cmBecfcsFJ","Charlie Puth","Light Switch","Atlantic Records","19","41","16","10663489","3AVXwaOGCEL8cmBecfcsFJ","0.69","0.912","0.306","0.626","0.0881","184.009","-5.693","0.105","0.000335","Charlie Puth","6VuMaDnrHyPL1p4EHjYLi7","dance pop,pop,viral pop"
"68","68","spotify:track:1r8ZCjfrQxoy2wVaBUbpwg","The Kid LAROI","Thousand Miles","Columbia","18","34","3","10601460","1r8ZCjfrQxoy2wVaBUbpwg","0.376","0.203","0.0768","0.657","0.0884","80.565","-4.658","0.0858","0","The Kid LAROI","2tIP7SsRs7vjIcLrU85W8J","australian hip hop,pop"
"69","69","spotify:track:2JPLbjOn0wPCngEot2STUS","Bad Bunny","Yonaguni","Rimas Entertainment LLC","3","53","49","10433436","2JPLbjOn0wPCngEot2STUS","0.644","0.44","0.118","0.648","0.135","179.951","-4.601","0.276","0","Bad Bunny","4q3ewBCX7sLwd24euuV69X","reggaeton,trap latino,urbano latino"
"70","70","spotify:track:59CfNbkERJ3NoTXDvoURjj","Dove Cameron","Boyfriend","Disruptor Records/Columbia","11","44","13","10207883","59CfNbkERJ3NoTXDvoURjj","0.345","0.232","0.0608","0.612","0.194","179.773","-6.543","0.232","0","Dove Cameron","2W8yFh0Ga6Yf3jiayVxwkE","pop,post-teen pop"
"71","71","spotify:track:4gzsuuZypVbxs0Af1LSZyB","Tainy, Bad Bunny, Julieta Venegas","Lo Siento BB:/ (with Bad Bunny & Julieta Venegas)","Neon16","12","46","32","9991700","4gzsuuZypVbxs0Af1LSZyB","0.639","0.138","0.0794","0.703","0.0865","169.888","-6.33","0.0889","1.78e-06","Tainy","0GM7qgcRCORpGnfcN2tCiB","latin hip hop,latin pop,pop reggaeton,reggaeton,reggaeton flow,trap latino,urbano latino"
"72","72","spotify:track:5CZ40GBx1sQ9agT82CLQCT","Olivia Rodrigo","traitor","Olivia Rodrigo PS","7","47","51","9961704","5CZ40GBx1sQ9agT82CLQCT","0.38","0.0849","0.0338","0.339","0.12","100.607","-7.885","0.691","0","Olivia Rodrigo","1McMsnEElThX1knmY4oliG","pop"
"73","73","spotify:track:2DgdHcjWmO3qd50RzuBLgZ","Panic! At The Disco","House of Memories","Decaydance/Fueled By Ramen","64","64","3","9845252","2DgdHcjWmO3qd50RzuBLgZ","0.506","0.506","0.0335","0.817","0.0486","109.952","-5.051","0.00272","0","Panic! At The Disco","20JZFwl6HVl6yg8a4H3ZqK",""
"74","74","spotify:track:0OTNHGKcqQbk51bOYe462Y","Polimá Westcoast, Pailita","ULTRA SOLO","Sony Music Entertainment Chile S.A","68","68","3","9814650","0OTNHGKcqQbk51bOYe462Y","0.802","0.26","0.207","0.846","0.114","109.982","-4.495","0.233","1.92e-05","Polimá Westcoast","768O5GliF0bqscyghggrbE","reggaeton,trap chileno,trap triste,urbano chileno,urbano latino"
"75","75","spotify:track:3DarAbFujv6eYNliUTyqtz","Doja Cat, SZA","Kiss Me More (feat. SZA)","Kemosabe Records/RCA Records","3","50","57","9809101","3DarAbFujv6eYNliUTyqtz","0.764","0.781","0.0284","0.705","0.12","110.97","-3.463","0.259","8.92e-05","Doja Cat","5cj0lLjcoR7YOSnhnX0Po5","dance pop,pop"
"76","76","spotify:track:2XRn6Qu0Wd1KvOND8JbaTx","Luciano","Beautiful Girl","URBAN","59","59","2","9442894","2XRn6Qu0Wd1KvOND8JbaTx","0.839","0.607","0.0935","0.412","0.101","139.901","-8.816","0.287","0.000796","Luciano","3CJKkU0XuElRT1z8rEtIYg","german drill"
"77","77","spotify:track:1SOClUWhOi8vHZYMz3GluK","Jaymes Young","Infinity","Atlantic Records","11","49","28","9410009","1SOClUWhOi8vHZYMz3GluK","0.671","0.494","0.0444","0.673","0.304","121.963","-6.941","0.148","5.29e-05","Jaymes Young","6QrQ7OrISRYIfS5mtacaw2","indie poptimism,modern rock,pop"
"78","78","spotify:track:5nujrmhLynf4yMoMtj8AQF","Dua Lipa, DaBaby","Levitating (feat. DaBaby)","Warner Records","4","57","84","9323701","5nujrmhLynf4yMoMtj8AQF","0.702","0.915","0.0601","0.825","0.0674","102.977","-3.787","0.00883","0","Dua Lipa","6M2wZ9GZgrQXHCFfjv46we","dance pop,pop,uk pop"
"79","79","spotify:track:1ei3hzQmrgealgRKFxIcWn","Benson Boone","In The Stars","Warner Records","54","54","2","9274645","1ei3hzQmrgealgRKFxIcWn","0.362","0.3","0.0528","0.54","0.139","78.007","-6.031","0.338","0","Benson Boone","22wbnEMDvgVIAGdFeek6ET","pop"
"80","80","spotify:track:3Vi5XqYrmQgOYBajMWSvCi","Doja Cat","Need to Know","Kemosabe Records/RCA Records","6","51","48","9249777","3Vi5XqYrmQgOYBajMWSvCi","0.664","0.194","0.0707","0.609","0.0926","130.041","-6.509","0.304","0","Doja Cat","5cj0lLjcoR7YOSnhnX0Po5","dance pop,pop"
"81","81","spotify:track:2KdKh9vHbKW0tZLqtpxxI0","Justin Bieber, Don Toliver","Honest (feat. Don Toliver)","Justin Bieber 2021 PS/ Def Jam","29","29","2","9247288","2KdKh9vHbKW0tZLqtpxxI0","0.81","0.809","0.0698","0.655","0.105","150.002","-6.779","0.127","8.16e-05","Justin Bieber","1uNFoZAHBGtllmzznpCI3s","canadian pop,pop"
"82","82","spotify:track:5wANPM4fQCJwkGd4rN57mH","Olivia Rodrigo","drivers license","Olivia Rodrigo PS","1","55","70","9185077","5wANPM4fQCJwkGd4rN57mH","0.561","0.137","0.0578","0.431","0.106","143.875","-8.81","0.768","1.42e-05","Olivia Rodrigo","1McMsnEElThX1knmY4oliG","pop"
"83","83","spotify:track:4SqWKzw0CbA05TGszDgMlc","The Walters","I Love You So","Warner Records","21","56","31","8927872","4SqWKzw0CbA05TGszDgMlc","0.575","0.466","0.0358","0.648","0.115","75.977","-4.891","0.583","0","The Walters","027TpXKGwdXP7iwbjUSpV8","chicago indie"
"84","84","spotify:track:5QO79kh1waicV47BqGRL3g","The Weeknd","Save Your Tears","Republic Records","2","58","75","8875603","5QO79kh1waicV47BqGRL3g","0.68","0.644","0.0309","0.826","0.543","118.051","-5.487","0.0212","1.24e-05","The Weeknd","1Xyo4u8uXC1ZmMpatF05PJ","canadian contemporary r&b,canadian pop,pop"
"85","85","spotify:track:58ge6dfP91o9oXMzq3XkIS","Arctic Monkeys","505","Domino Recording Co","53","60","19","8677938","58ge6dfP91o9oXMzq3XkIS","0.52","0.234","0.0543","0.852","0.0733","140.267","-5.866","0.00237","5.79e-05","Arctic Monkeys","7Ln80lUS6He07XvHI8qqHH","garage rock,modern rock,permanent wave,rock,sheffield indie"
"86","86","spotify:track:1qMMYpVatbRITKCfq1gasi","Future","PUFFIN ON ZOOTIEZ","Epic/Freebandz","40","40","2","8570591","1qMMYpVatbRITKCfq1gasi","0.883","0.284","0.305","0.657","0.128","124.992","-5.748","0.0603","0","Future","1RyvyyTE3xzB2ZywiAwp0i","atl hip hop,rap,southern hip hop,trap"
"87","87","spotify:track:1oFAF1hdPOickyHgbuRjyX","The Weeknd, Ariana Grande","Save Your Tears (Remix) (with Ariana Grande) - Bonus Track","XO / Republic Records","5","67","55","8433694","1oFAF1hdPOickyHgbuRjyX","0.65","0.593","0.0325","0.825","0.0936","118.091","-4.645","0.0215","2.44e-05","The Weeknd","1Xyo4u8uXC1ZmMpatF05PJ","canadian contemporary r&b,canadian pop,pop"
"88","88","spotify:track:6HU7h9RYOaPRFeh0R3UeAr","Olivia Rodrigo","deja vu","Olivia Rodrigo PS","3","63","58","8393563","6HU7h9RYOaPRFeh0R3UeAr","0.442","0.178","0.112","0.612","0.37","180.917","-7.222","0.584","5.7e-06","Olivia Rodrigo","1McMsnEElThX1knmY4oliG","pop"
"89","89","spotify:track:0HqZX76SFLDz2aW8aiqi7G","Imagine Dragons","Bones","KIDinaKORNER/Interscope Records","56","65","9","8309762","0HqZX76SFLDz2aW8aiqi7G","0.773","0.571","0.046","0.742","0.0754","114.071","-3.678","0.0206","0","Imagine Dragons","53XhwfbYqKCa1cC15pYq2q","modern rock,rock"
"90","90","spotify:track:4RVwu0g32PAqgUiJoXsdF8","Billie Eilish","Happier Than Ever","Darkroom/Interscope Records","6","62","41","8247118","4RVwu0g32PAqgUiJoXsdF8","0.332","0.297","0.0348","0.225","0.128","81.055","-8.697","0.767","0.00349","Billie Eilish","6qqNVTkY8uBg9cP3Jd7DAH","art pop,electropop,pop"
"91","91","spotify:track:2rurDawMfoKP4uHyb2kJBt","Shakira, Rauw Alejandro","Te Felicito","Sony Music Latin","91","172","3","8244560","2rurDawMfoKP4uHyb2kJBt","0.695","0.575","0.317","0.636","0.081","174.14","-4.654","0.234","0","Shakira","0EmeFodog0BfCgMzAIvKQp","colombian pop,dance pop,latin pop"
"92","92","spotify:track:2m6Ko3CY1qXNNja8AlugNc","Troye Sivan","Angel Baby","EMI Recorded Music Australia Pty Ltd","59","69","6","8206777","2m6Ko3CY1qXNNja8AlugNc","0.559","0.338","0.0358","0.559","0.138","72.498","-6.425","0.0145","0","Troye Sivan","3WGpXCj9YhhfX11TToZcXP","australian pop,dance pop,pop,viral pop"
"93","93","spotify:track:1SC5rEoYDGUK4NfG82494W","Lil Nas X","MONTERO (Call Me By Your Name)","Columbia","1","71","59","7976677","1SC5rEoYDGUK4NfG82494W","0.593","0.71","0.22","0.503","0.405","178.781","-6.725","0.293","0","Lil Nas X","7jVv8c5Fj3E9VhNjxT4snq","lgbtq+ hip hop,pop"
"94","94","spotify:track:68Dni7IE4VyPkTOH9mRWHr","J. Cole","No Role Modelz","Roc Nation Records LLC","76","80","42","7906676","68Dni7IE4VyPkTOH9mRWHr","0.69","0.494","0.339","0.521","0.0534","100.028","-8.492","0.324","0","J. Cole","6l3HvQ5sa6mXTsMTB19rO5","conscious hip hop,hip hop,north carolina hip hop,rap"
"95","95","spotify:track:7lQ8MOhq6IN2w8EYcFNSUk","Eminem","Without Me","Aftermath","31","73","33","7885757","7lQ8MOhq6IN2w8EYcFNSUk","0.908","0.662","0.0738","0.669","0.237","112.238","-2.827","0.00286","0","Eminem","7dGJo4pcD2V6oG8kP0tJRR","detroit hip hop,hip hop,rap"
"96","96","spotify:track:20on25jryn53hWghthWWW3","ACRAZE, Cherish","Do It To It","Thrive Music, LLC","9","74","28","7715826","20on25jryn53hWghthWWW3","0.854","0.637","0.0886","0.806","0.0703","124.927","-8.262","0.0209","0.0542","ACRAZE","4pnp4w9g30yLfVIAFnZMRd","covertronica,dance pop,edm,pop dance,tropical house"
"97","97","spotify:track:2gzhQaCTeNgxpeB2TPllyY","Jimin, HA SUNG WOON","With you","Genie Music Corporation, Stone Music Entertainment","32","45","3","7696786","2gzhQaCTeNgxpeB2TPllyY","0.532","0.137","0.0288","0.426","0.134","149.898","-6.117","0.639","0","Jimin","1oSPZhvZMIrWW5I41kPkkY",""
"98","98","spotify:track:5gflgO9EPbIBf16n5TKnQS","Zion & Lennox","Yo Voy (feat. Daddy Yankee)","Baby Records Inc","59","76","12","7691264","5gflgO9EPbIBf16n5TKnQS","0.808","0.554","0.241","0.697","0.0546","95.06","-5.899","0.041","0","Zion & Lennox","21451j1KhjAiaYKflxBjr1","latin hip hop,reggaeton,urbano latino"
"99","99","spotify:track:4MzXwWMhyBbmu6hOcLVD49","Bad Bunny, JhayCo","DÁKITI","Rimas Entertainment LLC","1","82","80","7689462","4MzXwWMhyBbmu6hOcLVD49","0.731","0.145","0.0544","0.573","0.113","109.928","-10.059","0.401","5.22e-05","Bad Bunny","4q3ewBCX7sLwd24euuV69X","reggaeton,trap latino,urbano latino"
"100","100","spotify:track:4r9jkMEnArtWGH2rL2FZl0","Bad Bunny","A Tu Merced","Rimas Entertainment LLC","52","98","26","7683434","4r9jkMEnArtWGH2rL2FZl0","0.86","0.887","0.0568","0.791","0.106","92.023","-4.784","0.169","0.000106","Bad Bunny","4q3ewBCX7sLwd24euuV69X","reggaeton,trap latino,urbano latino"
"101","101","spotify:track:0IuVhCflrQPMGRrOyoY5RW","Tate McRae","she's all i wanna be","RCA Records Label","38","84","14","7591181","0IuVhCflrQPMGRrOyoY5RW","0.614","0.651","0.0426","0.644","0.117","160.036","-5.372","0.0134","7.07e-06","Tate McRae","45dkTj5sMRSjrmBSBeiHym","pop"
"102","102","spotify:track:2gpQi3hbcUAcEG8m2dlgfB","Paulo Londra","Plan A","WEA Latina","4","52","8","7588987","2gpQi3hbcUAcEG8m2dlgfB","0.583","0.557","0.0444","0.834","0.0658","173.935","-4.875","0.0495","0","Paulo Londra","3vQ0GE3mI0dAaxIMYe5g7z","argentine hip hop,trap argentino,trap latino,urbano latino"
"103","103","spotify:track:1Ov37jtRQ2YNAe8HzfczkL","Taylor Swift","Wildest Dreams (Taylor's Version)","Taylor Swift","29","-1","11","7573292","1Ov37jtRQ2YNAe8HzfczkL","0.583","0.498","0.0646","0.67","0.126","140.061","-7.289","0.0374","1e-04","Taylor Swift","06HL4z0CvFAxyc27GXpf02","pop"
"104","104","spotify:track:30W8VKHrAZmHzObnwAoc1u","Mora, Sech","TUS LÁGRIMAS","Rimas Entertainment LLC","93","93","3","7505659","30W8VKHrAZmHzObnwAoc1u","0.683","0.448","0.252","0.714","0.111","173.963","-4.898","0.181","1e-06","Mora","0Q8NcsJwoCbZOHHW63su5S","trap latino,urbano latino"
"105","105","spotify:track:0U1W2LZVUX7qTm7dDpqxh6","Shawn Mendes","When You're Gone","Shawn Mendes LP4-5 PS/ Island","21","75","6","7447056","0U1W2LZVUX7qTm7dDpqxh6","0.603","0.577","0.0372","0.691","0.583","147.148","-5.805","0.0248","0","Shawn Mendes","7n2wHs1TKAczGzO7Dd2rGr","canadian pop,dance pop,pop,viral pop"
"106","106","spotify:track:2K7xn816oNHJZ0aVqdQsha","The Neighbourhood","Softcore","Columbia","35","83","18","7421696","2K7xn816oNHJZ0aVqdQsha","0.575","0.37","0.03","0.568","0.286","93.986","-5.509","0.0484","0.000417","The Neighbourhood","77SW9BnxLY8rJ0RciFqkHh","modern alternative rock,modern rock,pop,shimmer pop"
"107","107","spotify:track:4IaxDf2FixiQXq0mW7key9","Jessi","ZOOM","P NATION","89","89","3","7404755","4IaxDf2FixiQXq0mW7key9","0.874","0.457","0.158","0.6","0.126","100.012","-6.064","0.00942","0","Jessi","64k5e9kV9MdukXjFrR5R37","k-pop"
"108","108","spotify:track:4iJyoBOLtHqaGxP12qzhQI","Justin Bieber, Daniel Caesar, Giveon","Peaches (feat. Daniel Caesar & Giveon)","RBMG/Def Jam","1","78","60","7390241","4iJyoBOLtHqaGxP12qzhQI","0.677","0.464","0.119","0.696","0.42","90.03","-6.181","0.321","0","Justin Bieber","1uNFoZAHBGtllmzznpCI3s","canadian pop,pop"
"109","109","spotify:track:4srcMdbm2qzVG98tJajHxp","Alejo, Feid, ROBI","Pantysito","UMLE - Latino","55","66","8","7367679","4srcMdbm2qzVG98tJajHxp","0.83","0.631","0.0627","0.739","0.162","97.993","-5.395","0.136","2.11e-06","Alejo","50sIhX3HytFEwQXZJLUZQE","reggaeton,urbano latino"
"110","110","spotify:track:7lvDsmTRXFE3dK4OjvRiWB","Shae Gill, Ali Sethi","Pasoori","Giraffe Pakistan","109","109","3","7353113","7lvDsmTRXFE3dK4OjvRiWB","0.714","0.669","0.043","0.596","0.0625","91.991","-6.206","0.0657","0","Shae Gill","3bWIy9AUrQdiNeS62Bp3OP",""
"111","111","spotify:track:0pqnGHJpmpxLKifKRmU6WP","Imagine Dragons","Believer","Kid Ina Korner / Interscope","16","91","275","7312995","0pqnGHJpmpxLKifKRmU6WP","0.776","0.666","0.128","0.78","0.081","124.949","-4.374","0.0622","0","Imagine Dragons","53XhwfbYqKCa1cC15pYq2q","modern rock,rock"
"112","112","spotify:track:0Q5VnK2DYzRyfqQRJuUtvi","IVE","LOVE DIVE","STARSHIP Entertainment","51","77","5","7295173","0Q5VnK2DYzRyfqQRJuUtvi","0.703","0.538","0.0433","0.709","0.333","117.941","-4.169","0.00379","5.43e-05","IVE","6RHTUrRF63xao58xh9FXYJ","k-pop girl group"
"113","113","spotify:track:0u2P5u6lvoDfwTYjAADbn4","Billie Eilish, Khalid","lovely (with Khalid)","Darkroom","24","90","212","7241091","0u2P5u6lvoDfwTYjAADbn4","0.351","0.12","0.0333","0.296","0.095","115.284","-10.109","0.934","0","Billie Eilish","6qqNVTkY8uBg9cP3Jd7DAH","art pop,electropop,pop"
"114","114","spotify:track:1mWdTewIgB3gtBM3TOSFhB","BTS","Butter","BIGHIT MUSIC","2","81","51","7226053","1mWdTewIgB3gtBM3TOSFhB","0.759","0.695","0.0948","0.459","0.0906","109.997","-5.187","0.00323","0","BTS","3Nrfpe0tUJi4K4DXYWgMUX","k-pop,k-pop boy group"
"115","115","spotify:track:3PfIrDoz19wz7qK7tYeu62","Dua Lipa","Don't Start Now","Warner Records","2","94","132","7225404","3PfIrDoz19wz7qK7tYeu62","0.793","0.679","0.083","0.793","0.0951","123.95","-4.521","0.0123","0","Dua Lipa","6M2wZ9GZgrQXHCFfjv46we","dance pop,pop,uk pop"
"116","116","spotify:track:3AJwUDP919kvQ9QcozQPxg","Coldplay","Yellow","Parlophone UK","58","88","73","7151285","3AJwUDP919kvQ9QcozQPxg","0.429","0.285","0.0281","0.661","0.234","173.372","-7.227","0.00239","0.000121","Coldplay","4gzpq5DPGxSnKTe4SA8HAU","permanent wave,pop"
"117","117","spotify:track:6Jkm5kUldvIqxzI1Pa7nXH","Leah Kate","10 Things I Hate About You","Leah Kate, under exclusive license to 10K Projects / MDDN","117","121","3","7147271","6Jkm5kUldvIqxzI1Pa7nXH","0.544","0.446","0.0501","0.786","0.169","153.967","-2.97","0.00991","0","Leah Kate","6oWOHAOyBUn6aJlKIPJK9r","alt z,pop,social media pop"
"118","118","spotify:track:1XGmzt0PVuFgQYYnV2It7A","Maroon 5, Wiz Khalifa","Payphone","Interscope Records*","70","99","21","7066756","1XGmzt0PVuFgQYYnV2It7A","0.743","0.545","0.0414","0.752","0.287","110.015","-4.813","0.0188","0","Maroon 5","04gDigrS5kc9YWfZHwBETP","pop"
"119","119","spotify:track:3yfqSUWxFvZELEM4PmlwIR","Eminem","The Real Slim Shady","Interscope","51","103","49","7065581","3yfqSUWxFvZELEM4PmlwIR","0.949","0.76","0.0572","0.661","0.0454","104.504","-4.244","0.0302","0","Eminem","7dGJo4pcD2V6oG8kP0tJRR","detroit hip hop,hip hop,rap"
"120","120","spotify:track:3Wrjm47oTz2sjIgck11l5e","Måneskin","Beggin'","RCA Records Label","1","100","49","7058948","3Wrjm47oTz2sjIgck11l5e","0.714","0.589","0.0504","0.8","0.359","134.002","-4.808","0.127","0","Måneskin","0lAWpj5szCSwM4rUMHYmrr","indie rock italiano,italian pop"
"121","121","spotify:track:6bQ5823aHmFVKLZW8E7rRo","Duki, De La Ghetto, Quevedo","Si Quieren Frontear","DALE PLAY Records / SSJ Records","67","79","6","7044243","6bQ5823aHmFVKLZW8E7rRo","0.789","0.476","0.23","0.837","0.209","81.536","-3.247","0.125","0","Duki","1bAftSH8umNcGZ0uyV7LMg","argentine hip hop,trap argentino,trap latino,trap triste,urbano latino"
"122","122","spotify:track:3ioJs8DQw527GmqJIp5gZG","Jack Harlow","Nail Tech","Generation Now/Atlantic","36","152","12","7040491","3ioJs8DQw527GmqJIp5gZG","0.677","0.1","0.0694","0.557","0.0984","150.127","-8.409","0.00508","8.36e-06","Jack Harlow","2LIk90788K0zvyj2JJVwkJ","deep underground hip hop,kentucky hip hop,pop,rap"
"123","123","spotify:track:6NHpyYvJyQsg2nXXzGYc2R","Morgan Wallen","Thought You Should Know","Big Loud Records / Republic Records","123","-1","1","7030983","6NHpyYvJyQsg2nXXzGYc2R","0.529","0.514","0.0278","0.695","0.142","139.993","-6.174","0.488","1.24e-05","Morgan Wallen","4oUHIQIBe0LHzYfvXNW4QM","contemporary country"
"124","124","spotify:track:4u7EnebtmKWzUH433cf5Qv","Queen","Bohemian Rhapsody - Remastered 2011","EMI","11","115","189","6906016","4u7EnebtmKWzUH433cf5Qv","0.414","0.224","0.0499","0.404","0.3","71.105","-9.928","0.271","0","Queen","1dfeR4HaWDbWqFHLkxsg1d","classic rock,glam rock,rock"
"125","125","spotify:track:00Blm7zeNqgYLPtW6zg8cj","Post Malone, The Weeknd","One Right Now (with The Weeknd)","Republic Records","9","97","27","6892072","00Blm7zeNqgYLPtW6zg8cj","0.687","0.688","0.053","0.781","0.0755","97.014","-4.806","0.0361","0","Post Malone","246dkjvS1zLTtiykXe5h60","dfw rap,melodic rap,rap"
"126","126","spotify:track:3M214U0mwSm041GsQR3nrO","BoyWithUke","Toxic","Republic Records","23","106","30","6880244","3M214U0mwSm041GsQR3nrO","0.609","0.689","0.311","0.619","0.264","179.71","-5.677","0.749","0","BoyWithUke","1Cd373x8qzC7SNUg5IToqp","sad rap"
"127","127","spotify:track:3rdAz1fbUfZxYgaCviYhRo","Rauw Alejandro","Todo De Ti","Sony Music Latin/Duars Entertainment","2","101","51","6855316","3rdAz1fbUfZxYgaCviYhRo","0.78","0.336","0.0506","0.719","0.0931","127.962","-3.613","0.302","0.000196","Rauw Alejandro","1mcTU81TzQhprhouKaTkpq","puerto rican pop,trap latino,urbano latino"
"128","128","spotify:track:3uwnnTQcHM1rDqSfA4gQNz","Demi Lovato","Cool for the Summer","Hollywood Records","42","92","8","6835137","3uwnnTQcHM1rDqSfA4gQNz","0.583","0.336","0.0382","0.61","0.14","114.06","-5.639","0.00425","0.000105","Demi Lovato","6S2OmqARrzebs0tKUEyXyp","dance pop,pop,post-teen pop"
"129","129","spotify:track:6ylDpki1VpIsc525KC1ojF","Sebastian Yatra","Tacones Rojos","UMLE - Latino","45","105","25","6829950","6ylDpki1VpIsc525KC1ojF","0.746","0.934","0.0359","0.844","0.149","123.014","-3.499","0.062","0","Sebastian Yatra","07YUOmWljBTXwIseAUd9TW","colombian pop,latin pop,reggaeton colombiano"
"130","130","spotify:track:3jjujdWJ72nww5eGnfs2E7","Harry Styles","Adore You","Columbia","6","104","101","6820158","3jjujdWJ72nww5eGnfs2E7","0.676","0.569","0.0483","0.771","0.102","99.048","-3.675","0.0237","7e-06","Harry Styles","6KImCVD70vtIoJWnq6nGn3","pop"
"131","131","spotify:track:6Z165JvPnS8PYvGW8oLGLc","Lauren Spencer Smith","Flowers","Three Name Productions, Inc./ Island Records & Republic Records","70","70","4","6775140","6Z165JvPnS8PYvGW8oLGLc","0.684","0.341","0.611","0.449","0.0881","66.165","-9.738","0.869","0","Lauren Spencer Smith","79AyR6ATpj2LTPxfb6FX50","alt z,gen z singer-songwriter,pop"
"132","132","spotify:track:3GaGWoU1KfVqgl7vnRHP55","C. Tangana","Demasiadas Mujeres","Sony Music Entertainment","71","87","10","6759842","3GaGWoU1KfVqgl7vnRHP55","0.658","0.358","0.39","0.453","0.0848","126.043","-7.378","0.131","2e-04","C. Tangana","5TYxZTjIPqKM8K8NuP9woO","urbano espanol"
"133","133","spotify:track:5QDLhrAOJJdNAmCTJ8xMyW","BTS","Dynamite","BIGHIT MUSIC","2","95","90","6705373","5QDLhrAOJJdNAmCTJ8xMyW","0.746","0.737","0.0993","0.765","0.0936","114.044","-4.41","0.0112","0","BTS","3Nrfpe0tUJi4K4DXYWgMUX","k-pop,k-pop boy group"
"134","134","spotify:track:7qEHsqek33rTcFNT9PFqLf","Lewis Capaldi","Someone You Loved","Vertigo Berlin","4","111","175","6698633","7qEHsqek33rTcFNT9PFqLf","0.501","0.446","0.0319","0.405","0.105","109.891","-5.679","0.751","0","Lewis Capaldi","4GNC7GD6oZMSxPGyXy4MNB","pop,uk pop"
"135","135","spotify:track:1u8c2t2Cy7UBoG4ArRcF5g","Taylor Swift","Blank Space","Big Machine Records, LLC","113","114","27","6671952","1u8c2t2Cy7UBoG4ArRcF5g","0.76","0.57","0.054","0.703","0.0913","95.997","-5.412","0.103","0","Taylor Swift","06HL4z0CvFAxyc27GXpf02","pop"
"136","136","spotify:track:0RiRZpuVRbi7oqRdSMwhQY","Post Malone, Swae Lee","Sunflower - Spider-Man: Into the Spider-Verse","Republic Records","1","110","186","6656899","0RiRZpuVRbi7oqRdSMwhQY","0.755","0.925","0.0575","0.522","0.0685","89.96","-4.368","0.533","0","Post Malone","246dkjvS1zLTtiykXe5h60","dfw rap,melodic rap,rap"
"137","137","spotify:track:2tpWsVSb9UEmDRxAl1zhX1","OneRepublic","Counting Stars","Mosley / Interscope","101","108","61","6631929","2tpWsVSb9UEmDRxAl1zhX1","0.664","0.477","0.0382","0.705","0.118","122.016","-4.972","0.0654","0","OneRepublic","5Pwc4xIPtQLFEnJriah9YJ","piano rock,pop"
"138","138","spotify:track:2J2Z1SkXYghSajLibnQHOa","Sia","Unstoppable","Monkey Puzzle Records/RCA Records","107","120","13","6625105","2J2Z1SkXYghSajLibnQHOa","0.468","0.26","0.0779","0.779","0.101","173.799","-4.839","0.112","0.000373","Sia","5WUlDfRSoLAfcVSX1WnrxN","australian dance,australian pop,dance pop,pop"
"139","139","spotify:track:6lX6l7OuA3qrnIRfdsr0dw","Blessd, Justin Quiles, Lenny Tavárez","Medallo","WEA Latina","48","72","25","6511428","6lX6l7OuA3qrnIRfdsr0dw","0.787","0.791","0.0768","0.7","0.663","90.02","-4.598","0.568","0.00051","Blessd","1TA5sGRlKUJXBN4ZyJuDIX","reggaeton,urbano latino"
"140","140","spotify:track:0gucTLf7trAf37Ua1uAyAu","Nirvana","Smells Like Teen Spirit","Geffen","103","118","70","6434949","0gucTLf7trAf37Ua1uAyAu","0.489","0.691","0.0554","0.918","0.0908","116.731","-4.502","3.53e-05","7.64e-05","Nirvana","6olE6TJLqED3rqDCT0FyPh","grunge,permanent wave,rock"
"141","141","spotify:track:2Xr1dTzJee307rmrkt8c0g","CKay","love nwantiti (ah ah ah)","Chocolate City Music","9","116","35","6434147","2Xr1dTzJee307rmrkt8c0g","0.727","0.533","0.0411","0.739","0.161","93.005","-3.805","0.365","0.00137","CKay","048LktY5zMnakWq7PTtFrz","afro r&b"
"142","142","spotify:track:0fea68AdmYNygeTGI4RC18","J Balvin, Bad Bunny","LA CANCIÓN","Universal Music Latino / Rimas","17","112","71","6433312","0fea68AdmYNygeTGI4RC18","0.754","0.429","0.317","0.646","0.108","176.089","-5.795","0.152","1.85e-05","J Balvin","1vyhD5VmyZ7KMfW5gqLgo5","reggaeton,reggaeton colombiano,urbano latino"
"143","143","spotify:track:37y7iDayfwm3WXn5BiAoRk","Steve Lacy","Dark Red","Three Quarter","66","107","40","6427853","37y7iDayfwm3WXn5BiAoRk","0.603","0.775","0.062","0.783","0.119","172.041","-4.023","0.449","7.96e-06","Steve Lacy","57vWImR43h4CaDao012Ofp","afrofuturism"
"144","144","spotify:track:1v7L65Lzy0j0vdpRjJewt1","Eminem","Lose Yourself - From ""8 Mile"" Soundtrack","Aftermath","44","122","73","6426657","1v7L65Lzy0j0vdpRjJewt1","0.686","0.0596","0.264","0.735","0.342","171.355","-4.616","0.00921","0.00066","Eminem","7dGJo4pcD2V6oG8kP0tJRR","detroit hip hop,hip hop,rap"
"145","145","spotify:track:7qiZfU4dY1lWllzX7mPBI3","Ed Sheeran","Shape of You","Atlantic Records UK","1","126","276","6380406","7qiZfU4dY1lWllzX7mPBI3","0.825","0.931","0.0802","0.652","0.0931","95.977","-3.183","0.581","0","Ed Sheeran","6eUKZXaKkcviH0Ku9w2n3V","pop,uk pop"
"146","146","spotify:track:5g7sDjBhZ4I3gcFIpkrLuI","Bruno Mars","Locked out of Heaven","Atlantic Records","106","124","19","6321927","5g7sDjBhZ4I3gcFIpkrLuI","0.728","0.87","0.0456","0.697","0.282","143.986","-4.125","0.0556","0","Bruno Mars","0du5cEVh5yTK9QJze8zA0C","dance pop,pop"
"147","147","spotify:track:1HvTxgCj0mTzQlEo0zLvFb","Lil Tjay","In My Head","Columbia","30","96","6","6317337","1HvTxgCj0mTzQlEo0zLvFb","0.684","0.407","0.121","0.545","0.102","143.049","-6.885","0.159","0","Lil Tjay","6jGMq4yGs7aQzuGsMgVgZR","brooklyn drill,melodic rap,nyc rap"
"148","148","spotify:track:5TMLavqGRKNxgzMBrVpC9R","zzoilo, Aitana","Mon Amour - Remix","Universal Music Spain S.L.","34","102","36","6293683","5TMLavqGRKNxgzMBrVpC9R","0.748","0.362","0.102","0.761","0.0984","116.041","-6.621","0.122","6.56e-06","zzoilo","7c53ZFyajVMTo08HmvoB6b",""
"149","149","spotify:track:7mFj0LlWtEJaEigguaWqYh","Megan Thee Stallion, Dua Lipa","Sweetest Pie","300 Entertainment","17","133","9","6250728","7mFj0LlWtEJaEigguaWqYh","0.814","0.677","0.221","0.628","0.101","123.977","-7.178","0.167","0","Megan Thee Stallion","181bsRPaVXVlUKXrxwZfHK","dance pop,houston rap,pop,rap,trap queen"
"150","150","spotify:track:6Qyc6fS4DsZjB2mRW9DsQs","The Goo Goo Dolls","Iris","Warner Records","150","168","2","6231128","6Qyc6fS4DsZjB2mRW9DsQs","0.315","0.497","0.0362","0.715","0.0942","155.925","-8.072","0.00125","7.97e-06","The Goo Goo Dolls","2sil8z5kiy4r76CRTXxBCA","neo mellow,permanent wave,pop rock"
"151","151","spotify:track:3GZD6HmiNUhxXYf8Gch723","Frank Ocean","Lost","Red Zone Entertainment / IDJ","50","117","17","6178649","3GZD6HmiNUhxXYf8Gch723","0.913","0.497","0.226","0.603","0.167","123.061","-4.892","0.0272","0.000503","Frank Ocean","2h93pZq0e7k5yf4dywlkpM","hip hop,lgbtq+ hip hop,neo soul"
"152","152","spotify:track:2vmfvSoZBFAt9hhRoEByLi","Aventura, Bad Bunny","Volví","Rimas Entertainment LLC","10","138","41","6163625","2vmfvSoZBFAt9hhRoEByLi","0.725","0.791","0.182","0.86","0.0674","175.896","-3.726","0.422","0.000284","Aventura","1qto4hHid1P71emI6Fd8xi","bachata,bachata dominicana,latin hip hop,latin pop,tropical,urbano latino"
"153","153","spotify:track:3sa06xVNmLLYIxdNNmVQN8","Jax Jones, MNEK","Where Did You Go? (feat. MNEK)","Polydor Records","153","165","4","6159996","3sa06xVNmLLYIxdNNmVQN8","0.763","0.502","0.0346","0.782","0.293","127.034","-4.541","0.182","7.08e-06","Jax Jones","4Q6nIcaBED8qUel8bBx6Cr","dance pop,edm,electro house,house,pop,pop dance,pop rap,tropical house,uk dance"
"154","154","spotify:track:0k4d5YPDr1r7FX77VdqWez","Doja Cat, The Weeknd","You Right","Kemosabe Records/RCA Records","15","125","46","6137921","0k4d5YPDr1r7FX77VdqWez","0.828","0.436","0.0565","0.621","0.0845","128.986","-6.414","0.0164","0.00233","Doja Cat","5cj0lLjcoR7YOSnhnX0Po5","dance pop,pop"
"155","155","spotify:track:6wyhUr4Xw8z5uSy0AhoZfU","Future, Drake","I'M ON ONE (feat. Drake)","Epic/Freebandz","48","48","2","6120424","6wyhUr4Xw8z5uSy0AhoZfU","0.773","0.113","0.0568","0.707","0.296","76.977","-5.71","0.0103","1.04e-05","Future","1RyvyyTE3xzB2ZywiAwp0i","atl hip hop,rap,southern hip hop,trap"
"156","156","spotify:track:7yq4Qj7cqayVTp3FF9CWbm","Vance Joy","Riptide","F-Stop Records/Atlantic","122","145","71","6044362","7yq4Qj7cqayVTp3FF9CWbm","0.484","0.51","0.0379","0.731","0.151","101.654","-6.694","0.431","0","Vance Joy","10exVja0key0uqUkk6LJRT","folk-pop,pop"
"157","157","spotify:track:2LBqCSwhJGcFQeTHMVGwy3","The Weeknd","Die For You","Universal Republic Records","150","150","13","6021421","2LBqCSwhJGcFQeTHMVGwy3","0.586","0.508","0.0615","0.525","0.134","133.629","-7.163","0.111","0","The Weeknd","1Xyo4u8uXC1ZmMpatF05PJ","canadian contemporary r&b,canadian pop,pop"
"158","158","spotify:track:75UMtPC77vqKRwfSuYuNPO","Kevin Kaarl","San Lucas","Kevin Kaarl","149","149","3","6008187","75UMtPC77vqKRwfSuYuNPO","0.577","0.265","0.0263","0.363","0.0868","91.511","-12.378","0.86","0.000282","Kevin Kaarl","6OBGbSaBUvQtk9wpQfDbOE","indie triste"
"159","159","spotify:track:7IBLt4Qarf4JDLxIQDv2O5","A$AP Rocky","D.M.B.","A$AP Worldwide/Polo Grounds Music/RCA Records","159","-1","1","6006747","7IBLt4Qarf4JDLxIQDv2O5","0.727","0.392","0.338","0.616","0.482","140.014","-8.487","0.542","4.47e-06","A$AP Rocky","13ubrt8QOOCPljQ2FL1Kca","east coast hip hop,hip hop,rap,trap"
"160","160","spotify:track:2tGvwE8GcFKwNdAXMnlbfl","Olivia Rodrigo","happier","Olivia Rodrigo PS","12","144","51","6006129","2tGvwE8GcFKwNdAXMnlbfl","0.395","0.338","0.133","0.443","0.0839","168.924","-9.72","0.765","9.67e-06","Olivia Rodrigo","1McMsnEElThX1knmY4oliG","pop"
"161","161","spotify:track:69vlMrzHwATKzupwNcUPyK","Bad Bunny, Daddy Yankee","La Santa","Rimas Entertainment LLC","14","136","30","6002734","69vlMrzHwATKzupwNcUPyK","0.744","0.586","0.047","0.868","0.0822","93.037","-4.524","0.0326","0","Bad Bunny","4q3ewBCX7sLwd24euuV69X","reggaeton,trap latino,urbano latino"
"162","162","spotify:track:0ct6r3EGTcMLPtrXHDvVjc","Avicii","The Nights","Universal Music AB","44","140","61","5989496","0ct6r3EGTcMLPtrXHDvVjc","0.527","0.654","0.0433","0.835","0.249","125.983","-5.298","0.0166","0","Avicii","1vCWHaC5f2uS3yhpwWbIA6","dance pop,edm,pop,pop dance,pop rap"
"163","163","spotify:track:0tgVpDi06FyKpA1z0VMD4v","Ed Sheeran","Perfect","Atlantic Records UK","4","151","269","5973173","0tgVpDi06FyKpA1z0VMD4v","0.599","0.168","0.0232","0.448","0.106","95.05","-6.312","0.163","0","Ed Sheeran","6eUKZXaKkcviH0Ku9w2n3V","pop,uk pop"
"164","164","spotify:track:2UN0lp72LAusrXi8LLVomt","Ed Sheeran, Lil Baby","2step (feat. Lil Baby)","Atlantic Records UK","131","137","3","5971778","2UN0lp72LAusrXi8LLVomt","0.693","0.477","0.0828","0.643","0.108","95.055","-5.867","0.138","0","Ed Sheeran","6eUKZXaKkcviH0Ku9w2n3V","pop,uk pop"
"165","165","spotify:track:5TXDeTFVRVY7Cvt0Dw4vWW","XXXTENTACION","Revenge","Bad Vibes Forever / EMPIRE","63","130","19","5957487","5TXDeTFVRVY7Cvt0Dw4vWW","0.746","0.18","0.259","0.251","0.106","139.999","-16.169","0.782","0.00203","XXXTENTACION","15UsOTVnJzReFVN1VCnxy4","emo rap,miami hip hop"
"166","166","spotify:track:003vvx7Niy0yvhvHt4a68B","The Killers","Mr. Brightside","Island Records","98","129","94","5952865","003vvx7Niy0yvhvHt4a68B","0.352","0.236","0.0747","0.911","0.0995","148.033","-5.23","0.00121","0","The Killers","0C0XlULifJtAgn6ZNCW2eu","alternative rock,dance rock,modern rock,permanent wave,rock"
"167","167","spotify:track:296nXCOv97WJNRWzIBQnoj","LE SSERAFIM","FEARLESS","SOURCE MUSIC","167","-1","1","5935074","296nXCOv97WJNRWzIBQnoj","0.863","0.432","0.135","0.62","0.129","103.971","-7.167","0.0508","0.00324","LE SSERAFIM","4SpbR6yFEvexJuaBpgAU5p",""
"168","168","spotify:track:1DIXPcTDzTj8ZMHt3PDt8p","Coolio, L.V.","Gangsta's Paradise","Tommy Boy Music, LLC","116","147","29","5924976","1DIXPcTDzTj8ZMHt3PDt8p","0.647","0.386","0.0593","0.514","0.398","79.975","-10.05","0.0655","0","Coolio","3y24n3XhZ96wgwRXjvS17T","g funk,gangster rap,hip hop,rap,west coast rap"
"169","169","spotify:track:1zi7xx7UVEFkmKfv06H8x0","Drake, Wizkid, Kyla","One Dance","Cash Money Records/Young Money Ent./Universal Rec.","12","159","127","5922966","1zi7xx7UVEFkmKfv06H8x0","0.792","0.37","0.0536","0.625","0.329","103.967","-5.609","0.00776","0.0018","Drake","3TVXtAsR1Inumwj472S9r4","canadian hip hop,canadian pop,hip hop,rap,toronto rap"
"170","170","spotify:track:4h4QlmocP3IuwYEj2j14p8","Nicky Youre, dazy","Sunroof","Thirty Knots/Columbia","170","-1","1","5917041","4h4QlmocP3IuwYEj2j14p8","0.768","0.842","0.0401","0.714","0.15","131.443","-5.11","0.352","0","Nicky Youre","7qmpXeNz2ojlMl2EEfkeLs","pop"
"171","171","spotify:track:02VBYrHfVwfEWXk5DXyf0T","Bruno Mars, Anderson .Paak, Silk Sonic","Leave The Door Open","Aftermath Entertainment/Atlantic","5","128","62","5892941","02VBYrHfVwfEWXk5DXyf0T","0.586","0.719","0.0324","0.616","0.0927","148.088","-7.964","0.182","0","Bruno Mars","0du5cEVh5yTK9QJze8zA0C","dance pop,pop"
"172","172","spotify:track:0zCgWGmDF0aih5qexATyBn","Mr.Kitty","After Dark","Juggernaut Music Group","163","163","4","5891238","0zCgWGmDF0aih5qexATyBn","0.579","0.0392","0.0322","0.601","0.0778","140.019","-10.492","0.0673","0.414","Mr.Kitty","0pWwt5vGNzezEhfAcc420Y","weirdcore"
"173","173","spotify:track:5E30LdtzQTGqRvNd7l6kG5","The Neighbourhood","Daddy Issues","Columbia","99","142","83","5875522","5E30LdtzQTGqRvNd7l6kG5","0.588","0.337","0.0329","0.521","0.123","85.012","-9.461","0.0678","0.149","The Neighbourhood","77SW9BnxLY8rJ0RciFqkHh","modern alternative rock,modern rock,pop,shimmer pop"
"174","174","spotify:track:4xqrdfXkTW4T0RauPLv3WA","Conan Gray","Heather","Republic Records","12","148","94","5851326","4xqrdfXkTW4T0RauPLv3WA","0.357","0.27","0.0333","0.425","0.322","102.078","-7.301","0.584","0","Conan Gray","4Uc8Dsxct0oMqx0P6i60ea","bedroom pop,pop"
"175","175","spotify:track:0oWraSo5ASJ0h1BEagTyEw","Lady Gaga","Hold My Hand","Interscope Records","175","-1","1","5829538","0oWraSo5ASJ0h1BEagTyEw","0.519","0.222","0.0313","0.617","0.401","147.708","-4.287","0.0387","0","Lady Gaga","1HY2Jd0NmPuamShAr6KMms","art pop,dance pop,pop"
"176","176","spotify:track:2WL6GQzPuK9Nrpy9XwNEbz","Nirvana","Something In The Way","Geffen","19","119","10","5825481","2WL6GQzPuK9Nrpy9XwNEbz","0.426","0.0643","0.0291","0.225","0.11","104.506","-12.422","0.823","0.367","Nirvana","6olE6TJLqED3rqDCT0FyPh","grunge,permanent wave,rock"
"177","177","spotify:track:1ZMiCix7XSAbfAJlEZWMCp","Harry Styles","Falling","Columbia","29","135","86","5804088","1ZMiCix7XSAbfAJlEZWMCp","0.567","0.0592","0.0299","0.267","0.089","110.011","-6.502","0.839","1.46e-06","Harry Styles","6KImCVD70vtIoJWnq6nGn3","pop"
"178","178","spotify:track:7JJmb5XwzOO8jgpou264Ml","Shawn Mendes","There's Nothing Holdin' Me Back","Island Records","5","146","64","5756909","7JJmb5XwzOO8jgpou264Ml","0.866","0.969","0.0554","0.813","0.0779","121.998","-4.063","0.38","0","Shawn Mendes","7n2wHs1TKAczGzO7Dd2rGr","canadian pop,dance pop,pop,viral pop"
"179","179","spotify:track:4xkOaSrkexMciUUogZKVTS","Eminem, Nate Dogg","Till I Collapse","Aftermath","81","170","46","5749036","4xkOaSrkexMciUUogZKVTS","0.548","0.1","0.186","0.847","0.0816","171.447","-3.237","0.0622","0","Eminem","7dGJo4pcD2V6oG8kP0tJRR","detroit hip hop,hip hop,rap"
"180","180","spotify:track:5JCoSi02qi3jJeHdZXMmR8","Olivia Rodrigo","favorite crime","Olivia Rodrigo PS","11","160","46","5746857","5JCoSi02qi3jJeHdZXMmR8","0.369","0.218","0.0364","0.272","0.147","172.929","-10.497","0.866","0","Olivia Rodrigo","1McMsnEElThX1knmY4oliG","pop"
"181","181","spotify:track:0T5iIrXA4p5GsubkhuBIKV","Stephen Sanchez","Until I Found You","Republic Records","181","-1","1","5738325","0T5iIrXA4p5GsubkhuBIKV","0.539","0.227","0.0288","0.508","0.174","101.358","-6.05","0.727","0","Stephen Sanchez","5XKFrudbV4IiuE5WuTPRmT","gen z singer-songwriter,pop"
"182","182","spotify:track:0MMyJUC3WNnFS1lit5pTjk","Olivia Rodrigo","jealousy, jealousy","Olivia Rodrigo PS","17","153","35","5737235","0MMyJUC3WNnFS1lit5pTjk","0.695","0.699","0.116","0.575","0.0614","163.929","-6.334","0.198","0","Olivia Rodrigo","1McMsnEElThX1knmY4oliG","pop"
"183","183","spotify:track:503OTo2dSqe7qk76rgsbep","Dr. Dre, Snoop Dogg","Still D.R.E.","Aftermath","29","158","13","5713453","503OTo2dSqe7qk76rgsbep","0.816","0.527","0.234","0.775","0.0543","93.431","-3.323","0.16","0.00031","Dr. Dre","6DPYiyq5kWVQS4RGwxzPC7","g funk,gangster rap,hip hop,rap,west coast rap"
"184","184","spotify:track:0nrRP2bk19rLc0orkWPQk2","Avicii","Wake Me Up","Universal Music AB","13","161","75","5706487","0nrRP2bk19rLc0orkWPQk2","0.532","0.643","0.0523","0.783","0.161","124.08","-5.697","0.0038","0.0012","Avicii","1vCWHaC5f2uS3yhpwWbIA6","dance pop,edm,pop,pop dance,pop rap"
"185","185","spotify:track:3Kkjo3cT83cw09VJyrLNwX","Adele","Oh My God","Columbia","3","123","25","5703237","3Kkjo3cT83cw09VJyrLNwX","0.534","0.55","0.046","0.725","0.0264","88.098","-3.906","0.091","0","Adele","4dpARuHxo51G3z768sgnrY","british soul,pop,pop soul,uk pop"
"186","186","spotify:track:6bTdZ7xfKp3NqqADJ8HLyj","Matuê, WIU, Teto","Vampiro","Sony Music Entertainment","82","167","5","5685032","6bTdZ7xfKp3NqqADJ8HLyj","0.782","0.627","0.0438","0.643","0.0654","114.994","-4.956","0.0136","0","Matuê","5nP8x4uEFjAAmDzwOEc9b8","r&b brasileiro,rap cearense,trap brasileiro"
"187","187","spotify:track:7Bot6AB2dsvZEyqzUL8AUH","Jack Harlow","I'd Do Anything To Make You Smile","Generation Now/Atlantic","187","-1","1","5680657","7Bot6AB2dsvZEyqzUL8AUH","0.832","0.253","0.05","0.522","0.377","150.044","-7.244","0.012","0.079","Jack Harlow","2LIk90788K0zvyj2JJVwkJ","deep underground hip hop,kentucky hip hop,pop,rap"
"188","188","spotify:track:4QWumyD2uwiePBBha9XBHI","Felipe Amorim","No Ouvidinho","One Play","135","156","5","5665000","4QWumyD2uwiePBBha9XBHI","0.885","0.84","0.0394","0.834","0.0865","124.018","-3.374","0.403","3.22e-05","Felipe Amorim","3CIIaeZuFYrAD6PRVyuO4U","arrocha,arrochadeira"
"189","189","spotify:track:0oA9wBGDY4uyILLg4GymWP","AnnenMayKantereit, Giant Rooks","Tom's Diner","Vertigo Berlin","65","154","8","5663563","0oA9wBGDY4uyILLg4GymWP","0.68","0.334","0.135","0.428","0.355","98.222","-8.107","0.376","0.000344","AnnenMayKantereit","23xqmJEN3oVxwzqtNIyR5m","cologne indie,german singer-songwriter"
"190","190","spotify:track:2N8m6CYs74qQO4mjVcXO30","Tones And I","Dance Monkey","Elektra (NEK)","1","181","147","5660670","2N8m6CYs74qQO4mjVcXO30","0.824","0.514","0.0937","0.587","0.149","98.029","-6.401","0.69","0.000105","Tones And I","2NjfBq1NflQcKSeiDooVjY","australian pop,dance pop,pop"
"191","191","spotify:track:21jGcNKet2qwijlDFuPiPb","Post Malone","Circles","Republic Records","1","171","141","5660381","21jGcNKet2qwijlDFuPiPb","0.695","0.553","0.0395","0.762","0.0863","120.042","-3.497","0.192","0.00244","Post Malone","246dkjvS1zLTtiykXe5h60","dfw rap,melodic rap,rap"
"192","192","spotify:track:531KGXtBroSrOX9LVmiIgc","Dave","Starlight","Dave / Neighbourhood Recordings","44","113","10","5658220","531KGXtBroSrOX9LVmiIgc","0.954","0.372","0.288","0.367","0.0979","124.026","-9.551","0.341","5.48e-06","Dave","6Ip8FS7vWT1uKkJSweANQK","uk hip hop"
"193","193","spotify:track:3dYD57lRAUcMHufyqn9GcI","Hozier","Take Me To Church","Universal-Island Records Ltd.","108","174","82","5642773","3dYD57lRAUcMHufyqn9GcI","0.566","0.437","0.0464","0.664","0.116","128.945","-5.303","0.634","0","Hozier","2FXC3k01G6Gw61bmprjgqS","irish singer-songwriter,pop"
"194","194","spotify:track:0bI7K9Becu2dtXK1Q3cZNB","Tiësto, KAROL G","Don't Be Shy","Atlantic Records","38","185","39","5631204","0bI7K9Becu2dtXK1Q3cZNB","0.77","0.513","0.0583","0.787","0.262","119.986","-3.748","0.198","0","Tiësto","2o5jDhtHVPhrJdv3cEQ99Z","big room,brostep,dutch edm,edm,house,pop dance,slap house,trance"
"195","195","spotify:track:7EkWXAI1wn8Ii883ecd9xr","Surf Curse","Freaks","Surf Curse","55","162","54","5628231","7EkWXAI1wn8Ii883ecd9xr","0.345","0.407","0.0466","0.941","0.0511","179.626","-9.918","3.84e-05","0.633","Surf Curse","1gl0S9pS0Zw0qfa14rDD3D","dreamo,indie surf,surf punk,vegas indie"
"196","196","spotify:track:52xJxFP6TqMuO4Yt0eOkMz","Carolina Gaitán - La Gaita, Mauro Castillo, Adassa, Rhenzy Feliz, Diane Guerrero, Stephanie Beatriz, Encanto - Cast","We Don't Talk About Bruno","Walt Disney Records","8","134","20","5622835","52xJxFP6TqMuO4Yt0eOkMz","0.577","0.83","0.0834","0.45","0.111","205.863","-8.516","0.357","0","Carolina Gaitán - La Gaita","29PgYEggDV3cDP9QYTogwv","latin viral pop"
"197","197","spotify:track:3sd2p4kE7xQmFH3lPnFl6h","Davi Kneip, Mc Frog, Dj Gabriel do Borel, Luísa Sonza","sentaDONA (Remix) s2","Davi Kneip","48","157","8","5600041","3sd2p4kE7xQmFH3lPnFl6h","0.925","0.771","0.273","0.454","0.128","135.02","-3.533","0.252","4.19e-06","Davi Kneip","6rygauyIMQJrXRC4e5rQJP","deboxe,funk bh,funk carioca,funk consciente,funk mtg"
"198","198","spotify:track:6RUKPb4LETWmmr3iAEQktW","The Chainsmokers, Coldplay","Something Just Like This","Disruptor Records/Columbia","2","182","179","5548050","6RUKPb4LETWmmr3iAEQktW","0.617","0.446","0.0317","0.635","0.164","103.019","-6.769","0.0498","1.44e-05","The Chainsmokers","69GGBxA162lTqCwzJG5jLp","dance pop,edm,electropop,pop,pop dance,tropical house"
"199","199","spotify:track:6v3KW9xbzN5yKLt9YKDYA2","Shawn Mendes, Camila Cabello","Señorita","Island Records","1","189","145","5543424","6v3KW9xbzN5yKLt9YKDYA2","0.759","0.749","0.029","0.548","0.0828","116.967","-6.049","0.0392","0","Shawn Mendes","7n2wHs1TKAczGzO7Dd2rGr","canadian pop,dance pop,pop,viral pop"
"200","200","spotify:track:6fxVffaTuwjgEk5h9QyRjy","Ed Sheeran","Photograph","Atlantic Records UK","41","192","156","5522527","6fxVffaTuwjgEk5h9QyRjy","0.614","0.201","0.0476","0.379","0.0986","107.989","-10.48","0.607","0.000464","Ed Sheeran","6eUKZXaKkcviH0Ku9w2n3V","pop,uk pop"
