﻿rank,uri,artist_names,track_name,source,peak_rank,previous_rank,weeks_on_chart,streams
1,"spotify:track:4Dvkj6JhhA12EX05fT7y2e","Harry Styles","As It Was","Columbia",1,1,8,"75028417"
2,"spotify:track:1qEmFfgcLObUfQm0j1W2CK","Harry Styles","Late Night Talking","Columbia",2,-1,1,"46528433"
3,"spotify:track:3k3NWokhRRkEPhCzPmV8TW","Bad Bunny, Bomba Estéreo","Ojitos Lindos","Rimas Entertainment LLC",3,4,3,"37163804"
4,"spotify:track:6Sq7ltF9Qa7SNFBsV5Cogx","Bad Bunny, Chencho Corleone","Me Porto Bonito","Rimas Entertainment LLC",3,5,3,"36407770"
5,"spotify:track:6uvh0In7u1Xn4HgxOfAn8O","Harry Styles","Matilda","Columbia",5,-1,1,"35236379"
6,"spotify:track:5LYMamLv12UPbemOaTPyeV","Harry Styles","Music For a Sushi Restaurant","Columbia",6,-1,1,"34720813"
7,"spotify:track:6Xom58OOXk2SoU711L2IXO","Bad Bunny","Moscow Mule","Rimas Entertainment LLC",2,2,3,"32693550"
8,"spotify:track:3i058E8uxTsYqJ5NWZzqSj","Harry Styles","Little Freak","Columbia",8,-1,1,"31315752"
9,"spotify:track:1IHWl5LamUGEuP4ozKQSXZ","Bad Bunny","Tití Me Preguntó","Rimas Entertainment LLC",5,7,3,"30687981"
10,"spotify:track:51Zw1cKDgkad0CXv23HCMU","Harry Styles","Daylight","Columbia",10,-1,1,"30158062"
11,"spotify:track:4j6kId9QIqhoXvqHKgSKa0","Harry Styles","Grapejuice","Columbia",11,-1,1,"29796513"
12,"spotify:track:4tYFy8ALRjIZvnvSLw5lxN","Bad Bunny, Rauw Alejandro","Party","Rimas Entertainment LLC",6,9,3,"26602135"
13,"spotify:track:35TyJIMR3xRouUuo2sjS6v","Harry Styles","Cinema","Columbia",13,-1,1,"26540862"
14,"spotify:track:0rzaRSujxA0bKyjJl6vHYq","Harry Styles","Satellite","Columbia",14,-1,1,"26496071"
15,"spotify:track:1mw0RgNXIpYRyyCdBQbLgA","Harry Styles","Love Of My Life","Columbia",15,-1,1,"25728514"
16,"spotify:track:69w5X6uTrOaWM32IetSzvO","Harry Styles","Daydreaming","Columbia",16,-1,1,"25426931"
17,"spotify:track:1PckUlxKqWQs3RlWXVBLw3","Lizzo","About Damn Time","Nice Life/Atlantic",10,10,4,"25408527"
18,"spotify:track:0wHFktze2PHC5jDt3B17DC","Jack Harlow","First Class","Generation Now/Atlantic",2,6,7,"25366829"
19,"spotify:track:2NcQic8JxdjAlAHuNbOIRE","Harry Styles","Keep Driving","Columbia",19,-1,1,"24748453"
20,"spotify:track:7dSZ6zGTQx66c2GF91xCrb","KAROL G","PROVENZA","UMLE - Latino",6,12,5,"24237665"
21,"spotify:track:02MWAaffLxlfxAUY7c5dvx","Glass Animals","Heat Waves","Polydor Records",1,13,74,"24054490"
22,"spotify:track:6qj02zSeEJGWZ4c0dn5QzJ","Harry Styles","Boyfriends","Columbia",22,-1,1,"22703807"
23,"spotify:track:5PjdY0CKGZdEuoNab3yDmX","The Kid LAROI, Justin Bieber","STAY (with Justin Bieber)","Columbia",1,18,46,"19918731"
24,"spotify:track:2FeBslNBMdR9V58uv6hd2t","Kendrick Lamar","N95","pgLang/Top Dawg Entertainment/Aftermath/Interscope Records",3,3,2,"19537353"
25,"spotify:track:41oY4WCTj5kccfesTVFnvN","Bad Bunny, JhayCo","Tarot","Rimas Entertainment LLC",9,16,3,"19349683"
26,"spotify:track:1dm6z1fWB0cErMszU25dy2","Bad Bunny","Después de la Playa","Rimas Entertainment LLC",7,15,3,"19254454"
27,"spotify:track:2DB4DdfCFMw1iaR6JaR03a","Camila Cabello, Ed Sheeran","Bam Bam (feat. Ed Sheeran)","Epic",5,19,12,"18964429"
28,"spotify:track:5Eax0qFko2dh7Rl2lYs3bx","Bad Bunny","Efecto","Rimas Entertainment LLC",18,32,3,"17718186"
29,"spotify:track:58HvfVOeJY7lUuCqF0m3ly","Elley Duhé","MIDDLE OF THE NIGHT","Not Fit For Society/RCA Records",11,26,22,"17157875"
30,"spotify:track:6JIC3hbC28JZKZ8AlAqX8h","Elton John, Dua Lipa, PNAU","Cold Heart - PNAU Remix","EMI",4,25,41,"17039498"
31,"spotify:track:5CzixCxDkRXX9mScCmah8O","Bad Bunny","Un Ratito","Rimas Entertainment LLC",10,23,3,"16644865"
32,"spotify:track:1HhNoOuqm1a5MXYEgAFl8o","Imagine Dragons, JID, Arcane, League of Legends","Enemy (with JID) - from the series Arcane League of Legends","Kid Ina Korner / Interscope",3,33,30,"15625670"
33,"spotify:track:1O2pcBJGej0pmH2Y9XZMs6","Cris Mj","Una Noche en Medellín","Nabru Records LLC",9,35,13,"15163805"
34,"spotify:track:7FlQk2gJ6TBrHHiidvdR2O","Becky G, KAROL G","MAMIII","Kemosabe Records/RCA Records",5,37,15,"15053608"
35,"spotify:track:5Z9KJZvQzH6PFmb8SNkxuk","Lil Nas X, Jack Harlow","INDUSTRY BABY (feat. Jack Harlow)","Columbia",2,36,44,"15011514"
36,"spotify:track:6I3mqTwhRpn34SLVafSH7G","Justin Bieber","Ghost","RBMG/Def Jam",11,39,36,"14727073"
37,"spotify:track:5kVZxyMY1gfdCLiChsfjn1","Bad Bunny","Yo No Soy Celoso","Rimas Entertainment LLC",11,28,3,"14430096"
38,"spotify:track:6gI9b2VsoWhjhIuIeToDVs","Kendrick Lamar, Blxst, Amanda Reifer","Die Hard","pgLang/Top Dawg Entertainment/Aftermath/Interscope Records",8,8,2,"14379927"
39,"spotify:track:6Uj1ctrBOjOas8xZXGqKk4","Doja Cat","Woman","Kemosabe Records/RCA Records",6,44,46,"13934574"
40,"spotify:track:28GCbKgjlVD9eDmasGbe0T","Bad Bunny","Me Fui de Vacaciones","Rimas Entertainment LLC",14,30,3,"13800483"
41,"spotify:track:31i56LZnwE6uSu3exoHjtB","Bad Bunny","Neverita","Rimas Entertainment LLC",15,34,3,"13665562"
42,"spotify:track:7DwcBgdzqhFJltEaV1XF81","Post Malone, Roddy Ricch","Cooped Up (with Roddy Ricch)","Mercury Records/Republic Records",31,31,2,"13570545"
43,"spotify:track:50nfwKoDiSYg8zOCREWAm5","Ed Sheeran","Shivers","Atlantic Records UK",4,43,37,"13416166"
44,"spotify:track:59nOXPmaKlBfGMDeOVGrIK","Future, Drake, Tems","WAIT FOR U (feat. Drake & Tems)","Epic/Freebandz",10,42,4,"13218523"
45,"spotify:track:1797zYiX4cKosMH836X9Gt","Bad Bunny, Tony Dize","La Corriente","Rimas Entertainment LLC",17,38,3,"13098492"
46,"spotify:track:6mmPpaltUZK7xjNlBPQQ0p","Rauw Alejandro, Chencho Corleone","Desesperados","Sony Music Latin/Duars Entertainment",8,48,24,"13035274"
47,"spotify:track:3FkeNbs9Zeiqkr3WkbOiGp","Anitta","Envolver","Warner Records",2,45,12,"12881769"
48,"spotify:track:3uUuGVFu1V7jTQL60S1r8z","Lost Frequencies, Calum Scott","Where Are You Now","Epic Amsterdam",18,51,38,"12523513"
49,"spotify:track:44XjoNvtwevktFKjvVe1vH","Bad Bunny, Buscabulla","Andrea","Rimas Entertainment LLC",21,40,3,"12514223"
50,"spotify:track:6UelLqGlWMcVH1E5c4H7lY","Harry Styles","Watermelon Sugar","Columbia",4,68,132,"12390865"
51,"spotify:track:4ZtFanR9U6ndgddUvNcjcG","Olivia Rodrigo","good 4 u","Olivia Rodrigo PS",1,56,54,"12287804"
52,"spotify:track:4fouWK6XVHhzl78KzQ1UjL","GAYLE","abcdefu","Atlantic/Arthouse Records",1,52,28,"12083556"
53,"spotify:track:0T5iIrXA4p5GsubkhuBIKV","Stephen Sanchez","Until I Found You","Republic Records",53,83,3,"11935131"
54,"spotify:track:0OTNHGKcqQbk51bOYe462Y","Polimá Westcoast, Pailita","ULTRA SOLO","Sony Music Entertainment Chile S.A",54,65,5,"11706638"
55,"spotify:track:46IZ0fSY2mpAiktS3KOqds","Adele","Easy On Me","Columbia",1,58,32,"11622992"
56,"spotify:track:3rmo8F54jFF8OgYsqTxm5d","Ed Sheeran","Bad Habits","Atlantic Records UK",3,62,48,"11510023"
57,"spotify:track:18asYwWugKjjsihZ0YvRxO","Tiësto, Ava Max","The Motto","Atlantic Records",22,57,29,"11454003"
58,"spotify:track:2uflssWlCaJ6CbTMOsUpNI","Bad Bunny","Aguacero","Rimas Entertainment LLC",22,50,3,"11426943"
59,"spotify:track:0y60itmpH0aPKsFiGxmtnh","WILLOW","Wait a Minute!","Roc Nation W Smith P&D",28,67,10,"11401546"
60,"spotify:track:2rDZhKnPaPG054ExZ6nXUS","Ryan Castro","Jordan","King Records",33,66,13,"11321609"
61,"spotify:track:6VrQTLzzuyGIYjUDe4kAZk","Bad Bunny","Un Coco","Rimas Entertainment LLC",25,47,3,"11288384"
62,"spotify:track:7jtQIBanIiJOMS6RyCx6jZ","Tom Odell","Another Love","ITNO/Columbia",29,69,59,"11248658"
63,"spotify:track:2eAvDnpXP5W0cVtiI0PUxV","Ruth B.","Dandelions","Columbia",34,74,41,"11193799"
64,"spotify:track:0e8nrvls4Qqv5Rfa2UhqmO","Lil Nas X","THATS WHAT I WANT","Columbia",3,64,36,"11051519"
65,"spotify:track:0E0DRHf5PfMeor0ZCwB3oT","Bad Bunny, The Marías","Otro Atardecer","Rimas Entertainment LLC",24,49,3,"11040204"
66,"spotify:track:4d4ZXH4dr5bYfgErHiZCX2","Bad Bunny","Dos Mil 16","Rimas Entertainment LLC",19,46,3,"11016500"
67,"spotify:track:0VjIjW4GlUZAMYd2vXMi3b","The Weeknd","Blinding Lights","Republic Records",1,72,130,"10951113"
68,"spotify:track:2B4GHvToeLTOBB4QLzW3Ni","Farruko","Pepas","Sony Music Latin",4,63,46,"10820474"
69,"spotify:track:2rurDawMfoKP4uHyb2kJBt","Shakira, Rauw Alejandro","Te Felicito","Sony Music Latin",69,111,5,"10671675"
70,"spotify:track:2QjOHCTQ1Jl3zawyYOpxh6","The Neighbourhood","Sweater Weather","Columbia",29,77,91,"10626732"
71,"spotify:track:48AJSd42lXpicsGqcgopof","Daddy Yankee, Bad Bunny","X ÚLTIMA VEZ","Republic Records",18,59,9,"10472327"
72,"spotify:track:1UdzJEpgJxtuXAlCOvD4S0","Danny Ocean","Fuera del mercado","Atlantic Records",22,71,10,"10367330"
73,"spotify:track:18HOjcvTVV7W8YzBuOsAPS","Bad Bunny","Un Verano Sin Ti","Rimas Entertainment LLC",20,55,3,"10248168"
74,"spotify:track:46HNZY1i7O6jwTA7Slo2PI","Coldplay, BTS","My Universe","Parlophone UK",3,80,35,"9897694"
75,"spotify:track:2NMjggapJcXXM7WccGEBUO","Bad Bunny","Enséñame a Bailar","Rimas Entertainment LLC",27,60,3,"9872149"
76,"spotify:track:5CZ40GBx1sQ9agT82CLQCT","Olivia Rodrigo","traitor","Olivia Rodrigo PS",7,85,53,"9718731"
77,"spotify:track:3AVXwaOGCEL8cmBecfcsFJ","Charlie Puth","Light Switch","Atlantic Records",19,82,18,"9668311"
78,"spotify:track:3DarAbFujv6eYNliUTyqtz","Doja Cat, SZA","Kiss Me More (feat. SZA)","Kemosabe Records/RCA Records",3,90,59,"9420442"
79,"spotify:track:59CfNbkERJ3NoTXDvoURjj","Dove Cameron","Boyfriend","Disruptor Records/Columbia",11,86,15,"9366969"
80,"spotify:track:2DgdHcjWmO3qd50RzuBLgZ","Panic! At The Disco","House of Memories","Decaydance/Fueled By Ramen",64,84,5,"9346475"
81,"spotify:track:71wFwRo8xGc4lrcyKwsvba","Bad Bunny, Tainy","Callaita","Rimas Entertainment LLC",7,75,56,"9340393"
82,"spotify:track:6hFwju6M40CKovKBPu5IpY","Jovem Dionisio","ACORDA PEDRINHO","Jovem Dionisio",82,-1,1,"9272036"
83,"spotify:track:5nujrmhLynf4yMoMtj8AQF","Dua Lipa, DaBaby","Levitating (feat. DaBaby)","Warner Records",4,92,86,"9205296"
84,"spotify:track:5wANPM4fQCJwkGd4rN57mH","Olivia Rodrigo","drivers license","Olivia Rodrigo PS",1,94,72,"9145470"
85,"spotify:track:6kYGOFNUMxpab09L5Ukoke","Kendrick Lamar","Rich Spirit","pgLang/Top Dawg Entertainment/Aftermath/Interscope Records",17,17,2,"9117231"
86,"spotify:track:0UvZcEfpzVyx47QsRbjyBz","Bad Bunny","El Apagón","Rimas Entertainment LLC",28,70,3,"9072788"
87,"spotify:track:4SqWKzw0CbA05TGszDgMlc","The Walters","I Love You So","Warner Records",21,96,33,"9018679"
88,"spotify:track:1SOClUWhOi8vHZYMz3GluK","Jaymes Young","Infinity","Atlantic Records",11,97,30,"8886273"
89,"spotify:track:63WuQOXohQIxOxIFA2K7bR","Måneskin","SUPERMODEL","Epic",89,100,2,"8825019"
90,"spotify:track:5QO79kh1waicV47BqGRL3g","The Weeknd","Save Your Tears","Republic Records",2,99,77,"8732279"
91,"spotify:track:3Vi5XqYrmQgOYBajMWSvCi","Doja Cat","Need to Know","Kemosabe Records/RCA Records",6,95,50,"8643222"
92,"spotify:track:6HU7h9RYOaPRFeh0R3UeAr","Olivia Rodrigo","deja vu","Olivia Rodrigo PS",3,103,60,"8570970"
93,"spotify:track:05zd5Nv0e02ZqrlC8A2cwx","Kendrick Lamar","United In Grief","pgLang/Top Dawg Entertainment/Aftermath/Interscope Records",11,11,2,"8521945"
94,"spotify:track:4gzsuuZypVbxs0Af1LSZyB","Tainy, Bad Bunny, Julieta Venegas","Lo Siento BB:/ (with Bad Bunny & Julieta Venegas)","Neon16",12,87,34,"8474022"
95,"spotify:track:58ge6dfP91o9oXMzq3XkIS","Arctic Monkeys","505","Domino Recording Co",53,101,21,"8462892"
96,"spotify:track:6DoL1yYIwEW7VZMRaJhoJI","Chris Jedi, Anuel AA, Chencho Corleone, Ñengo Flow","La Llevo Al Cielo (Ft. Ñengo Flow)","UMLE - Latino",96,-1,1,"8445740"
97,"spotify:track:1r8ZCjfrQxoy2wVaBUbpwg","The Kid LAROI","Thousand Miles","Columbia",18,98,5,"8442161"
98,"spotify:track:4xIhSUJantE6BMl3u8dtCJ","Kendrick Lamar, Sampha","Father Time (feat. Sampha)","pgLang/Top Dawg Entertainment/Aftermath/Interscope Records",14,14,2,"8412262"
99,"spotify:track:0wihfILRNOwE2156Shezc8","Bad Bunny","Agosto","Rimas Entertainment LLC",30,81,3,"8314269"
100,"spotify:track:1ei3hzQmrgealgRKFxIcWn","Benson Boone","In The Stars","Warner Records",54,93,4,"8284958"
101,"spotify:track:3tYTyAt1q6BFBiGyYVOLhi","Kendrick Lamar, Kodak Black","Silent Hill","pgLang/Top Dawg Entertainment/Aftermath/Interscope Records",21,21,2,"8250475"
102,"spotify:track:2JPLbjOn0wPCngEot2STUS","Bad Bunny","Yonaguni","Rimas Entertainment LLC",3,89,51,"8159774"
103,"spotify:track:1oFAF1hdPOickyHgbuRjyX","The Weeknd, Ariana Grande","Save Your Tears (Remix) (with Ariana Grande) - Bonus Track","XO / Republic Records",5,105,57,"8146045"
104,"spotify:track:2m6Ko3CY1qXNNja8AlugNc","Troye Sivan","Angel Baby","EMI Recorded Music Australia Pty Ltd",59,104,8,"8138120"
105,"spotify:track:4RVwu0g32PAqgUiJoXsdF8","Billie Eilish","Happier Than Ever","Darkroom/Interscope Records",6,110,43,"8134945"
106,"spotify:track:0LnS7aOdOdI1dNKZqdOLz4","Jack Harlow","Dua Lipa","Generation Now/Atlantic",37,78,3,"8047723"
107,"spotify:track:68Dni7IE4VyPkTOH9mRWHr","J. Cole","No Role Modelz","Roc Nation Records LLC",76,106,44,"8012474"
108,"spotify:track:5oH4DQAuu1J1800RzUsBWa","PSY, SUGA","That That (prod. & feat. SUGA of BTS)","P NATION",21,88,4,"7884162"
109,"spotify:track:7lQ8MOhq6IN2w8EYcFNSUk","Eminem","Without Me","Aftermath",31,114,35,"7829786"
110,"spotify:track:0HqZX76SFLDz2aW8aiqi7G","Imagine Dragons","Bones","KIDinaKORNER/Interscope Records",56,102,11,"7816799"
111,"spotify:track:3jjujdWJ72nww5eGnfs2E7","Harry Styles","Adore You","Columbia",6,146,103,"7815600"
112,"spotify:track:5gflgO9EPbIBf16n5TKnQS","Zion & Lennox","Yo Voy (feat. Daddy Yankee)","Baby Records Inc",59,113,14,"7638785"
113,"spotify:track:1SC5rEoYDGUK4NfG82494W","Lil Nas X","MONTERO (Call Me By Your Name)","Columbia",1,112,61,"7622255"
114,"spotify:track:4iJyoBOLtHqaGxP12qzhQI","Justin Bieber, Daniel Caesar, Giveon","Peaches (feat. Daniel Caesar & Giveon)","RBMG/Def Jam",1,122,62,"7428844"
115,"spotify:track:0IuVhCflrQPMGRrOyoY5RW","Tate McRae","she's all i wanna be","RCA Records Label",38,119,16,"7381102"
116,"spotify:track:0u2P5u6lvoDfwTYjAADbn4","Billie Eilish, Khalid","lovely (with Khalid)","Darkroom",24,126,214,"7374249"
117,"spotify:track:0pqnGHJpmpxLKifKRmU6WP","Imagine Dragons","Believer","Kid Ina Korner / Interscope",16,123,277,"7348035"
118,"spotify:track:3sa06xVNmLLYIxdNNmVQN8","Jax Jones, MNEK","Where Did You Go? (feat. MNEK)","Polydor Records",118,125,6,"7338232"
119,"spotify:track:4h4QlmocP3IuwYEj2j14p8","Nicky Youre, dazy","Sunroof","Thirty Knots/Columbia",119,139,3,"7292572"
120,"spotify:track:3Wrjm47oTz2sjIgck11l5e","Måneskin","Beggin'","RCA Records Label",1,117,51,"7278248"
121,"spotify:track:20on25jryn53hWghthWWW3","ACRAZE, Cherish","Do It To It","Thrive Music, LLC",9,121,30,"7264040"
122,"spotify:track:1R0a2iXumgCiFb7HEZ7gUE","Taylor Swift","Don’t Blame Me","Big Machine Records, LLC",122,-1,2,"7221726"
123,"spotify:track:2K7xn816oNHJZ0aVqdQsha","The Neighbourhood","Softcore","Columbia",35,127,20,"7134337"
124,"spotify:track:3AJwUDP919kvQ9QcozQPxg","Coldplay","Yellow","Parlophone UK",58,132,75,"7126809"
125,"spotify:track:7mFj0LlWtEJaEigguaWqYh","Megan Thee Stallion, Dua Lipa","Sweetest Pie","300 Entertainment",17,163,11,"7056437"
126,"spotify:track:3PfIrDoz19wz7qK7tYeu62","Dua Lipa","Don't Start Now","Warner Records",2,124,134,"7043102"
127,"spotify:track:3yfqSUWxFvZELEM4PmlwIR","Eminem","The Real Slim Shady","Interscope",51,131,51,"7039372"
128,"spotify:track:4srcMdbm2qzVG98tJajHxp","Alejo, Feid, ROBI","Pantysito","UMLE - Latino",55,118,10,"7035497"
129,"spotify:track:00Blm7zeNqgYLPtW6zg8cj","Post Malone, The Weeknd","One Right Now (with The Weeknd)","Republic Records",9,130,29,"6972649"
130,"spotify:track:3ehHqgYRzmeUi345MfHS2N","Morat, Duki","París","Universal Music Spain S.L.",130,-1,1,"6968982"
131,"spotify:track:7lvDsmTRXFE3dK4OjvRiWB","Shae Gill, Ali Sethi","Pasoori","Giraffe Pakistan",109,120,5,"6946399"
132,"spotify:track:1qMMYpVatbRITKCfq1gasi","Future","PUFFIN ON ZOOTIEZ","Epic/Freebandz",40,115,4,"6923762"
133,"spotify:track:1XGmzt0PVuFgQYYnV2It7A","Maroon 5, Wiz Khalifa","Payphone","Interscope Records*",70,134,23,"6892190"
134,"spotify:track:7pj6P5WnxkZsw3XRc8eMe1","Kendrick Lamar","Count Me Out","pgLang/Top Dawg Entertainment/Aftermath/Interscope Records",24,24,2,"6885995"
135,"spotify:track:2uky0VCI2EZni0nArOPznM","Bizarrap, Paulo Londra","Paulo Londra: Bzrp Music Sessions, Vol. 23","DALE PLAY Records",14,107,5,"6883255"
136,"spotify:track:4MzXwWMhyBbmu6hOcLVD49","Bad Bunny, JhayCo","DÁKITI","Rimas Entertainment LLC",1,137,82,"6816152"
137,"spotify:track:30W8VKHrAZmHzObnwAoc1u","Mora, Sech","TUS LÁGRIMAS","Rimas Entertainment LLC",93,129,5,"6809476"
138,"spotify:track:2tpWsVSb9UEmDRxAl1zhX1","OneRepublic","Counting Stars","Mosley / Interscope",101,143,63,"6767614"
139,"spotify:track:7qEHsqek33rTcFNT9PFqLf","Lewis Capaldi","Someone You Loved","Vertigo Berlin",4,145,177,"6748657"
140,"spotify:track:2XRn6Qu0Wd1KvOND8JbaTx","Luciano","Beautiful Girl","URBAN",59,108,4,"6721558"
141,"spotify:track:0RiRZpuVRbi7oqRdSMwhQY","Post Malone, Swae Lee","Sunflower - Spider-Man: Into the Spider-Verse","Republic Records",1,144,188,"6659707"
142,"spotify:track:0U1W2LZVUX7qTm7dDpqxh6","Shawn Mendes","When You're Gone","Shawn Mendes LP4-5 PS/ Island",21,135,8,"6629088"
143,"spotify:track:4u7EnebtmKWzUH433cf5Qv","Queen","Bohemian Rhapsody - Remastered 2011","EMI",11,148,191,"6590240"
144,"spotify:track:2LBqCSwhJGcFQeTHMVGwy3","The Weeknd","Die For You","Universal Republic Records",144,171,15,"6550298"
145,"spotify:track:1ZMiCix7XSAbfAJlEZWMCp","Harry Styles","Falling","Columbia",29,194,88,"6546153"
146,"spotify:track:6Qyc6fS4DsZjB2mRW9DsQs","The Goo Goo Dolls","Iris","Warner Records",146,172,4,"6534967"
147,"spotify:track:45S5WTQEGOB1VHr1Q4FuPl","Harry Styles","Golden","Columbia",44,-1,39,"6534782"
148,"spotify:track:2J2Z1SkXYghSajLibnQHOa","Sia","Unstoppable","Monkey Puzzle Records/RCA Records",107,153,15,"6528140"
149,"spotify:track:1mWdTewIgB3gtBM3TOSFhB","BTS","Butter","BIGHIT MUSIC",2,136,53,"6527213"
150,"spotify:track:1u8c2t2Cy7UBoG4ArRcF5g","Taylor Swift","Blank Space","Big Machine Records, LLC",113,154,29,"6509942"
151,"spotify:track:3rdAz1fbUfZxYgaCviYhRo","Rauw Alejandro","Todo De Ti","Sony Music Latin/Duars Entertainment",2,152,53,"6489504"
152,"spotify:track:0zCgWGmDF0aih5qexATyBn","Mr.Kitty","After Dark","Juggernaut Music Group",152,169,6,"6480718"
153,"spotify:track:0Q5VnK2DYzRyfqQRJuUtvi","IVE","LOVE DIVE","STARSHIP Entertainment",51,142,7,"6428928"
154,"spotify:track:3uwnnTQcHM1rDqSfA4gQNz","Demi Lovato","Cool for the Summer","Hollywood Records",42,150,10,"6388968"
155,"spotify:track:5QDLhrAOJJdNAmCTJ8xMyW","BTS","Dynamite","BIGHIT MUSIC",2,151,92,"6379888"
156,"spotify:track:7qiZfU4dY1lWllzX7mPBI3","Ed Sheeran","Shape of You","Atlantic Records UK",1,161,278,"6361601"
157,"spotify:track:1v7L65Lzy0j0vdpRjJewt1","Eminem","Lose Yourself - From ""8 Mile"" Soundtrack","Aftermath",44,168,75,"6355764"
158,"spotify:track:0gucTLf7trAf37Ua1uAyAu","Nirvana","Smells Like Teen Spirit","Geffen",103,164,72,"6333817"
159,"spotify:track:2Xr1dTzJee307rmrkt8c0g","CKay","love nwantiti (ah ah ah)","Chocolate City Music",9,159,37,"6326000"
160,"spotify:track:6Jkm5kUldvIqxzI1Pa7nXH","Leah Kate","10 Things I Hate About You","Leah Kate, under exclusive license to 10K Projects / MDDN",117,155,5,"6310362"
161,"spotify:track:296nXCOv97WJNRWzIBQnoj","LE SSERAFIM","FEARLESS","SOURCE MUSIC",149,149,3,"6239679"
162,"spotify:track:6ylDpki1VpIsc525KC1ojF","Sebastian Yatra","Tacones Rojos","UMLE - Latino",45,147,27,"6204784"
163,"spotify:track:5g7sDjBhZ4I3gcFIpkrLuI","Bruno Mars","Locked out of Heaven","Atlantic Records",106,165,21,"6201761"
164,"spotify:track:37y7iDayfwm3WXn5BiAoRk","Steve Lacy","Dark Red","Three Quarter",66,162,42,"6181899"
165,"spotify:track:0ct6r3EGTcMLPtrXHDvVjc","Avicii","The Nights","Universal Music AB",44,174,63,"6168666"
166,"spotify:track:7yq4Qj7cqayVTp3FF9CWbm","Vance Joy","Riptide","F-Stop Records/Atlantic",122,170,73,"6164974"
167,"spotify:track:1DIXPcTDzTj8ZMHt3PDt8p","Coolio, L.V.","Gangsta's Paradise","Tommy Boy Music, LLC",116,180,31,"6149354"
168,"spotify:track:6lX6l7OuA3qrnIRfdsr0dw","Blessd, Justin Quiles, Lenny Tavárez","Medallo","WEA Latina",48,156,27,"6102641"
169,"spotify:track:3M214U0mwSm041GsQR3nrO","BoyWithUke","Toxic","Republic Records",23,166,32,"6098207"
170,"spotify:track:1zi7xx7UVEFkmKfv06H8x0","Drake, Wizkid, Kyla","One Dance","Cash Money Records/Young Money Ent./Universal Rec.",12,176,129,"6062804"
171,"spotify:track:4IaxDf2FixiQXq0mW7key9","Jessi","ZOOM","P NATION",89,141,5,"6057156"
172,"spotify:track:4xqrdfXkTW4T0RauPLv3WA","Conan Gray","Heather","Republic Records",12,184,96,"6048934"
173,"spotify:track:6bQ5823aHmFVKLZW8E7rRo","Duki, De La Ghetto, Quevedo","Si Quieren Frontear","DALE PLAY Records / SSJ Records",67,157,8,"6028826"
174,"spotify:track:2qmG7dokbGpDGD0T5wORWt","Matheus Fernandes, Xand Avião","Balanço da Rede","Som Livre",174,-1,1,"6027682"
175,"spotify:track:0YeUVm23SAkUruwEx9LWnt","Kendrick Lamar, Baby Keem, Sam Dew","Savior","pgLang/Top Dawg Entertainment/Aftermath/Interscope Records",29,29,2,"6010573"
176,"spotify:track:5E30LdtzQTGqRvNd7l6kG5","The Neighbourhood","Daddy Issues","Columbia",99,181,85,"6004662"
177,"spotify:track:5uU1uuyaUIBOiiUSQG7Wl3","Morgan Wallen","You Proof","Big Loud / Mercury Records / Republic Records",91,91,2,"5991530"
178,"spotify:track:0tgVpDi06FyKpA1z0VMD4v","Ed Sheeran","Perfect","Atlantic Records UK",4,182,271,"5985929"
179,"spotify:track:2tGvwE8GcFKwNdAXMnlbfl","Olivia Rodrigo","happier","Olivia Rodrigo PS",12,185,53,"5975693"
180,"spotify:track:003vvx7Niy0yvhvHt4a68B","The Killers","Mr. Brightside","Island Records",98,178,96,"5973738"
181,"spotify:track:7JJmb5XwzOO8jgpou264Ml","Shawn Mendes","There's Nothing Holdin' Me Back","Island Records",5,195,66,"5910045"
182,"spotify:track:0k4d5YPDr1r7FX77VdqWez","Doja Cat, The Weeknd","You Right","Kemosabe Records/RCA Records",15,175,48,"5899217"
183,"spotify:track:6OZwia8loN0aPS0vTvsBjR","Alonzo, Ninho, Naps","TOUT VA BIEN (feat. Ninho & Naps)","ONLY PRO",183,-1,1,"5892932"
184,"spotify:track:5TMLavqGRKNxgzMBrVpC9R","zzoilo, Aitana","Mon Amour - Remix","Universal Music Spain S.L.",34,173,38,"5865547"
185,"spotify:track:2gpQi3hbcUAcEG8m2dlgfB","Paulo Londra","Plan A","WEA Latina",4,138,10,"5864874"
186,"spotify:track:5TXDeTFVRVY7Cvt0Dw4vWW","XXXTENTACION","Revenge","Bad Vibes Forever / EMPIRE",63,191,21,"5847682"
187,"spotify:track:0MMyJUC3WNnFS1lit5pTjk","Olivia Rodrigo","jealousy, jealousy","Olivia Rodrigo PS",17,196,37,"5829738"
188,"spotify:track:0nrRP2bk19rLc0orkWPQk2","Avicii","Wake Me Up","Universal Music AB",13,189,77,"5826024"
189,"spotify:track:2KdKh9vHbKW0tZLqtpxxI0","Justin Bieber, Don Toliver","Honest (feat. Don Toliver)","Justin Bieber 2021 PS/ Def Jam",29,133,4,"5815031"
190,"spotify:track:21jGcNKet2qwijlDFuPiPb","Post Malone","Circles","Republic Records",1,183,143,"5786613"
191,"spotify:track:3GaGWoU1KfVqgl7vnRHP55","C. Tangana","Demasiadas Mujeres","Sony Music Entertainment",71,158,12,"5783618"
192,"spotify:track:4QWumyD2uwiePBBha9XBHI","Felipe Amorim","No Ouvidinho","One Play",135,-1,6,"5780400"
193,"spotify:track:4xkOaSrkexMciUUogZKVTS","Eminem, Nate Dogg","Till I Collapse","Aftermath",81,200,48,"5766891"
194,"spotify:track:0RAvy97QRPzO2AfK5Dw6j3","Kendrick Lamar, Taylour Paige","We Cry Together","pgLang/Top Dawg Entertainment/Aftermath/Interscope Records",22,22,2,"5758630"
195,"spotify:track:1WCEAGGRD066z2Q89ObXTq","David Guetta, Becky Hill, Ella Henderson","Crazy What Love Can Do","Parlophone UK",178,193,3,"5721581"
196,"spotify:track:62ke5zFUJN6RvtXZgVH0F8","Paloma Faith","Only Love Can Hurt Like This","RCA Records Label",196,-1,1,"5682774"
197,"spotify:track:5JCoSi02qi3jJeHdZXMmR8","Olivia Rodrigo","favorite crime","Olivia Rodrigo PS",11,-1,47,"5674423"
198,"spotify:track:503OTo2dSqe7qk76rgsbep","Dr. Dre, Snoop Dogg","Still D.R.E.","Aftermath",29,-1,14,"5670545"
199,"spotify:track:22skzmqfdWrjJylampe0kt","Macklemore & Ryan Lewis, Macklemore, Ryan Lewis, Ray Dalton","Can't Hold Us (feat. Ray Dalton)","Macklemore",149,-1,29,"5665835"
200,"spotify:track:7EkWXAI1wn8Ii883ecd9xr","Surf Curse","Freaks","Surf Curse",55,199,56,"5647782"
