"","rank","uri","artist_names","track_name","source","peak_rank","previous_rank","weeks_on_chart","streams","id","danceability","valence","speechiness","energy","liveness","tempo","loudness","acousticness","instrumentalness","main_artist","artist.id","genres"
"1","1","spotify:track:5PjdY0CKGZdEuoNab3yDmX","The Kid LAROI, Justin Bieber","STAY (with Justin Bieber)","Columbia","1","3","26","32295565","5PjdY0CKGZdEuoNab3yDmX","0.591","0.478","0.0483","0.764","0.103","169.928","-5.484","0.0383","0","The Kid LAROI","2tIP7SsRs7vjIcLrU85W8J","australian hip hop,pop"
"2","2","spotify:track:4fouWK6XVHhzl78KzQ1UjL","GAYLE","abcdefu","Atlantic/Arthouse Records","1","4","8","31638858","4fouWK6XVHhzl78KzQ1UjL","0.695","0.415","0.0493","0.54","0.367","121.932","-5.692","0.299","0","GAYLE","2VSHKHBTiXWplO8lxcnUC9","modern alternative pop"
"3","3","spotify:track:02MWAaffLxlfxAUY7c5dvx","Glass Animals","Heat Waves","Polydor Records","3","10","54","28387947","02MWAaffLxlfxAUY7c5dvx","0.761","0.531","0.0944","0.525","0.0921","80.87","-6.9","0.44","6.7e-06","Glass Animals","4yvcSjfu4PC0CYQyLy4wSq","gauze pop,indietronica,shiver pop"
"4","4","spotify:track:7rglLriMNBPAyuJOMGwi39","Elton John, Dua Lipa, PNAU","Cold Heart - PNAU Remix","EMI","4","11","21","27672367","7rglLriMNBPAyuJOMGwi39","0.795","0.934","0.0309","0.8","0.0915","116.032","-6.32","0.0354","7.25e-05","Elton John","3PhoLpVuITZKcymswpck5b","glam rock,mellow gold,piano rock"
"5","5","spotify:track:46IZ0fSY2mpAiktS3KOqds","Adele","Easy On Me","Columbia","1","7","12","27307694","46IZ0fSY2mpAiktS3KOqds","0.604","0.13","0.0282","0.366","0.133","141.981","-7.519","0.578","0","Adele","4dpARuHxo51G3z768sgnrY","british soul,pop,pop soul,uk pop"
"6","6","spotify:track:5Z9KJZvQzH6PFmb8SNkxuk","Lil Nas X, Jack Harlow","INDUSTRY BABY (feat. Jack Harlow)","Columbia","2","9","24","26347998","5Z9KJZvQzH6PFmb8SNkxuk","0.741","0.892","0.0672","0.691","0.0476","150.087","-7.395","0.0221","0","Lil Nas X","7jVv8c5Fj3E9VhNjxT4snq","lgbtq+ hip hop,pop"
"7","7","spotify:track:1r9xUipOqoNwggBpENDsvJ","Imagine Dragons, JID, Arcane, League of Legends","Enemy (with JID) - from the series Arcane League of Legends","KIDinaKORNER/Interscope Records","7","12","10","25370000","1r9xUipOqoNwggBpENDsvJ","0.728","0.555","0.266","0.783","0.434","77.011","-4.424","0.237","0","Imagine Dragons","53XhwfbYqKCa1cC15pYq2q","modern rock,rock"
"8","8","spotify:track:2B4GHvToeLTOBB4QLzW3Ni","Farruko","Pepas","Sony Music Latin","4","18","26","21406369","2B4GHvToeLTOBB4QLzW3Ni","0.762","0.442","0.0343","0.766","0.128","130.001","-3.955","0.00776","6.98e-05","Farruko","329e4yvIujISKGKz1BZZbO","latin hip hop,reggaeton,trap latino,urbano latino"
"9","9","spotify:track:20on25jryn53hWghthWWW3","ACRAZE, Cherish","Do It To It","Thrive Music, LLC","9","21","10","20611311","20on25jryn53hWghthWWW3","0.854","0.637","0.0886","0.806","0.0703","124.927","-8.262","0.0209","0.0542","ACRAZE","4pnp4w9g30yLfVIAFnZMRd","covertronica,dance pop,edm,pop dance,tropical house"
"10","10","spotify:track:50nfwKoDiSYg8zOCREWAm5","Ed Sheeran","Shivers","Atlantic Records UK","4","17","17","20430509","50nfwKoDiSYg8zOCREWAm5","0.788","0.822","0.0856","0.859","0.0424","141.02","-2.724","0.281","0","Ed Sheeran","6eUKZXaKkcviH0Ku9w2n3V","pop,uk pop"
"11","11","spotify:track:3rmo8F54jFF8OgYsqTxm5d","Ed Sheeran","Bad Habits","Atlantic Records UK","3","24","28","19240645","3rmo8F54jFF8OgYsqTxm5d","0.807","0.537","0.0347","0.893","0.366","126.011","-3.745","0.0451","2.79e-05","Ed Sheeran","6eUKZXaKkcviH0Ku9w2n3V","pop,uk pop"
"12","12","spotify:track:46HNZY1i7O6jwTA7Slo2PI","Coldplay, BTS","My Universe","Parlophone UK","3","31","15","17268944","46HNZY1i7O6jwTA7Slo2PI","0.573","0.47","0.0406","0.711","0.328","105.006","-6.268","0.0114","0","Coldplay","4gzpq5DPGxSnKTe4SA8HAU","permanent wave,pop"
"13","13","spotify:track:6Uj1ctrBOjOas8xZXGqKk4","Doja Cat","Woman","Kemosabe Records/RCA Records","6","29","26","16926501","6Uj1ctrBOjOas8xZXGqKk4","0.824","0.881","0.0854","0.764","0.117","107.998","-4.175","0.0888","0.00294","Doja Cat","5cj0lLjcoR7YOSnhnX0Po5","dance pop,pop"
"14","14","spotify:track:4ZtFanR9U6ndgddUvNcjcG","Olivia Rodrigo","good 4 u","Olivia Rodrigo PS","1","33","34","16491189","4ZtFanR9U6ndgddUvNcjcG","0.563","0.688","0.154","0.664","0.0849","166.928","-5.044","0.335","0","Olivia Rodrigo","1McMsnEElThX1knmY4oliG","pop"
"15","15","spotify:track:3DarAbFujv6eYNliUTyqtz","Doja Cat, SZA","Kiss Me More (feat. SZA)","Kemosabe Records/RCA Records","3","37","39","15303708","3DarAbFujv6eYNliUTyqtz","0.764","0.781","0.0284","0.705","0.12","110.97","-3.463","0.259","8.92e-05","Doja Cat","5cj0lLjcoR7YOSnhnX0Po5","dance pop,pop"
"16","16","spotify:track:1SOClUWhOi8vHZYMz3GluK","Jaymes Young","Infinity","Atlantic Records","16","35","10","14905037","1SOClUWhOi8vHZYMz3GluK","0.671","0.494","0.0444","0.673","0.304","121.963","-6.941","0.148","5.29e-05","Jaymes Young","6QrQ7OrISRYIfS5mtacaw2","indie poptimism,modern rock,pop"
"17","17","spotify:track:0VjIjW4GlUZAMYd2vXMi3b","The Weeknd","Blinding Lights","Republic Records","1","47","110","13987668","0VjIjW4GlUZAMYd2vXMi3b","0.514","0.334","0.0598","0.73","0.0897","171.005","-5.934","0.00146","9.54e-05","The Weeknd","1Xyo4u8uXC1ZmMpatF05PJ","canadian contemporary r&b,canadian pop,pop"
"18","18","spotify:track:1SC5rEoYDGUK4NfG82494W","Lil Nas X","MONTERO (Call Me By Your Name)","Columbia","1","38","41","13798049","1SC5rEoYDGUK4NfG82494W","0.593","0.71","0.22","0.503","0.405","178.781","-6.725","0.293","0","Lil Nas X","7jVv8c5Fj3E9VhNjxT4snq","lgbtq+ hip hop,pop"
"19","19","spotify:track:52xJxFP6TqMuO4Yt0eOkMz","Carolina Gaitán - La Gaita, Mauro Castillo, Adassa, Rhenzy Feliz, Diane Guerrero, Stephanie Beatriz, Encanto - Cast","We Don't Talk About Bruno","Walt Disney Records","19","119","2","13699324","52xJxFP6TqMuO4Yt0eOkMz","0.577","0.83","0.0834","0.45","0.111","205.863","-8.516","0.357","0","Carolina Gaitán - La Gaita","29PgYEggDV3cDP9QYTogwv","latin viral pop"
"20","20","spotify:track:2Xr1dTzJee307rmrkt8c0g","CKay","love nwantiti (ah ah ah)","Chocolate City Music","9","43","17","13081651","2Xr1dTzJee307rmrkt8c0g","0.727","0.533","0.0411","0.739","0.161","93.005","-3.805","0.365","0.00137","CKay","048LktY5zMnakWq7PTtFrz","afro r&b"
"21","21","spotify:track:3Vi5XqYrmQgOYBajMWSvCi","Doja Cat","Need to Know","Kemosabe Records/RCA Records","6","42","30","13066950","3Vi5XqYrmQgOYBajMWSvCi","0.664","0.194","0.0707","0.609","0.0926","130.041","-6.509","0.304","0","Doja Cat","5cj0lLjcoR7YOSnhnX0Po5","dance pop,pop"
"22","22","spotify:track:2JPLbjOn0wPCngEot2STUS","Bad Bunny","Yonaguni","Rimas Entertainment LLC","3","39","31","13007782","2JPLbjOn0wPCngEot2STUS","0.644","0.44","0.118","0.648","0.135","179.951","-4.601","0.276","0","Bad Bunny","4q3ewBCX7sLwd24euuV69X","reggaeton,trap latino,urbano latino"
"23","23","spotify:track:3Wrjm47oTz2sjIgck11l5e","Måneskin","Beggin'","RCA Records Label","1","45","31","12725096","3Wrjm47oTz2sjIgck11l5e","0.714","0.589","0.0504","0.8","0.359","134.002","-4.808","0.127","0","Måneskin","0lAWpj5szCSwM4rUMHYmrr","indie rock italiano,italian pop"
"24","24","spotify:track:3uUuGVFu1V7jTQL60S1r8z","Lost Frequencies, Calum Scott","Where Are You Now","Epic Amsterdam","24","53","18","12689607","3uUuGVFu1V7jTQL60S1r8z","0.671","0.262","0.103","0.636","0.172","120.966","-8.117","0.515","0.000411","Lost Frequencies","7f5Zgnp2spUuuzKplmRkt7","belgian edm,edm,pop,pop dance,tropical house"
"25","25","spotify:track:6I3mqTwhRpn34SLVafSH7G","Justin Bieber","Ghost","RBMG/Def Jam","25","50","16","12660079","6I3mqTwhRpn34SLVafSH7G","0.601","0.441","0.0478","0.741","0.415","153.96","-5.569","0.185","2.91e-05","Justin Bieber","1uNFoZAHBGtllmzznpCI3s","canadian pop,pop"
"26","26","spotify:track:5nujrmhLynf4yMoMtj8AQF","Dua Lipa, DaBaby","Levitating (feat. DaBaby)","Warner Records","4","56","66","12222630","5nujrmhLynf4yMoMtj8AQF","0.702","0.915","0.0601","0.825","0.0674","102.977","-3.787","0.00883","0","Dua Lipa","6M2wZ9GZgrQXHCFfjv46we","dance pop,pop,uk pop"
"27","27","spotify:track:4gzsuuZypVbxs0Af1LSZyB","Tainy, Bad Bunny, Julieta Venegas","Lo Siento BB:/ (with Bad Bunny & Julieta Venegas)","Neon16","12","46","14","11948449","4gzsuuZypVbxs0Af1LSZyB","0.639","0.138","0.0794","0.703","0.0865","169.888","-6.33","0.0889","1.78e-06","Tainy","0GM7qgcRCORpGnfcN2tCiB","latin hip hop,latin pop,pop reggaeton,reggaeton,reggaeton flow,trap latino,urbano latino"
"28","28","spotify:track:0e8nrvls4Qqv5Rfa2UhqmO","Lil Nas X","THATS WHAT I WANT","Columbia","3","52","16","11911142","0e8nrvls4Qqv5Rfa2UhqmO","0.737","0.546","0.22","0.846","0.0486","87.981","-4.51","0.00614","0","Lil Nas X","7jVv8c5Fj3E9VhNjxT4snq","lgbtq+ hip hop,pop"
"29","29","spotify:track:7hU3IHwjX150XLoTVmjD0q","LISA","MONEY","YG Entertainment/Interscope Records","5","49","17","11754565","7hU3IHwjX150XLoTVmjD0q","0.831","0.396","0.218","0.554","0.152","140.026","-9.998","0.161","6.12e-05","LISA","5L1lO4eRHmJ7a0Q6csE5cT","k-pop"
"30","30","spotify:track:5enxwA8aAbwZbf5qCHORXi","Taylor Swift","All Too Well (10 Minute Version) (Taylor's Version) (From The Vault)","Taylor Swift","1","48","8","11551904","5enxwA8aAbwZbf5qCHORXi","0.631","0.205","0.0303","0.518","0.088","93.023","-8.771","0.274","0","Taylor Swift","06HL4z0CvFAxyc27GXpf02","pop"
"31","31","spotify:track:4SqWKzw0CbA05TGszDgMlc","The Walters","I Love You So","Warner Records","31","58","13","11213306","4SqWKzw0CbA05TGszDgMlc","0.575","0.466","0.0358","0.648","0.115","75.977","-4.891","0.583","0","The Walters","027TpXKGwdXP7iwbjUSpV8","chicago indie"
"32","32","spotify:track:00Blm7zeNqgYLPtW6zg8cj","Post Malone, The Weeknd","One Right Now (with The Weeknd)","Republic Records","9","64","9","11195724","00Blm7zeNqgYLPtW6zg8cj","0.687","0.688","0.053","0.781","0.0755","97.014","-4.806","0.0361","0","Post Malone","246dkjvS1zLTtiykXe5h60","dfw rap,melodic rap,rap"
"33","33","spotify:track:0NBgyml7T0IvUNbXIkcSpH","Xamã, Gustah, Neo Beats, Bagua Records","Malvadão 3","Bagua Records","33","118","2","10891990","0NBgyml7T0IvUNbXIkcSpH","0.821","0.516","0.268","0.609","0.136","133.133","-6.541","0.378","0","Xamã","5YwzDz4RJfTiMHS4tdR5Lf","brazilian hip hop,funk carioca,trap brasileiro"
"34","34","spotify:track:4RVwu0g32PAqgUiJoXsdF8","Billie Eilish","Happier Than Ever","Darkroom/Interscope Records","6","55","23","10883543","4RVwu0g32PAqgUiJoXsdF8","0.332","0.297","0.0348","0.225","0.128","81.055","-8.697","0.767","0.00349","Billie Eilish","6qqNVTkY8uBg9cP3Jd7DAH","art pop,electropop,pop"
"35","35","spotify:track:18asYwWugKjjsihZ0YvRxO","Tiësto, Ava Max","The Motto","Atlantic Records","35","87","9","10837037","18asYwWugKjjsihZ0YvRxO","0.754","0.464","0.0435","0.763","0.0901","117.953","-4.627","0.0301","2.23e-05","Tiësto","2o5jDhtHVPhrJdv3cEQ99Z","big room,brostep,dutch edm,edm,house,pop dance,slap house,trance"
"36","36","spotify:track:2QjOHCTQ1Jl3zawyYOpxh6","The Neighbourhood","Sweater Weather","Columbia","35","60","71","10723923","2QjOHCTQ1Jl3zawyYOpxh6","0.612","0.398","0.0336","0.807","0.101","124.053","-2.81","0.0495","0.0177","The Neighbourhood","77SW9BnxLY8rJ0RciFqkHh","modern alternative rock,modern rock,pop,shimmer pop"
"37","37","spotify:track:2Gq636OOGgxCTqEuzCZhsa","Bizarrap, Tiago PZK","Tiago PZK: Bzrp Music Sessions, Vol. 48","DALE PLAY Records","37","-1","1","10685239","2Gq636OOGgxCTqEuzCZhsa","0.656","0.755","0.315","0.823","0.103","96.474","-3.059","0.47","0","Bizarrap","716NhGYqD1jl2wI1Qkgq36","argentine hip hop,pop venezolano,trap argentino,trap latino,urbano latino"
"38","38","spotify:track:2gQPv5jvVPqU2a9HhMNO1v","BoyWithUke","Toxic","Republic Records","23","54","12","10546729","2gQPv5jvVPqU2a9HhMNO1v","0.594","0.687","0.363","0.612","0.461","179.629","-6.627","0.835","0","BoyWithUke","1Cd373x8qzC7SNUg5IToqp","sad rap"
"39","39","spotify:track:3rdAz1fbUfZxYgaCviYhRo","Rauw Alejandro","Todo De Ti","Sony Music Latin/Duars Entertainment","2","62","33","10527800","3rdAz1fbUfZxYgaCviYhRo","0.78","0.336","0.0506","0.719","0.0931","127.962","-3.613","0.302","0.000196","Rauw Alejandro","1mcTU81TzQhprhouKaTkpq","puerto rican pop,trap latino,urbano latino"
"40","40","spotify:track:5TMLavqGRKNxgzMBrVpC9R","zzoilo, Aitana","Mon Amour - Remix","Universal Music Spain S.L.","40","61","18","10478693","5TMLavqGRKNxgzMBrVpC9R","0.748","0.362","0.102","0.761","0.0984","116.041","-6.621","0.122","6.56e-06","zzoilo","7c53ZFyajVMTo08HmvoB6b",""
"41","41","spotify:track:37BZB0z9T8Xu7U3e65qxFy","The Weeknd, Ariana Grande","Save Your Tears (with Ariana Grande) (Remix)","Republic Records","5","78","37","10422192","37BZB0z9T8Xu7U3e65qxFy","0.65","0.593","0.0325","0.825","0.0936","118.091","-4.645","0.0215","2.44e-05","The Weeknd","1Xyo4u8uXC1ZmMpatF05PJ","canadian contemporary r&b,canadian pop,pop"
"42","42","spotify:track:5wANPM4fQCJwkGd4rN57mH","Olivia Rodrigo","drivers license","Olivia Rodrigo PS","1","67","52","10418293","5wANPM4fQCJwkGd4rN57mH","0.561","0.137","0.0578","0.431","0.106","143.875","-8.81","0.768","1.42e-05","Olivia Rodrigo","1McMsnEElThX1knmY4oliG","pop"
"43","43","spotify:track:5CZ40GBx1sQ9agT82CLQCT","Olivia Rodrigo","traitor","Olivia Rodrigo PS","7","63","33","10389465","5CZ40GBx1sQ9agT82CLQCT","0.38","0.0849","0.0338","0.339","0.12","100.607","-7.885","0.691","0","Olivia Rodrigo","1McMsnEElThX1knmY4oliG","pop"
"44","44","spotify:track:7sMBvZCSUl99bJLXZaLa0b","Bruno Mars, Anderson .Paak, Silk Sonic","Smokin Out The Window","Aftermath Entertainment/Atlantic","8","71","9","10006418","7sMBvZCSUl99bJLXZaLa0b","0.627","0.848","0.0437","0.618","0.351","82.03","-8.529","0.0558","0","Bruno Mars","0du5cEVh5yTK9QJze8zA0C","dance pop,pop"
"45","45","spotify:track:5dXWFMwD7I7zXsInONVl0H","SZA","I Hate U","Top Dawg Entertainment/RCA Records","19","68","5","9726083","5dXWFMwD7I7zXsInONVl0H","0.535","0.412","0.155","0.388","0.11","106.703","-9.805","0.507","0","SZA","7tYKF4w9nC0nq9CsPZTHyP","pop,r&b"
"46","46","spotify:track:2gpWyfu7eZ01zzncHpxOtA","Swedish House Mafia, The Weeknd","Moth To A Flame (with The Weeknd)","Republic Records","7","97","11","9610083","2gpWyfu7eZ01zzncHpxOtA","0.542","0.109","0.0389","0.659","0.105","120.122","-7.289","0.00279","0","Swedish House Mafia","1h6Cn3P4NGzXbaXidqURXs","dance pop,edm,electro house,pop,pop dance,progressive electro house"
"47","47","spotify:track:4gvrJnKCKIPiacNsWVQwEU","CKay, Dj Yo!, AX'EL","love nwantiti (feat. Dj Yo! & AX'EL) - Remix","WM South Africa","14","66","16","9539475","4gvrJnKCKIPiacNsWVQwEU","0.579","0.443","0.0561","0.596","0.0549","119.9","-4.823","0.436","0.0938","CKay","048LktY5zMnakWq7PTtFrz","afro r&b"
"48","48","spotify:track:3Kkjo3cT83cw09VJyrLNwX","Adele","Oh My God","Columbia","3","77","7","9508205","3Kkjo3cT83cw09VJyrLNwX","0.534","0.55","0.046","0.725","0.0264","88.098","-3.906","0.091","0","Adele","4dpARuHxo51G3z768sgnrY","british soul,pop,pop soul,uk pop"
"49","49","spotify:track:2vmfvSoZBFAt9hhRoEByLi","Aventura, Bad Bunny","Volví","Rimas Entertainment LLC","10","73","23","9370093","2vmfvSoZBFAt9hhRoEByLi","0.725","0.791","0.182","0.86","0.0674","175.896","-3.726","0.422","0.000284","Aventura","1qto4hHid1P71emI6Fd8xi","bachata,bachata dominicana,latin hip hop,latin pop,tropical,urbano latino"
"50","50","spotify:track:4MzXwWMhyBbmu6hOcLVD49","Bad Bunny, JhayCo","DÁKITI","Rimas Entertainment LLC","1","79","62","9352178","4MzXwWMhyBbmu6hOcLVD49","0.731","0.145","0.0544","0.573","0.113","109.928","-10.059","0.401","5.22e-05","Bad Bunny","4q3ewBCX7sLwd24euuV69X","reggaeton,trap latino,urbano latino"
"51","51","spotify:track:3nOz1U41SZZ0N3fuUWr9nb","Emmy Meli","I AM WOMAN","Disruptor Records/Arista Records","51","86","6","9123510","3nOz1U41SZZ0N3fuUWr9nb","0.646","0.455","0.157","0.471","0.125","170.084","-9.247","0.122","0","Emmy Meli","71szvmFWd7TUa7b6XmXj9k","high vibe"
"52","52","spotify:track:4iJyoBOLtHqaGxP12qzhQI","Justin Bieber, Daniel Caesar, Giveon","Peaches (feat. Daniel Caesar & Giveon)","RBMG/Def Jam","1","80","42","8899368","4iJyoBOLtHqaGxP12qzhQI","0.677","0.464","0.119","0.696","0.42","90.03","-6.181","0.321","0","Justin Bieber","1uNFoZAHBGtllmzznpCI3s","canadian pop,pop"
"53","53","spotify:track:6lX6l7OuA3qrnIRfdsr0dw","Blessd, Justin Quiles, Lenny Tavárez","Medallo","WEA Latina","53","83","7","8857312","6lX6l7OuA3qrnIRfdsr0dw","0.787","0.791","0.0768","0.7","0.663","90.02","-4.598","0.568","0.00051","Blessd","1TA5sGRlKUJXBN4ZyJuDIX","reggaeton,urbano latino"
"54","54","spotify:track:760jhRscwGbIIe1m1IIQpU","Jessica Darrow","Surface Pressure","Walt Disney Records","54","-1","1","8764295","760jhRscwGbIIe1m1IIQpU","0.65","0.37","0.307","0.584","0.042","180.088","-8.286","0.0174","1.54e-06","Jessica Darrow","4vdAAzZBUKbsrvHi6UR7B7",""
"55","55","spotify:track:07MDkzWARZaLEdKxo6yArG","THE ANXIETY, WILLOW, Tyler Cole","Meet Me At Our Spot","MSFTSMusic / Roc Nation Records, LLC","24","96","18","8681227","07MDkzWARZaLEdKxo6yArG","0.773","0.399","0.0299","0.47","0.0851","94.995","-7.93","0.0153","0.000193","THE ANXIETY","64H8UqGLbJFHwKtGxiV8OP","modern alternative pop"
"56","56","spotify:track:6UelLqGlWMcVH1E5c4H7lY","Harry Styles","Watermelon Sugar","Columbia","4","101","112","8569504","6UelLqGlWMcVH1E5c4H7lY","0.548","0.557","0.0465","0.816","0.335","95.39","-4.209","0.122","0","Harry Styles","6KImCVD70vtIoJWnq6nGn3","pop"
"57","57","spotify:track:2KnLkZ3z7PO3kgVGHGqDpD","Shawn Mendes","It'll Be Okay","Shawn Mendes LP4-5 PS/ Island","57","93","5","8500816","2KnLkZ3z7PO3kgVGHGqDpD","0.398","0.0666","0.033","0.286","0.0912","78.262","-11.881","0.616","0.000146","Shawn Mendes","7n2wHs1TKAczGzO7Dd2rGr","canadian pop,dance pop,pop,viral pop"
"58","58","spotify:track:0Be7sopyKMv8Y8npsUkax2","Sebastian Yatra","Tacones Rojos","UMLE - Latino","58","95","7","8490346","0Be7sopyKMv8Y8npsUkax2","0.748","0.927","0.0348","0.856","0.142","123.031","-3.517","0.0824","0","Sebastian Yatra","07YUOmWljBTXwIseAUd9TW","colombian pop,latin pop,reggaeton colombiano"
"59","59","spotify:track:0RiRZpuVRbi7oqRdSMwhQY","Post Malone, Swae Lee","Sunflower - Spider-Man: Into the Spider-Verse","Republic Records","1","89","168","8411636","0RiRZpuVRbi7oqRdSMwhQY","0.755","0.925","0.0575","0.522","0.0685","89.96","-4.368","0.533","0","Post Malone","246dkjvS1zLTtiykXe5h60","dfw rap,melodic rap,rap"
"60","60","spotify:track:6mmPpaltUZK7xjNlBPQQ0p","Rauw Alejandro, Chencho Corleone","Desesperados","Sony Music Latin/Duars Entertainment","60","103","4","8352181","6mmPpaltUZK7xjNlBPQQ0p","0.869","0.511","0.0783","0.694","0.0878","90.02","-3.35","0.356","0.00125","Rauw Alejandro","1mcTU81TzQhprhouKaTkpq","puerto rican pop,trap latino,urbano latino"
"61","61","spotify:track:2BEcap3xJtmiPaHKyfQi4e","Rvssian, Rauw Alejandro, Chris Brown","Nostálgico","Sony Music Latin","40","85","17","8341116","2BEcap3xJtmiPaHKyfQi4e","0.734","0.604","0.0489","0.846","0.235","98.026","-3.425","0.166","1.74e-06","Rvssian","1fctva4kpRbg2k3v7kwRuS","latin hip hop,reggaeton,reggaeton flow,trap latino,urbano latino"
"62","62","spotify:track:0eu4C55hL6x29mmeAjytzC","Oliver Tree","Life Goes On","Atlantic Records","15","94","18","8229538","0eu4C55hL6x29mmeAjytzC","0.7","0.569","0.076","0.49","0.117","79.982","-5.187","0.186","0","Oliver Tree","6TLwD7HPWuiOzvXEa3oCNe","alternative hip hop"
"63","63","spotify:track:6f5ExP43esnvdKPddwKXJH","NEIKED, Mae Muller, Polo G","Better Days (NEIKED x Mae Muller x Polo G)","Capitol Records UK / EMI","32","131","12","8217608","6f5ExP43esnvdKPddwKXJH","0.717","0.699","0.0337","0.671","0.0921","110.054","-5.077","0.0018","2.54e-06","NEIKED","5H6xmHXjsq98NLbEjuE29f","dance pop,edm,pop,pop dance,scandipop,tropical house"
"64","64","spotify:track:3PfIrDoz19wz7qK7tYeu62","Dua Lipa","Don't Start Now","Warner Records","2","123","114","8206048","3PfIrDoz19wz7qK7tYeu62","0.793","0.679","0.083","0.793","0.0951","123.95","-4.521","0.0123","0","Dua Lipa","6M2wZ9GZgrQXHCFfjv46we","dance pop,pop,uk pop"
"65","65","spotify:track:1mWdTewIgB3gtBM3TOSFhB","BTS","Butter","BIGHIT MUSIC","2","158","33","8139492","1mWdTewIgB3gtBM3TOSFhB","0.759","0.695","0.0948","0.459","0.0906","109.997","-5.187","0.00323","0","BTS","3Nrfpe0tUJi4K4DXYWgMUX","k-pop,k-pop boy group"
"66","66","spotify:track:1c4htMHiolERc0YJvZNdlc","George Henrique & Rodrigo, Marília Mendonça","Vai Lá Em Casa Hoje","Worldshow Promoções e Eventos","66","81","7","8080011","1c4htMHiolERc0YJvZNdlc","0.456","0.619","0.281","0.83","0.968","157.628","-3.646","0.53","0","George Henrique & Rodrigo","3FlCKtwOEYQQYyGVEbxG2Z","arrocha,sertanejo,sertanejo pop,sertanejo universitario"
"67","67","spotify:track:4A8cWXxKfIL3lAyUDzXbCF","Kodak Black","Super Gremlin","Atlantic/Sniper Gang","67","106","4","8073825","4A8cWXxKfIL3lAyUDzXbCF","0.825","0.106","0.144","0.414","0.357","72.993","-6.634","0.00265","0","Kodak Black","46SHBwWsqBkxI7EeeBEQG7","florida drill,florida rap,hip hop,melodic rap,miami hip hop,rap,trap,trap latino"
"68","68","spotify:track:4cG7HUWYHBV6R6tHn1gxrl","Riton, Nightcrawlers, Mufasa & Hypeman, Dopamine","Friday (feat. Mufasa & Hypeman) - Dopamine Re-Edit","Ministry of Sound Recordings","15","194","46","8046772","4cG7HUWYHBV6R6tHn1gxrl","0.824","0.801","0.126","0.862","0.303","122.98","-3.424","0.0076","0.000132","Riton","7i9j813KFoSBMldGqlh2Z1","dance pop,edm,house,pop dance,tropical house,uk dance"
"69","69","spotify:track:1LPSkqVhWVRUkKE03YUkpB","Bruno Mars, Anderson .Paak, Silk Sonic","Leave The Door Open","Aftermath Entertainment/Atlantic","5","110","44","7987911","1LPSkqVhWVRUkKE03YUkpB","0.586","0.719","0.0324","0.616","0.0927","148.088","-7.964","0.182","0","Bruno Mars","0du5cEVh5yTK9QJze8zA0C","dance pop,pop"
"70","70","spotify:track:5QDLhrAOJJdNAmCTJ8xMyW","BTS","Dynamite","BIGHIT MUSIC","2","111","72","7964387","5QDLhrAOJJdNAmCTJ8xMyW","0.746","0.737","0.0993","0.765","0.0936","114.044","-4.41","0.0112","0","BTS","3Nrfpe0tUJi4K4DXYWgMUX","k-pop,k-pop boy group"
"71","71","spotify:track:5QO79kh1waicV47BqGRL3g","The Weeknd","Save Your Tears","Republic Records","2","109","57","7901719","5QO79kh1waicV47BqGRL3g","0.68","0.644","0.0309","0.826","0.543","118.051","-5.487","0.0212","1.24e-05","The Weeknd","1Xyo4u8uXC1ZmMpatF05PJ","canadian contemporary r&b,canadian pop,pop"
"72","72","spotify:track:09gysnJpfQ3ublBmJDfcEC","Amaarae, Kali Uchis, Moliy","SAD GIRLZ LUV MONEY Remix (feat. Kali Uchis and Moliy)","0207 Def Jam","23","105","10","7754052","09gysnJpfQ3ublBmJDfcEC","0.87","0.319","0.0602","0.523","0.113","110.02","-8.052","0.433","2.07e-05","Amaarae","21UPYSRWFKwtqvSAnFnSvS","afro r&b,alternative r&b,ghanaian alternative,ghanaian pop"
"73","73","spotify:track:37y7iDayfwm3WXn5BiAoRk","Steve Lacy","Dark Red","Three Quarter","66","113","22","7677251","37y7iDayfwm3WXn5BiAoRk","0.603","0.775","0.062","0.783","0.119","172.041","-4.023","0.449","7.96e-06","Steve Lacy","57vWImR43h4CaDao012Ofp","afrofuturism"
"74","74","spotify:track:0bI7K9Becu2dtXK1Q3cZNB","Tiësto, KAROL G","Don't Be Shy","Atlantic Records","38","127","21","7676587","0bI7K9Becu2dtXK1Q3cZNB","0.77","0.513","0.0583","0.787","0.262","119.986","-3.748","0.198","0","Tiësto","2o5jDhtHVPhrJdv3cEQ99Z","big room,brostep,dutch edm,edm,house,pop dance,slap house,trance"
"75","75","spotify:track:5VTjBl3ddZEiG2LrH4VzyR","Zé Felipe, Mc Danny","Toma Toma Vapo Vapo","Som Livre","75","104","6","7637207","5VTjBl3ddZEiG2LrH4VzyR","0.763","0.813","0.0479","0.859","0.117","164.055","-3.3","0.322","3e-04","Zé Felipe","7cmuxPnXRJxwuYDHfbD8Eu","arrocha,arrochadeira"
"76","76","spotify:track:6HU7h9RYOaPRFeh0R3UeAr","Olivia Rodrigo","deja vu","Olivia Rodrigo PS","3","116","40","7590901","6HU7h9RYOaPRFeh0R3UeAr","0.442","0.178","0.112","0.612","0.37","180.917","-7.222","0.584","5.7e-06","Olivia Rodrigo","1McMsnEElThX1knmY4oliG","pop"
"77","77","spotify:track:0k4d5YPDr1r7FX77VdqWez","Doja Cat, The Weeknd","You Right","Kemosabe Records/RCA Records","15","120","28","7462597","0k4d5YPDr1r7FX77VdqWez","0.828","0.436","0.0565","0.621","0.0845","128.986","-6.414","0.0164","0.00233","Doja Cat","5cj0lLjcoR7YOSnhnX0Po5","dance pop,pop"
"78","78","spotify:track:2eAvDnpXP5W0cVtiI0PUxV","Ruth B.","Dandelions","Columbia","78","133","21","7332783","2eAvDnpXP5W0cVtiI0PUxV","0.609","0.454","0.0259","0.692","0.0864","116.959","-2.958","0.0157","0","Ruth B.","2WzaAvm2bBCf4pEhyuDgCY","alt z,canadian contemporary r&b,canadian pop,pop"
"79","79","spotify:track:6P096SaOzrgGxs8NWOfX7M","Tiago PZK, Trueno","Salimo de Noche","WM Chile","72","114","10","7323698","6P096SaOzrgGxs8NWOfX7M","0.669","0.784","0.0526","0.628","0.124","83.803","-4.177","0.294","1.83e-05","Tiago PZK","5Y3MV9DZ0d87NnVm56qSY1","trap argentino,urbano latino"
"80","80","spotify:track:7qEHsqek33rTcFNT9PFqLf","Lewis Capaldi","Someone You Loved","Vertigo Berlin","4","125","157","7311448","7qEHsqek33rTcFNT9PFqLf","0.501","0.446","0.0319","0.405","0.105","109.891","-5.679","0.751","0","Lewis Capaldi","4GNC7GD6oZMSxPGyXy4MNB","pop,uk pop"
"81","81","spotify:track:0pqnGHJpmpxLKifKRmU6WP","Imagine Dragons","Believer","Kid Ina Korner / Interscope","16","117","257","7249580","0pqnGHJpmpxLKifKRmU6WP","0.776","0.666","0.128","0.78","0.081","124.949","-4.374","0.0622","0","Imagine Dragons","53XhwfbYqKCa1cC15pYq2q","modern rock,rock"
"82","82","spotify:track:0G2zPzWqVjR68iNPmx2TBe","Mora, Bad Bunny, Sech","Volando - Remix","Rimas Entertainment LLC","19","112","26","7210708","0G2zPzWqVjR68iNPmx2TBe","0.659","0.632","0.0673","0.688","0.113","153.979","-4.649","0.207","0","Mora","0Q8NcsJwoCbZOHHW63su5S","trap latino,urbano latino"
"83","83","spotify:track:4jPy3l0RUwlUI9T5XHBW2m","24kGoldn, iann dior","Mood (feat. iann dior)","Records/Columbia","1","137","74","7198351","4jPy3l0RUwlUI9T5XHBW2m","0.701","0.732","0.0361","0.716","0.324","91.007","-3.671","0.174","0","24kGoldn","6fWVd57NKTalqvmjRd2t8Z","cali rap,pop,pop rap,rap"
"84","84","spotify:track:6dmXZ9B5HdFAyzHeTneYBK","ROSALÍA, The Weeknd","LA FAMA","Columbia","32","124","8","7188300","6dmXZ9B5HdFAyzHeTneYBK","0.77","0.821","0.0466","0.302","0.125","136.01","-7.911","0.946","3.38e-05","ROSALÍA","7ltDVBr6mKbRvohxheJ9h1","r&b en espanol"
"85","85","spotify:track:4qsOrxBv09HhNSpsgMRXdC","Marília Mendonça, Maiara & Maraisa","Esqueça-Me Se For Capaz","Som Livre","67","92","9","7185850","4qsOrxBv09HhNSpsgMRXdC","0.799","0.623","0.0725","0.685","0.13","122.013","-5.366","0.276","0","Marília Mendonça","1yR65psqiazQpeM79CcGh8","arrocha,sertanejo"
"86","86","spotify:track:1kjs5eR4DMzyB0gm1Z8waV","Trueno","DANCE CRIP","©️ Ⓟ 2022 Sur Capital Records ™️ ( por Tierra Agencia SRL )","79","107","7","7162385","1kjs5eR4DMzyB0gm1Z8waV","0.857","0.864","0.0978","0.766","0.0817","106.024","-3.699","0.108","0","Trueno","2x7PC78TmgqpEIjaGAZ0Oz","argentine hip hop,bases de freestyle,trap argentino"
"87","87","spotify:track:6f3Slt0GbA2bPZlz0aIFXN","Tiësto","The Business","Atlantic Records","9","177","62","7128000","6f3Slt0GbA2bPZlz0aIFXN","0.798","0.235","0.232","0.62","0.112","120.031","-7.079","0.414","0.0192","Tiësto","2o5jDhtHVPhrJdv3cEQ99Z","big room,brostep,dutch edm,edm,house,pop dance,slap house,trance"
"88","88","spotify:track:6Dy1jexKYriXAVG6evyUTJ","Joel Corry, Jax Jones, Charli XCX, Saweetie","OUT OUT (feat. Charli XCX & Saweetie)","Atlantic Records UK","42","-1","19","6775363","6Dy1jexKYriXAVG6evyUTJ","0.787","0.796","0.0478","0.833","0.0374","123.97","-4.403","0.018","0.00747","Joel Corry","6DgP9otnZw5z6daOntINxp","dance pop,edm,pop,pop dance,tropical house,uk dance"
"89","89","spotify:track:4hJhHbkhZFnxmWbAkZRoe0","Fireboy DML, Ed Sheeran","Peru","YBNL Nation / EMPIRE","89","122","2","6757410","4hJhHbkhZFnxmWbAkZRoe0","0.956","0.714","0.0926","0.417","0.0782","108.015","-7.892","0.572","0.00071","Fireboy DML","75VKfyoBlkmrJFDqo1o2VY","afro dancehall"
"90","90","spotify:track:3eJH2nAjvNXdmPfBkALiPZ","Jason Derulo","Acapulco","Atlantic Records","90","184","13","6693152","3eJH2nAjvNXdmPfBkALiPZ","0.774","0.507","0.0523","0.792","0.155","122.062","-4.021","0.051","0","Jason Derulo","07YZf4WDAMNwqr4jfgOZ8y","dance pop,pop,pop rap,post-teen pop"
"91","91","spotify:track:4HzqWEdAbzcVFDv0pvxV4w","Maluma","Sobrio","Sony Music Latin","41","130","26","6690037","4HzqWEdAbzcVFDv0pvxV4w","0.762","0.631","0.223","0.77","0.15","177.998","-2.758","0.138","0","Maluma","1r4hJ1h58CWwUQe3MxPuau","reggaeton,reggaeton colombiano,urbano latino"
"92","92","spotify:track:2BcMwX1MPV6ZHP4tUT9uq6","Drake, 21 Savage, Project Pat","Knife Talk (with 21 Savage ft. Project Pat)","OVO","10","141","18","6685320","2BcMwX1MPV6ZHP4tUT9uq6","0.849","0.153","0.324","0.424","0.0834","145.887","-9.579","0.0635","0","Drake","3TVXtAsR1Inumwj472S9r4","canadian hip hop,canadian pop,hip hop,rap,toronto rap"
"93","93","spotify:track:4fSHADbZbhpZCT9oJpxwbP","Paulo Pires, Mc Danny, Marcynho Sensação","Ameaça","Paulo Pires","93","134","8","6660937","4fSHADbZbhpZCT9oJpxwbP","0.644","0.748","0.0602","0.938","0.164","169.9","-3.643","0.216","1.69e-06","Paulo Pires","3whgFbrRxsOmYVrq3t4hCY","arrocha,arrochadeira,deboxe,forro,piseiro,sertanejo pop"
"94","94","spotify:track:0u2P5u6lvoDfwTYjAADbn4","Billie Eilish, Khalid","lovely (with Khalid)","Darkroom","24","144","194","6614948","0u2P5u6lvoDfwTYjAADbn4","0.351","0.12","0.0333","0.296","0.095","115.284","-10.109","0.934","0","Billie Eilish","6qqNVTkY8uBg9cP3Jd7DAH","art pop,electropop,pop"
"95","95","spotify:track:0W6I02J9xcqK8MtSeosEXb","Doja Cat","Get Into It (Yuh)","Kemosabe Records/RCA Records","36","155","23","6447744","0W6I02J9xcqK8MtSeosEXb","0.912","0.793","0.162","0.655","0.0894","91.942","-6.029","0.315","3.39e-05","Doja Cat","5cj0lLjcoR7YOSnhnX0Po5","dance pop,pop"
"96","96","spotify:track:7EkWXAI1wn8Ii883ecd9xr","Surf Curse","Freaks","Surf Curse","55","154","36","6427297","7EkWXAI1wn8Ii883ecd9xr","0.345","0.407","0.0466","0.941","0.0511","179.626","-9.918","3.84e-05","0.633","Surf Curse","1gl0S9pS0Zw0qfa14rDD3D","dreamo,indie surf,surf punk,vegas indie"
"97","97","spotify:track:2N8m6CYs74qQO4mjVcXO30","Tones And I","Dance Monkey","Elektra (NEK)","1","174","129","6421034","2N8m6CYs74qQO4mjVcXO30","0.824","0.514","0.0937","0.587","0.149","98.029","-6.401","0.69","0.000105","Tones And I","2NjfBq1NflQcKSeiDooVjY","australian pop,dance pop,pop"
"98","98","spotify:track:003vvx7Niy0yvhvHt4a68B","The Killers","Mr. Brightside","Island Records","98","-1","76","6410690","003vvx7Niy0yvhvHt4a68B","0.352","0.236","0.0747","0.911","0.0995","148.033","-5.23","0.00121","0","The Killers","0C0XlULifJtAgn6ZNCW2eu","alternative rock,dance rock,modern rock,permanent wave,rock"
"99","99","spotify:track:3IMLoeLerS7TMpKjxUgAhx","Henrique & Juliano","Arranhão - Ao Vivo","Virgin Music Label And Artist Services (S&D)","84","108","20","6394196","3IMLoeLerS7TMpKjxUgAhx","0.486","0.663","0.258","0.871","0.97","151.175","-3.642","0.617","0","Henrique & Juliano","3p7PcrEHaaKLJnPUGOtRlT","arrocha,sertanejo universitario"
"100","100","spotify:track:7jtQIBanIiJOMS6RyCx6jZ","Tom Odell","Another Love","ITNO/Columbia","76","160","39","6375938","7jtQIBanIiJOMS6RyCx6jZ","0.442","0.139","0.0451","0.538","0.09","122.758","-8.55","0.717","2.95e-05","Tom Odell","2txHhyCwHjUEpJjWrEyqyX","chill pop,pop"
"101","101","spotify:track:6D2TCm4nf5nxAcdGJ7w3QP","J Balvin, Maria Becerra","Qué Más Pues?","Sueños Globales, LLC","9","147","32","6375796","6D2TCm4nf5nxAcdGJ7w3QP","0.903","0.732","0.095","0.817","0.242","102.014","-3.972","0.0272","0.000311","J Balvin","1vyhD5VmyZ7KMfW5gqLgo5","reggaeton,reggaeton colombiano,urbano latino"
"102","102","spotify:track:4pt5fDVTg5GhEvEtlz9dKk","Måneskin","I WANNA BE YOUR SLAVE","RCA Records Label","8","167","33","6318764","4pt5fDVTg5GhEvEtlz9dKk","0.75","0.958","0.0387","0.608","0.178","132.507","-4.008","0.00165","0","Måneskin","0lAWpj5szCSwM4rUMHYmrr","indie rock italiano,italian pop"
"103","103","spotify:track:7n2FZQsaLb7ZRfRPfEeIvr","IVE","ELEVEN","STARSHIP Entertainment","103","145","5","6301079","7n2FZQsaLb7ZRfRPfEeIvr","0.828","0.587","0.111","0.731","0.048","119.978","-3.033","0.0617","0","IVE","6RHTUrRF63xao58xh9FXYJ","k-pop girl group"
"104","104","spotify:track:6IAZHEBUIGJ6NJKxxOBIEr","Adele","Rolling in the Deep","XL Recordings","36","151","14","6286745","6IAZHEBUIGJ6NJKxxOBIEr","0.73","0.507","0.0298","0.769","0.0473","104.948","-5.114","0.138","0","Adele","4dpARuHxo51G3z768sgnrY","british soul,pop,pop soul,uk pop"
"105","105","spotify:track:7lQ8MOhq6IN2w8EYcFNSUk","Eminem","Without Me","Aftermath","105","181","15","6241467","7lQ8MOhq6IN2w8EYcFNSUk","0.908","0.662","0.0738","0.669","0.237","112.238","-2.827","0.00286","0","Eminem","7dGJo4pcD2V6oG8kP0tJRR","detroit hip hop,hip hop,rap"
"106","106","spotify:track:3YvE7uo4ffseBoJPh8IhHp","Marília Mendonça, Maiara & Maraisa","Presepada","Som Livre","106","135","7","6218362","3YvE7uo4ffseBoJPh8IhHp","0.606","0.672","0.175","0.733","0.144","166.199","-4.46","0.368","0","Marília Mendonça","1yR65psqiazQpeM79CcGh8","arrocha,sertanejo"
"107","107","spotify:track:72g37RoelSnovZakG5MwnF","Mari Fernandez, Marcynho Sensação","Parada Louca","Sony Music Entertainment","107","146","2","6218188","72g37RoelSnovZakG5MwnF","0.693","0.835","0.0524","0.936","0.339","166.034","-1.322","0.302","0","Mari Fernandez","0BHm7qbh3ENxvXzkQAG7MP","arrocha,arrochadeira"
"108","108","spotify:track:21jGcNKet2qwijlDFuPiPb","Post Malone","Circles","Republic Records","1","196","123","6189132","21jGcNKet2qwijlDFuPiPb","0.695","0.553","0.0395","0.762","0.0863","120.042","-3.497","0.192","0.00244","Post Malone","246dkjvS1zLTtiykXe5h60","dfw rap,melodic rap,rap"
"109","109","spotify:track:1FlL8ycld6uVDDyhV7P5FA","Rauw Alejandro","Cúrame","Sony Music Latin/Duars Entertainment","35","148","24","6162345","1FlL8ycld6uVDDyhV7P5FA","0.765","0.262","0.0548","0.625","0.112","102.101","-3.599","0.584","0.00111","Rauw Alejandro","1mcTU81TzQhprhouKaTkpq","puerto rican pop,trap latino,urbano latino"
"110","110","spotify:track:2USlegnFJLrVLpoVfPimKB","Gabry Ponte, LUM!X, Prezioso","Thunder","Spinnin' Records","110","-1","5","6122201","2USlegnFJLrVLpoVfPimKB","0.67","0.403","0.058","0.896","0.344","101.216","-4.673","0.0342","3.21e-05","Gabry Ponte","5ENS85nZShljwNgg4wFD7D","edm,eurodance,europop,italo dance,pop dance,slap house,tropical house"
"111","111","spotify:track:5g7sDjBhZ4I3gcFIpkrLuI","Bruno Mars","Locked out of Heaven","Atlantic Records","111","-1","1","6118170","5g7sDjBhZ4I3gcFIpkrLuI","0.728","0.87","0.0456","0.697","0.282","143.986","-4.125","0.0556","0","Bruno Mars","0du5cEVh5yTK9QJze8zA0C","dance pop,pop"
"112","112","spotify:track:0tgVpDi06FyKpA1z0VMD4v","Ed Sheeran","Perfect","Atlantic Records UK","4","162","251","6102226","0tgVpDi06FyKpA1z0VMD4v","0.599","0.168","0.0232","0.448","0.106","95.05","-6.312","0.163","0","Ed Sheeran","6eUKZXaKkcviH0Ku9w2n3V","pop,uk pop"
"113","113","spotify:track:7qiZfU4dY1lWllzX7mPBI3","Ed Sheeran","Shape of You","Atlantic Records UK","1","192","258","6059140","7qiZfU4dY1lWllzX7mPBI3","0.825","0.931","0.0802","0.652","0.0931","95.977","-3.183","0.581","0","Ed Sheeran","6eUKZXaKkcviH0Ku9w2n3V","pop,uk pop"
"114","114","spotify:track:2vXKRlJBXyOcvZYTdNeckS","Gesaffelstein, The Weeknd","Lost in the Fire (feat. The Weeknd)","Columbia","12","-1","10","6055473","2vXKRlJBXyOcvZYTdNeckS","0.658","0.166","0.0363","0.671","0.115","100.966","-12.21","0.0933","0.000927","Gesaffelstein","3hteYQFiMFbJY7wS0xDymP","dark clubbing,destroy techno"
"115","115","spotify:track:2tGvwE8GcFKwNdAXMnlbfl","Olivia Rodrigo","happier","Olivia Rodrigo PS","12","169","33","6049526","2tGvwE8GcFKwNdAXMnlbfl","0.395","0.338","0.133","0.443","0.0839","168.924","-9.72","0.765","9.67e-06","Olivia Rodrigo","1McMsnEElThX1knmY4oliG","pop"
"116","116","spotify:track:29TPjc8wxfz4XMn21O7VsZ","Playboi Carti","Sky","AWGE/Interscope Records","113","182","12","6044907","29TPjc8wxfz4XMn21O7VsZ","0.785","0.565","0.21","0.903","0.169","139.98","-4.184","0.258","0","Playboi Carti","699OTQXzgjhIYAHMy9RyPD","atl hip hop,hip hop,plugg,pluggnb,rap"
"117","117","spotify:track:3AJwUDP919kvQ9QcozQPxg","Coldplay","Yellow","Parlophone UK","101","183","55","6003788","3AJwUDP919kvQ9QcozQPxg","0.429","0.285","0.0281","0.661","0.234","173.372","-7.227","0.00239","0.000121","Coldplay","4gzpq5DPGxSnKTe4SA8HAU","permanent wave,pop"
"118","118","spotify:track:4kLLWz7srcuLKA7Et40PQR","Black Eyed Peas","I Gotta Feeling","Interscope","118","-1","1","5990090","4kLLWz7srcuLKA7Et40PQR","0.743","0.61","0.0265","0.766","0.509","127.96","-6.375","0.0873","0","Black Eyed Peas","1yxSLGMDHlW21z4YXirZDS","dance pop,pop,pop rap"
"119","119","spotify:track:3JCaq3KDSROg3TXhdiDa9n","JhayCo, Anuel AA","Ley Seca","N&E Entertainment LLC","44","165","18","5978929","3JCaq3KDSROg3TXhdiDa9n","0.759","0.584","0.096","0.842","0.134","105.059","-3.758","0.101","0","JhayCo","6nVcHLIgY5pE2YCl8ubca1","reggaeton,trap latino,urbano latino"
"120","120","spotify:track:0hYFc3HSZHDaDzquLVRwBH","Jnr Choi, Sam Tompkins","TO THE MOON","Jnr Choi/Epic","120","-1","1","5974966","0hYFc3HSZHDaDzquLVRwBH","0.744","0.387","0.35","0.648","0.109","144.036","-11.819","0.045","0.00614","Jnr Choi","1Z25ZlGHqqlr3o1UGQOfNn","gambian hip hop"
"121","121","spotify:track:0So2sgVa8aJiARPl2P29u2","SALES","Pope Is a Rockstar","SALES","108","139","4","5972828","0So2sgVa8aJiARPl2P29u2","0.725","0.311","0.0287","0.446","0.107","90.024","-8.958","0.85","0.243","SALES","6vVztIuqdDHvYWxOEXCzjN","orlando indie"
"122","122","spotify:track:5E30LdtzQTGqRvNd7l6kG5","The Neighbourhood","Daddy Issues","Columbia","99","191","65","5970956","5E30LdtzQTGqRvNd7l6kG5","0.588","0.337","0.0329","0.521","0.123","85.012","-9.461","0.0678","0.149","The Neighbourhood","77SW9BnxLY8rJ0RciFqkHh","modern alternative rock,modern rock,pop,shimmer pop"
"123","123","spotify:track:4xqrdfXkTW4T0RauPLv3WA","Conan Gray","Heather","Republic Records","12","170","76","5963472","4xqrdfXkTW4T0RauPLv3WA","0.357","0.27","0.0333","0.425","0.322","102.078","-7.301","0.584","0","Conan Gray","4Uc8Dsxct0oMqx0P6i60ea","bedroom pop,pop"
"124","124","spotify:track:2wG1R0uDFwyobcWzVssC1J","PEDRO SAMPAIO","GALOPA","WM Brazil","124","159","10","5958908","2wG1R0uDFwyobcWzVssC1J","0.763","0.77","0.0409","0.85","0.104","150.009","-4.036","0.285","0","PEDRO SAMPAIO","5wbf52LA6kcaboHSN6NEF1","funk carioca,funk rj"
"125","125","spotify:track:6E90gq0KO6FYZVOXx8kCcC","Masked Wolf","Astronaut In The Ocean","Elektra (NEK)","3","176","51","5956040","6E90gq0KO6FYZVOXx8kCcC","0.778","0.472","0.0913","0.695","0.15","149.996","-6.865","0.175","0","Masked Wolf","1uU7g3DNSbsu0QjSEqZtEd","australian hip hop"
"126","126","spotify:track:4XvcHTUfIlWfyJTRG0aqlo","Sleepy Hallow","2055","Winners Circle/RCA Records","31","161","25","5945772","4XvcHTUfIlWfyJTRG0aqlo","0.829","0.638","0.187","0.512","0.12","80.511","-5.865","0.492","0","Sleepy Hallow","6EPlBSH2RSiettczlz7ihV","brooklyn drill,nyc rap"
"127","127","spotify:track:05bfbizlM5AX6Mf1RRyMho","Nio Garcia, J Balvin, Bad Bunny","AM Remix","Flow La Movie","14","163","28","5940693","05bfbizlM5AX6Mf1RRyMho","0.743","0.785","0.159","0.655","0.0764","172.031","-5.015","0.114","0","Nio Garcia","5hdhHgpxyniooUiQVaPxQ0","latin hip hop,reggaeton,reggaeton flow,trap latino,urbano latino"
"128","128","spotify:track:0k1WUmIRnG3xU6fvvDVfRG","Drake, Future, Young Thug","Way 2 Sexy (with Future & Young Thug)","OVO","5","189","18","5937418","0k1WUmIRnG3xU6fvvDVfRG","0.803","0.331","0.141","0.597","0.323","136.008","-6.035","0.000619","4.5e-06","Drake","3TVXtAsR1Inumwj472S9r4","canadian hip hop,canadian pop,hip hop,rap,toronto rap"
"129","129","spotify:track:0WSEq9Ko4kFPt8yo3ICd6T","Kanye West","Praise God","Rock The World/IDJ/Kanye LP7","16","179","17","5937218","0WSEq9Ko4kFPt8yo3ICd6T","0.798","0.212","0.168","0.545","0.258","118.029","-6.466","0.00904","9.48e-05","Kanye West","5K4W6rqBFWDnAN6FQUkS6x","chicago rap,rap"
"130","130","spotify:track:35mvY5S1H3J2QZyna3TFe0","Ariana Grande","positions","Republic Records","1","171","63","5909091","35mvY5S1H3J2QZyna3TFe0","0.737","0.682","0.0878","0.802","0.0931","144.015","-4.771","0.468","0","Ariana Grande","66CXWjxzNUsdJxJ2JdwvnR","dance pop,pop"
"131","131","spotify:track:6nkoWsFZeFt5dUdNmlIceh","Gusttavo Lima","Bloqueado - Ao Vivo","Sony Music Entertainment","131","153","2","5898390","6nkoWsFZeFt5dUdNmlIceh","0.828","0.651","0.0558","0.721","0.547","129.092","-4.274","0.153","0","Gusttavo Lima","7MiDcPa6UiV3In7lIM71IN","arrocha,sertanejo,sertanejo universitario"
"132","132","spotify:track:4u7EnebtmKWzUH433cf5Qv","Queen","Bohemian Rhapsody - Remastered 2011","EMI","11","180","172","5887326","4u7EnebtmKWzUH433cf5Qv","0.414","0.224","0.0499","0.404","0.3","71.105","-9.928","0.271","0","Queen","1dfeR4HaWDbWqFHLkxsg1d","classic rock,glam rock,rock"
"133","133","spotify:track:0ct6r3EGTcMLPtrXHDvVjc","Avicii","The Nights","Universal Music AB","44","198","43","5853904","0ct6r3EGTcMLPtrXHDvVjc","0.527","0.654","0.0433","0.835","0.249","125.983","-5.298","0.0166","0","Avicii","1vCWHaC5f2uS3yhpwWbIA6","dance pop,edm,pop,pop dance,pop rap"
"134","134","spotify:track:2gMXnyrvIjhVBUZwvLZDMP","Lewis Capaldi","Before You Go","Vertigo Berlin","19","193","111","5847892","2gMXnyrvIjhVBUZwvLZDMP","0.459","0.183","0.0573","0.575","0.0885","111.881","-4.858","0.604","0","Lewis Capaldi","4GNC7GD6oZMSxPGyXy4MNB","pop,uk pop"
"135","135","spotify:track:5902W4uHWzhtOff1UK7the","Alesso, Katy Perry","When I’m Gone (with Katy Perry)","10:22PM/Astralwerks","135","-1","1","5846612","5902W4uHWzhtOff1UK7the","0.685","0.615","0.034","0.886","0.481","125.034","-4.179","0.028","0","Alesso","4AVFqumd2ogHFlRbKIjp1t","dance pop,edm,electro house,pop,pop dance,progressive electro house,tropical house"
"136","136","spotify:track:0lJE8f0lx8mUSfMyxeYpiC","TINI, L-Gante","Bar","Sony Music Latin","99","150","8","5843074","0lJE8f0lx8mUSfMyxeYpiC","0.523","0.677","0.0833","0.691","0.327","94.148","-3.802","0.133","0","TINI","7vXDAI8JwjW531ouMGbfcp","latin pop,pop argentino"
"137","137","spotify:track:1qE8DOtw7zdXHMgZm20eLM","TWICE","The Feels","Republic Records - TWICE","57","164","14","5840983","1qE8DOtw7zdXHMgZm20eLM","0.808","0.922","0.0729","0.903","0.0816","120.044","-2.179","0.0899","0","TWICE","7n2Ycct7Beij7Dj7meI4X0","k-pop,k-pop girl group"
"138","138","spotify:track:48QmG1dfvMuYLxMPt7KSRA","Sean Paul, Dua Lipa","No Lie","Universal-Island Records Ltd.","80","190","23","5831361","48QmG1dfvMuYLxMPt7KSRA","0.742","0.463","0.117","0.882","0.206","102.04","-2.862","0.0466","0","Sean Paul","3Isy6kedDrgPYoTS1dazA9","dance pop,dancehall,pop rap"
"139","139","spotify:track:58HvfVOeJY7lUuCqF0m3ly","Elley Duhé","MIDDLE OF THE NIGHT","Not Fit For Society/RCA Records","139","197","2","5756682","58HvfVOeJY7lUuCqF0m3ly","0.41","0.0899","0.0467","0.611","0.116","185.727","-8.271","0.0228","0","Elley Duhé","67MNhiAICFY6Pwc2YxCO0K","alt z,electropop,pop"
"140","140","spotify:track:18vXApRmJSgQ6wG2ll9AOg","Polo G","RAPSTAR","Columbia","3","-1","38","5734612","18vXApRmJSgQ6wG2ll9AOg","0.789","0.437","0.242","0.536","0.129","81.039","-6.862","0.41","0","Polo G","6AgTAQt8XS6jRWi4sX7w49","chicago rap,rap"
"141","141","spotify:track:3yfqSUWxFvZELEM4PmlwIR","Eminem","The Real Slim Shady","Interscope","123","-1","31","5706689","3yfqSUWxFvZELEM4PmlwIR","0.949","0.76","0.0572","0.661","0.0454","104.504","-4.244","0.0302","0","Eminem","7dGJo4pcD2V6oG8kP0tJRR","detroit hip hop,hip hop,rap"
"142","142","spotify:track:0cOa970mzTWAxKtltpkpLc","TINI, Maria Becerra","Miénteme","Sony Music Latin","41","186","33","5689711","0cOa970mzTWAxKtltpkpLc","0.85","0.916","0.0674","0.541","0.286","92.003","-4.522","0.161","5.01e-06","TINI","7vXDAI8JwjW531ouMGbfcp","latin pop,pop argentino"
"143","143","spotify:track:2tpWsVSb9UEmDRxAl1zhX1","OneRepublic","Counting Stars","Mosley / Interscope","138","-1","43","5685330","2tpWsVSb9UEmDRxAl1zhX1","0.664","0.477","0.0382","0.705","0.118","122.016","-4.972","0.0654","0","OneRepublic","5Pwc4xIPtQLFEnJriah9YJ","piano rock,pop"
"144","144","spotify:track:0gucTLf7trAf37Ua1uAyAu","Nirvana","Smells Like Teen Spirit","Geffen","109","-1","52","5664295","0gucTLf7trAf37Ua1uAyAu","0.489","0.691","0.0554","0.918","0.0908","116.731","-4.502","3.53e-05","7.64e-05","Nirvana","6olE6TJLqED3rqDCT0FyPh","grunge,permanent wave,rock"
"145","145","spotify:track:0b18g3G5spr4ZCkz7Y6Q0Q","Majestic, Boney M.","Rasputin","NITRON music","40","-1","24","5643678","0b18g3G5spr4ZCkz7Y6Q0Q","0.758","0.658","0.113","0.913","0.193","128.04","-2.926","0.00364","6.92e-05","Majestic","6QMABvTzixnxzsLYyhqRxI","house,pop dance,tropical house,uk dance"
"146","146","spotify:track:6M3PsepEj5gyJoIi7Xvr7u","The Weeknd","Take My Breath - Single Version","XO / Republic Records","7","-1","20","5630239","6M3PsepEj5gyJoIi7Xvr7u","0.747","0.523","0.0487","0.739","0.101","120.996","-6.008","0.0106","2.22e-05","The Weeknd","1Xyo4u8uXC1ZmMpatF05PJ","canadian contemporary r&b,canadian pop,pop"
"147","147","spotify:track:285pBltuF7vW8TeWk8hdRR","Juice WRLD","Lucid Dreams","Juice WRLD Mixtape / ISR P&D","3","187","183","5627315","285pBltuF7vW8TeWk8hdRR","0.511","0.218","0.2","0.566","0.34","83.903","-7.23","0.349","0","Juice WRLD","4MCBfE4596Uoi2O4DtmEMz","chicago rap,melodic rap"
"148","148","spotify:track:0nrRP2bk19rLc0orkWPQk2","Avicii","Wake Me Up","Universal Music AB","13","-1","63","5581726","0nrRP2bk19rLc0orkWPQk2","0.532","0.643","0.0523","0.783","0.161","124.08","-5.697","0.0038","0.0012","Avicii","1vCWHaC5f2uS3yhpwWbIA6","dance pop,edm,pop,pop dance,pop rap"
"149","149","spotify:track:22skzmqfdWrjJylampe0kt","Macklemore & Ryan Lewis, Macklemore, Ryan Lewis, Ray Dalton","Can't Hold Us (feat. Ray Dalton)","Macklemore","149","-1","16","5577448","22skzmqfdWrjJylampe0kt","0.633","0.88","0.0839","0.927","0.0986","146.097","-4.468","0.0267","0","Macklemore & Ryan Lewis","5BcAKTbp20cv7tC5VqPFoC","dance pop,pop,pop rap,seattle hip hop"
"150","150","spotify:track:2VxeLyX666F8uXCJ0dZF8B","Lady Gaga, Bradley Cooper","Shallow","A Star is Born OST","3","-1","169","5563739","2VxeLyX666F8uXCJ0dZF8B","0.572","0.323","0.0308","0.385","0.231","95.799","-6.362","0.371","0","Lady Gaga","1HY2Jd0NmPuamShAr6KMms","art pop,dance pop,pop"
"151","151","spotify:track:40iJIUlhi6renaREYGeIDS","Drake, Travis Scott","Fair Trade (with Travis Scott)","OVO","3","-1","17","5525030","40iJIUlhi6renaREYGeIDS","0.666","0.292","0.26","0.465","0.215","167.937","-8.545","0.0503","0","Drake","3TVXtAsR1Inumwj472S9r4","canadian hip hop,canadian pop,hip hop,rap,toronto rap"
"152","152","spotify:track:3dYD57lRAUcMHufyqn9GcI","Hozier","Take Me To Church","Universal-Island Records Ltd.","108","-1","64","5474853","3dYD57lRAUcMHufyqn9GcI","0.566","0.437","0.0464","0.664","0.116","128.945","-5.303","0.634","0","Hozier","2FXC3k01G6Gw61bmprjgqS","irish singer-songwriter,pop"
"153","153","spotify:track:7DF8lvLdV3htIbuTWpc7lR","Juice WRLD, SUGA, BTS","Girl Of My Dreams (with SUGA of BTS)","Grade A Productions/Interscope Records","28","143","4","5473992","7DF8lvLdV3htIbuTWpc7lR","0.603","0.332","0.0627","0.771","0.13","139.988","-6.336","0.194","0","Juice WRLD","4MCBfE4596Uoi2O4DtmEMz","chicago rap,melodic rap"
"154","154","spotify:track:48q0vSHcJdhK3IiXH8C5WJ","Arctic Monkeys","Why'd You Only Call Me When You're High?","Domino Recording Co","104","-1","22","5461733","48q0vSHcJdhK3IiXH8C5WJ","0.691","0.8","0.0368","0.631","0.104","92.004","-6.478","0.0483","1.13e-05","Arctic Monkeys","7Ln80lUS6He07XvHI8qqHH","garage rock,modern rock,permanent wave,rock,sheffield indie"
"155","155","spotify:track:5JCoSi02qi3jJeHdZXMmR8","Olivia Rodrigo","favorite crime","Olivia Rodrigo PS","11","-1","29","5427186","5JCoSi02qi3jJeHdZXMmR8","0.369","0.218","0.0364","0.272","0.147","172.929","-10.497","0.866","0","Olivia Rodrigo","1McMsnEElThX1knmY4oliG","pop"
"156","156","spotify:track:68Dni7IE4VyPkTOH9mRWHr","J. Cole","No Role Modelz","Roc Nation Records LLC","119","-1","25","5410906","68Dni7IE4VyPkTOH9mRWHr","0.69","0.494","0.339","0.521","0.0534","100.028","-8.492","0.324","0","J. Cole","6l3HvQ5sa6mXTsMTB19rO5","conscious hip hop,hip hop,north carolina hip hop,rap"
"157","157","spotify:track:3QFInJAm9eyaho5vBzxInN","Baby Keem, Kendrick Lamar","family ties (with Kendrick Lamar)","Columbia","30","-1","18","5401662","3QFInJAm9eyaho5vBzxInN","0.711","0.144","0.33","0.611","0.23","134.093","-5.453","0.00588","0","Baby Keem","5SXuuuRpukkTvsLuUknva1","hip hop,rap"
"158","158","spotify:track:6cx06DFPPHchuUAcTxznu9","Joel Corry, MNEK","Head & Heart (feat. MNEK)","Atlantic Records UK","11","-1","71","5397994","6cx06DFPPHchuUAcTxznu9","0.734","0.905","0.0662","0.874","0.0489","122.953","-3.158","0.168","1.14e-05","Joel Corry","6DgP9otnZw5z6daOntINxp","dance pop,edm,pop,pop dance,tropical house,uk dance"
"159","159","spotify:track:2RGIuYTsyyHoOCqW0krvNE","Avine Vinny, Matheus Fernandes","Coração Cachorro","Sony Music Entertainment","72","168","10","5374916","2RGIuYTsyyHoOCqW0krvNE","0.739","0.691","0.0372","0.758","0.137","151.924","-4.096","0.439","0.0017","Avine Vinny","4KDxYlnGZEiS60pAnfZf4W","arrocha,forro,funk carioca,sertanejo pop"
"160","160","spotify:track:3FAJ6O0NOHQV8Mc5Ri6ENp","Giveon","Heartbreak Anniversary","Epic/Not So Fast","8","-1","45","5368892","3FAJ6O0NOHQV8Mc5Ri6ENp","0.449","0.543","0.0791","0.465","0.303","89.087","-8.964","0.524","1.02e-06","Giveon","4fxd5Ee7UefO4CUXgwJ7IP","pop,r&b"
"161","161","spotify:track:0yL7K9MzC20uBesZTPY81r","DJ Matt D, Menor MC, MC GP, Vulgo FK","Pandora","GREE CASSUA","161","-1","1","5363497","0yL7K9MzC20uBesZTPY81r","0.688","0.559","0.588","0.458","0.407","124.553","-9.138","0.14","0","DJ Matt D","1rIc4yTieeRq25NA3T8RQ5","funk carioca,funk consciente,funk mtg,funk ostentacao"
"162","162","spotify:track:161DnLWsx1i3u1JT05lzqU","Bruno Mars","Talking to the Moon","Elektra (NEK)","45","-1","39","5358397","161DnLWsx1i3u1JT05lzqU","0.498","0.0784","0.032","0.59","0.107","145.867","-4.721","0.511","0","Bruno Mars","0du5cEVh5yTK9QJze8zA0C","dance pop,pop"
"163","163","spotify:track:60ynsPSSKe6O3sfwRnIBRf","Doja Cat","Streets","Kemosabe Records/RCA Records","9","-1","36","5348035","60ynsPSSKe6O3sfwRnIBRf","0.749","0.189","0.0842","0.463","0.338","90.035","-8.433","0.21","0.0382","Doja Cat","5cj0lLjcoR7YOSnhnX0Po5","dance pop,pop"
"164","164","spotify:track:04sN26COy28wTXYj3dMoiZ","Billie Eilish","Bored","Darkroom","51","-1","14","5346226","04sN26COy28wTXYj3dMoiZ","0.614","0.112","0.0478","0.318","0.0795","119.959","-12.695","0.896","0.00239","Billie Eilish","6qqNVTkY8uBg9cP3Jd7DAH","art pop,electropop,pop"
"165","165","spotify:track:5Ts1DYOuouQLgzTaisxWYh","Edison Lighthouse","Love Grows (Where My Rosemary Goes)","Crimson","165","-1","1","5340342","5Ts1DYOuouQLgzTaisxWYh","0.568","0.753","0.0299","0.824","0.0855","108.625","-4.613","0.403","0","Edison Lighthouse","1NRzxuPpdGushT8YmF5NAa","bubblegum pop"
"166","166","spotify:track:4cktbXiXOapiLBMprHFErI","Maroon 5","Memories","Interscope Records*","2","-1","114","5335496","4cktbXiXOapiLBMprHFErI","0.775","0.595","0.0557","0.327","0.0821","91.05","-7.241","0.841","0","Maroon 5","04gDigrS5kc9YWfZHwBETP","pop"
"167","167","spotify:track:1J14CdDAvBTE1AJYUOwl6C","Duncan Laurence","Arcade","Universal Music, a division of Universal International Music BV","23","-1","50","5305349","1J14CdDAvBTE1AJYUOwl6C","0.453","0.279","0.0425","0.35","0.144","72.017","-11.639","0.827","0.00122","Duncan Laurence","3klZnJvYGIbWritVwQD434","dutch pop"
"168","168","spotify:track:6v3KW9xbzN5yKLt9YKDYA2","Shawn Mendes, Camila Cabello","Señorita","Island Records","1","-1","127","5300441","6v3KW9xbzN5yKLt9YKDYA2","0.759","0.749","0.029","0.548","0.0828","116.967","-6.049","0.0392","0","Shawn Mendes","7n2wHs1TKAczGzO7Dd2rGr","canadian pop,dance pop,pop,viral pop"
"169","169","spotify:track:39LLxExYz6ewLAcYrzQQyP","Dua Lipa","Levitating","Warner Records","52","-1","35","5300041","39LLxExYz6ewLAcYrzQQyP","0.695","0.914","0.0753","0.884","0.213","103.014","-2.278","0.0561","0","Dua Lipa","6M2wZ9GZgrQXHCFfjv46we","dance pop,pop,uk pop"
"170","170","spotify:track:798ahLNEcoFER7Vywg1FMT","Calibre 50","A La Antigüita","Andaluz Music, LLC","128","188","8","5298422","798ahLNEcoFER7Vywg1FMT","0.651","0.963","0.0539","0.726","0.0535","179.99","-4.144","0.382","0","Calibre 50","4jogXSSvlyMkODGSZ2wc2P","musica mexicana"
"171","171","spotify:track:45bE4HXI0AwGZXfZtMp8JR","Tate McRae","you broke me first","RCA Records Label","13","-1","76","5295318","45bE4HXI0AwGZXfZtMp8JR","0.667","0.0823","0.05","0.373","0.0906","124.148","-9.389","0.785","0","Tate McRae","45dkTj5sMRSjrmBSBeiHym","pop"
"172","172","spotify:track:2rCbl9naJYhaxjLsfx88uM","Sebastian Yatra, Myke Towers","Pareja Del Año","UMLE - Latino","10","-1","35","5287661","2rCbl9naJYhaxjLsfx88uM","0.715","0.808","0.046","0.622","0.0948","80.015","-5.102","0.163","0","Sebastian Yatra","07YUOmWljBTXwIseAUd9TW","colombian pop,latin pop,reggaeton colombiano"
"173","173","spotify:track:1cA4wEmLkKlttS6N89LbJh","Juice WRLD, Justin Bieber","Wandered To LA (with Justin Bieber)","Grade A Productions/Interscope Records","33","173","5","5271963","1cA4wEmLkKlttS6N89LbJh","0.687","0.418","0.0406","0.643","0.11","135.068","-4.763","0.0518","3.31e-06","Juice WRLD","4MCBfE4596Uoi2O4DtmEMz","chicago rap,melodic rap"
"174","174","spotify:track:1u8c2t2Cy7UBoG4ArRcF5g","Taylor Swift","Blank Space","Big Machine Records, LLC","140","-1","9","5257252","1u8c2t2Cy7UBoG4ArRcF5g","0.76","0.57","0.054","0.703","0.0913","95.997","-5.412","0.103","0","Taylor Swift","06HL4z0CvFAxyc27GXpf02","pop"
"175","175","spotify:track:4rPkN1FMzQyFNP9cLUGIIB","Dua Lipa","Love Again","Warner Records","69","-1","20","5245777","4rPkN1FMzQyFNP9cLUGIIB","0.659","0.468","0.0339","0.667","0.1","115.982","-4.668","0.00173","2.85e-05","Dua Lipa","6M2wZ9GZgrQXHCFfjv46we","dance pop,pop,uk pop"
"176","176","spotify:track:3U4isOIWM3VvDubwSI3y7a","John Legend","All of Me","G.O.O.D. Music/Columbia","110","-1","143","5241083","3U4isOIWM3VvDubwSI3y7a","0.422","0.331","0.0322","0.264","0.132","119.93","-7.064","0.922","0","John Legend","5y2Xq6xcjJb2jVM54GHK3t","neo mellow,neo soul,pop,pop soul,r&b,urban contemporary"
"177","177","spotify:track:04S1pkp1VaIqjg8zZqknR5","Taylor Swift","Enchanted","Big Machine Records, LLC","61","-1","8","5240404","04S1pkp1VaIqjg8zZqknR5","0.535","0.228","0.0273","0.618","0.169","81.975","-3.913","0.0716","0.000388","Taylor Swift","06HL4z0CvFAxyc27GXpf02","pop"
"178","178","spotify:track:58ge6dfP91o9oXMzq3XkIS","Arctic Monkeys","505","Domino Recording Co","178","-1","1","5231064","58ge6dfP91o9oXMzq3XkIS","0.52","0.234","0.0543","0.852","0.0733","140.267","-5.866","0.00237","5.79e-05","Arctic Monkeys","7Ln80lUS6He07XvHI8qqHH","garage rock,modern rock,permanent wave,rock,sheffield indie"
"179","179","spotify:track:1JSTJqkT5qHq8MDJnJbRE1","The Police","Every Breath You Take","Polydor Records","144","-1","49","5224984","1JSTJqkT5qHq8MDJnJbRE1","0.82","0.74","0.0348","0.452","0.0714","117.401","-9.796","0.543","0.00294","The Police","5NGO30tJxFlKixkPSgXcFE","album rock,classic rock,mellow gold,permanent wave,rock"
"180","180","spotify:track:32BeYxKPrig1LefHsC0Xuo","Billie Eilish","Happier Than Ever - Edit","Darkroom/Interscope Records","70","-1","15","5220495","32BeYxKPrig1LefHsC0Xuo","0.334","0.127","0.0365","0.599","0.205","161.74","-5.742","0.0468","0.000392","Billie Eilish","6qqNVTkY8uBg9cP3Jd7DAH","art pop,electropop,pop"
"181","181","spotify:track:0ofHAoxe9vBkTCp2UQIavz","Fleetwood Mac","Dreams - 2004 Remaster","Rhino/Warner Records","20","-1","57","5210907","0ofHAoxe9vBkTCp2UQIavz","0.828","0.789","0.0276","0.492","0.128","120.151","-9.744","0.0644","0.00428","Fleetwood Mac","08GQAI4eElDnROBrJRGE0X","album rock,classic rock,rock,soft rock,yacht rock"
"182","182","spotify:track:4OwhwvKESFtuu06dTgct7i","Marc Seguí, Rauw Alejandro, Pol Granch","Tiroteo - Remix","WEA Latina","48","-1","24","5204485","4OwhwvKESFtuu06dTgct7i","0.75","0.601","0.0293","0.522","0.0743","110.427","-7.018","0.282","0","Marc Seguí","5FQ8tBUtIamA2hRtatrYUF","rap espanol,spanish pop"
"183","183","spotify:track:4qu63nuBpdn0qHUHuObEj1","Marshmello, Jonas Brothers","Leave Before You Love Me (with Jonas Brothers)","Republic Records","52","-1","28","5194839","4qu63nuBpdn0qHUHuObEj1","0.721","0.637","0.0403","0.738","0.118","119.976","-4.77","0.00226","4.41e-06","Marshmello","64KEffDW9EtZ1y2vBYgq8T","brostep,dance pop,edm,pop,pop dance,progressive electro house"
"184","184","spotify:track:6OufwUcCqo81guU2jAlDVP","Shouse","Love Tonight (Edit)","Hell Beach Catalog","39","-1","20","5187905","6OufwUcCqo81guU2jAlDVP","0.727","0.448","0.0265","0.681","0.0861","123.028","-7.114","0.00214","0.000307","Shouse","2TcGJdSOiOvITBzhvfX8XB","aussietronica,edm,electro house,pop dance,tropical house"
"185","185","spotify:track:0zLCBJZSiELJf02ucPP9wb","SAINt JHN, Imanbek","Roses - Imanbek Remix","Columbia/B1 Recordings","3","-1","97","5181147","0zLCBJZSiELJf02ucPP9wb","0.769","0.863","0.0474","0.719","0.359","121.955","-5.472","0.0143","0.00777","SAINt JHN","0H39MdGGX6dbnnQPt6NQkZ","melodic rap,rap,slap house"
"186","186","spotify:track:3XYRV7ZSHqIRDG87DKTtry","BTS","Permission to Dance","BIGHIT MUSIC","5","-1","24","5165242","3XYRV7ZSHqIRDG87DKTtry","0.702","0.646","0.0427","0.741","0.337","124.925","-5.33","0.00544","0","BTS","3Nrfpe0tUJi4K4DXYWgMUX","k-pop,k-pop boy group"
"187","187","spotify:track:3DZ8dbKg4OTSSqGARvecYd","Lil Durk, Morgan Wallen","Broadway Girls (feat. Morgan Wallen)","Alamo","94","172","3","5164798","3DZ8dbKg4OTSSqGARvecYd","0.659","0.54","0.0347","0.745","0.296","74.967","-3.599","0.0417","0","Lil Durk","3hcs9uc56yIGFCSy9leWe7","chicago drill,chicago rap,drill,hip hop,rap,trap"
"188","188","spotify:track:5UlnuulVAVmmesw4VzqHdG","Imagine Dragons, Arcane, League of Legends","Enemy - From the series Arcane League of Legends","KIDinaKORNER/Interscope Records","188","-1","1","5159187","5UlnuulVAVmmesw4VzqHdG","0.722","0.52","0.256","0.745","0.419","77.029","-4.164","0.247","0","Imagine Dragons","53XhwfbYqKCa1cC15pYq2q","modern rock,rock"
"189","189","spotify:track:5T8EDUDqKcs6OSOwEsfqG7","Queen","Don't Stop Me Now - Remastered 2011","EMI","51","-1","71","5158453","5T8EDUDqKcs6OSOwEsfqG7","0.559","0.609","0.17","0.868","0.776","156.295","-5.276","0.0475","0.000176","Queen","1dfeR4HaWDbWqFHLkxsg1d","classic rock,glam rock,rock"
"190","190","spotify:track:7fBv7CLKzipRk6EC6TWHOB","The Weeknd","The Hills","Universal Republic Records","52","-1","36","5156463","7fBv7CLKzipRk6EC6TWHOB","0.585","0.137","0.0515","0.564","0.135","113.003","-7.063","0.0671","0","The Weeknd","1Xyo4u8uXC1ZmMpatF05PJ","canadian contemporary r&b,canadian pop,pop"
"191","191","spotify:track:1DIXPcTDzTj8ZMHt3PDt8p","Coolio, L.V.","Gangsta's Paradise","Tommy Boy Music, LLC","132","-1","12","5150050","1DIXPcTDzTj8ZMHt3PDt8p","0.647","0.386","0.0593","0.514","0.398","79.975","-10.05","0.0655","0","Coolio","3y24n3XhZ96wgwRXjvS17T","g funk,gangster rap,hip hop,rap,west coast rap"
"192","192","spotify:track:5uCax9HTNlzGybIStD3vDh","James Arthur","Say You Won't Let Go","Columbia","7","-1","257","5111488","5uCax9HTNlzGybIStD3vDh","0.358","0.494","0.059","0.557","0.0902","85.043","-7.398","0.695","0","James Arthur","4IWBUUAFIplrNtaOHcJPRM","pop,talent show,uk pop"
"193","193","spotify:track:7yq4Qj7cqayVTp3FF9CWbm","Vance Joy","Riptide","F-Stop Records/Atlantic","122","-1","53","5105908","7yq4Qj7cqayVTp3FF9CWbm","0.484","0.51","0.0379","0.731","0.151","101.654","-6.694","0.431","0","Vance Joy","10exVja0key0uqUkk6LJRT","folk-pop,pop"
"194","194","spotify:track:4btFHqumCO31GksfuBLLv3","Ed Sheeran","Overpass Graffiti","Atlantic Records UK","14","-1","8","5102499","4btFHqumCO31GksfuBLLv3","0.52","0.774","0.186","0.849","0.119","175.908","-3.794","0.00253","0","Ed Sheeran","6eUKZXaKkcviH0Ku9w2n3V","pop,uk pop"
"195","195","spotify:track:5W1qmxHrMlQGGAiFA3ZQqP","Dímelo Flow, Dalex, Sech, Justin Quiles, Arcángel, De La Ghetto, Lenny Tavárez","Se Le Ve","Rich Music","195","-1","1","5083053","5W1qmxHrMlQGGAiFA3ZQqP","0.562","0.609","0.112","0.755","0.143","83.997","-4.367","0.0967","2.25e-05","Dímelo Flow","3fZk3Gm5dN5v5yfYMQ04Bx","reggaeton,reggaeton flow,urbano latino"
"196","196","spotify:track:5rW7qTn83sCKtqBoneJs63","bbno$, Rich Brian","edamame (feat. Rich Brian)","bbno$","76","-1","17","5081125","5rW7qTn83sCKtqBoneJs63","0.815","0.685","0.114","0.849","0.026","106.035","-4.704","0.0229","0.000176","bbno$","41X1TR6hrK8Q2ZCpp2EqCz","canadian hip hop,dark trap,vapor trap"
"197","197","spotify:track:6w8yBI2vthyN9UnwO4UBWb","Tiago PZK, LIT killah","Entre Nosotros","WM Chile","34","-1","19","5072061","6w8yBI2vthyN9UnwO4UBWb","0.729","0.789","0.0455","0.513","0.137","170.064","-6.345","0.494","1.1e-06","Tiago PZK","5Y3MV9DZ0d87NnVm56qSY1","trap argentino,urbano latino"
"198","198","spotify:track:3ITkrUvAA6gzxer2UIom3P","Jorge & Mateus","Molhando o Volante","Som Livre","198","-1","1","5069282","3ITkrUvAA6gzxer2UIom3P","0.772","0.801","0.0758","0.647","0.113","130.183","-5.404","0.707","0","Jorge & Mateus","1elUiq4X7pxej6FRlrEzjM","arrocha,sertanejo,sertanejo universitario"
"199","199","spotify:track:6gBFPUFcJLzWGx4lenP6h2","Travis Scott","goosebumps","Epic/Grand Hustle","13","-1","225","5037230","6gBFPUFcJLzWGx4lenP6h2","0.841","0.43","0.0484","0.728","0.149","130.049","-3.37","0.0847","0","Travis Scott","0Y5tJX1MQlPlqiwlOH1tJY","rap,slap house"
"200","200","spotify:track:5vdp5UmvTsnMEMESIF2Ym7","Queen","Another One Bites The Dust - Remastered 2011","EMI","36","-1","84","5007609","5vdp5UmvTsnMEMESIF2Ym7","0.933","0.754","0.161","0.528","0.163","109.967","-6.472","0.112","0.312","Queen","1dfeR4HaWDbWqFHLkxsg1d","classic rock,glam rock,rock"
