﻿rank,uri,artist_names,track_name,source,peak_rank,previous_rank,weeks_on_chart,streams
1,"spotify:track:3nqQXoyQOWXiESFLlDF1hG","Sam Smith, Kim Petras","Unholy (feat. Kim Petras)","Capitol Records UK / EMI",1,3,8,"43959585"
2,"spotify:track:0V3wPSX9ygBnCm8psDIegu","Taylor Swift","Anti-Hero","Taylor Swift",1,1,4,"43007887"
3,"spotify:track:1bDbXMyjaUIooNwFE9wn0N","Drake, 21 Savage","Rich Flex","OVO / Republic Records",2,2,2,"35589849"
4,"spotify:track:5ww2BF9slyYgNOk37BlC4u","Manuel Turizo","La Bachata","Sony Music Latin/La Industria",4,8,20,"29757806"
5,"spotify:track:4uUG5RXrOk84mYEfFvj3cK","David Guetta, Bebe Rexha","I'm Good (Blue)","Parlophone UK",2,7,12,"28828054"
6,"spotify:track:4Dvkj6JhhA12EX05fT7y2e","Harry Styles","As It Was","Columbia",1,9,33,"28008942"
7,"spotify:track:2tTmW7RDtMQtBk7m2rYeSw","Bizarrap, Quevedo","Quevedo: Bzrp Music Sessions, Vol. 52","DALE PLAY Records",1,10,19,"27102739"
8,"spotify:track:5IgjP7X4th6nMNDh4akUHb","Chris Brown","Under The Influence","Chris Brown Entertainment/RCA Records",6,17,17,"22629716"
9,"spotify:track:3rWDp9tBPQR9z6U5YyRSK4","Taylor Swift","Midnight Rain","Taylor Swift",4,12,4,"21903497"
10,"spotify:track:6Sq7ltF9Qa7SNFBsV5Cogx","Bad Bunny, Chencho Corleone","Me Porto Bonito","Rimas Entertainment LLC",2,23,28,"21614952"
11,"spotify:track:5jQI2r1RdgtuT8S3iG8zFC","Taylor Swift","Lavender Haze","Taylor Swift",2,13,4,"21061814"
12,"spotify:track:73vIOb4Q7YN6HeJTbscRx5","Oliver Tree, Robin Schulz","Miss You","Atlantic Records",11,25,6,"20806247"
13,"spotify:track:4h9wh7iOZ0GGn8QVp4RAOB","OneRepublic","I Ain't Worried","Interscope Records",7,24,24,"20634320"
14,"spotify:track:1IHWl5LamUGEuP4ozKQSXZ","Bad Bunny","Tití Me Preguntó","Rimas Entertainment LLC",4,29,28,"20145539"
15,"spotify:track:7jtQIBanIiJOMS6RyCx6jZ","Tom Odell","Another Love","ITNO/Columbia",15,32,84,"19959999"
16,"spotify:track:1zsPaEkglFvxjAhrM8yhpr","Ozuna, Feid","Hey Mor","Aura Music Corp.",16,33,5,"19895796"
17,"spotify:track:4k6Uh1HXdhtusDW5y8Gbvy","Steve Lacy","Bad Habit","L-M Records/RCA Records",10,31,19,"19195653"
18,"spotify:track:0QHEIqNKsMoOY5urbzN48u","Meghan Trainor","Made You Look","Epic",18,46,4,"18653612"
19,"spotify:track:5Eax0qFko2dh7Rl2lYs3bx","Bad Bunny","Efecto","Rimas Entertainment LLC",6,37,28,"17945839"
20,"spotify:track:53tfEupEzQRtVFOeZvk7xq","ROSALÍA","DESPECHÁ","Columbia",5,34,16,"17851812"
21,"spotify:track:1wtOxkiel43cVs0Yux5Q4h","Taylor Swift, Lana Del Rey","Snow On The Beach (feat. Lana Del Rey)","Taylor Swift",3,18,4,"17708345"
22,"spotify:track:6sCvvleqKbeyOkQDieBYgp","Rihanna","Lift Me Up - From Black Panther: Wakanda Forever - Music From and Inspired By","Roc Nation/Def Jam/Hollywood",11,38,3,"17623742"
23,"spotify:track:3eX0NZfLtGzoLUxPNvRfqm","Taylor Swift","Maroon","Taylor Swift",5,20,4,"17344380"
24,"spotify:track:4D7BCuvgdJlYvlX5WlN54t","Taylor Swift","You're On Your Own, Kid","Taylor Swift",6,22,4,"17310815"
25,"spotify:track:6VhuP99TE6gYNQRJIlAWFD","Stephen Sanchez","Until I Found You","Republic Records",20,43,28,"16924583"
26,"spotify:track:26hOm7dTtBi0TdpDGl141t","Joji","Die For You","88rising Music/Warner Records",21,21,2,"16847124"
27,"spotify:track:1xK59OXxi2TAAAbmZK0kBL","d4vd","Romantic Homicide","Darkroom/Interscope Records",17,44,11,"16695161"
28,"spotify:track:3qoftcUZaUOncvIYjFSPdE","Taylor Swift","Bejeweled","Taylor Swift",11,26,4,"16647132"
29,"spotify:track:1xzi1Jcr7mEi9K2RfzLOqS","Beyoncé","CUFF IT","Parkwood Entertainment/Columbia",13,40,13,"16630701"
30,"spotify:track:2LBqCSwhJGcFQeTHMVGwy3","The Weeknd","Die For You","Universal Republic Records",26,48,40,"16619519"
31,"spotify:track:7KokYm8cMIXCsGVmUvKtqf","Taylor Swift","Karma","Taylor Swift",8,27,4,"16615252"
32,"spotify:track:4ewazQLXFTDC8XvCbhvtXs","Joji","Glimpse of Us","88rising Music/Warner Records",1,28,23,"16486380"
33,"spotify:track:5XeFesFbtLpXzIVDNQP22n","Arctic Monkeys","I Wanna Be Yours","Domino Recording Co",27,55,19,"16477727"
34,"spotify:track:0WtM2NBVQNNJLh6scP13H8","Rema, Selena Gomez","Calm Down (with Selena Gomez)","Mavin Records / Jonzing World",23,45,12,"16373406"
35,"spotify:track:3k3NWokhRRkEPhCzPmV8TW","Bad Bunny, Bomba Estéreo","Ojitos Lindos","Rimas Entertainment LLC",3,49,28,"16348378"
36,"spotify:track:6G12ZafqofSq7YtrMqUm76","Shakira, Ozuna","Monotonía","Sony Music Latin",21,35,4,"16243017"
37,"spotify:track:5odlY52u43F5BjByhxg7wg","JVKE","golden hour","JVKE",37,52,12,"16166318"
38,"spotify:track:76OGwb5RA9h4FxQPT33ekc","Rosa Linn","SNAP","Columbia",16,47,19,"16050064"
39,"spotify:track:46s57QULU02Voy0Kup6UEb","Drake, 21 Savage","Major Distribution","OVO / Republic Records",4,4,2,"15865979"
40,"spotify:track:2QjOHCTQ1Jl3zawyYOpxh6","The Neighbourhood","Sweater Weather","Columbia",19,50,116,"15818212"
41,"spotify:track:2KLwPaRDOB87XOYAT2fgxh","Drake, 21 Savage, Travis Scott","Pussy & Millions (feat. Travis Scott)","OVO / Republic Records",5,5,2,"15685700"
42,"spotify:track:561jH07mF1jHuk7KlaeF0s","Eminem","Mockingbird","Aftermath",42,62,5,"14511209"
43,"spotify:track:2CeKVsFFXG4QzA415QygGb","Feid","Feliz Cumpleaños Ferxxo","UMLE - Latino",38,60,13,"14301753"
44,"spotify:track:54ipXppHLA8U4yqpOFTUhr","Imagine Dragons","Bones","Kid Ina Korner / Interscope",26,56,36,"14047701"
45,"spotify:track:02MWAaffLxlfxAUY7c5dvx","Glass Animals","Heat Waves","Polydor Records",1,58,99,"13936152"
46,"spotify:track:1xwAWUI6Dj0WGC3KiUPN0O","Taylor Swift","Vigilante Shit","Taylor Swift",9,39,4,"13673290"
47,"spotify:track:5PjdY0CKGZdEuoNab3yDmX","The Kid LAROI, Justin Bieber","STAY (with Justin Bieber)","Columbia",1,63,71,"13317643"
48,"spotify:track:31i56LZnwE6uSu3exoHjtB","Bad Bunny","Neverita","Rimas Entertainment LLC",15,65,28,"13283974"
49,"spotify:track:34tz0eDhGuFErIuW3q4mPX","Drake, 21 Savage","On BS","OVO / Republic Records",6,6,2,"13210546"
50,"spotify:track:0heeNYlwOGuUSe7TgUD27B","Taylor Swift","Question...?","Taylor Swift",10,42,4,"12995804"
51,"spotify:track:58cEG7FsVoipRiRKUMgOjo","Rauw Alejandro, Baby Rasta","PUNTO 40","Sony Music Latin/Duars Entertainment",48,68,6,"12774461"
52,"spotify:track:6Xom58OOXk2SoU711L2IXO","Bad Bunny","Moscow Mule","Rimas Entertainment LLC",2,67,28,"12599028"
53,"spotify:track:3F5CgOj3wFlRv51JsHbxhe","Drake, 21 Savage","Jimmy Cooks (feat. 21 Savage)","OVO",7,61,22,"12175487"
54,"spotify:track:0bYg9bo50gSsH3LtXe2SQn","Mariah Carey","All I Want for Christmas Is You","Columbia",1,118,43,"12137477"
55,"spotify:track:7GeTsDIc5ykNB6lORO6Cee","Drake, 21 Savage","Circo Loco","OVO / Republic Records",11,11,2,"12086045"
56,"spotify:track:34ZAzO78a5DAVNrYIGWcPm","SZA","Shirt","Top Dawg Entertainment/RCA Records",25,51,3,"11896917"
57,"spotify:track:5JhUm1v5AbI5Yu6jLKCPRO","Grupo Frontera","No Se Va - En Vivo","Grupo Frontera",36,71,8,"11678746"
58,"spotify:track:5Odq8ohlgIbQKMZivbWkEo","Charlie Puth, Jung Kook, BTS","Left and Right (Feat. Jung Kook of BTS)","Atlantic Records",7,70,21,"11617459"
59,"spotify:track:7gRFDGEzF9UkBV233yv2dc","BLACKPINK","Shut Down","YG Entertainment/Interscope Records",1,66,9,"11542331"
60,"spotify:track:7dSZ6zGTQx66c2GF91xCrb","KAROL G","PROVENZA","UMLE - Latino",6,73,30,"11414670"
61,"spotify:track:7FmYn9e7KHMXcxqGSj9LjH","Taylor Swift","Mastermind","Taylor Swift",13,57,4,"11360374"
62,"spotify:track:2ZL7WZcjuYKi1KUDtp4kCC","Drake, 21 Savage","Spin Bout U","OVO / Republic Records",14,14,2,"11349051"
63,"spotify:track:0VjIjW4GlUZAMYd2vXMi3b","The Weeknd","Blinding Lights","Republic Records",1,82,155,"11157699"
64,"spotify:track:6TsVhM8qIkWN5cJVDIVbbz","Wisin & Yandel, ROSALÍA","Besos Moja2","Sony Music Latin",64,86,7,"11142689"
65,"spotify:track:4FyesJzVpA39hbYvcseO2d","Lil Uzi Vert","Just Wanna Rock","Generation Now/Atlantic",65,75,4,"10809824"
66,"spotify:track:0HYAsQwJIO6FLqpyTeD3l6","Fujii Kaze","Shinunoga E-Wa","Universal Music LLC",66,88,11,"10748113"
67,"spotify:track:38T0tPVZHcPZyhtOcCP7pF","Lil Nas X","STAR WALKIN' (League of Legends Worlds Anthem)","Columbia",22,76,8,"10720499"
68,"spotify:track:6JIC3hbC28JZKZ8AlAqX8h","Elton John, Dua Lipa, PNAU","Cold Heart - PNAU Remix","EMI",4,84,66,"10701002"
69,"spotify:track:7iwJOi3hlMqZt6pj1sQOBj","Quevedo","VISTA AL MAR","Quevedo",45,85,10,"10660460"
70,"spotify:track:0A1JLUlkZkp2EFrosoNQi0","Taylor Swift","Labyrinth","Taylor Swift",12,59,4,"10647855"
71,"spotify:track:5zwwW9Oq7ubSxoCGyW1nbY","BLACKPINK","Pink Venom","YG Entertainment/Interscope Records",2,79,13,"10643869"
72,"spotify:track:33cF8aTmGJ6TsEf23uqGIN","Rauw Alejandro, Lyanno, Brray","LOKERA","Sony Music Latin/Duars Entertainment",38,77,14,"10564656"
73,"spotify:track:7MXVkk9YMctZqd1Srtv4MB","The Weeknd, Daft Punk","Starboy","Universal Republic Records",1,89,111,"10495675"
74,"spotify:track:2yjlYDiNiQkdxVqTlaSrlX","Nicki Minaj","Super Freaky Girl","Republic Records",14,72,14,"10413979"
75,"spotify:track:2eAvDnpXP5W0cVtiI0PUxV","Ruth B.","Dandelions","Columbia",34,87,66,"10263933"
76,"spotify:track:58ge6dfP91o9oXMzq3XkIS","Arctic Monkeys","505","Domino Recording Co",43,90,46,"10246087"
77,"spotify:track:1qEmFfgcLObUfQm0j1W2CK","Harry Styles","Late Night Talking","Columbia",2,81,26,"10186998"
78,"spotify:track:0wavGRldH0AWyu2zvTz8zb","Taylor Swift","Sweet Nothing","Taylor Swift",14,64,4,"10043424"
79,"spotify:track:3AJwUDP919kvQ9QcozQPxg","Coldplay","Yellow","Parlophone UK",56,91,100,"9831368"
80,"spotify:track:1cKHdTo9u0ZymJdPGSh6nq","The Weeknd, Gesaffelstein","I Was Never There","Universal Republic Records",17,94,24,"9823735"
81,"spotify:track:4fsQ0K37TOXa3hEQfjEic1","LE SSERAFIM","ANTIFRAGILE","SOURCE MUSIC",80,92,4,"9786867"
82,"spotify:track:7l2nxyx7IkBX5orhkALg0V","Drake, 21 Savage","Privileged Rappers","OVO / Republic Records",15,15,2,"9781837"
83,"spotify:track:78Sw5GDo6AlGwTwanjXbGh","d4vd","Here With Me","Darkroom/Interscope Records",83,134,3,"9687567"
84,"spotify:track:0u2P5u6lvoDfwTYjAADbn4","Billie Eilish, Khalid","lovely (with Khalid)","Darkroom",24,106,239,"9488382"
85,"spotify:track:0wshkEEcJUQU33RSRBb5dv","Drake","BackOutsideBoyz","OVO / Republic Records",16,16,2,"9371211"
86,"spotify:track:4h4QlmocP3IuwYEj2j14p8","Nicky Youre, dazy","Sunroof","Thirty Knots/Columbia",28,95,28,"9279105"
87,"spotify:track:3WMj8moIAXJhHsyLaqIIHI","Zach Bryan","Something in the Orange","Warner Records",57,99,10,"9241591"
88,"spotify:track:45pUWUeEWGoSdH6UF162G8","Drake, 21 Savage","Broke Boys","OVO / Republic Records",19,19,2,"9221854"
89,"spotify:track:3LtpKP5abr2qqjunvjlX5i","Central Cee","Doja","Central Cee",15,97,17,"9188523"
90,"spotify:track:7DbdUf8aHSYoliSjO6LZv6","Beach Weather","Sex, Drugs, Etc.","8123 / Arista Records",58,93,14,"9150038"
91,"spotify:track:3pUa0ZxdSeaJXm0EIydD3F","Taylor Swift","Would've, Could've, Should've","Taylor Swift",25,80,4,"9149938"
92,"spotify:track:0fea68AdmYNygeTGI4RC18","J Balvin, Bad Bunny","LA CANCIÓN","Universal Music Latino / Rimas",17,124,91,"9134177"
93,"spotify:track:3EaJDYHA0KnX88JvDhL9oa","Steve Lacy","Dark Red","Three Quarter",66,105,67,"9070797"
94,"spotify:track:1aOl53hkZGHkl2Snhr7opL","Dean Lewis","How Do I Say Goodbye","Universal Music Australia Pty. Ltd.",86,98,7,"9050852"
95,"spotify:track:0O6u0VJ46W86TxN9wgyqDj","Post Malone, Doja Cat","I Like You (A Happier Song) (with Doja Cat)","Mercury Records/Republic Records",10,96,24,"9049017"
96,"spotify:track:6qyS9qBy0mEk3qYaH8mPss","Kordhell","Murder In My Mind","Kordhell",85,110,14,"9046926"
97,"spotify:track:7lQ8MOhq6IN2w8EYcFNSUk","Eminem","Without Me","Aftermath",31,109,60,"9040066"
98,"spotify:track:5QO79kh1waicV47BqGRL3g","The Weeknd","Save Your Tears","Republic Records",2,111,102,"8942590"
99,"spotify:track:09mEdoA6zrmBPgTEN5qXmN","The Weeknd","Call Out My Name","Universal Republic Records",1,115,56,"8933438"
100,"spotify:track:3khEEPRyBeOUabbmOPJzAG","Kenshi Yonezu","KICK BACK","Sony Music Labels Inc.",66,101,5,"8908164"
101,"spotify:track:1ga4PztXOIw1yBbdUt2X8v","KAROL G, Maldy","GATÚBELA","UMLE - Latino",33,113,12,"8784361"
102,"spotify:track:75FEaRjZTKLhTrFGsfMUXR","Kate Bush","Running Up That Hill (A Deal With God)","Fish People",1,102,25,"8753649"
103,"spotify:track:3CIyK1V4JEJkg02E4EJnDl","Imagine Dragons, JID, Arcane, League of Legends","Enemy (with JID) - from the series Arcane League of Legends","Kid Ina Korner / Interscope",3,114,55,"8677380"
104,"spotify:track:41oY4WCTj5kccfesTVFnvN","Bad Bunny, JhayCo","Tarot","Rimas Entertainment LLC",9,119,28,"8663194"
105,"spotify:track:6HMtHNpW6YPi1hrw9tgF8P","Lizzo","About Damn Time","Nice Life/Atlantic",9,107,29,"8554818"
106,"spotify:track:1597vvneWf0zoQrg2D8yH6","MC MENOR HR, MC MENOR SG, DJ ESCOBAR","Evoque Prata","GUETTO RECORDS",106,-1,1,"8536625"
107,"spotify:track:3AVrVz5rK8Hrqo9YGiVGN5","Cigarettes After Sex","Apocalypse","Partisan Records",89,132,19,"8508370"
108,"spotify:track:0h7QMc9ZRzA9QJrbEHytn2","JIN","The Astronaut","BIGHIT MUSIC",32,83,3,"8478997"
109,"spotify:track:4ASA1PZyWGbuc4d9N8OAcF","Gustavo Mioto, Mari Fernandez","Eu Gosto Assim - Ao Vivo","Universal Music Ltda.",109,161,6,"8439158"
110,"spotify:track:59nOXPmaKlBfGMDeOVGrIK","Future, Drake, Tems","WAIT FOR U (feat. Drake & Tems)","Epic/Freebandz",10,108,29,"8432897"
111,"spotify:track:7qEHsqek33rTcFNT9PFqLf","Lewis Capaldi","Someone You Loved","Vertigo Berlin",4,138,202,"8401662"
112,"spotify:track:2rurDawMfoKP4uHyb2kJBt","Shakira, Rauw Alejandro","Te Felicito","Sony Music Latin",13,120,30,"8283285"
113,"spotify:track:6UelLqGlWMcVH1E5c4H7lY","Harry Styles","Watermelon Sugar","Columbia",4,131,157,"8240784"
114,"spotify:track:58HvfVOeJY7lUuCqF0m3ly","Elley Duhé","MIDDLE OF THE NIGHT","Not Fit For Society/RCA Records",11,121,47,"8240088"
115,"spotify:track:2FRnf9qhLbvw8fu4IBXx78","Wham!","Last Christmas","Epic",2,-1,36,"8237725"
116,"spotify:track:6I3mqTwhRpn34SLVafSH7G","Justin Bieber","Ghost","RBMG/Def Jam",11,129,61,"8232870"
117,"spotify:track:1Fid2jjqsHViMX6xNH70hE","Seafret","Atlantis","Sweet Jane Recordings",63,116,17,"8226567"
118,"spotify:track:0oBtwScT4B4BR5kZitNWd5","Quevedo","PUNTO G","Quevedo",118,169,2,"8164868"
119,"spotify:track:3xWGA8pa0IKFI7IMPri4P0","Ed Sheeran","Shivers","Atlantic Records UK",4,133,62,"8158272"
120,"spotify:track:5jt25aFjW2kNoBqaEVaz5W","Mora, Feid","LA INOCENTE","Rimas Entertainment LLC",74,117,20,"8139737"
121,"spotify:track:0pqnGHJpmpxLKifKRmU6WP","Imagine Dragons","Believer","Kid Ina Korner / Interscope",16,141,302,"8096140"
122,"spotify:track:4SqWKzw0CbA05TGszDgMlc","The Walters","I Love You So","Warner Records",21,144,58,"8083130"
123,"spotify:track:3yfqSUWxFvZELEM4PmlwIR","Eminem","The Real Slim Shady","Interscope",51,137,76,"8077714"
124,"spotify:track:68Dni7IE4VyPkTOH9mRWHr","J. Cole","No Role Modelz","Roc Nation Records LLC",76,139,69,"8066008"
125,"spotify:track:46IZ0fSY2mpAiktS3KOqds","Adele","Easy On Me","Columbia",1,143,57,"8054177"
126,"spotify:track:5Z9KJZvQzH6PFmb8SNkxuk","Lil Nas X, Jack Harlow","INDUSTRY BABY (feat. Jack Harlow)","Columbia",2,140,69,"8038337"
127,"spotify:track:4tYFy8ALRjIZvnvSLw5lxN","Bad Bunny, Rauw Alejandro","Party","Rimas Entertainment LLC",6,142,28,"8029461"
128,"spotify:track:6BePGk3eCan4FqaW2X8Qy3","Tiësto, Tate McRae","10:35","Atlantic Records",128,-1,1,"8023181"
129,"spotify:track:1DIXPcTDzTj8ZMHt3PDt8p","Coolio, L.V.","Gangsta's Paradise","Tommy Boy Music, LLC",40,130,55,"8014116"
130,"spotify:track:1797zYiX4cKosMH836X9Gt","Bad Bunny, Tony Dize","La Corriente","Rimas Entertainment LLC",17,145,28,"8010882"
131,"spotify:track:4o6v3Oooyt7HF20idztRD4","Israel & Rodolffo, Ana Castela","Bombonzinho - Ao Vivo","Som Livre",131,-1,1,"7981495"
132,"spotify:track:1mea3bSkSGXuIRvnydlB5b","Coldplay","Viva La Vida","Parlophone UK",125,148,12,"7949158"
133,"spotify:track:5FVd6KXrgO9B3JPmC8OPst","Arctic Monkeys","Do I Wanna Know?","Domino Recording Co",98,147,62,"7930112"
134,"spotify:track:086myS9r57YsLbJpU0TgK9","Arctic Monkeys","Why'd You Only Call Me When You're High?","Domino Recording Co",104,157,54,"7918229"
135,"spotify:track:3tAQNhm1o0kzldsI5QkrB1","Aerosmith","Dream On","Aerosmith P&D - Sony",135,195,2,"7878280"
136,"spotify:track:2J2Z1SkXYghSajLibnQHOa","Sia","Unstoppable","Monkey Puzzle Records/RCA Records",107,149,40,"7864870"
137,"spotify:track:4woTEX1wYOTGDqNXuavlRC","Eminem, Dina Rae","Superman","Aftermath",137,146,7,"7850085"
138,"spotify:track:7ef4DlsgrMEH11cDZd32M6","Calvin Harris, Dua Lipa","One Kiss (with Dua Lipa)","Sony Music UK",2,150,97,"7731251"
139,"spotify:track:5TXDeTFVRVY7Cvt0Dw4vWW","XXXTENTACION","Revenge","Bad Vibes Forever / EMPIRE",63,159,38,"7702282"
140,"spotify:track:6i1g5ZRmJZAkDwBaUZ3f2i","Luar La L","Caile","La Mafia Urbana Corp.",32,125,14,"7649726"
141,"spotify:track:0sSRLXxknVTQDStgU1NqpY","Drake, 21 Savage","Hours In Silence","OVO / Republic Records",30,30,2,"7643098"
142,"spotify:track:4UMIv5jd9gK98a39BQRD9X","Pritam, Arijit Singh, Amitabh Bhattacharya","Kesariya","Sony Music Entertainment India Pvt. Ltd.",33,168,18,"7593508"
143,"spotify:track:5TJEBoTCDbJXiKMdCN9pd3","Elton John, Britney Spears","Hold Me Closer","EMI",25,126,12,"7584448"
144,"spotify:track:5BYl3SodS3rGmafWXRWmB7","Taylor Swift","The Great War","Taylor Swift",27,100,4,"7570236"
145,"spotify:track:3BnDvpeuGOj21Ir2aVEtQo","Rema","Calm Down","Mavin Records / Jonzing World",119,170,19,"7569763"
146,"spotify:track:0T2pB7P1VdXPhLdQZ488uH","Feid","Normal","UMLE - Latino",57,162,19,"7557825"
147,"spotify:track:22skzmqfdWrjJylampe0kt","Macklemore & Ryan Lewis, Macklemore, Ryan Lewis, Ray Dalton","Can't Hold Us (feat. Ray Dalton)","Macklemore",147,177,46,"7522342"
148,"spotify:track:2EjXfH91m7f8HiJN1yQg97","Brenda Lee","Rockin' Around The Christmas Tree","MCA Nashville",5,-1,31,"7517013"
149,"spotify:track:1oFAF1hdPOickyHgbuRjyX","The Weeknd, Ariana Grande","Save Your Tears (Remix) (with Ariana Grande) - Bonus Track","XO / Republic Records",5,165,82,"7478851"
150,"spotify:track:5gDWsRxpJ2lZAffh5p7K0w","The Weeknd, Lana Del Rey","Stargirl Interlude","Universal Republic Records",131,174,18,"7475983"
151,"spotify:track:0XER3HPMx223xWaAgNKp4Y","Selena Gomez","My Mind & Me","Interscope Records",78,78,2,"7415326"
152,"spotify:track:5O2P9iiztwhomNh8xkR9lJ","One Direction","Night Changes","Syco Music",108,176,25,"7387825"
153,"spotify:track:4zN21mbAuaD0WqtmaTZZeP","James Hype, Miggy Dela Rosa","Ferrari","Universal-Island Records Ltd.",34,158,24,"7365951"
154,"spotify:track:5QM0SsyzmBM0pbFY52Xj1X","Sam Smith","I'm Not The Only One","Capitol",82,151,17,"7364839"
155,"spotify:track:2TktkzfozZifbQhXjT6I33","Omar Apollo","Evergreen (You Didn’t Deserve Me At All)","Warner Records",54,128,9,"7363335"
156,"spotify:track:0tgVpDi06FyKpA1z0VMD4v","Ed Sheeran","Perfect","Atlantic Records UK",4,178,296,"7321872"
157,"spotify:track:6mmPpaltUZK7xjNlBPQQ0p","Rauw Alejandro, Chencho Corleone","Desesperados","Sony Music Latin/Duars Entertainment",8,180,49,"7283674"
158,"spotify:track:7fBv7CLKzipRk6EC6TWHOB","The Weeknd","The Hills","Universal Republic Records",52,190,64,"7263486"
159,"spotify:track:3fjN3y5x4hN53rykAN2LHQ","Rels B","cómo dormiste?","DALE PLAY Records / Flakk Team",24,154,15,"7237532"
160,"spotify:track:2DB4DdfCFMw1iaR6JaR03a","Camila Cabello, Ed Sheeran","Bam Bam (feat. Ed Sheeran)","Epic",5,136,37,"7231922"
161,"spotify:track:3hxIUxnT27p5WcmjGUXNwx","Hotel Ugly","Shut up My Moms Calling","Hotel Ugly, under exclusive license to Amuseio AB",161,191,4,"7191455"
162,"spotify:track:46HNZY1i7O6jwTA7Slo2PI","Coldplay, BTS","My Universe","Parlophone UK",3,171,60,"7160301"
163,"spotify:track:4xqrdfXkTW4T0RauPLv3WA","Conan Gray","Heather","Republic Records",12,186,121,"7155474"
164,"spotify:track:0hquQWY3xvYqN4qtiquniF","Doja Cat","Vegas (From the Original Motion Picture Soundtrack ELVIS)","Kemosabe Records/RCA Records",26,153,24,"7147136"
165,"spotify:track:6ex1Pz3pntgy4NPtxHXN2V","Ed Sheeran","Bad Habits","Atlantic Records UK",3,184,73,"7145504"
166,"spotify:track:5nujrmhLynf4yMoMtj8AQF","Dua Lipa, DaBaby","Levitating (feat. DaBaby)","Warner Records",4,187,111,"7131237"
167,"spotify:track:7wdwIaXUuzlu1grzWMFRJm","Ghost","Mary On A Cross","UME - Global Clearing House",36,156,14,"7099293"
168,"spotify:track:39JofJHEtg8I4fSyo7Imft","Eliza Rose, Interplanetary Criminal","B.O.T.A. (Baddest Of Them All) - Edit","Warner Records",52,155,11,"7098835"
169,"spotify:track:5FkJHVudUByVjanCqFXRql","Mr.Kitty","After Dark","Juggernaut Music Group",112,183,31,"7087946"
170,"spotify:track:1v7L65Lzy0j0vdpRjJewt1","Eminem","Lose Yourself - From ""8 Mile"" Soundtrack","Aftermath",44,189,100,"7085915"
171,"spotify:track:7vQbuQcyTflfCIOu3Uzzya","Bobby Helms","Jingle Bell Rock","Geffen",6,-1,30,"7084762"
172,"spotify:track:0RiRZpuVRbi7oqRdSMwhQY","Post Malone, Swae Lee","Sunflower - Spider-Man: Into the Spider-Verse","Republic Records",1,-1,212,"7024755"
173,"spotify:track:18zQTt3ifDv6iLni2YuXMg","Rihanna","Born Again","Roc Nation/Def Jam/Hollywood",173,-1,1,"7020422"
174,"spotify:track:2Lu7qsFpsvDfC05R4GT1lT","ThxSoMch","SPIT IN MY FACE!","Elektra (NEK)",174,-1,1,"7012800"
175,"spotify:track:0B7wvvmu9EISAwZnOpjhNI","Bruno Mars","When I Was Your Man","Atlantic Records",161,185,12,"7010103"
176,"spotify:track:3GYlZ7tbxLOxe6ewMNVTkw","Billie Eilish","TV","Darkroom/Interscope Records",27,197,8,"7009023"
177,"spotify:track:0ll8uFnc0nANY35E0Lfxvg","Keane","Somewhere Only We Know","Universal-Island Records Ltd.",120,192,10,"6987949"
178,"spotify:track:2JPLbjOn0wPCngEot2STUS","Bad Bunny","Yonaguni","Rimas Entertainment LLC",3,-1,75,"6945149"
179,"spotify:track:6NnCWIWV740gP7DQ8kqdIE","(G)I-DLE","Nxde","Cube Entertainment",125,167,4,"6939373"
180,"spotify:track:6Uj1ctrBOjOas8xZXGqKk4","Doja Cat","Woman","Kemosabe Records/RCA Records",6,166,71,"6911247"
181,"spotify:track:5PfFHceiEv61KldMOuVrv8","Peso Pluma, Luis R Conriquez","Siempre Pendientes","Prajin Records",97,198,13,"6877506"
182,"spotify:track:3jzbpOzoYa22FvzBkNkLvC","Taylor Swift","Bigger Than The Whole Sky","Taylor Swift",29,112,4,"6874340"
183,"spotify:track:4RVwu0g32PAqgUiJoXsdF8","Billie Eilish","Happier Than Ever","Darkroom/Interscope Records",6,194,68,"6849912"
184,"spotify:track:3uUuGVFu1V7jTQL60S1r8z","Lost Frequencies, Calum Scott","Where Are You Now","Epic Amsterdam",18,200,63,"6821357"
185,"spotify:track:1u8c2t2Cy7UBoG4ArRcF5g","Taylor Swift","Blank Space","Big Machine Records, LLC",113,-1,53,"6794173"
186,"spotify:track:1FEiijYPJtyswChfcpv3p0","Lana Del Rey","Summertime Sadness","Polydor Records",94,179,17,"6791049"
187,"spotify:track:1ELsaYdj2NlxLvkx9g24xZ","Guilherme & Benuto, Hugo & Guilherme","Haja Colírio (feat. Hugo & Guilherme) - Ao Vivo","Sony Music Entertainment",187,-1,1,"6772399"
188,"spotify:track:27ZZdyTSQWI7Cug2d2PkqV","Armani White","BILLIE EILISH.","Legendbound, LLC / Def Jam Recordings",67,181,12,"6762935"
189,"spotify:track:63OA8vSo2PhUkmQopR1l64","Paulo Londra, Feid","A Veces (feat. Feid)","WEA Latina",127,127,2,"6758258"
190,"spotify:track:1XGmzt0PVuFgQYYnV2It7A","Maroon 5, Wiz Khalifa","Payphone","Interscope Records*",70,-1,47,"6737589"
191,"spotify:track:1R0a2iXumgCiFb7HEZ7gUE","Taylor Swift","Don’t Blame Me","Big Machine Records, LLC",72,193,27,"6729094"
192,"spotify:track:5uSFGgIfHMT3osrAd9n9ym","Lewis Capaldi","Forget Me","Vertigo Berlin",57,182,10,"6724502"
193,"spotify:track:4w273WCBXwM4P3jTX5HkB2","Grupo Marca Registrada, Junior H","El Rescate","RB Music",129,-1,14,"6716339"
194,"spotify:track:37F7E7BKEw2E4O2L7u0IEp","Freddie Dredd","Limbo","Doomshop Records/RCA Records",194,-1,1,"6704326"
195,"spotify:track:2tpWsVSb9UEmDRxAl1zhX1","OneRepublic","Counting Stars","Mosley / Interscope",101,-1,87,"6695812"
196,"spotify:track:4MzXwWMhyBbmu6hOcLVD49","Bad Bunny, JhayCo","DÁKITI","Rimas Entertainment LLC",1,-1,106,"6691935"
197,"spotify:track:1Ame8XTX6QHY0l0ahqUhgv","Måneskin","THE LONELIEST","Epic",50,175,6,"6687919"
198,"spotify:track:0kTMK4gNFfLXaTb62w1UaJ","Pablito Pesadilla, Polimá Westcoast, Nickoog Clk, Fran C","BABY OTAKU","BZR Music",47,152,8,"6683757"
199,"spotify:track:6J834IBcZJMH38ksrgAqwF","Taylor Swift","Paris","Taylor Swift",34,123,4,"6674148"
200,"spotify:track:5Zlb01Jcn0Ld49zazzZJSB","TWISTED, Oliver Tree","WORTH NOTHING - Fast & Furious: Drift Tape/Phonk Vol 1","APG Inc – FF10",188,188,2,"6650861"
