﻿rank,uri,artist_names,track_name,source,peak_rank,previous_rank,weeks_on_chart,streams
1,"spotify:track:75FEaRjZTKLhTrFGsfMUXR","Kate Bush","Running Up That Hill (A Deal With God)","Fish People",1,3,6,"49150310"
2,"spotify:track:4Dvkj6JhhA12EX05fT7y2e","Harry Styles","As It Was","Columbia",1,1,14,"46066404"
3,"spotify:track:6xGruZOHLs39ZbVccQTuPZ","Joji","Glimpse of Us","88rising Music/Warner Records",1,2,4,"39339541"
4,"spotify:track:6Sq7ltF9Qa7SNFBsV5Cogx","Bad Bunny, Chencho Corleone","Me Porto Bonito","Rimas Entertainment LLC",2,4,9,"38359511"
5,"spotify:track:1IHWl5LamUGEuP4ozKQSXZ","Bad Bunny","Tití Me Preguntó","Rimas Entertainment LLC",5,5,9,"32556896"
6,"spotify:track:3k3NWokhRRkEPhCzPmV8TW","Bad Bunny, Bomba Estéreo","Ojitos Lindos","Rimas Entertainment LLC",3,6,9,"29332654"
7,"spotify:track:0mBP9X2gPCuapvpZ7TGDk3","Charlie Puth, Jung Kook, BTS","Left and Right (Feat. Jung Kook of BTS)","Atlantic Records",7,7,2,"27575995"
8,"spotify:track:5Eax0qFko2dh7Rl2lYs3bx","Bad Bunny","Efecto","Rimas Entertainment LLC",7,8,9,"26053411"
9,"spotify:track:6Xom58OOXk2SoU711L2IXO","Bad Bunny","Moscow Mule","Rimas Entertainment LLC",2,9,9,"24132360"
10,"spotify:track:02MWAaffLxlfxAUY7c5dvx","Glass Animals","Heat Waves","Polydor Records",1,10,80,"22360453"
11,"spotify:track:7dSZ6zGTQx66c2GF91xCrb","KAROL G","PROVENZA","UMLE - Latino",6,11,11,"20494313"
12,"spotify:track:1PckUlxKqWQs3RlWXVBLw3","Lizzo","About Damn Time","Nice Life/Atlantic",9,15,10,"19243229"
13,"spotify:track:3F5CgOj3wFlRv51JsHbxhe","Drake, 21 Savage","Jimmy Cooks (feat. 21 Savage)","OVO",7,12,3,"19205109"
14,"spotify:track:2rurDawMfoKP4uHyb2kJBt","Shakira, Rauw Alejandro","Te Felicito","Sony Music Latin",13,14,11,"18211465"
15,"spotify:track:4tYFy8ALRjIZvnvSLw5lxN","Bad Bunny, Rauw Alejandro","Party","Rimas Entertainment LLC",6,16,9,"17735413"
16,"spotify:track:41oY4WCTj5kccfesTVFnvN","Bad Bunny, JhayCo","Tarot","Rimas Entertainment LLC",9,18,9,"17363637"
17,"spotify:track:5PjdY0CKGZdEuoNab3yDmX","The Kid LAROI, Justin Bieber","STAY (with Justin Bieber)","Columbia",1,17,52,"16853881"
18,"spotify:track:2DB4DdfCFMw1iaR6JaR03a","Camila Cabello, Ed Sheeran","Bam Bam (feat. Ed Sheeran)","Epic",5,20,18,"15842823"
19,"spotify:track:6JIC3hbC28JZKZ8AlAqX8h","Elton John, Dua Lipa, PNAU","Cold Heart - PNAU Remix","EMI",4,23,47,"15603261"
20,"spotify:track:4h9wh7iOZ0GGn8QVp4RAOB","OneRepublic","I Ain't Worried","Interscope Records",20,27,5,"15547938"
21,"spotify:track:1qEmFfgcLObUfQm0j1W2CK","Harry Styles","Late Night Talking","Columbia",2,19,7,"15493536"
22,"spotify:track:4XKXphKH76W4zNpkgFS5o2","j-hope","MORE","BIGHIT MUSIC",22,-1,1,"15350128"
23,"spotify:track:2KukL7UlQ8TdvpaA7bY3ZJ","Beyoncé","BREAK MY SOUL","Parkwood Entertainment/Columbia",13,13,3,"15328261"
24,"spotify:track:0wHFktze2PHC5jDt3B17DC","Jack Harlow","First Class","Generation Now/Atlantic",2,21,13,"15311242"
25,"spotify:track:0O6u0VJ46W86TxN9wgyqDj","Post Malone, Doja Cat","I Like You (A Happier Song) (with Doja Cat)","Mercury Records/Republic Records",10,22,5,"15191570"
26,"spotify:track:2MuWTIM3b0YEAskbeeFE1i","Metallica","Master Of Puppets","Blackened Recordings / Universal Music",26,-1,1,"14802956"
27,"spotify:track:0hquQWY3xvYqN4qtiquniF","Doja Cat","Vegas (From the Original Motion Picture Soundtrack ELVIS)","Kemosabe Records/RCA Records",27,31,5,"13545444"
28,"spotify:track:7ef4DlsgrMEH11cDZd32M6","Calvin Harris, Dua Lipa","One Kiss (with Dua Lipa)","Sony Music UK",2,28,78,"13512677"
29,"spotify:track:6I3mqTwhRpn34SLVafSH7G","Justin Bieber","Ghost","RBMG/Def Jam",11,30,42,"13242426"
30,"spotify:track:58HvfVOeJY7lUuCqF0m3ly","Elley Duhé","MIDDLE OF THE NIGHT","Not Fit For Society/RCA Records",11,25,28,"13221240"
31,"spotify:track:1HhNoOuqm1a5MXYEgAFl8o","Imagine Dragons, JID, Arcane, League of Legends","Enemy (with JID) - from the series Arcane League of Legends","Kid Ina Korner / Interscope",3,36,36,"13059398"
32,"spotify:track:1dm6z1fWB0cErMszU25dy2","Bad Bunny","Después de la Playa","Rimas Entertainment LLC",7,29,9,"12974744"
33,"spotify:track:0T5iIrXA4p5GsubkhuBIKV","Stephen Sanchez","Until I Found You","Republic Records",30,32,9,"12573215"
34,"spotify:track:10SRMwb9EuVS1K9rYsBfHQ","BTS","Yet To Come","BIGHIT MUSIC",7,24,4,"12487314"
35,"spotify:track:7FlQk2gJ6TBrHHiidvdR2O","Becky G, KAROL G","MAMIII","Kemosabe Records/RCA Records",5,35,21,"12288874"
36,"spotify:track:1797zYiX4cKosMH836X9Gt","Bad Bunny, Tony Dize","La Corriente","Rimas Entertainment LLC",17,38,9,"12277082"
37,"spotify:track:1O2pcBJGej0pmH2Y9XZMs6","Cris Mj","Una Noche en Medellín","Nabru Records LLC",9,34,19,"12233289"
38,"spotify:track:6Uj1ctrBOjOas8xZXGqKk4","Doja Cat","Woman","Kemosabe Records/RCA Records",6,33,52,"11816906"
39,"spotify:track:4h4QlmocP3IuwYEj2j14p8","Nicky Youre, dazy","Sunroof","Thirty Knots/Columbia",39,45,9,"11767325"
40,"spotify:track:5CzixCxDkRXX9mScCmah8O","Bad Bunny","Un Ratito","Rimas Entertainment LLC",10,39,9,"11723490"
41,"spotify:track:50nfwKoDiSYg8zOCREWAm5","Ed Sheeran","Shivers","Atlantic Records UK",4,40,43,"11578718"
42,"spotify:track:5Z9KJZvQzH6PFmb8SNkxuk","Lil Nas X, Jack Harlow","INDUSTRY BABY (feat. Jack Harlow)","Columbia",2,41,50,"11574538"
43,"spotify:track:6mmPpaltUZK7xjNlBPQQ0p","Rauw Alejandro, Chencho Corleone","Desesperados","Sony Music Latin/Duars Entertainment",8,43,30,"11346848"
44,"spotify:track:3uUuGVFu1V7jTQL60S1r8z","Lost Frequencies, Calum Scott","Where Are You Now","Epic Amsterdam",18,42,44,"11209423"
45,"spotify:track:0VjIjW4GlUZAMYd2vXMi3b","The Weeknd","Blinding Lights","Republic Records",1,46,136,"11167118"
46,"spotify:track:0oiv4E896TUTTeQU0cmIui","Drake","Massive","OVO",18,26,3,"11152258"
47,"spotify:track:59nOXPmaKlBfGMDeOVGrIK","Future, Drake, Tems","WAIT FOR U (feat. Drake & Tems)","Epic/Freebandz",10,37,10,"10853786"
48,"spotify:track:2QjOHCTQ1Jl3zawyYOpxh6","The Neighbourhood","Sweater Weather","Columbia",29,47,97,"10674697"
49,"spotify:track:2eAvDnpXP5W0cVtiI0PUxV","Ruth B.","Dandelions","Columbia",34,48,47,"10615646"
50,"spotify:track:6UelLqGlWMcVH1E5c4H7lY","Harry Styles","Watermelon Sugar","Columbia",4,50,138,"10439034"
51,"spotify:track:7jtQIBanIiJOMS6RyCx6jZ","Tom Odell","Another Love","ITNO/Columbia",29,49,65,"10377989"
52,"spotify:track:31i56LZnwE6uSu3exoHjtB","Bad Bunny","Neverita","Rimas Entertainment LLC",15,52,9,"10367241"
53,"spotify:track:6wtZPYBIXUvCpXwVjMCJBf","Polimá Westcoast, Feid, Pailita, Paloma Mami, De La Ghetto","ULTRA SOLO REMIX","Sony Music Entertainment Chile S.A",44,44,3,"10240753"
54,"spotify:track:3uJFmluXzYedoJcvhpC1AW","Cardi B, Kanye West, Lil Durk","Hot Shit (feat. Ye & Lil Durk)","Atlantic Records",54,-1,1,"10120988"
55,"spotify:track:2B4GHvToeLTOBB4QLzW3Ni","Farruko","Pepas","Sony Music Latin",4,53,52,"10079609"
56,"spotify:track:44XjoNvtwevktFKjvVe1vH","Bad Bunny, Buscabulla","Andrea","Rimas Entertainment LLC",21,54,9,"9793520"
57,"spotify:track:3rmo8F54jFF8OgYsqTxm5d","Ed Sheeran","Bad Habits","Atlantic Records UK",3,56,54,"9679132"
58,"spotify:track:4ZtFanR9U6ndgddUvNcjcG","Olivia Rodrigo","good 4 u","Olivia Rodrigo PS",1,51,60,"9672707"
59,"spotify:track:6DoL1yYIwEW7VZMRaJhoJI","Chris Jedi, Anuel AA, Chencho Corleone, Ñengo Flow","La Llevo Al Cielo (Ft. Ñengo Flow)","UMLE - Latino",59,70,7,"9332178"
60,"spotify:track:46IZ0fSY2mpAiktS3KOqds","Adele","Easy On Me","Columbia",1,61,38,"9322444"
61,"spotify:track:5CZ40GBx1sQ9agT82CLQCT","Olivia Rodrigo","traitor","Olivia Rodrigo PS",7,67,59,"9144069"
62,"spotify:track:5kVZxyMY1gfdCLiChsfjn1","Bad Bunny","Yo No Soy Celoso","Rimas Entertainment LLC",11,59,9,"9086370"
63,"spotify:track:2LBqCSwhJGcFQeTHMVGwy3","The Weeknd","Die For You","Universal Republic Records",63,79,21,"8875898"
64,"spotify:track:3FkeNbs9Zeiqkr3WkbOiGp","Anitta","Envolver","Warner Records",2,63,18,"8870197"
65,"spotify:track:69xohKu8C1fsflYAiSNbwM","BTS","Run BTS","BIGHIT MUSIC",11,55,4,"8800119"
66,"spotify:track:28GCbKgjlVD9eDmasGbe0T","Bad Bunny","Me Fui de Vacaciones","Rimas Entertainment LLC",14,69,9,"8750297"
67,"spotify:track:5nujrmhLynf4yMoMtj8AQF","Dua Lipa, DaBaby","Levitating (feat. DaBaby)","Warner Records",4,64,92,"8741512"
68,"spotify:track:2uflssWlCaJ6CbTMOsUpNI","Bad Bunny","Aguacero","Rimas Entertainment LLC",22,66,9,"8670052"
69,"spotify:track:5LYMamLv12UPbemOaTPyeV","Harry Styles","Music For a Sushi Restaurant","Columbia",6,57,7,"8597522"
70,"spotify:track:4d4ZXH4dr5bYfgErHiZCX2","Bad Bunny","Dos Mil 16","Rimas Entertainment LLC",19,73,9,"8517961"
71,"spotify:track:5rJ7bdPmr8nfmm2JQ8xHOz","NAYEON","POP!","Republic Records – NAYEON (TWICE)",68,68,2,"8507257"
72,"spotify:track:4RVwu0g32PAqgUiJoXsdF8","Billie Eilish","Happier Than Ever","Darkroom/Interscope Records",6,78,49,"8491888"
73,"spotify:track:5wANPM4fQCJwkGd4rN57mH","Olivia Rodrigo","drivers license","Olivia Rodrigo PS",1,80,78,"8477291"
74,"spotify:track:5QO79kh1waicV47BqGRL3g","The Weeknd","Save Your Tears","Republic Records",2,76,83,"8466838"
75,"spotify:track:6VrQTLzzuyGIYjUDe4kAZk","Bad Bunny","Un Coco","Rimas Entertainment LLC",25,83,9,"8452311"
76,"spotify:track:4gzsuuZypVbxs0Af1LSZyB","Tainy, Bad Bunny, Julieta Venegas","Lo Siento BB:/ (with Bad Bunny & Julieta Venegas)","Neon16",12,115,40,"8435104"
77,"spotify:track:0e8nrvls4Qqv5Rfa2UhqmO","Lil Nas X","THATS WHAT I WANT","Columbia",3,65,42,"8358055"
78,"spotify:track:6HU7h9RYOaPRFeh0R3UeAr","Olivia Rodrigo","deja vu","Olivia Rodrigo PS",3,88,66,"8313930"
79,"spotify:track:4zN21mbAuaD0WqtmaTZZeP","James Hype, Miggy Dela Rosa","Ferrari","Universal-Island Records Ltd.",79,89,5,"8312299"
80,"spotify:track:32vE1nuG8T9c8bhmZdRY6d","Post Malone, Roddy Ricch","Cooped Up (with Roddy Ricch)","Mercury Records/Republic Records",18,60,8,"8183573"
81,"spotify:track:58ge6dfP91o9oXMzq3XkIS","Arctic Monkeys","505","Domino Recording Co",53,82,27,"8166110"
82,"spotify:track:1R0a2iXumgCiFb7HEZ7gUE","Taylor Swift","Don’t Blame Me","Big Machine Records, LLC",77,77,8,"8132206"
83,"spotify:track:54ipXppHLA8U4yqpOFTUhr","Imagine Dragons","Bones","Kid Ina Korner / Interscope",56,98,17,"8098612"
84,"spotify:track:3DarAbFujv6eYNliUTyqtz","Doja Cat, SZA","Kiss Me More (feat. SZA)","Kemosabe Records/RCA Records",3,85,65,"8030674"
85,"spotify:track:0OTNHGKcqQbk51bOYe462Y","Polimá Westcoast, Pailita","ULTRA SOLO","Sony Music Entertainment Chile S.A",42,74,11,"8002979"
86,"spotify:track:2JPLbjOn0wPCngEot2STUS","Bad Bunny","Yonaguni","Rimas Entertainment LLC",3,92,57,"7939676"
87,"spotify:track:0y60itmpH0aPKsFiGxmtnh","WILLOW","Wait a Minute!","Roc Nation W Smith P&D",28,75,16,"7915844"
88,"spotify:track:4fouWK6XVHhzl78KzQ1UjL","GAYLE","abcdefu","Atlantic/Arthouse Records",1,81,34,"7906338"
89,"spotify:track:18asYwWugKjjsihZ0YvRxO","Tiësto, Ava Max","The Motto","Atlantic Records",22,71,35,"7887491"
90,"spotify:track:6uvh0In7u1Xn4HgxOfAn8O","Harry Styles","Matilda","Columbia",5,62,7,"7885537"
91,"spotify:track:7fZBQnc0zXwVybgCIrQQil","Imanbek, BYOR","Belly Dancer","Musical Freedom",91,95,6,"7871916"
92,"spotify:track:3AVXwaOGCEL8cmBecfcsFJ","Charlie Puth","Light Switch","Atlantic Records",19,72,24,"7824491"
93,"spotify:track:46HNZY1i7O6jwTA7Slo2PI","Coldplay, BTS","My Universe","Parlophone UK",3,91,41,"7792845"
94,"spotify:track:4rmVZajAF7PkrCagGPHbqa","Drake","Sticky","OVO",17,58,3,"7744473"
95,"spotify:track:1ei3hzQmrgealgRKFxIcWn","Benson Boone","In The Stars","Warner Records",54,102,10,"7657744"
96,"spotify:track:09mEdoA6zrmBPgTEN5qXmN","The Weeknd","Call Out My Name","Universal Republic Records",1,132,37,"7573779"
97,"spotify:track:4hceSKjrkDTO0nMKFcb3sj","Bizarrap, Villano Antillano","Villano Antillano: Bzrp Music Sessions, Vol. 51","DALE PLAY Records",88,90,4,"7556302"
98,"spotify:track:2DgdHcjWmO3qd50RzuBLgZ","Panic! At The Disco","House of Memories","Decaydance/Fueled By Ramen",64,96,11,"7532954"
99,"spotify:track:62ke5zFUJN6RvtXZgVH0F8","Paloma Faith","Only Love Can Hurt Like This","RCA Records Label",99,104,7,"7433513"
100,"spotify:track:0E0DRHf5PfMeor0ZCwB3oT","Bad Bunny, The Marías","Otro Atardecer","Rimas Entertainment LLC",24,103,9,"7407453"
101,"spotify:track:7lQ8MOhq6IN2w8EYcFNSUk","Eminem","Without Me","Aftermath",31,101,41,"7404503"
102,"spotify:track:71wFwRo8xGc4lrcyKwsvba","Bad Bunny, Tainy","Callaita","Rimas Entertainment LLC",7,109,62,"7404370"
103,"spotify:track:1UdzJEpgJxtuXAlCOvD4S0","Danny Ocean","Fuera del mercado","Atlantic Records",22,93,16,"7380383"
104,"spotify:track:7fYRg3CEbk6rNCuzNzMT06","Calvin Harris, Dua Lipa, Young Thug","Potion (with Dua Lipa & Young Thug)","Columbia",26,84,6,"7367764"
105,"spotify:track:1BkY0N8ChFk2mdLbAUu8ZK","Musical Youth","Pass The Dutchie","Geffen",85,143,5,"7363494"
106,"spotify:track:4SqWKzw0CbA05TGszDgMlc","The Walters","I Love You So","Warner Records",21,99,39,"7342419"
107,"spotify:track:7gwT3HGL84vF7bgtwL1N88","Lasso","Ojos Marrones","Universal Music Mexico",107,-1,1,"7309422"
108,"spotify:track:0pqnGHJpmpxLKifKRmU6WP","Imagine Dragons","Believer","Kid Ina Korner / Interscope",16,100,283,"7256817"
109,"spotify:track:1oFAF1hdPOickyHgbuRjyX","The Weeknd, Ariana Grande","Save Your Tears (Remix) (with Ariana Grande) - Bonus Track","XO / Republic Records",5,105,63,"7251456"
110,"spotify:track:3sa06xVNmLLYIxdNNmVQN8","Jax Jones, MNEK","Where Did You Go? (feat. MNEK)","Polydor Records",107,107,12,"7219465"
111,"spotify:track:5O2P9iiztwhomNh8xkR9lJ","One Direction","Night Changes","Syco Music",111,113,6,"7194509"
112,"spotify:track:0u2P5u6lvoDfwTYjAADbn4","Billie Eilish, Khalid","lovely (with Khalid)","Darkroom",24,97,220,"7159635"
113,"spotify:track:1JSTJqkT5qHq8MDJnJbRE1","The Police","Every Breath You Take","Polydor Records",113,176,56,"7129906"
114,"spotify:track:59CfNbkERJ3NoTXDvoURjj","Dove Cameron","Boyfriend","Disruptor Records/Columbia",11,106,21,"7078125"
115,"spotify:track:7qEHsqek33rTcFNT9PFqLf","Lewis Capaldi","Someone You Loved","Vertigo Berlin",4,131,183,"6991358"
116,"spotify:track:3AJwUDP919kvQ9QcozQPxg","Coldplay","Yellow","Parlophone UK",58,122,81,"6980734"
117,"spotify:track:0zCgWGmDF0aih5qexATyBn","Mr.Kitty","After Dark","Juggernaut Music Group",117,119,12,"6917008"
118,"spotify:track:1c2hJSwcCfoPEw1su83Sw0","Lady Gaga","Hold My Hand","Interscope Records",110,116,6,"6913847"
119,"spotify:track:3Vi5XqYrmQgOYBajMWSvCi","Doja Cat","Need to Know","Kemosabe Records/RCA Records",6,117,56,"6879950"
120,"spotify:track:5QDLhrAOJJdNAmCTJ8xMyW","BTS","Dynamite","BIGHIT MUSIC",2,114,98,"6873299"
121,"spotify:track:4RvWPyQ5RL0ao9LPZeSouE","Tears For Fears","Everybody Wants To Rule The World","UMC (Universal Music Catalogue)",121,155,5,"6865055"
122,"spotify:track:7mFj0LlWtEJaEigguaWqYh","Megan Thee Stallion, Dua Lipa","Sweetest Pie","300 Entertainment",17,112,17,"6798966"
123,"spotify:track:51Zw1cKDgkad0CXv23HCMU","Harry Styles","Daylight","Columbia",10,87,7,"6792881"
124,"spotify:track:2NMjggapJcXXM7WccGEBUO","Bad Bunny","Enséñame a Bailar","Rimas Entertainment LLC",27,123,9,"6755652"
125,"spotify:track:3PfIrDoz19wz7qK7tYeu62","Dua Lipa","Don't Start Now","Warner Records",2,121,140,"6755647"
126,"spotify:track:7MXVkk9YMctZqd1Srtv4MB","The Weeknd, Daft Punk","Starboy","Universal Republic Records",1,140,92,"6745852"
127,"spotify:track:1SOClUWhOi8vHZYMz3GluK","Jaymes Young","Infinity","Atlantic Records",11,120,36,"6720338"
128,"spotify:track:4u7EnebtmKWzUH433cf5Qv","Queen","Bohemian Rhapsody - Remastered 2011","EMI",11,141,197,"6712994"
129,"spotify:track:68Dni7IE4VyPkTOH9mRWHr","J. Cole","No Role Modelz","Roc Nation Records LLC",76,110,50,"6685481"
130,"spotify:track:1XGmzt0PVuFgQYYnV2It7A","Maroon 5, Wiz Khalifa","Payphone","Interscope Records*",70,134,29,"6684089"
131,"spotify:track:2m6Ko3CY1qXNNja8AlugNc","Troye Sivan","Angel Baby","EMI Recorded Music Australia Pty Ltd",59,118,14,"6669805"
132,"spotify:track:18HOjcvTVV7W8YzBuOsAPS","Bad Bunny","Un Verano Sin Ti","Rimas Entertainment LLC",20,124,9,"6627822"
133,"spotify:track:4iJyoBOLtHqaGxP12qzhQI","Justin Bieber, Daniel Caesar, Giveon","Peaches (feat. Daniel Caesar & Giveon)","RBMG/Def Jam",1,129,68,"6621783"
134,"spotify:track:0rKtyWc8bvkriBthvHKY8d","Joji","SLOW DANCING IN THE DARK","88rising Music/Warner Records",75,108,39,"6607457"
135,"spotify:track:1SC5rEoYDGUK4NfG82494W","Lil Nas X","MONTERO (Call Me By Your Name)","Columbia",1,127,67,"6603765"
136,"spotify:track:5gflgO9EPbIBf16n5TKnQS","Zion & Lennox","Yo Voy (feat. Daddy Yankee)","Baby Records Inc",59,130,20,"6591167"
137,"spotify:track:48AJSd42lXpicsGqcgopof","Daddy Yankee, Bad Bunny","X ÚLTIMA VEZ","Republic Records",18,126,15,"6495772"
138,"spotify:track:6y8z28epOv5FlaxDv1Lo5B","Ryan Castro","Jordan","King Records",33,137,19,"6467980"
139,"spotify:track:0RiRZpuVRbi7oqRdSMwhQY","Post Malone, Swae Lee","Sunflower - Spider-Man: Into the Spider-Verse","Republic Records",1,142,194,"6463526"
140,"spotify:track:1u8c2t2Cy7UBoG4ArRcF5g","Taylor Swift","Blank Space","Big Machine Records, LLC",113,148,35,"6438295"
141,"spotify:track:003vvx7Niy0yvhvHt4a68B","The Killers","Mr. Brightside","Island Records",98,164,102,"6414079"
142,"spotify:track:3Wrjm47oTz2sjIgck11l5e","Måneskin","Beggin'","RCA Records Label",1,147,57,"6387953"
143,"spotify:track:3yfqSUWxFvZELEM4PmlwIR","Eminem","The Real Slim Shady","Interscope",51,146,57,"6386552"
144,"spotify:track:21jGcNKet2qwijlDFuPiPb","Post Malone","Circles","Republic Records",1,156,149,"6385778"
145,"spotify:track:7yq4Qj7cqayVTp3FF9CWbm","Vance Joy","Riptide","F-Stop Records/Atlantic",122,149,79,"6353431"
146,"spotify:track:2tpWsVSb9UEmDRxAl1zhX1","OneRepublic","Counting Stars","Mosley / Interscope",101,144,69,"6328324"
147,"spotify:track:0gucTLf7trAf37Ua1uAyAu","Nirvana","Smells Like Teen Spirit","Geffen",103,154,78,"6304862"
148,"spotify:track:1cKHdTo9u0ZymJdPGSh6nq","The Weeknd, Gesaffelstein","I Was Never There","Universal Republic Records",17,183,5,"6301839"
149,"spotify:track:10xV5l9nhLvFpR8mqzs0bL","Marshmello, Khalid","Numb","Joytime Collective/RCA Records",114,145,4,"6301171"
150,"spotify:track:3Z7CaxQkqbIs1rewKi6v4W","Tiësto, Charli XCX","Hot In It","Atlantic Records",150,-1,1,"6299914"
151,"spotify:track:7lvDsmTRXFE3dK4OjvRiWB","Shae Gill, Ali Sethi","Pasoori","Giraffe Pakistan",109,170,11,"6286833"
152,"spotify:track:2J2Z1SkXYghSajLibnQHOa","Sia","Unstoppable","Monkey Puzzle Records/RCA Records",107,151,21,"6284395"
153,"spotify:track:4MzXwWMhyBbmu6hOcLVD49","Bad Bunny, JhayCo","DÁKITI","Rimas Entertainment LLC",1,159,88,"6279806"
154,"spotify:track:0i4UV3HjjvsUuV3BajEXoD","MC Tairon, Mc Vitin Da Igrejinha, Dj Win","Baile no Morro","Life Song Records",154,-1,1,"6267693"
155,"spotify:track:63WuQOXohQIxOxIFA2K7bR","Måneskin","SUPERMODEL","Epic",89,150,8,"6240518"
156,"spotify:track:1WCEAGGRD066z2Q89ObXTq","David Guetta, Becky Hill, Ella Henderson","Crazy What Love Can Do","Parlophone UK",156,168,9,"6210317"
157,"spotify:track:5ww2BF9slyYgNOk37BlC4u","Manuel Turizo","La Bachata","Sony Music Latin/La Industria",157,-1,1,"6157278"
158,"spotify:track:7qiZfU4dY1lWllzX7mPBI3","Ed Sheeran","Shape of You","Atlantic Records UK",1,158,284,"6124948"
159,"spotify:track:3rdAz1fbUfZxYgaCviYhRo","Rauw Alejandro","Todo De Ti","Sony Music Latin/Duars Entertainment",2,167,59,"6118800"
160,"spotify:track:20on25jryn53hWghthWWW3","ACRAZE, Cherish","Do It To It","Thrive Music, LLC",9,160,36,"6114005"
161,"spotify:track:0fea68AdmYNygeTGI4RC18","J Balvin, Bad Bunny","LA CANCIÓN","Universal Music Latino / Rimas",17,-1,72,"6103355"
162,"spotify:track:7sA2SKTo1QbTSSYn5YvJC4","Imagine Dragons","Sharks","Kid Ina Korner / Interscope",111,111,2,"6061507"
163,"spotify:track:0fX4oNGBWO3dSGUZcVdVV2","Kendrick Lamar","N95","pgLang/Top Dawg Entertainment/Aftermath/Interscope Records",3,139,8,"6011014"
164,"spotify:track:5g7sDjBhZ4I3gcFIpkrLuI","Bruno Mars","Locked out of Heaven","Atlantic Records",106,162,27,"6008919"
165,"spotify:track:4r9jkMEnArtWGH2rL2FZl0","Bad Bunny","A Tu Merced","Rimas Entertainment LLC",52,-1,28,"6005581"
166,"spotify:track:7l9IqDtVWJurTvkQHq1BGh","Tate McRae","she's all i wanna be","RCA Records Label",38,138,22,"5978847"
167,"spotify:track:7fBv7CLKzipRk6EC6TWHOB","The Weeknd","The Hills","Universal Republic Records",52,189,45,"5961588"
168,"spotify:track:1DIXPcTDzTj8ZMHt3PDt8p","Coolio, L.V.","Gangsta's Paradise","Tommy Boy Music, LLC",116,174,37,"5947837"
169,"spotify:track:4xqrdfXkTW4T0RauPLv3WA","Conan Gray","Heather","Republic Records",12,172,102,"5922617"
170,"spotify:track:7o2CTH4ctstm8TNelqjb51","Guns N' Roses","Sweet Child O' Mine","Guns N Roses P&D",170,198,5,"5913897"
171,"spotify:track:2K7xn816oNHJZ0aVqdQsha","The Neighbourhood","Softcore","Columbia",35,161,26,"5896950"
172,"spotify:track:1zi7xx7UVEFkmKfv06H8x0","Drake, Wizkid, Kyla","One Dance","Cash Money Records/Young Money Ent./Universal Rec.",12,157,135,"5881063"
173,"spotify:track:1v7L65Lzy0j0vdpRjJewt1","Eminem","Lose Yourself - From ""8 Mile"" Soundtrack","Aftermath",44,171,81,"5876809"
174,"spotify:track:2tGvwE8GcFKwNdAXMnlbfl","Olivia Rodrigo","happier","Olivia Rodrigo PS",12,186,59,"5865908"
175,"spotify:track:0tgVpDi06FyKpA1z0VMD4v","Ed Sheeran","Perfect","Atlantic Records UK",4,180,277,"5839345"
176,"spotify:track:5vC8UAOHeG95ehRzZChniB","L7NNON, DJ Biel do Furduncinho, Bianca","Ai Preto","Papatunes",176,-1,1,"5809238"
177,"spotify:track:5PZAbR6JHYYV9xp5gv0XES","Zé Felipe, MC Mari","Bandido","Som Livre",125,125,2,"5802725"
178,"spotify:track:6EbVuwU7EnKeF2hdpViXCH","Sleepy Hallow, 347aidan","Die Young (feat. 347aidan)","Winners Circle/RCA Records",97,163,6,"5802030"
179,"spotify:track:0rzaRSujxA0bKyjJl6vHYq","Harry Styles","Satellite","Columbia",14,136,7,"5744279"
180,"spotify:track:7JJmb5XwzOO8jgpou264Ml","Shawn Mendes","There's Nothing Holdin' Me Back","Island Records",5,-1,68,"5721457"
181,"spotify:track:37y7iDayfwm3WXn5BiAoRk","Steve Lacy","Dark Red","Three Quarter",66,178,48,"5703938"
182,"spotify:track:3i058E8uxTsYqJ5NWZzqSj","Harry Styles","Little Freak","Columbia",8,133,7,"5696792"
183,"spotify:track:6Qyc6fS4DsZjB2mRW9DsQs","The Goo Goo Dolls","Iris","Warner Records",124,187,10,"5694094"
184,"spotify:track:0nrRP2bk19rLc0orkWPQk2","Avicii","Wake Me Up","Universal Music AB",13,195,82,"5683662"
185,"spotify:track:6ojZtz3sZr6ynvejLOqgCj","Tiago PZK, Ozuna","Nos Comemos (feat. Ozuna)","WEA Latina",140,190,5,"5682208"
186,"spotify:track:1r8ZCjfrQxoy2wVaBUbpwg","The Kid LAROI","Thousand Miles","Columbia",18,169,11,"5648187"
187,"spotify:track:0ct6r3EGTcMLPtrXHDvVjc","Avicii","The Nights","Universal Music AB",44,173,69,"5620587"
188,"spotify:track:5TMLavqGRKNxgzMBrVpC9R","zzoilo, Aitana","Mon Amour - Remix","Universal Music Spain S.L.",34,-1,41,"5595848"
189,"spotify:track:0wihfILRNOwE2156Shezc8","Bad Bunny","Agosto","Rimas Entertainment LLC",30,193,9,"5564170"
190,"spotify:track:0UvZcEfpzVyx47QsRbjyBz","Bad Bunny","El Apagón","Rimas Entertainment LLC",28,182,9,"5562576"
191,"spotify:track:5TXDeTFVRVY7Cvt0Dw4vWW","XXXTENTACION","Revenge","Bad Vibes Forever / EMPIRE",63,184,27,"5555784"
192,"spotify:track:4srcMdbm2qzVG98tJajHxp","Alejo, Feid, ROBI","Pantysito","UMLE - Latino",55,191,16,"5555756"
193,"spotify:track:6ylDpki1VpIsc525KC1ojF","Sebastian Yatra","Tacones Rojos","UMLE - Latino",45,-1,32,"5553916"
194,"spotify:track:5jt25aFjW2kNoBqaEVaz5W","Mora, Feid","LA INOCENTE","Rimas Entertainment LLC",194,-1,1,"5551321"
195,"spotify:track:3ujiq7yK4Uan5z4876fHLK","DJ Robin, Schürze","Layla","Polydor x Island Records & Kontor New Media & Summerfield Records",195,-1,1,"5551066"
196,"spotify:track:3rq5w4bQGigXOfdN30ATJt","Arctic Monkeys","Do I Wanna Know?","Domino Recording Co",117,197,43,"5528259"
197,"spotify:track:6jjYDGxVJsWS0a5wlVF5vS","BTS","Butter","BIGHIT MUSIC",2,175,59,"5522489"
198,"spotify:track:3S68RFe1lsdCdTMPIMJM3X","Pharrell Williams, 21 Savage, Tyler, The Creator","Cash In Cash Out","Columbia",53,165,4,"5501245"
199,"spotify:track:1mw0RgNXIpYRyyCdBQbLgA","Harry Styles","Love Of My Life","Columbia",15,153,7,"5460214"
200,"spotify:track:2N8m6CYs74qQO4mjVcXO30","Tones And I","Dance Monkey","Elektra (NEK)",1,200,151,"5441675"
